beis_school_id,randomized_eval_id,rev_status,region_code,division_code,municipality_code,full_division_code,full_municipality_code,row_number_from_source_file,implementing_unit,modified_coc,school_type,enroll_g7_m,enroll_g7_f,enroll_g8_m,enroll_g8_f,enroll_g9_m,enroll_g9_f,enroll_g10_m,enroll_g10_f,enroll_sn_ed_ngjhs_m,enroll_sn_ed_ngjhs_f,enroll_total_jhs_m,enroll_total_jhs_f,enroll_total_jhs_all,dropout_rate_g7_m,dropout_rate_g7_f,dropout_rate_g8_m,dropout_rate_g8_f,dropout_rate_g9_m,dropout_rate_g9_f,dropout_rate_g10_m,dropout_rate_g10_f,dropout_rate_sn_ed_ngjhs_m,dropout_rate_sn_ed_ngjhs_f,dropout_rate_total_jhs_m,dropout_rate_total_jhs_f,dropout_rate_total_jhs_all,jhs_instructional_rooms,jhs_classroom_ratio,jhs_seats,jhs_seat_ratio,jhs_toilet,jhs_toilet_ratio,jhs_computer,jhs_computer_ratio,jhs_teacher,jhs_teacher_ratio,cancel_2016,cancel_2017,cancel_2018,cancel_2019,cancel_2020,cancel_2021,cancel_2022,cancel_2023,cancel_total_20162023,cancel_average_20162023,pilot_cancel,pilot_ratio,pilot_shift,philiri_bosy_region,philiri_bosy_division,philiri_bosy_district,philiri_bosy_school_name,philiri_bosy_total_enrolled_g7_g10,philiri_bosy_total_assessed_g7_g10,philiri_bosy_g7_fil_assessed,philiri_bosy_g7_fil_grade_ready,philiri_bosy_g7_fil_frustration_2level,philiri_bosy_g7_fil_instructional_2level,philiri_bosy_g7_fil_independent_2level,philiri_bosy_g7_fil_frustration_3level,philiri_bosy_g7_fil_instructional_3level,philiri_bosy_g7_fil_independent_3level,philiri_bosy_g7_eng_assessed,philiri_bosy_g7_eng_grade_ready,philiri_bosy_g7_eng_frustration_2level,philiri_bosy_g7_eng_instructional_2level,philiri_bosy_g7_eng_independent_2level,philiri_bosy_g7_eng_frustration_3level,philiri_bosy_g7_eng_instructional_3level,philiri_bosy_g7_eng_independent_3level,philiri_bosy_g8_fil_assessed,philiri_bosy_g8_fil_grade_ready,philiri_bosy_g8_fil_frustration_2level,philiri_bosy_g8_fil_instructional_2level,philiri_bosy_g8_fil_independent_2level,philiri_bosy_g8_fil_frustration_3level,philiri_bosy_g8_fil_instructional_3level,philiri_bosy_g8_fil_independent_3level,philiri_bosy_g8_eng_assessed,philiri_bosy_g8_eng_grade_ready,philiri_bosy_g8_eng_frustration_2level,philiri_bosy_g8_eng_instructional_2level,philiri_bosy_g8_eng_independent_2level,philiri_bosy_g8_eng_frustration_3level,philiri_bosy_g8_eng_instructional_3level,philiri_bosy_g8_eng_independent_3level,philiri_bosy_g9_fil_assessed,philiri_bosy_g9_fil_grade_ready,philiri_bosy_g9_fil_frustration_2level,philiri_bosy_g9_fil_instructional_2level,philiri_bosy_g9_fil_independent_2level,philiri_bosy_g9_fil_frustration_3level,philiri_bosy_g9_fil_instructional_3level,philiri_bosy_g9_fil_independent_3level,philiri_bosy_g9_eng_assessed,philiri_bosy_g9_eng_grade_ready,philiri_bosy_g9_eng_frustration_2level,philiri_bosy_g9_eng_instructional_2level,philiri_bosy_g9_eng_independent_2level,philiri_bosy_g9_eng_frustration_3level,philiri_bosy_g9_eng_instructional_3level,philiri_bosy_g9_eng_independent_3level,philiri_bosy_g10_fil_assessed,philiri_bosy_g10_fil_grade_ready,philiri_bosy_g10_fil_frustration_2level,philiri_bosy_g10_fil_instructional_2level,philiri_bosy_g10_fil_independent_2level,philiri_bosy_g10_fil_frustration_3level,philiri_bosy_g10_fil_instructional_3level,philiri_bosy_g10_fil_independent_3level,philiri_bosy_g10_eng_assessed,philiri_bosy_g10_eng_grade_ready,philiri_bosy_g10_eng_frustration_2level,philiri_bosy_g10_eng_instructional_2level,philiri_bosy_g10_eng_independent_2level,philiri_bosy_g10_eng_frustration_3level,philiri_bosy_g10_eng_instructional_3level,philiri_bosy_g10_eng_independent_3level,philiri_eosy_region,philiri_eosy_division,philiri_eosy_district,philiri_eosy_school_name,philiri_eosy_total_enrolled_g7_g10,philiri_eosy_total_assessed_g7_g10,philiri_eosy_total_fil_frustration,philiri_eosy_total_fil_instructional,philiri_eosy_total_fil_independent,philiri_eosy_total_eng_frustration,philiri_eosy_total_eng_instructional,philiri_eosy_total_eng_independent,philiri_eosy_g7_fil_assessed,philiri_eosy_g7_fil_frustration,philiri_eosy_g7_fil_instructional,philiri_eosy_g7_fil_independent,philiri_eosy_g7_eng_assessed,philiri_eosy_g7_eng_frustration,philiri_eosy_g7_eng_instructional,philiri_eosy_g7_eng_independent,philiri_eosy_g8_fil_assessed,philiri_eosy_g8_fil_frustration,philiri_eosy_g8_fil_instructional,philiri_eosy_g8_fil_independent,philiri_eosy_g8_eng_assessed,philiri_eosy_g8_eng_frustration,philiri_eosy_g8_eng_instructional,philiri_eosy_g8_eng_independent,philiri_eosy_g9_fil_assessed,philiri_eosy_g9_fil_frustration,philiri_eosy_g9_fil_instructional,philiri_eosy_g9_fil_independent,philiri_eosy_g9_eng_assessed,philiri_eosy_g9_eng_frustration,philiri_eosy_g9_eng_instructional,philiri_eosy_g9_eng_independent,philiri_eosy_g10_fil_assessed,philiri_eosy_g10_fil_frustration,philiri_eosy_g10_fil_instructional,philiri_eosy_g10_fil_independent,philiri_eosy_g10_eng_assessed,philiri_eosy_g10_eng_frustration,philiri_eosy_g10_eng_instructional,philiri_eosy_g10_eng_independent,rma_bosy_region,rma_bosy_division,rma_bosy_municipality,rma_bosy_school_name,rma_bosy_total_enrolled,rma_bosy_total_assessed,rma_bosy_emerging_not_proficient,rma_bosy_emerging_low_proficient,rma_bosy_developing_nearly_proficient,rma_bosy_transitioning_proficient,rma_bosy_at_grade_level_highly_proficient,rma_bosy_total_emerging_not_proficient,rma_bosy_total_emerging_low_proficient,rma_bosy_total_developing_nearly_proficient,rma_bosy_total_transitioning_proficient,rma_bosy_total_at_grade_level_highly_proficient,rma_bosy_g7_assessed,rma_bosy_g7_emerging_not_proficient,rma_bosy_g7_emerging_low_proficient,rma_bosy_g7_developing_nearly_proficient,rma_bosy_g7_transitioning_proficient,rma_bosy_g7_at_grade_level_highly_proficient,rma_bosy_g8_assessed,rma_bosy_g8_emerging_not_proficient,rma_bosy_g8_emerging_low_proficient,rma_bosy_g8_developing_nearly_proficient,rma_bosy_g8_transitioning_proficient,rma_bosy_g8_at_grade_level_highly_proficient,rma_bosy_g9_assessed,rma_bosy_g9_emerging_not_proficient,rma_bosy_g9_emerging_low_proficient,rma_bosy_g9_developing_nearly_proficient,rma_bosy_g9_transitioning_proficient,rma_bosy_g9_at_grade_level_highly_proficient,rma_bosy_g10_assessed,rma_bosy_g10_emerging_not_proficient,rma_bosy_g10_emerging_low_proficient,rma_bosy_g10_developing_nearly_proficient,rma_bosy_g10_transitioning_proficient,rma_bosy_g10_at_grade_level_highly_proficient,rma_eosy_region,rma_eosy_division,rma_eosy_municipality,rma_eosy_school_name,rma_eosy_total_enrolled,rma_eosy_total_assessed,rma_eosy_emerging_not_proficient,rma_eosy_emerging_low_proficient,rma_eosy_developing_nearly_proficient,rma_eosy_transitioning_proficient,rma_eosy_at_grade_level_highly_proficient,rma_eosy_total_emerging_not_proficient,rma_eosy_total_emerging_low_proficient,rma_eosy_total_developing_nearly_proficient,rma_eosy_total_transitioning_proficient,rma_eosy_total_at_grade_level_highly_proficient,rma_eosy_g7_assessed,rma_eosy_g7_emerging_not_proficient,rma_eosy_g7_emerging_low_proficient,rma_eosy_g7_developing_nearly_proficient,rma_eosy_g7_transitioning_proficient,rma_eosy_g7_at_grade_level_highly_proficient,rma_eosy_g8_assessed,rma_eosy_g8_emerging_not_proficient,rma_eosy_g8_emerging_low_proficient,rma_eosy_g8_developing_nearly_proficient,rma_eosy_g8_transitioning_proficient,rma_eosy_g8_at_grade_level_highly_proficient,rma_eosy_g9_assessed,rma_eosy_g9_emerging_not_proficient,rma_eosy_g9_emerging_low_proficient,rma_eosy_g9_developing_nearly_proficient,rma_eosy_g9_transitioning_proficient,rma_eosy_g9_at_grade_level_highly_proficient,rma_eosy_g10_assessed,rma_eosy_g10_emerging_not_proficient,rma_eosy_g10_emerging_low_proficient,rma_eosy_g10_developing_nearly_proficient,rma_eosy_g10_transitioning_proficient,rma_eosy_g10_at_grade_level_highly_proficient
309906,1071,1,5,8,11,508,50811,1071,0,2,1,62,51,75,65,63,69,57,62,0,0,257,247,504,0,0,0,0,0,0,0,0,0,0,0,0,0,14,36,354,1,24,21.38,2,252,24,21,0,4,2,6,55,2,12,5,86,11,1,0,0,Region V,Masbate,Milagros East,Serafin C. Rosero Memorial High School,509,509,130,0,0,10,18,2,49,51,130,0,31,7,3,76,7,6,153,106,23,9,15,0,0,0,153,0,41,34,61,5,10,2,107,29,24,42,12,0,0,0,107,0,60,5,3,29,10,0,119,19,15,32,53,0,0,0,119,0,56,26,9,11,17,0,Region V,Masbate,Milagros East,Serafin C. Rosero Memorial High School,485,485,80,183,222,239,132,114,123,19,56,48,123,96,21,6,149,32,48,69,149,52,64,33,104,24,39,41,104,82,8,14,109,5,40,64,109,9,39,61,Region V,Masbate,Milagros,Serafin C. Rosero Memorial High School,540,515,0.9766990291262135,0.02330097087378641,0,0,0,503,12,0,0,0,128,124,4,0,0,0,156,156,0,0,0,0,112,104,8,0,0,0,119,119,0,0,0,0,Region V,Masbate,Milagros,Serafin C. Rosero Memorial High School,493,493,0.8762677484787018,0.11967545638945233,0.004056795131845842,0,0,432,59,2,0,0,127,123,4,0,0,0,149,99,48,2,0,0,108,107,1,0,0,0,109,103,6,0,0,0
309934,1047,1,5,8,6,508,50806,1047,0,2,1,30,27,26,19,22,27,15,29,0,0,93,102,195,0,0,0,0,0,0,0,0,0,0,0,0,0,9,22.08,36,5,8,24.09,3,65,11,17.73,0,4,2,6,55,2,12,5,86,11,1,0,0,Region V,Masbate,Cawayan East (Cawayan),Libertad High School,147,147,43,4,0,9,10,6,4,10,43,3,2,11,6,2,8,11,40,5,0,9,13,2,6,5,40,2,4,9,3,2,6,14,36,6,0,6,13,2,3,6,36,3,2,6,9,3,4,9,28,9,0,4,8,0,2,5,28,0,1,7,5,2,6,7,Region V,Masbate,Cawayan East (Cawayan),Libertad High School,146,140,0,9,131,8,46,86,44,0,7,37,44,5,11,28,37,0,2,35,37,2,17,18,32,0,0,32,32,1,16,15,27,0,0,27,27,0,2,25,Region V,Masbate,Cawayan,Libertad High School,146,146,0.8287671232876712,0.14383561643835616,0.027397260273972594,0,0,121,21,4,0,0,43,21,18,4,0,0,39,36,3,0,0,0,35,35,0,0,0,0,29,29,0,0,0,0,Region V,Masbate,Cawayan,Libertad High School,139,139,0.028776978417266192,0.40287769784172667,0.3956834532374101,0.17266187050359713,0,4,56,55,24,0,44,1,13,19,11,0,35,0,6,22,7,0,32,2,13,11,6,0,28,1,24,3,0,0
301871,718,1,5,1,7,501,50107,718,1,2,1,36,32,40,48,37,41,41,35,0,0,154,156,310,0,0,0.025,0,0.05410000000000001,0,0.0488,0,0,0,0.0325,0,0.0161,10,30.439999999999998,426,1,15,21.17,7,44.28571429000001,19,16.32,4,4,4,12,32,4,1,3,73,8,1,0,0,Region V,Albay,Malilipot,San Antonio National High School,318,318,73,0,2,5,4,34,20,8,73,0,1,2,3,46,15,6,98,3,11,3,5,33,29,14,98,0,0,4,4,50,28,12,66,17,9,10,9,6,6,9,66,16,5,12,8,12,2,11,81,14,5,7,15,19,9,12,81,10,6,2,13,30,15,5,Region V,Albay,Malilipot,San Antonio National High School,316,316,175,94,47,289,1,26,72,41,26,5,72,71,1,0,97,58,29,10,97,97,0,0,65,35,13,17,65,49,0,16,82,41,26,15,82,72,0,10,Region V,Albay,Malilipot,San Antonio National High School,318,312,0.7339743589743588,0.2435897435897436,0.022435897435897436,0,0,229,76,7,0,0,73,29,41,3,0,0,91,52,35,4,0,0,67,67,0,0,0,0,81,81,0,0,0,0,Region V,Albay,Malilipot,San Antonio National High School,320,317,0.39432176656151424,0.24605678233438488,0.32176656151419564,0.03154574132492113,0.006309148264984228,125,78,102,10,2,73,14,26,26,6,1,97,0,31,63,3,0,65,65,0,0,0,0,82,46,21,13,1,1
302134,1034,1,5,8,4,508,50804,1034,0,2,1,74,69,72,63,53,56,71,49,0,0,270,237,507,0,0,0.0417,0,0,0,0,0,0,0,0.011099999999999999,0,0.0059,10,48.33,429,1,10,51.790000000000006,7,72.42857142999999,26,19.5,0,4,2,6,55,2,12,5,86,11,1,0,0,Region V,Masbate,Batuan,F. Alindogan National High School,546,546,169,0,8,57,104,0,0,0,169,0,12,67,90,0,0,0,126,0,15,26,85,0,0,0,126,0,25,30,71,0,0,0,131,0,10,23,98,0,0,0,131,0,13,30,88,0,0,0,120,0,5,30,85,0,0,0,120,0,15,40,65,0,0,0,Region V,Masbate,Batuan,F. Alindogan National High School,130,130,2,37,91,10,70,50,43,1,9,33,43,5,20,18,22,0,4,18,22,2,11,9,22,0,5,17,22,2,12,8,43,1,19,23,43,1,27,15,Region V,Masbate,Batuan,F. Alindogan National High School,548,548,0.9835766423357665,0.016423357664233584,0,0,0,539,9,0,0,0,168,162,6,0,0,0,127,124,3,0,0,0,130,130,0,0,0,0,123,123,0,0,0,0,Region V,Masbate,Batuan,F. Alindogan National High School,539,539,0.5788497217068646,0.30612244897959184,0.10946196660482373,0.005565862708719849,0,312,165,59,3,0,165,45,83,34,3,0,130,73,38,19,0,0,124,95,25,4,0,0,120,99,19,2,0,0
302117,1028,1,5,8,3,508,50803,1028,0,2,1,25,35,35,36,47,36,45,36,0,0,152,143,295,0,0,0,0,0.1277,0,0.08889999999999999,0.0278,0,0,0.0658,0.007,0.0373,10,29.47,167,2,13,22.1,89,3.314606742,22,13.41,0,4,2,6,55,2,12,5,86,11,1,0,0,Region V,Masbate,Balud North,"Pedro C. Sese, Sr. Memorial High School",292,284,89,2,0,6,22,13,20,26,92,0,0,4,5,16,32,35,68,7,0,20,21,0,5,15,67,9,5,6,16,8,19,4,55,11,0,18,15,0,2,9,59,27,0,0,17,5,10,0,72,41,0,0,31,0,0,0,72,16,0,5,40,1,0,10,Region V,Masbate,Balud North,"Pedro C. Sese, Sr. Memorial High School",269,261,8,44,207,28,78,149,82,2,6,74,82,15,40,27,64,3,20,41,58,7,10,41,52,2,14,36,54,3,11,40,61,1,4,56,61,3,17,41,Region V,Masbate,Balud,"Pedro C. Sese, Sr. Memorial High School",290,291,0.9690721649484534,0.03092783505154639,0,0,0,282,9,0,0,0,93,84,9,0,0,0,67,67,0,0,0,0,59,59,0,0,0,0,72,72,0,0,0,0,Region V,Masbate,Balud,"Pedro C. Sese, Sr. Memorial High School",284,283,0.4346289752650178,0.5265017667844523,0.038869257950530034,0,0,123,149,11,0,0,94,69,25,0,0,0,69,38,20,11,0,0,56,11,45,0,0,0,64,5,59,0,0,0
309909,1016,1,5,8,1,508,50801,1016,0,2,1,54,48,51,59,58,58,56,56,0,0,219,221,440,0,0,0.058800000000000005,0,0,0,0.0714,0,0,0,0.032,0,0.0159,11,41.2,249,2,18,24.72,102,4.31372549,16,27.5,0,4,2,6,55,2,12,5,86,11,1,0,0,Region V,Masbate,Aroroy East,Teresita C. Young Memorial High School,418,418,127,0,0,30,0,97,0,0,127,1,0,6,0,120,0,0,108,0,6,31,25,9,18,19,108,0,0,33,0,75,0,0,91,6,3,25,0,5,12,40,91,0,19,0,0,72,0,0,92,4,0,55,0,33,0,0,92,0,5,3,2,5,34,43,Region V,Masbate,Aroroy East,Teresita C. Young Memorial High School,422,419,72,166,171,171,167,77,129,8,84,37,125,64,53,8,97,2,16,79,107,96,11,0,91,7,39,45,91,7,48,36,92,55,27,10,92,4,55,33,Region V,Masbate,Aroroy,Teresita C. Young Memorial High School,415,415,0.9734939759036143,0.02650602409638554,0,0,0,404,11,0,0,0,126,123,3,0,0,0,107,101,6,0,0,0,91,89,2,0,0,0,91,91,0,0,0,0,Region V,Masbate,Aroroy,Teresita C. Young Memorial High School,412,411,0.7712895377128953,0.172749391727494,0.0559610705596107,0,0,317,71,23,0,0,124,64,37,23,0,0,105,92,13,0,0,0,90,77,13,0,0,0,92,84,8,0,0,0
309915,1017,1,5,8,1,508,50801,1017,0,2,1,24,17,16,16,26,13,20,17,0,0,86,63,149,0.125,0.058800000000000005,0,0,0.07690000000000001,0.07690000000000001,0.2,0,0,0,0.10470000000000002,0.0317,0.0738,5,31.29,102,1,5,31.29,0,-999,10,14.9,0,4,2,6,55,2,12,5,86,11,1,0,0,Region V,Masbate,Aroroy East,Francisca Conag Lavisto Memorial High School,156,154,51,0,2,3,4,4,35,3,51,7,5,5,6,19,8,1,37,0,5,5,0,5,21,1,39,4,4,4,3,15,7,2,34,3,3,11,0,6,11,0,34,2,6,2,2,16,6,0,32,4,0,16,0,6,6,0,32,6,5,4,4,6,5,2,Region V,Masbate,Aroroy East,Francisca Conag Lavisto Memorial High School,151,145,32,68,44,43,66,24,49,14,21,14,43,15,20,8,36,6,20,10,32,10,17,5,32,6,19,7,33,11,17,5,27,6,8,13,25,7,12,6,Region V,Masbate,Aroroy,Francisca Conag Lavisto Memorial High School,155,155,0.7806451612903225,0.2,0.012903225806451615,0.006451612903225806,0,121,31,2,1,0,51,33,16,1,1,0,38,32,5,1,0,0,34,31,3,0,0,0,32,25,7,0,0,0,Region V,Masbate,Aroroy,Francisca Conag Lavisto Memorial High School,149,149,0.6442953020134229,0.2818791946308725,0.0738255033557047,0,0,96,42,11,0,0,49,27,19,3,0,0,35,25,7,3,0,0,34,26,6,2,0,0,31,18,10,3,0,0
501544,606,1,5,8,15,508,50815,606,0,1,1,37,44,45,54,42,39,42,43,0,0,166,180,346,0,0.022699999999999998,0.022199999999999998,0,0.0476,0,0.023799999999999998,0.0465,0,0,0.0241,0.0167,0.0202,20,17.73,342,1,19,18.34,14,24.714285710000006,27,12.81,0,4,2,6,55,2,12,5,86,11,1,0,0,Region V,Masbate,Pio V. Corpuz,Buenasuerte Integrated School,293,288,72,0,3,9,0,30,30,0,72,0,7,8,0,36,21,0,66,0,0,5,0,5,20,36,66,0,6,4,0,10,41,5,70,0,4,4,4,11,38,9,70,0,2,9,0,8,51,0,80,22,2,2,8,7,29,10,82,0,4,5,0,29,35,9,Region V,Masbate,Pio V. Corpuz,Buenasuerte Integrated School,280,280,79,108,93,75,116,81,67,21,41,5,67,44,21,2,64,5,15,44,60,26,32,2,68,44,24,0,65,2,21,42,81,9,28,44,80,3,42,35,Region V,Masbate,Pio V. Corpus,Buenasuerte Integrated School,294,294,0.8503401360544218,0.1428571428571429,0.0068027210884353765,0,0,250,42,2,0,0,72,51,21,0,0,0,68,51,16,1,0,0,71,71,0,0,0,0,83,77,5,1,0,0,Region V,Masbate,Pio V. Corpus,Buenasuerte Integrated School,282,282,0.2872340425531914,0.421985815602837,0.15248226950354613,0.07801418439716311,0.060283687943262415,81,119,43,22,17,68,34,23,11,0,0,64,0,7,18,22,17,71,26,41,4,0,0,79,21,48,10,0,0
301887,784,1,5,2,5,502,50205,784,0,2,1,45,32,40,35,35,43,38,41,0,0,158,151,309,0,0.0313,0,0,0.0286,0,0.1053,0.0244,0,0,0.0316,0.013200000000000002,0.022699999999999998,15,20.25,264,1,14,21.32,0,-999,13,23.77,1,1,7,6,55,4,9,6,89,11,1,0,0,Region V,Camarines Norte,Labo West,Bagong Silang II High School,336,317,99,6,6,32,10,6,31,8,98,3,17,21,8,13,25,11,80,8,0,16,11,3,30,12,81,0,0,2,4,33,35,7,74,12,4,36,4,1,14,3,74,2,3,36,0,9,23,1,64,19,15,21,0,9,0,0,64,2,7,17,0,17,20,1,Region V,Camarines Norte,Labo West,Bagong Silang II High School,315,306,27,168,111,77,185,43,96,7,67,22,95,22,53,20,77,1,33,43,77,24,38,15,70,2,46,22,70,9,54,7,63,17,22,24,63,22,40,1,Region V,Camarines Norte,Labo,Bagong Silang II High School,328,314,0.8630573248407644,0.13694267515923572,0,0,0,271,43,0,0,0,101,88,13,0,0,0,72,63,9,0,0,0,70,61,9,0,0,0,71,59,12,0,0,0,Region V,Camarines Norte,Labo,Bagong Silang II High School,326,300,0.58,0.35666666666666674,0.05,0.013333333333333334,0,174,107,15,4,0,99,25,66,7,1,0,66,46,19,1,0,0,69,50,14,4,1,0,66,53,8,3,2,0
302175,1114,1,5,8,20,508,50820,1114,0,2,1,69,82,67,56,58,48,61,65,0,0,255,251,506,0.07250000000000001,0.0122,0,0,0.0172,0,0.0164,0,0,0,0.0275,0.004,0.015799999999999998,14,35.760000000000005,337,2,20,25.03,12,42.16666667,33,15.33,0,4,2,6,55,2,12,5,86,11,1,0,0,Region V,Masbate,Uson-North,Uson National High School,486,439,126,78,0,14,34,0,0,0,126,37,10,36,31,8,2,2,99,54,0,13,32,0,0,0,99,36,0,9,27,3,7,17,116,38,0,13,65,0,0,0,116,24,0,23,44,3,4,18,98,48,0,8,42,0,0,0,98,28,0,12,41,0,0,17,Region V,Masbate,Uson-North,Uson National High School,442,431,0,0,0,84,261,86,0,0,0,0,128,29,82,17,0,0,0,0,91,21,70,0,0,0,0,0,122,29,65,28,0,0,0,0,90,5,44,41,Region V,Masbate,Uson,Uson National High School,452,452,0.9601769911504424,0.039823008849557535,0,0,0,434,18,0,0,0,132,132,0,0,0,0,101,93,8,0,0,0,125,121,4,0,0,0,94,88,6,0,0,0,Region V,Masbate,Uson,Uson National High School,436,436,0.6353211009174311,0.2958715596330275,0.06651376146788994,0.0022935779816513763,0,277,129,29,1,0,133,50,65,17,1,0,97,55,30,12,0,0,115,105,10,0,0,0,91,67,24,0,0,0
302146,1075,1,5,8,12,508,50812,1075,0,2,1,69,76,80,66,81,64,72,50,0,0,302,256,558,0,0.013200000000000002,0,0,0.1111,0.0156,0,0,0,0,0.029799999999999997,0.0078000000000000005,0.0197,19,30.04,809,1,16,35.760000000000005,2,279,25,22.32,0,4,2,6,55,2,12,5,86,11,1,0,0,Region V,Masbate,Mobo North,Marintoc National High School,539,537,157,0,0,0,0,90,65,2,150,0,2,3,0,104,28,13,140,0,0,0,0,69,45,26,138,0,3,2,0,106,19,8,135,0,11,8,3,84,15,14,135,0,7,5,0,82,25,16,105,0,8,13,21,25,21,17,105,0,6,6,2,58,33,0,Region V,Masbate,Mobo North,Marintoc National High School,529,514,59,265,190,291,122,81,151,13,116,22,143,84,45,14,127,22,79,26,122,84,20,18,129,13,45,71,129,85,25,19,107,11,25,71,100,38,32,30,Region V,Masbate,Mobo,Marintoc National High School,519,496,0.9778225806451613,0.022177419354838714,0,0,0,485,11,0,0,0,160,149,11,0,0,0,121,121,0,0,0,0,111,111,0,0,0,0,104,104,0,0,0,0,Region V,Masbate,Mobo,Marintoc National High School,512,511,0.9628180039138944,0.03522504892367906,0.0019569471624266144,0,0,492,18,1,0,0,142,142,0,0,0,0,127,127,0,0,0,0,133,121,11,1,0,0,109,102,7,0,0,0
309921,1040,1,5,8,5,508,50805,1040,0,2,1,42,36,32,45,37,40,53,37,0,0,164,158,322,0,0,0,0,0,0,0,0,0,0,0,0,0,14,22.62,333,1,20,16.38,0,-999,17,18.939999999999998,0,4,2,6,55,2,12,5,86,11,1,0,0,Region V,Masbate,Cataingan East,Feliciano S. Samonte Memorial High School,293,289,96,0,0,17,5,11,50,13,97,0,0,3,19,33,22,20,69,0,0,0,37,0,0,32,71,7,0,0,0,0,0,64,70,8,0,0,22,0,0,40,69,0,0,0,24,0,0,45,54,15,0,4,35,0,0,0,54,11,0,0,0,0,0,43,Region V,Masbate,Cataingan East,Feliciano S. Samonte Memorial High School,285,285,5,48,232,7,60,218,95,0,25,70,95,2,27,66,68,3,7,58,68,3,7,58,69,2,16,51,69,2,7,60,53,0,0,53,53,0,19,34,Region V,Masbate,Cataingan,Feliciano S. Samonte Memorial High School,293,292,0.9726027397260273,0.027397260273972594,0,0,0,284,8,0,0,0,97,89,8,0,0,0,71,71,0,0,0,0,70,70,0,0,0,0,54,54,0,0,0,0,Region V,Masbate,Cataingan,Feliciano S. Samonte Memorial High School,293,278,0.7877697841726616,0.18345323741007194,0.028776978417266192,0,0,219,51,8,0,0,93,76,13,4,0,0,65,33,28,4,0,0,67,59,8,0,0,0,53,51,2,0,0,0
302254,1196,0,5,5,1,505,50501,1196,1,2,1,54,34,53,46,59,39,61,83,0,0,227,202,429,0,0,0,0,0,0,0,0,0,0,0,0,0,16,27.04,379,1,17,24.88,6,71.5,27,15.89,1,5,4,8,58,5,9,4,94,12,1,0,0,Region V,Iriga City,Iriga South District,San Antonio National High School,375,375,93,0,5,10,15,7,10,46,93,0,12,18,0,48,15,0,94,0,3,14,14,4,16,43,94,0,23,7,1,34,29,0,89,0,3,10,18,5,12,41,89,0,0,31,0,25,33,0,99,0,5,13,15,6,12,48,99,0,11,17,5,37,18,11,Region V,Iriga City,Iriga South District,San Antonio National High School,377,377,56,163,158,71,167,139,93,20,33,40,93,31,29,33,95,7,52,36,95,7,56,32,89,8,43,38,89,8,48,33,100,21,35,44,100,25,34,41,Region V,Iriga City,City of Iriga,San Antonio National High School,372,372,0.9704301075268816,0.029569892473118274,0,0,0,361,11,0,0,0,93,87,6,0,0,0,94,89,5,0,0,0,87,87,0,0,0,0,98,98,0,0,0,0,Region V,Iriga City,City of Iriga,San Antonio National High School,373,371,0.4043126684636119,0.5309973045822103,0.06469002695417791,0,0,150,197,24,0,0,90,8,68,14,0,0,94,64,30,0,0,0,89,75,14,0,0,0,98,3,85,10,0,0
309513,745,0,5,1,12,501,50112,745,0,2,1,56,34,63,48,70,59,62,53,0,0,251,194,445,0,0,0,0,0.0143,0,0,0,0,0,0.004,0,0.0022,9,50.08,272,2,8,54.64,48,9.270833333,26,17.12,4,4,4,12,32,4,1,3,73,8,1,0,0,Region V,Albay,Polangui South,Lanigay High School,418,417,122,0,1,6,10,22,50,33,122,1,0,4,5,75,28,9,105,4,8,10,23,8,20,32,106,5,0,10,10,38,25,18,86,19,2,18,29,2,1,15,86,0,0,10,9,32,29,6,104,11,13,25,55,0,0,0,104,0,0,11,4,0,63,26,Region V,Albay,Polangui South,Lanigay High School,417,417,0,239,178,161,169,76,123,0,84,39,123,54,51,18,106,0,65,41,95,52,42,1,84,0,32,52,84,31,19,34,104,0,58,46,104,24,57,23,Region V,Albay,Polangui,Lanigay High School,435,421,0.9881235154394299,0.009501187648456054,0.0023752969121140135,0,0,416,4,1,0,0,122,118,3,1,0,0,109,109,0,0,0,0,85,85,0,0,0,0,105,104,1,0,0,0,Region V,Albay,Polangui,Lanigay High School,433,417,0.9280575539568345,0.059952038369304565,0.011990407673860911,0,0,387,25,5,0,0,122,108,12,2,0,0,106,103,3,0,0,0,84,72,9,3,0,0,105,104,1,0,0,0
500163,600,0,5,8,1,508,50801,600,0,1,1,35,40,41,38,39,43,44,45,0,0,159,166,325,0,0,0,0,0,0,0,0,0,0,0,0,0,8,40,159,2,23,14.19,0,-999,17,19.12,0,4,2,6,55,2,12,5,86,11,1,0,0,Region V,Masbate,Aroroy West,Tigbao Integrated School,288,288,76,25,7,15,14,5,3,7,76,27,6,9,14,3,7,10,78,32,3,8,21,3,5,6,78,28,4,7,16,5,7,11,66,30,8,9,9,2,5,3,66,26,4,9,17,2,3,5,68,35,3,8,11,5,4,2,68,21,15,8,6,5,7,6,Region V,Masbate,Aroroy West,Tigbao Integrated School,296,296,17,9,270,17,15,264,74,6,2,66,74,6,4,64,89,2,3,84,89,2,4,83,64,4,2,58,64,4,3,57,69,5,2,62,69,5,4,60,Region V,Masbate,Aroroy,Tigbao Integrated School,285,285,0.8701754385964916,0.1298245614035087,0,0,0,248,37,0,0,0,76,53,23,0,0,0,78,76,2,0,0,0,64,57,7,0,0,0,67,62,5,0,0,0,Region V,Masbate,Aroroy,Tigbao Integrated School,289,265,0.581132075471698,0.36226415094339615,0.05660377358490567,0,0,154,96,15,0,0,52,32,19,1,0,0,79,30,35,14,0,0,65,41,24,0,0,0,69,51,18,0,0,0
302058,977,0,5,3,33,503,50333,977,0,2,1,69,65,70,65,64,76,65,59,0,0,268,265,533,0.13040000000000002,0.0615,0.08570000000000001,0.030799999999999998,0.1094,0.07890000000000001,0.24620000000000003,0.10170000000000001,0,0,0.1418,0.0679,0.10510000000000001,12,45.5,-999,0,12,42.82,24,22.208333329999995,23,23.17,3,5,4,8,58,5,9,6,98,12,1,0,0,Region V,Camarines Sur,Siruma,Tandoc National High School,345,342,99,1,1,6,3,52,24,12,99,0,3,2,6,59,22,7,74,1,6,16,31,9,3,8,74,0,3,9,6,29,20,7,84,5,35,5,0,14,19,6,84,0,18,3,0,63,0,0,85,7,45,14,1,17,1,0,86,0,13,0,0,57,14,2,Region V,Camarines Sur,Siruma,Tandoc National High School,323,323,136,96,91,204,91,28,88,36,32,20,88,49,30,9,67,40,17,10,67,48,12,7,85,42,37,6,85,53,24,8,83,18,10,55,83,54,25,4,Region V,Camarines Sur,Siruma,Tandoc National High School,499,494,0.9878542510121456,0.01214574898785425,0,0,0,488,6,0,0,0,138,134,4,0,0,0,112,111,1,0,0,0,128,127,1,0,0,0,116,116,0,0,0,0,Region V,Camarines Sur,Siruma,Tandoc National High School,484,454,0.8215859030837005,0.17400881057268724,0.004405286343612336,0,0,373,79,2,0,0,124,70,52,2,0,0,102,77,25,0,0,0,123,123,0,0,0,0,105,103,2,0,0,0
302192,1133,0,5,11,3,511,51103,1133,1,2,1,118,92,145,127,138,123,129,113,0,0,530,455,985,0.016900000000000002,0,0,0.0236,0.0145,0,0.0233,0,0,0,0.013200000000000002,0.0066,0.0102,23,43.39,-999,0,22,44.9,3,328.33333329999994,42,23.45,0,3,0,6,55,4,14,3,85,11,1,0,0,Region V,Sorsogon,Bulusan,Bulusan National High School,1050,1047,286,1,35,42,14,146,34,14,286,0,51,38,95,46,27,29,289,22,34,59,78,41,26,29,288,1,16,29,32,82,73,55,210,49,103,17,2,34,5,0,210,0,3,32,61,88,26,0,262,3,7,165,61,2,5,19,263,14,22,72,65,9,41,40,Region V,Sorsogon,Bulusan,Bulusan National High School,1047,1032,375,283,299,645,255,132,284,120,142,22,285,213,40,32,264,79,58,127,286,170,89,27,165,77,21,67,214,113,69,32,244,99,62,83,247,149,57,41,Region V,Sorsogon,Bulusan,Bulusan National High School,1030,1025,0.8556097560975612,0.14146341463414636,0.0029268292682926834,0,0,877,145,3,0,0,287,213,73,1,0,0,287,258,27,2,0,0,186,163,23,0,0,0,265,243,22,0,0,0,Region V,Sorsogon,Bulusan,Bulusan National High School,1028,942,0.4299363057324842,0.4108280254777071,0.10297239915074308,0.052016985138004256,0.00424628450106157,405,387,97,49,4,283,93,86,56,44,4,289,127,119,40,3,0,208,88,117,1,2,0,162,97,65,0,0,0
302227,1139,0,5,11,5,511,51105,1139,0,2,1,29,36,37,33,48,28,37,26,0,0,151,123,274,0,0,0.05410000000000001,0.0606,0.0625,0,0,0,0,0,0.033100000000000004,0.016300000000000002,0.025500000000000002,10,27.07,364,1,11,25.38,10,27.4,20,13.7,0,3,0,6,55,4,14,3,85,11,1,0,0,Region V,Sorsogon,Castilla East,Milagrosa National High School,295,262,82,0,13,0,0,69,0,0,76,0,7,0,0,69,0,0,77,1,21,0,0,55,0,0,71,0,8,0,0,63,0,0,56,17,15,7,0,17,0,0,57,0,14,0,0,43,0,0,47,9,10,9,0,19,0,0,57,2,19,0,0,36,0,0,Region V,Sorsogon,Castilla East,Milagrosa National High School,297,269,172,66,19,207,41,17,96,64,23,9,92,76,9,7,68,58,7,3,68,65,2,1,48,35,12,1,48,42,6,0,45,15,24,6,57,24,24,9,Region V,Sorsogon,Castilla,Milagrosa National High School,294,279,0.9641577060931901,0.03584229390681003,0,0,0,269,10,0,0,0,98,88,10,0,0,0,75,75,0,0,0,0,53,53,0,0,0,0,53,53,0,0,0,0,Region V,Sorsogon,Castilla,Milagrosa National High School,304,253,0.9407114624505931,0.05928853754940711,0,0,0,238,15,0,0,0,75,70,5,0,0,0,75,73,2,0,0,0,46,46,0,0,0,0,57,49,8,0,0,0
302252,1193,0,5,5,1,505,50501,1193,1,2,1,33,29,41,28,52,59,51,41,0,0,177,157,334,0,0.0345,0.0244,0,0,0,0.0392,0.0244,0,0,0.016900000000000002,0.0127,0.015,14,24.37,325,1,14,24.37,20,16.7,21,15.9,1,5,4,8,58,5,9,4,94,12,1,0,0,Region V,Iriga City,Iriga North District,Sagrada National High School,316,316,99,19,0,19,26,28,2,5,98,2,7,10,9,59,7,4,90,20,2,15,34,7,4,8,90,0,0,11,7,29,0,43,58,42,0,0,12,1,1,2,58,0,6,33,1,18,0,0,69,58,1,5,0,0,2,3,68,3,20,0,0,24,8,13,Region V,Iriga City,Iriga North District,Sagrada National High School,315,314,0,37,277,0,44,270,98,0,15,83,98,0,18,80,89,0,14,75,89,0,14,75,58,0,8,50,58,0,8,50,69,0,0,69,69,0,4,65,Region V,Iriga City,City of Iriga,Sagrada National High School,317,316,0.6044303797468352,0.39556962025316456,0,0,0,191,125,0,0,0,99,68,31,0,0,0,90,39,51,0,0,0,57,29,28,0,0,0,70,55,15,0,0,0,Region V,Iriga City,City of Iriga,Sagrada National High School,316,313,0.04153354632587859,0.8466453674121407,0.10223642172523965,0.009584664536741214,0,13,265,32,3,0,99,0,94,5,0,0,87,5,69,13,0,0,57,2,47,7,1,0,70,6,55,7,2,0
309914,1044,0,5,8,6,508,50806,1044,0,2,1,87,96,116,125,109,118,126,97,0,0,438,436,874,0.023,0.0313,0.0948,0.032,0.06420000000000001,0.059300000000000005,0.055600000000000004,0.0412,0,0,0.0616,0.0413,0.051500000000000004,31,28.3,944,1,46,18.99,15,58.26666667,58,15.07,0,4,2,6,55,2,12,5,86,11,1,0,0,Region V,Masbate,Cawayan East (Cawayan),Tomas V. Rivera National High School,795,795,230,0,0,0,0,76,122,32,230,2,0,0,0,44,65,119,190,0,0,0,0,75,80,35,190,17,0,0,0,34,54,85,175,1,0,0,0,84,37,53,175,2,0,0,0,11,69,93,200,0,0,0,0,77,61,62,200,14,0,0,0,8,73,105,Region V,Masbate,Cawayan East (Cawayan),Tomas V. Rivera National High School,761,761,27,386,348,91,370,300,226,6,135,85,226,11,154,61,184,5,101,78,184,48,63,73,164,13,69,82,164,17,79,68,187,3,81,103,187,15,74,98,Region V,Masbate,Cawayan,Tomas V. Rivera National High School,804,800,0.8300000000000001,0.16625,0.0037500000000000003,0,0,664,133,3,0,0,229,180,49,0,0,0,201,187,11,3,0,0,170,168,2,0,0,0,200,129,71,0,0,0,Region V,Masbate,Cawayan,Tomas V. Rivera National High School,745,742,0.6738544474393531,0.3153638814016173,0.010781671159029648,0,0,500,234,8,0,0,222,151,68,3,0,0,181,142,34,5,0,0,156,131,25,0,0,0,183,76,107,0,0,0
309711,891,0,5,3,17,503,50317,891,0,2,1,36,18,33,19,38,30,36,24,0,0,143,91,234,0.0278,0,0,0,0.07890000000000001,0.0333,0,0,0,0,0.028,0.011,0.021400000000000002,11,21.53,41,6,17,13.46,0,-999,15,15.6,3,5,4,8,58,5,9,6,98,12,1,0,0,Region V,Camarines Sur,Libmanan North,Mantalisay National High School,234,233,63,0,1,1,3,27,23,8,64,0,1,2,2,41,8,10,69,1,8,8,8,34,10,0,69,0,0,3,8,12,34,12,51,3,28,3,0,12,4,1,51,0,4,2,0,37,8,0,50,5,40,1,0,1,3,0,50,0,14,3,0,27,6,0,Region V,Camarines Sur,Libmanan North,Mantalisay National High School,230,230,48,50,123,85,92,53,63,15,18,30,63,26,13,24,68,21,24,23,69,20,38,11,47,10,7,30,50,16,28,6,43,2,1,40,48,23,13,12,Region V,Camarines Sur,Libmanan,Mantalisay National High School,231,230,0.9565217391304348,0.04347826086956522,0,0,0,220,10,0,0,0,65,64,1,0,0,0,67,66,1,0,0,0,50,48,2,0,0,0,48,42,6,0,0,0,Region V,Camarines Sur,Libmanan,Mantalisay National High School,235,230,0.26956521739130435,0.4869565217391305,0.23478260869565218,0.008695652173913044,0,62,112,54,2,0,63,16,29,16,2,0,62,0,33,29,0,0,57,31,23,3,0,0,48,15,27,6,0,0
301817,1227,0,5,7,1,507,50701,1227,0,2,1,49,51,66,54,58,51,43,61,0,0,216,217,433,0.0612,0.0196,0.0152,0.037,0.0517,0.0196,0.0465,0,0,0,0.0417,0.018400000000000003,0.03,18,23.97,496,1,31,13.9,32,13.531249999999998,23,18.830000000000002,2,4,4,11,32,2,12,3,70,9,1,0,0,Region V,Ligao City,Ligao South District,Cabarian National High School,415,414,114,0,36,9,5,55,8,1,114,2,0,6,0,66,33,7,112,7,39,7,12,19,19,9,112,0,10,2,4,81,10,5,79,21,41,5,1,5,6,0,80,0,24,2,1,53,0,0,109,98,8,2,1,0,0,0,109,0,3,4,2,92,5,3,Region V,Ligao City,Ligao South District,Cabarian National High School,370,370,110,85,57,157,138,73,102,43,36,23,100,8,53,39,88,32,29,27,95,71,10,14,57,33,19,5,78,39,29,10,5,2,1,2,95,39,46,10,Region V,Ligao City,City of Ligao,Cabarian National High School,411,406,0.9827586206896551,0.01724137931034483,0,0,0,399,7,0,0,0,114,111,3,0,0,0,113,110,3,0,0,0,79,79,0,0,0,0,100,99,1,0,0,0,Region V,Ligao City,City of Ligao,Cabarian National High School,381,376,0.8829787234042553,0.11702127659574468,0,0,0,332,44,0,0,0,114,114,0,0,0,0,92,58,34,0,0,0,76,67,9,0,0,0,94,93,1,0,0,0
302165,1092,0,5,8,16,508,50816,1092,0,2,1,34,40,38,35,40,47,44,43,0,0,156,165,321,0,0,0,0,0,0,0,0,0,0,0,0,0,11,28.53,255,1,9,34.64,2,160.5,22,14.59,0,4,2,6,55,2,12,5,86,11,1,0,0,Region V,Masbate,Placer East,Rodolfo Z. Titong National High School,279,277,92,0,9,5,2,44,25,7,92,0,8,4,2,58,20,0,71,4,10,11,7,16,18,5,71,0,0,7,0,38,14,12,62,4,2,10,7,24,10,5,61,0,3,7,10,25,14,2,52,0,42,4,0,6,0,0,52,0,11,1,0,37,2,1,Region V,Masbate,Placer East,Rodolfo Z. Titong National High School,283,278,33,212,27,209,38,30,94,14,73,7,93,80,10,3,72,7,48,17,73,56,4,13,55,6,49,0,60,42,7,11,51,6,42,3,51,31,17,3,Region V,Masbate,Placer,Rodolfo Z. Titong National High School,274,273,0.9304029304029303,0.06593406593406594,0.003663003663003664,0,0,254,18,1,0,0,92,77,14,1,0,0,70,67,3,0,0,0,59,58,1,0,0,0,52,52,0,0,0,0,Region V,Masbate,Placer,Rodolfo Z. Titong National High School,264,263,0.8250950570342207,0.1711026615969582,0.003802281368821293,0,0,217,45,1,0,0,85,47,37,1,0,0,68,62,6,0,0,0,58,56,2,0,0,0,52,52,0,0,0,0
301974,857,1,5,3,11,503,50311,857,0,2,1,30,29,29,27,30,34,39,33,0,0,128,123,251,0,0.0345,0.06899999999999999,0,0,0.0882,0.051300000000000005,0.0303,0,0,0.0313,0.0407,0.035899999999999994,9,26.87,73,3,2,100.75,7,35.857142859999996,12,20.919999999999998,3,5,4,8,58,5,9,6,98,12,1,0,0,Region V,Camarines Sur,Caramoan,Gibgos National High School,277,265,82,3,1,17,45,0,0,16,82,0,5,14,35,0,8,20,83,2,0,18,43,0,0,20,83,0,12,25,25,0,0,21,44,2,6,14,15,0,0,7,44,0,10,15,3,0,0,16,56,5,4,5,23,0,0,19,56,0,0,4,4,0,0,48,Region V,Camarines Sur,Caramoan,Gibgos National High School,274,266,106,56,91,158,61,43,84,66,7,11,85,70,8,7,85,19,23,43,81,42,30,9,37,6,8,23,47,8,20,19,47,15,18,14,49,38,3,8,Region V,Camarines Sur,Caramoan,Gibgos National High School,247,269,0.9888475836431226,0.011152416356877325,0,0,0,266,3,0,0,0,87,84,3,0,0,0,85,85,0,0,0,0,45,45,0,0,0,0,52,52,0,0,0,0,Region V,Camarines Sur,Caramoan,Gibgos National High School,276,272,0.6801470588235294,0.25,0.06985294117647058,0,0,185,68,19,0,0,88,29,41,18,0,0,86,78,7,1,0,0,46,33,13,0,0,0,52,45,7,0,0,0
302256,1197,0,5,5,1,505,50501,1197,0,2,1,45,48,56,68,64,67,57,52,0,0,222,235,457,0,0,0,0,0,0,0,0,0,0,0,0,0,18,24.77,468,1,19,23.85,35,13.05714286,27,16.93,1,5,4,8,58,5,9,4,94,12,1,0,0,Region V,Iriga City,Iriga South District,Sto. Niño National High School,433,433,115,12,2,9,4,15,44,29,115,7,3,4,2,18,55,26,110,13,5,31,17,2,24,18,110,8,8,25,19,10,26,14,93,9,9,27,19,4,23,2,93,8,11,25,17,20,1,11,115,17,7,33,27,3,16,12,115,10,10,30,24,22,9,10,Region V,Iriga City,Iriga South District,Sto. Niño National High School,435,435,20,89,326,25,124,286,118,8,23,87,118,9,26,83,107,2,34,71,107,3,36,68,95,5,21,69,95,6,39,50,115,5,11,99,115,7,23,85,Region V,Iriga City,City of Iriga,Sto. Niño National High School,432,432,0.9050925925925927,0.08796296296296298,0.006944444444444444,0,0,391,38,3,0,0,114,88,23,3,0,0,110,97,13,0,0,0,92,90,2,0,0,0,116,116,0,0,0,0,Region V,Iriga City,City of Iriga,Sto. Niño National High School,430,430,0.2790697674418605,0.2558139534883721,0.1697674418604652,0.22325581395348837,0.07209302325581399,120,110,73,96,31,114,0,0,11,75,28,109,6,38,47,18,0,91,59,30,2,0,0,116,55,42,13,3,3
301834,712,0,5,1,6,501,50106,712,0,2,1,83,63,82,78,80,61,98,81,0,0,343,283,626,0,0,0,0,0,0,0,0,0,0,0,0,0,13,49.82,326,2,16,40.33,1,626,36,17.39,4,4,4,12,32,4,1,3,73,8,1,0,0,Region V,Albay,Libon West,Bonbon National High School,637,637,165,0,31,46,35,21,15,17,165,0,21,26,26,22,43,27,178,15,5,11,142,5,0,0,178,14,12,16,136,0,0,0,138,46,5,22,56,5,4,0,138,43,8,26,52,6,3,0,156,33,3,36,47,14,15,8,156,30,4,38,46,15,17,6,Region V,Albay,Libon West,Bonbon National High School,635,631,4,78,545,6,122,501,162,2,35,125,162,4,78,80,175,1,18,156,178,1,12,165,133,1,10,122,134,1,27,106,157,0,15,142,155,0,5,150,Region V,Albay,Libon,Bonbon National High School,634,634,0.8328075709779179,0.167192429022082,0,0,0,528,106,0,0,0,163,135,28,0,0,0,178,150,28,0,0,0,138,136,2,0,0,0,155,107,48,0,0,0,Region V,Albay,Libon,Bonbon National High School,628,621,0.6280193236714976,0.23993558776167476,0.1239935587761675,0.008051529790660227,0,390,149,77,5,0,161,53,28,75,5,0,177,146,29,2,0,0,128,110,18,0,0,0,155,81,74,0,0,0
309760,844,0,5,3,6,503,50306,844,0,2,1,34,21,22,28,33,27,23,24,0,0,112,100,212,0,0,0.0455,0.035699999999999996,0.0303,0,0,0.0833,0,0,0.017900000000000003,0.03,0.0236,9,23.08,57,4,18,12,31,6.838709677,7,30.29,3,5,4,8,58,5,9,6,98,12,1,0,0,Region V,Camarines Sur,Bula,La Victoria High School (Fabrica NHS Annex),190,187,32,0,0,9,5,5,10,3,34,0,1,8,0,22,3,0,58,4,3,15,16,9,10,1,58,0,1,3,2,23,21,8,50,9,8,25,0,1,7,0,49,0,1,13,0,30,5,0,47,12,4,28,0,1,2,0,47,0,1,17,0,10,19,0,Region V,Camarines Sur,Bula,La Victoria High School (Fabrica NHS Annex),183,183,3,50,130,11,51,121,34,1,6,27,34,3,4,27,56,2,18,36,56,2,23,31,48,0,14,34,48,5,14,29,45,0,12,33,45,1,10,34,Region V,Camarines Sur,Bula,La Victoria High School (Fabrica NHS Annex),189,189,0.7671957671957672,0.2222222222222222,0.010582010582010583,0,0,145,42,2,0,0,34,12,20,2,0,0,57,40,17,0,0,0,49,45,4,0,0,0,49,48,1,0,0,0,Region V,Camarines Sur,Bula,La Victoria High School (Fabrica NHS Annex),182,181,0.0441988950276243,0.49171270718232046,0.4640883977900554,0,0,8,89,84,0,0,34,0,2,32,0,0,55,2,39,14,0,0,47,5,25,17,0,0,45,1,23,21,0,0
309936,1108,0,5,8,19,508,50819,1108,0,2,1,22,28,29,34,30,32,34,24,0,0,115,118,233,0,0,0,0,0,0,0,0,0,0,0,0,0,5,44,153,2,6,39.6,4,58.25,10,23.3,0,4,2,6,55,2,12,5,86,11,1,0,0,Region V,Masbate,San Pascual North,Amado E. Lazaro High School,208,194,56,43,2,3,8,0,0,0,56,43,8,3,2,0,0,0,47,33,5,2,7,0,0,0,47,33,7,2,5,0,0,0,46,32,3,7,4,0,0,0,46,32,3,7,4,0,0,0,45,40,0,3,2,0,0,0,45,40,2,3,0,0,0,0,Region V,Masbate,San Pascual North,Amado E. Lazaro High School,207,197,2,17,178,10,23,163,48,1,10,37,48,4,8,36,49,0,7,42,49,4,5,40,45,0,0,45,45,0,7,38,55,1,0,54,54,2,3,49,Region V,Masbate,San Pascual,Amado E. Lazaro High School,208,208,0.8317307692307693,0.16826923076923084,0,0,0,173,35,0,0,0,59,51,8,0,0,0,49,27,22,0,0,0,45,42,3,0,0,0,55,53,2,0,0,0,Region V,Masbate,San Pascual,Amado E. Lazaro High School,207,207,1,0,0,0,0,207,0,0,0,0,57,57,0,0,0,0,49,49,0,0,0,0,45,45,0,0,0,0,56,56,0,0,0,0
302203,1123,0,5,11,2,511,51102,1123,0,2,1,31,15,23,18,26,25,25,18,0,0,105,76,181,0.0323,0,0.043500000000000004,0,0.07690000000000001,0,0,0,0,0,0.0381,0,0.022099999999999998,7,25.36,81,2,1,139.5,59,3.0677966100000003,14,12.93,0,3,0,6,55,4,14,3,85,11,1,0,0,Region V,Sorsogon,Bulan North,Danao National High Sschool,197,188,81,0,4,5,8,46,12,6,81,0,10,2,0,54,8,7,38,0,8,3,3,2,10,12,39,0,4,2,0,28,2,3,34,0,2,10,9,4,0,9,39,0,22,3,0,12,2,0,35,0,12,6,8,6,1,2,38,0,6,4,0,23,4,1,Region V,Sorsogon,Bulan North,Danao National High Sschool,205,193,50,95,48,16,124,51,79,36,26,17,79,11,52,16,40,3,26,11,39,2,26,11,36,6,29,1,36,1,23,12,38,5,14,19,37,2,23,12,Region V,Sorsogon,Bulan,Danao National High Sschool,187,191,0.9528795811518326,0.047120418848167554,0,0,0,182,9,0,0,0,80,71,9,0,0,0,39,39,0,0,0,0,34,34,0,0,0,0,38,38,0,0,0,0,Region V,Sorsogon,Bulan,Danao National High Sschool,197,194,0.4896907216494846,0.3144329896907217,0.18556701030927836,0.010309278350515465,0,95,61,36,2,0,80,19,32,28,1,0,40,21,19,0,0,0,36,33,3,0,0,0,38,22,7,8,1,0
302011,871,0,5,3,14,503,50314,871,0,2,1,90,99,81,103,76,73,86,90,0,0,333,365,698,0.055600000000000004,0.0303,0.037,0.0388,0.013200000000000002,0.0685,0.1163,0.044399999999999995,0,0,0.057100000000000005,0.043800000000000006,0.050100000000000006,14,49.83,152,5,15,45.839999999999996,50,13.96,28,24.93,3,5,4,8,58,5,9,6,98,12,1,0,0,Region V,Camarines Sur,Garchitorena,Pambuhan National High School,781,763,235,5,28,18,13,147,19,5,229,5,19,15,9,155,19,7,189,4,28,9,36,85,26,1,196,0,9,5,1,104,32,45,174,10,18,33,36,43,27,7,172,5,19,36,24,44,28,16,165,21,72,9,33,20,8,2,166,0,80,7,32,24,11,12,Region V,Camarines Sur,Garchitorena,Pambuhan National High School,770,765,189,251,295,244,220,300,236,99,87,50,235,127,68,40,192,50,81,61,196,74,69,53,157,12,39,106,162,15,37,110,150,28,44,78,171,28,46,97,Region V,Camarines Sur,Garchitorena,Pambuhan National High School,806,806,0.8833746898263025,0.11290322580645162,0.003722084367245658,0,0,712,91,3,0,0,244,173,68,3,0,0,214,196,18,0,0,0,176,175,1,0,0,0,172,168,4,0,0,0,Region V,Camarines Sur,Garchitorena,Pambuhan National High School,472,468,0.6346153846153846,0.3076923076923077,0.05341880341880342,0.002136752136752137,0.002136752136752137,297,144,25,1,1,199,112,73,13,0,1,92,56,33,3,0,0,102,94,8,0,0,0,75,35,30,9,1,0
500168,620,0,5,5,1,505,50501,620,0,1,1,28,34,40,32,39,28,40,39,0,0,147,133,280,0.14290000000000003,0.0294,0.05,0.0313,0,0.035699999999999996,0,0.0256,0,0,0.0408,0.0301,0.035699999999999996,9,29.54,165,2,10,27.43,14,20,18,15.56,1,5,4,8,58,5,9,4,94,12,1,0,0,Region V,Iriga City,Iriga South District,Santiago Integrated School,295,295,90,10,2,15,57,0,4,2,90,52,5,7,11,9,4,2,78,41,5,8,10,8,5,1,78,41,5,8,10,8,5,1,57,41,1,0,10,1,1,3,57,20,3,9,4,15,5,1,70,39,0,3,27,0,1,0,70,19,3,17,7,5,12,7,Region V,Iriga City,Iriga South District,Santiago Integrated School,295,80,0,4,15,0,19,61,6,0,4,2,18,0,4,14,5,0,0,5,17,0,5,12,5,0,0,5,21,0,5,16,3,0,0,3,24,0,5,19,Region V,Iriga City,City of Iriga,Santiago Integrated School,282,282,0.9432624113475178,0.05673758865248227,0,0,0,266,16,0,0,0,90,84,6,0,0,0,75,69,6,0,0,0,57,57,0,0,0,0,60,56,4,0,0,0,Region V,Iriga City,City of Iriga,Santiago Integrated School,290,289,0.6989619377162628,0.28719723183391005,0.013840830449826994,0,0,202,83,4,0,0,90,69,20,1,0,0,74,22,49,3,0,0,57,55,2,0,0,0,68,56,12,0,0,0
301947,836,0,5,3,6,503,50306,836,0,2,2,159,189,195,202,188,224,189,211,0,0,731,826,1557,0.0063,0.0053,0.0205,0.019799999999999998,0.026600000000000002,0.0045000000000000005,0.0106,0.0047,0,0,0.0164,0.0085,0.0122,30,52.64,-999,0,48,32.620000000000005,0,-999,56,27.8,3,5,4,8,58,5,9,6,98,12,1,0,0,Region V,Camarines Sur,Bula,Bula National High School,1447,1360,361,2,51,96,36,75,75,26,312,2,65,38,7,150,38,12,346,18,45,125,68,20,34,36,364,34,17,9,20,135,122,27,306,57,17,86,38,29,63,16,315,6,40,21,4,217,27,0,347,89,229,5,0,24,0,0,317,0,16,32,109,75,78,7,Region V,Camarines Sur,Bula,Bula National High School,1452,1340,273,264,252,391,245,704,232,118,73,41,360,170,76,114,263,96,111,56,329,143,91,95,177,55,66,56,316,66,53,197,117,4,14,99,335,12,25,298,Region V,Camarines Sur,Bula,Bula National High School,1399,1358,0.7761413843888072,0.1958762886597938,0.02798232695139912,0,0,1054,266,38,0,0,365,150,186,29,0,0,355,302,45,8,0,0,290,269,20,1,0,0,348,333,15,0,0,0,Region V,Camarines Sur,Bula,Bula National High School,1361,1357,0.7730287398673543,0.2137067059690494,0.00810611643330877,0.004421518054532057,7.369196757553427e-4,1049,290,11,6,1,365,246,101,11,6,1,344,334,10,0,0,0,312,154,158,0,0,0,336,315,21,0,0,0
309941,1119,0,5,8,12,508,50812,1119,0,2,1,95,90,114,103,89,90,94,99,0,0,392,382,774,0,0.022199999999999998,0.0088,0,0.0112,0,0,0,0,0,0.0051,0.0052,0.0052,17,45.13,364,2,20,38.68,17,45.52941176,32,24.19,0,4,2,6,55,2,12,5,86,11,1,0,0,Region V,Masbate,Mobo South,Cristeta Bagano Memorial High School,773,773,244,8,20,54,50,23,57,32,244,0,27,14,20,107,64,12,218,9,84,39,86,0,0,0,218,0,25,19,0,119,21,34,135,39,14,60,0,3,19,0,135,4,24,6,3,84,14,0,176,12,54,47,61,0,0,2,176,0,90,11,0,71,4,0,Region V,Masbate,Mobo South,Cristeta Bagano Memorial High School,779,717,187,258,272,442,170,83,221,47,103,71,199,131,46,22,216,70,68,78,216,140,54,22,130,4,44,82,130,57,44,29,150,66,43,41,150,114,26,10,Region V,Masbate,Mobo,Cristeta Bagano Memorial High School,791,773,0.9935316946959897,0.0064683053040103505,0,0,0,768,5,0,0,0,232,232,0,0,0,0,222,219,3,0,0,0,141,140,1,0,0,0,178,177,1,0,0,0,Region V,Masbate,Mobo,Cristeta Bagano Memorial High School,790,776,0.8079896907216495,0.18170103092783504,0.009020618556701028,0.0012886597938144332,0,627,141,7,1,0,223,168,49,5,1,0,230,211,18,1,0,0,151,98,52,1,0,0,172,150,22,0,0,0
301839,737,0,5,1,11,501,50111,737,0,2,1,45,28,43,46,35,24,40,33,0,0,163,131,294,0.022199999999999998,0,0.1163,0.0217,0,0,0.1,0,0,0,0.0613,0.0076,0.037399999999999996,10,29.79,155,2,11,26.06,95,3.0947368420000005,18,16.330000000000002,4,4,4,12,32,4,1,3,73,8,1,0,0,Region V,Albay,Pioduran West (Pioduran North),Malapay High School,311,311,90,60,1,14,14,0,1,0,90,50,3,14,14,2,2,5,86,57,1,8,19,0,0,1,86,57,3,11,8,2,2,3,64,54,0,3,6,0,1,0,64,45,2,8,5,1,2,1,71,53,1,4,12,0,0,1,71,45,2,11,7,3,2,1,Region V,Albay,Pioduran West (Pioduran North),Malapay High School,294,294,0,0,294,0,0,294,86,0,0,86,86,0,0,86,82,0,0,82,82,0,0,82,59,0,0,59,59,0,0,59,67,0,0,67,67,0,0,67,Region V,Albay,Pio Duran,Malapay High School,310,310,0.38709677419354843,0.4290322580645161,0.18387096774193545,0,0,120,133,57,0,0,90,4,65,21,0,0,85,31,36,18,0,0,64,33,20,11,0,0,71,52,12,7,0,0,Region V,Albay,Pio Duran,Malapay High School,309,309,0.32362459546925576,0.44660194174757284,0.2297734627831715,0,0,100,138,71,0,0,89,3,61,25,0,0,85,27,36,22,0,0,64,29,21,14,0,0,71,41,20,10,0,0
501843,609,1,5,8,18,508,50818,609,0,1,1,21,14,7,15,15,14,32,14,0,0,75,57,132,0,0,0,0,0,0,0,0,0,0,0,0,0,5,26.4,119,1,6,22,10,13.2,4,33,0,4,2,6,55,2,12,5,86,11,1,0,0,Region V,Masbate,San Jacinto,Bartolabac Integrated School,138,138,40,0,7,5,17,1,3,7,40,0,3,9,15,6,2,5,45,0,3,6,26,2,3,5,45,0,2,9,21,4,2,7,37,2,3,7,20,3,1,1,37,0,2,8,13,7,5,2,16,4,0,3,9,0,0,0,16,0,2,4,10,0,0,0,Region V,Masbate,San Jacinto,Bartolabac Integrated School,142,142,17,26,93,22,31,89,40,6,8,26,40,8,10,22,46,5,10,31,46,6,7,33,35,6,5,24,37,8,11,18,15,0,3,12,19,0,3,16,Region V,Masbate,San Jacinto,Bartolabac Integrated School,139,137,0.33576642335766427,0.5401459854014599,0.0948905109489051,0.0291970802919708,0,46,74,13,4,0,40,5,23,8,4,0,45,0,40,5,0,0,37,30,7,0,0,0,15,11,4,0,0,0,Region V,Masbate,San Jacinto,Bartolabac Integrated School,137,136,0.23529411764705885,0.6323529411764705,0.13235294117647065,0,0,32,86,18,0,0,36,4,17,15,0,0,46,4,41,1,0,0,36,18,18,0,0,0,18,6,10,2,0,0
302111,1010,0,5,8,1,508,50801,1010,1,2,1,236,202,247,245,211,235,232,269,0,0,926,951,1877,0.0127,0,0,0,0,0,0,0,0,0,0.0032,0,0.0015999999999999999,43,43.2,-999,1,84,22.25,67,28.014925370000004,94,19.97,0,4,2,6,55,2,12,5,86,11,1,0,0,Region V,Masbate,Aroroy East,Aroroy National High School,1836,1836,496,482,0,0,0,14,0,0,496,2,0,42,150,16,122,164,469,461,0,0,0,8,0,0,469,10,5,80,43,86,222,23,401,390,0,0,0,11,0,0,401,11,0,62,123,90,75,40,470,453,0,0,0,17,0,0,470,18,1,37,116,32,155,111,Region V,Masbate,Aroroy East,Aroroy National High School,1912,1915,9,140,1766,643,553,508,635,4,33,598,485,238,134,113,488,1,23,464,481,239,117,125,398,4,50,344,378,103,143,132,394,0,34,360,360,63,159,138,Region V,Masbate,Aroroy,Aroroy National High School,1913,1909,0.6940806705081195,0.28548978522786816,0.01938187532739655,0.0010476689366160298,0,1325,545,37,2,0,540,284,234,21,1,0,465,371,78,15,1,0,437,399,38,0,0,0,467,271,195,1,0,0,Region V,Masbate,Aroroy,Aroroy National High School,1867,1801,0.08495280399777899,0.1554691837867852,0.3586896168795114,0.272071071626874,0.12881732370905052,153,280,646,490,232,516,2,3,225,213,73,441,67,49,162,107,56,400,13,55,194,87,51,444,71,173,65,83,52
302133,1238,0,5,9,1,509,50901,1238,1,2,1,75,86,77,64,84,92,73,84,0,0,309,326,635,0.04,0.0116,0.026000000000000002,0,0.119,0.043500000000000004,0.0685,0.059500000000000004,0,0,0.06470000000000001,0.030699999999999998,0.0472,26,24.130000000000003,-999,1,24,26.08,100,6.35,34,18.68,0,3,0,6,53,2,6,3,73,9,1,0,0,Region V,Masbate City,Masbate South District 2,Capitolina O. Legaspi Memorial High School,683,622,185,2,6,15,19,80,41,22,174,0,5,6,9,95,34,25,172,5,11,21,50,21,21,43,179,0,11,2,1,97,38,30,143,19,57,24,9,12,11,11,147,0,2,17,1,54,69,4,122,13,32,16,30,22,5,4,121,0,17,5,4,62,24,9,Region V,Masbate City,Masbate South District 2,Capitolina O. Legaspi Memorial High School,635,635,81,80,474,157,194,284,179,23,35,121,179,66,77,36,188,11,4,173,188,36,62,90,151,26,25,100,151,32,36,83,117,21,16,80,117,23,19,75,Region V,Masbate City,City of Masbate,Capitolina O. Legaspi Memorial High School,660,660,0.5454545454545454,0.3954545454545455,0.04393939393939395,0.015151515151515152,0,360,261,29,10,0,190,97,93,0,0,0,194,55,100,29,10,0,149,81,68,0,0,0,127,127,0,0,0,0,Region V,Masbate City,City of Masbate,Capitolina O. Legaspi Memorial High School,637,637,0.3406593406593406,0.4065934065934066,0.2056514913657771,0.03767660910518054,0.009419152276295131,217,259,131,24,6,182,65,72,37,6,2,188,100,38,42,7,1,156,45,74,31,4,2,111,7,75,21,7,1
301990,887,0,5,3,17,503,50317,887,0,2,1,23,21,25,24,32,19,19,23,0,0,99,87,186,0.043500000000000004,0,0,0,0,0,0,0,0,0,0.0101,0,0.0054,11,17,270,1,12,16.06,94,1.978723404,11,16.91,3,5,4,8,58,5,9,6,98,12,1,0,0,Region V,Camarines Sur,Libmanan North,Malansad National High School,213,213,64,20,3,4,13,2,10,12,64,20,2,4,16,4,6,12,55,15,2,8,12,0,8,10,55,20,2,10,13,1,2,7,46,17,1,7,15,0,3,3,46,10,0,9,10,1,4,12,48,25,0,3,15,0,1,4,48,21,0,3,13,0,6,5,Region V,Camarines Sur,Libmanan North,Malansad National High School,223,222,46,89,85,74,84,61,65,14,31,20,65,28,25,12,62,18,25,19,61,16,26,19,47,9,20,18,45,14,18,13,46,5,13,28,48,16,15,17,Region V,Camarines Sur,Libmanan,Malansad National High School,110,110,0.9818181818181817,0.01818181818181818,0,0,0,108,2,0,0,0,21,20,1,0,0,0,40,39,1,0,0,0,23,23,0,0,0,0,26,26,0,0,0,0,Region V,Camarines Sur,Libmanan,Malansad National High School,173,173,0.43930635838150295,0.5086705202312137,0.052023121387283246,0,0,76,88,9,0,0,48,0,39,9,0,0,45,1,44,0,0,0,40,39,1,0,0,0,40,36,4,0,0,0
309937,1109,0,5,8,19,508,50819,1109,0,2,1,46,26,50,41,33,25,35,26,0,0,164,118,282,0.08700000000000001,0,0.02,0,0.0303,0,0.0286,0,0,0,0.0427,0,0.0248,9,29.85,152,2,4,64.66999999999999,42,6.714285714,9,31.330000000000002,0,4,2,6,55,2,12,5,86,11,1,0,0,Region V,Masbate,San Pascual North,Vicente D. Alburo High School,284,284,80,0,7,24,42,4,2,1,80,0,10,12,16,20,12,10,80,0,7,34,33,3,2,1,80,0,7,2,11,20,30,10,50,0,7,15,9,10,5,4,50,0,3,2,2,13,20,10,74,0,10,28,34,2,0,0,74,0,4,2,2,20,30,16,Region V,Masbate,San Pascual North,Vicente D. Alburo High School,272,272,1,136,135,7,184,81,79,0,37,42,79,2,51,26,72,1,34,37,72,2,50,20,48,0,32,16,48,3,30,15,73,0,33,40,73,0,53,20,Region V,Masbate,San Pascual,Vicente D. Alburo High School,278,278,0.935251798561151,0.06115107913669065,0.0035971223021582727,0,0,260,17,1,0,0,80,78,2,0,0,0,79,79,0,0,0,0,50,50,0,0,0,0,69,53,15,1,0,0,Region V,Masbate,San Pascual,Vicente D. Alburo High School,238,232,0.5905172413793103,0.23275862068965517,0.14224137931034486,0.034482758620689655,0,137,54,33,8,0,78,10,29,31,8,0,74,73,1,0,0,0,48,37,11,0,0,0,32,17,13,2,0,0
302241,1141,0,5,11,5,511,51105,1141,0,2,1,61,57,73,52,66,72,66,67,0,0,266,248,514,0,0,0,0,0.0303,0.013900000000000001,0,0,0,0,0.0075,0.004,0.0058000000000000005,17,30.439999999999998,-999,0,14,35.89,162,3.172839506,19,27.05,0,3,0,6,55,4,14,3,85,11,1,0,0,Region V,Sorsogon,Castilla East,"San Rafael National High School, Castilla",512,512,170,47,8,67,48,0,0,0,170,59,10,42,59,0,0,0,123,108,0,4,11,0,0,0,123,24,13,62,24,0,0,0,105,86,2,10,7,0,0,0,105,38,6,23,38,0,0,0,114,76,0,15,23,0,0,0,114,0,14,98,2,0,0,0,Region V,Sorsogon,Castilla East,"San Rafael National High School, Castilla",500,187,19,55,62,97,56,30,58,8,23,27,60,30,20,10,33,5,12,16,55,28,22,5,25,6,11,8,52,28,12,12,20,0,9,11,16,11,2,3,Region V,Sorsogon,Castilla,"San Rafael National High School, Castilla",505,501,0.7005988023952096,0.29940119760479045,0,0,0,351,150,0,0,0,169,79,90,0,0,0,121,62,59,0,0,0,99,98,1,0,0,0,112,112,0,0,0,0,Region V,Sorsogon,Castilla,"San Rafael National High School, Castilla",487,432,0.030092592592592587,0.6203703703703703,0.27083333333333326,0.046296296296296294,0.032407407407407406,13,268,117,20,14,152,8,89,55,0,0,113,1,72,18,8,14,85,4,36,33,12,0,82,0,71,11,0,0
500167,619,0,5,5,1,505,50501,619,0,1,1,37,24,27,33,35,27,33,22,0,0,132,106,238,0,0,0,0,0,0.037,0,0,0,0,0,0.009399999999999999,0.0042,11,21.810000000000002,341,1,11,21.810000000000002,51,4.666666666999999,15,15.870000000000001,1,5,4,8,58,5,9,4,94,12,1,0,0,Region V,Iriga City,Iriga North District,Cristo Rey Integrated School,248,236,66,0,10,11,7,21,10,7,60,0,3,5,2,29,14,7,64,1,0,8,22,6,23,4,63,0,0,4,1,32,21,5,49,9,12,10,5,7,5,1,60,0,31,8,5,10,2,4,57,12,8,25,3,3,5,1,56,0,8,7,8,6,14,13,Region V,Iriga City,Iriga North District,Cristo Rey Integrated School,249,249,34,85,130,37,100,112,68,13,21,34,68,14,31,23,69,12,20,37,69,13,25,31,57,6,20,31,57,6,22,29,55,3,24,28,55,4,22,29,Region V,Iriga City,City of Iriga,Cristo Rey Integrated School,252,252,0.9801587301587301,0.019841269841269837,0,0,0,247,5,0,0,0,69,64,5,0,0,0,66,66,0,0,0,0,59,59,0,0,0,0,58,58,0,0,0,0,Region V,Iriga City,City of Iriga,Cristo Rey Integrated School,249,249,0.6706827309236947,0.26104417670682734,0.06827309236947791,0,0,167,65,17,0,0,67,52,9,6,0,0,70,32,32,6,0,0,58,36,22,0,0,0,54,47,2,5,0,0
309764,913,0,5,3,20,503,50320,913,0,2,1,19,21,31,16,26,20,21,23,0,0,97,80,177,0,0,0.1613,0.0625,0.1923,0,0.0476,0,0,0,0.1134,0.0125,0.0678,8,20.91,131,1,9,19.17,0,-999,11,16.09,3,5,4,8,58,5,9,6,98,12,1,0,0,Region V,Camarines Sur,Milaor-Gainza,R.T. Subastil Memorial High School,170,170,40,0,9,2,0,13,16,0,40,0,5,0,0,32,3,0,58,0,18,9,3,24,3,1,58,0,1,1,1,46,3,6,34,2,12,3,1,13,3,0,34,0,6,0,0,25,3,0,38,11,24,1,0,2,0,0,38,0,7,0,0,27,3,1,Region V,Camarines Sur,Milaor-Gainza,R.T. Subastil Memorial High School,167,164,127,34,3,150,10,4,35,32,3,0,35,35,0,0,57,48,6,3,57,55,1,1,33,26,7,0,33,21,9,3,39,21,18,0,39,39,0,0,Region V,Camarines Sur,Milaor,R.T. Subastil Memorial High School,171,169,0.9644970414201184,0.02958579881656805,0.005917159763313608,0,0,163,5,1,0,0,40,34,5,1,0,0,59,59,0,0,0,0,32,32,0,0,0,0,38,38,0,0,0,0,Region V,Camarines Sur,Milaor,R.T. Subastil Memorial High School,168,152,0.8421052631578948,0.11842105263157894,0.019736842105263153,0.019736842105263153,0,128,18,3,3,0,32,16,10,3,3,0,54,46,8,0,0,0,31,31,0,0,0,0,35,35,0,0,0,0
302205,1149,0,5,11,6,511,51106,1149,0,2,1,67,49,42,52,52,46,67,65,0,0,228,212,440,0.0597,0,0.023799999999999998,0.0385,0.0385,0.0217,0.10450000000000001,0,0,0,0.061399999999999996,0.0142,0.0386,10,42.33,188,2,14,31.75,1,440,21,20.95,0,3,0,6,55,4,14,3,85,11,1,0,0,Region V,Sorsogon,Donsol East,Banuang Gurang National High School,430,430,136,0,0,9,16,15,58,38,136,0,0,12,9,1,29,85,103,3,2,34,61,3,0,0,103,0,0,0,9,4,35,55,103,13,5,4,37,14,9,21,103,0,1,6,21,16,23,36,88,15,0,7,65,0,1,0,88,0,0,6,15,5,22,40,Region V,Sorsogon,Donsol East,Banuang Gurang National High School,424,424,5,26,393,5,36,383,135,2,4,129,135,2,10,123,103,3,8,92,103,3,9,91,102,0,12,90,102,0,15,87,84,0,2,82,84,0,2,82,Region V,Sorsogon,Donsol,Banuang Gurang National High School,426,426,0.9295774647887324,0.07042253521126762,0,0,0,396,30,0,0,0,136,109,27,0,0,0,102,99,3,0,0,0,101,101,0,0,0,0,87,87,0,0,0,0,Region V,Sorsogon,Donsol,Banuang Gurang National High School,426,426,0.8661971830985917,0.049295774647887314,0.0727699530516432,0.011737089201877932,0,369,21,31,5,0,136,101,13,20,2,0,102,92,1,7,2,0,101,101,0,0,0,0,87,75,7,4,1,0
302014,822,0,5,3,2,503,50302,822,0,2,1,86,53,58,69,76,60,54,66,0,0,274,248,522,0.0233,0.056600000000000004,0.0517,0.0145,0.013200000000000002,0,0.07410000000000001,0.0152,0,0,0.0365,0.0202,0.0287,18,28.919999999999998,671,1,26,20.08,66,7.909090909000001,26,20.08,3,5,4,8,58,5,9,6,98,12,1,0,0,Region V,Camarines Sur,Balatan,Pararao National High School,550,510,132,5,5,25,11,13,33,40,159,0,0,0,0,122,28,9,148,8,9,38,36,2,8,47,151,0,16,12,13,73,29,8,124,4,17,6,0,80,15,2,125,0,33,0,0,1,76,15,106,9,0,20,31,23,18,5,103,0,9,6,7,51,25,5,Region V,Camarines Sur,Balatan,Pararao National High School,551,519,108,155,123,353,107,49,34,0,26,8,161,127,21,13,143,51,73,19,149,114,15,20,111,50,37,24,103,43,52,8,98,7,19,72,96,69,19,8,Region V,Camarines Sur,Balatan,Pararao National High School,494,528,0.6856060606060604,0.3049242424242425,0.009469696969696966,0,0,362,161,5,0,0,165,142,19,4,0,0,134,58,75,1,0,0,124,94,30,0,0,0,105,68,37,0,0,0,Region V,Camarines Sur,Balatan,Pararao National High School,539,498,0.5060240963855422,0.4417670682730923,0.04618473895582328,0.006024096385542169,0,252,220,23,3,0,148,78,57,11,2,0,139,50,76,12,1,0,110,58,52,0,0,0,101,66,35,0,0,0
309740,876,0,5,3,15,503,50315,876,0,2,1,36,41,33,40,25,28,35,33,0,0,129,142,271,0.0278,0,0.0303,0.025,0,0.035699999999999996,0.0286,0,0,0,0.0233,0.0141,0.018500000000000003,10,26.07,111,2,12,22.810000000000002,24,11.29166667,12,22.58,3,5,4,8,58,5,9,6,98,12,1,0,0,Region V,Camarines Sur,Goa,Visita De Salog High School,256,241,42,0,0,0,10,13,5,14,37,0,1,1,3,11,5,16,74,0,7,12,23,7,21,4,74,0,7,12,23,7,21,4,65,0,1,11,19,7,15,12,65,0,1,11,19,7,15,12,60,13,4,12,27,1,0,3,48,1,0,0,12,1,23,11,Region V,Camarines Sur,Goa,Visita De Salog High School,255,242,23,53,155,41,75,125,43,10,8,25,43,12,9,22,68,5,16,47,72,13,21,38,66,8,14,44,65,11,25,29,54,0,15,39,61,5,20,36,Region V,Camarines Sur,Goa,Visita De Salog High School,252,247,1,0,0,0,0,247,0,0,0,0,73,73,0,0,0,0,43,43,0,0,0,0,68,68,0,0,0,0,63,63,0,0,0,0,Region V,Camarines Sur,Goa,Visita De Salog High School,249,230,0.8260869565217391,0.15652173913043485,0.017391304347826094,0,0,190,36,4,0,0,38,30,4,4,0,0,65,59,6,0,0,0,65,51,14,0,0,0,62,50,12,0,0,0
309741,877,0,5,3,15,503,50315,877,0,2,1,74,47,56,73,68,78,116,69,0,0,314,267,581,0.0405,0,0.017900000000000003,0,0.0441,0.0128,0.07760000000000002,0.07250000000000001,0,0,0.051000000000000004,0.0225,0.037899999999999996,19,31.38,683,1,35,16.650000000000002,38,15.289473679999999,32,18.16,3,5,4,8,58,5,9,6,98,12,1,0,0,Region V,Camarines Sur,Goa,Juan L. Filipino Memorial High School,410,371,84,0,30,28,3,3,20,0,117,0,5,6,6,97,3,0,92,7,23,1,12,1,24,24,91,0,0,2,7,37,37,8,82,9,0,13,30,3,19,8,79,0,7,10,0,40,16,6,113,30,83,0,0,0,0,0,113,0,5,12,5,70,4,17,Region V,Camarines Sur,Goa,Juan L. Filipino Memorial High School,376,376,7,49,247,155,175,46,95,3,4,88,105,53,35,17,87,1,28,58,94,57,29,8,56,2,2,52,81,27,43,11,65,1,15,49,96,18,68,10,Region V,Camarines Sur,Goa,Juan L. Filipino Memorial High School,417,404,0.9752475247524751,0.024752475247524757,0,0,0,394,10,0,0,0,110,102,8,0,0,0,97,95,2,0,0,0,83,83,0,0,0,0,114,114,0,0,0,0,Region V,Camarines Sur,Goa,Juan L. Filipino Memorial High School,352,325,0.8984615384615384,0.08923076923076921,0.009230769230769232,0.0030769230769230774,0,292,29,3,1,0,101,74,24,3,0,0,91,89,1,0,1,0,77,77,0,0,0,0,56,52,4,0,0,0
302161,1031,1,5,8,3,508,50803,1031,0,2,1,32,37,53,43,44,46,53,49,0,0,182,175,357,0,0,0.018900000000000004,0.0233,0,0.0217,0.11320000000000001,0.0408,0,0,0.0385,0.0229,0.030799999999999998,12,29.53,90,4,16,22.82,0,-999,18,19.830000000000002,0,4,2,6,55,2,12,5,86,11,1,0,0,Region V,Masbate,Balud North,Liberato P. Tacurda Sr. HS,329,329,100,0,9,17,18,18,19,19,100,0,10,17,15,24,16,18,74,0,8,17,19,5,10,15,74,0,7,16,18,7,13,13,73,0,5,16,22,2,7,21,73,0,5,13,19,2,10,24,82,0,10,15,25,3,10,19,82,0,5,25,21,3,18,10,Region V,Masbate,Balud North,Liberato P. Tacurda Sr. HS,328,328,44,117,167,75,129,124,98,24,35,39,98,28,39,31,74,9,32,33,74,31,26,17,73,4,25,44,73,7,23,43,83,7,25,51,83,9,41,33,Region V,Masbate,Balud,Liberato P. Tacurda Sr. HS,326,326,0.9631901840490796,0.03680981595092025,0,0,0,314,12,0,0,0,99,95,4,0,0,0,74,72,2,0,0,0,73,73,0,0,0,0,80,74,6,0,0,0,Region V,Masbate,Balud,Liberato P. Tacurda Sr. HS,326,325,0.8430769230769231,0.1538461538461539,0.0030769230769230774,0,0,274,50,1,0,0,98,56,41,1,0,0,74,72,2,0,0,0,73,72,1,0,0,0,80,74,6,0,0,0
302113,1099,1,5,8,18,508,50818,1099,1,2,1,45,32,50,55,47,51,58,54,0,0,200,192,392,0.06670000000000001,0,0,0,0.0638,0,0,0,0,0,0.03,0,0.0153,13,30.650000000000002,305,1,17,22.7,69,5.68115942,24,16.330000000000002,0,4,2,6,55,2,12,5,86,11,1,0,0,Region V,Masbate,San Jacinto,Bagahanglad National High School,349,321,91,0,0,7,23,11,39,11,100,3,10,7,9,35,36,0,98,1,0,5,31,4,27,30,100,0,0,2,4,20,47,27,55,8,1,1,25,6,4,10,55,0,10,8,9,14,9,5,77,6,28,15,21,0,2,5,80,10,10,15,10,15,10,10,Region V,Masbate,San Jacinto,Bagahanglad National High School,358,358,0,30,328,32,139,187,97,0,25,72,97,6,35,56,111,0,4,107,111,8,52,51,62,0,1,61,62,13,27,22,88,0,0,88,88,5,25,58,Region V,Masbate,San Jacinto,Bagahanglad National High School,354,354,0.9887005649717513,0.011299435028248588,0,0,0,350,4,0,0,0,99,95,4,0,0,0,108,108,0,0,0,0,59,59,0,0,0,0,88,88,0,0,0,0,Region V,Masbate,San Jacinto,Bagahanglad National High School,353,353,0.008498583569405098,0.1246458923512748,0.5354107648725211,0.2917847025495751,0.03966005665722379,3,44,189,103,14,98,3,3,11,67,14,110,0,22,74,14,0,62,0,0,58,4,0,83,0,19,46,18,0
302127,1097,0,5,8,17,508,50817,1097,0,2,1,20,23,25,17,16,17,30,30,0,0,91,87,178,0,0,0,0,0,0,0,0,0,0,0,0,0,1,266,224,1,3,53.2,1,178,13,13.69,0,4,2,6,55,2,12,5,86,11,1,0,0,Region V,Masbate,San Fernando,Buyo National High School,175,175,49,3,2,0,14,0,1,29,49,0,5,2,3,24,14,1,53,1,1,1,21,4,2,23,53,0,0,3,1,29,18,2,38,3,22,4,0,5,4,0,38,0,0,0,5,5,4,24,35,5,0,7,21,1,1,0,35,1,8,3,0,21,2,0,Region V,Masbate,San Fernando,Buyo National High School,167,167,0,38,129,55,34,78,48,0,4,44,48,19,15,14,52,0,7,45,52,32,18,2,34,0,26,8,34,3,1,30,33,0,1,32,33,1,0,32,Region V,Masbate,San Fernando,Buyo National High School,172,172,0.9767441860465116,0.023255813953488372,0,0,0,168,4,0,0,0,48,45,3,0,0,0,53,52,1,0,0,0,37,37,0,0,0,0,34,34,0,0,0,0,Region V,Masbate,San Fernando,Buyo National High School,171,167,0.7425149700598802,0.2574850299401198,0,0,0,124,43,0,0,0,50,39,11,0,0,0,52,28,24,0,0,0,32,32,0,0,0,0,33,25,8,0,0,0
301899,778,0,5,2,5,502,50205,778,0,2,1,75,51,74,67,73,74,86,75,0,0,308,267,575,0.013300000000000001,0.0196,0,0,0.041100000000000005,0.013500000000000002,0.0349,0.0267,0,0,0.022699999999999998,0.015,0.0191,17,32.96,321,2,25,22.97,37,15.54054054,28,20.54,1,1,7,6,55,4,9,6,89,11,1,0,0,Region V,Camarines Norte,Labo East,Labo National High School,521,521,132,0,27,27,32,21,10,15,132,0,0,4,15,23,59,31,142,0,9,52,50,3,14,14,142,0,1,7,31,9,65,29,111,0,24,79,8,0,0,0,111,0,2,12,23,6,52,16,136,32,68,18,12,6,0,0,136,0,1,13,28,3,72,19,Region V,Camarines Norte,Labo East,Labo National High School,521,477,40,196,241,23,169,285,131,18,95,18,131,10,62,59,142,10,34,98,142,7,63,72,90,9,47,34,90,5,29,56,114,3,20,91,114,1,15,98,Region V,Camarines Norte,Labo,Labo National High School,514,500,0.984,0.016,0,0,0,492,8,0,0,0,132,125,7,0,0,0,143,143,0,0,0,0,111,111,0,0,0,0,114,113,1,0,0,0,Region V,Camarines Norte,Labo,Labo National High School,509,479,0.8121085594989561,0.17327766179540713,0.014613778705636743,0,0,389,83,7,0,0,127,97,28,2,0,0,135,101,29,5,0,0,103,97,6,0,0,0,114,94,20,0,0,0
309509,763,0,5,1,13,501,50113,763,0,2,1,57,34,45,33,38,33,36,39,0,0,176,139,315,0,0,0.08889999999999999,0,0.05260000000000001,0,0.0833,0,0,0,0.051100000000000007,0,0.0286,8,37.08,153,2,5,63.57,87,3.620689655,13,24.23,4,4,4,12,32,4,1,3,73,8,1,0,0,Region V,Albay,Rapu-Rapu West,Bilbao National High School,324,320,89,0,13,39,0,4,32,1,89,0,13,29,10,4,17,16,85,0,5,30,4,4,32,10,84,0,5,18,10,4,32,15,89,0,3,35,5,3,23,20,89,0,2,33,8,2,26,18,57,0,2,15,2,3,20,15,57,0,3,21,7,3,15,8,Region V,Albay,Rapu-Rapu West,Bilbao National High School,316,316,19,63,234,53,102,161,89,5,18,66,89,12,31,46,83,4,20,59,83,25,29,29,81,8,20,53,81,12,18,51,63,2,5,56,63,4,24,35,Region V,Albay,Rapu-Rapu,Bilbao National High School,342,336,0.8422619047619047,0.15773809523809526,0,0,0,283,53,0,0,0,96,45,51,0,0,0,82,82,0,0,0,0,91,91,0,0,0,0,67,65,2,0,0,0,Region V,Albay,Rapu-Rapu,Bilbao National High School,322,316,0.9240506329113926,0.0759493670886076,0,0,0,292,24,0,0,0,94,87,7,0,0,0,78,70,8,0,0,0,81,78,3,0,0,0,63,57,6,0,0,0
309903,1095,0,5,8,16,508,50816,1095,0,2,1,44,34,46,35,47,44,43,44,0,0,180,157,337,0.0909,0,0,0,0.021300000000000003,0.06820000000000001,0.186,0,0,0,0.07220000000000001,0.0191,0.0475,9,38.15,136,2,13,26.110000000000003,170,1.9823529410000003,19,17.74,0,4,2,6,55,2,12,5,86,11,1,0,0,Region V,Masbate,Placer East,Arriesgado-Sevilleno High School,305,305,103,1,6,43,53,0,0,0,103,0,27,42,34,0,0,0,67,53,4,7,3,0,0,0,66,0,4,11,51,0,0,0,80,2,41,26,11,0,0,0,80,0,34,30,16,0,0,0,55,26,1,11,17,0,0,0,55,0,33,18,4,0,0,0,Region V,Masbate,Placer East,Arriesgado-Sevilleno High School,294,294,77,91,126,125,63,106,94,30,29,35,94,49,19,26,65,23,14,28,65,20,20,25,79,17,30,32,79,34,15,30,56,7,18,31,56,22,9,25,Region V,Masbate,Placer,Arriesgado-Sevilleno High School,307,307,0.8859934853420195,0.10423452768729644,0.009771986970684036,0,0,272,32,3,0,0,101,98,3,0,0,0,70,54,13,3,0,0,81,65,16,0,0,0,55,55,0,0,0,0,Region V,Masbate,Placer,Arriesgado-Sevilleno High School,301,287,0.6306620209059233,0.32752613240418116,0.03484320557491289,0.0069686411149825775,0,181,94,10,2,0,88,83,5,0,0,0,70,54,16,0,0,0,75,10,58,7,0,0,54,34,15,3,2,0
301995,853,0,5,3,10,503,50310,853,0,2,1,46,29,40,25,28,21,26,25,0,0,140,100,240,0.13040000000000002,0.0345,0.125,0.04,0,0.0476,0.0385,0.08,0,0,0.08570000000000001,0.05,0.0708,11,21.310000000000002,70,3,18,13.12,93,2.5806451609999996,13,18.459999999999997,3,5,4,8,58,5,9,6,98,12,1,0,0,Region V,Camarines Sur,Canaman,Mangayawan National High School,265,265,63,26,2,15,16,4,0,0,63,0,9,34,20,0,0,0,76,26,2,26,20,2,0,0,76,25,3,16,25,7,0,0,71,25,0,14,27,5,0,0,71,0,12,41,18,0,0,0,55,17,1,15,18,4,0,0,55,28,4,8,15,0,0,0,Region V,Camarines Sur,Canaman,Mangayawan National High School,248,248,13,39,196,11,74,163,60,4,12,44,60,5,25,30,75,1,6,68,75,3,9,63,61,5,11,45,61,3,28,30,52,3,10,39,52,0,12,40,Region V,Camarines Sur,Canaman,Mangayawan National High School,242,210,0.10952380952380952,0.7857142857142855,0.10476190476190478,0,0,23,165,22,0,0,62,13,41,8,0,0,22,6,6,10,0,0,70,0,69,1,0,0,56,4,49,3,0,0,Region V,Camarines Sur,Canaman,Mangayawan National High School,228,223,0.08071748878923767,0.6143497757847534,0.242152466367713,0.06278026905829596,0,18,137,54,14,0,59,1,12,32,14,0,57,3,32,22,0,0,55,6,49,0,0,0,52,8,44,0,0,0
309702,941,0,5,3,25,503,50325,941,1,2,1,133,77,110,119,121,116,121,119,0,0,485,431,916,0.05260000000000001,0.013000000000000001,0.0818,0,0.033100000000000004,0,0.0165,0.0252,0,0,0.045399999999999996,0.0093,0.0284,27,33.63,599,2,28,32.8,49,18.693877550000003,43,21.3,3,5,4,8,58,5,9,6,98,12,1,0,0,Region V,Camarines Sur,Pasacao,Juan F. Triviño Memorial High School,944,944,257,1,32,24,4,121,64,11,257,4,10,13,13,214,3,0,282,9,66,61,13,116,16,1,282,0,14,9,14,165,52,28,194,15,72,19,0,50,24,14,194,0,16,4,1,160,11,2,211,17,131,21,0,38,4,0,211,0,45,4,2,142,14,4,Region V,Camarines Sur,Pasacao,Juan F. Triviño Memorial High School,906,883,296,182,405,619,97,167,241,83,78,80,241,164,28,49,261,131,52,78,261,197,16,48,178,74,46,58,178,101,33,44,203,8,6,189,203,157,20,26,Region V,Camarines Sur,Pasacao,Juan F. Triviño Memorial High School,940,940,0.973404255319149,0.026595744680851068,0,0,0,915,25,0,0,0,257,248,9,0,0,0,277,261,16,0,0,0,195,195,0,0,0,0,211,211,0,0,0,0,Region V,Camarines Sur,Pasacao,Juan F. Triviño Memorial High School,888,888,0.7331081081081081,0.24549549549549557,0.0213963963963964,0,0,651,218,19,0,0,239,152,72,15,0,0,269,159,106,4,0,0,177,171,6,0,0,0,203,169,34,0,0,0
501020,646,0,5,3,10,503,50310,646,0,3,1,13,18,14,13,14,15,17,15,0,0,58,61,119,0,0,0,0,0,0,0.058800000000000005,0,0,0,0.0172,0,0.0084,2,59.5,-999,0,4,29.75,0,-999,8,14.88,3,5,4,8,58,5,9,6,98,12,1,0,0,Region V,Camarines Sur,Canaman,Palo Integrated School,116,116,33,0,0,1,0,0,0,32,33,0,0,0,6,1,5,21,30,0,0,1,27,1,1,0,30,0,0,0,2,2,2,24,28,0,0,0,0,0,2,26,28,0,0,0,12,2,0,14,25,0,0,0,0,0,2,23,25,0,0,0,4,2,1,18,Region V,Camarines Sur,Canaman,Palo Integrated School,116,111,56,23,15,70,15,26,33,15,10,8,33,22,7,4,25,15,9,1,25,20,0,5,18,12,2,4,28,14,3,11,18,14,2,2,25,14,5,6,Region V,Camarines Sur,Canaman,Palo Integrated School,116,114,0.9736842105263158,0.02631578947368421,0,0,0,111,3,0,0,0,33,31,2,0,0,0,28,28,0,0,0,0,28,28,0,0,0,0,25,24,1,0,0,0,Region V,Camarines Sur,Canaman,Palo Integrated School,111,110,0.609090909090909,0.28181818181818186,0.10909090909090909,0,0,67,31,12,0,0,33,24,7,2,0,0,24,1,15,8,0,0,28,27,1,0,0,0,25,15,8,2,0,0
309743,983,0,5,3,32,503,50332,983,0,2,1,76,49,75,66,43,52,63,68,0,0,257,235,492,0.026300000000000004,0.0204,0.05330000000000001,0.0152,0.0233,0,0.0317,0,0,0,0.034999999999999996,0.0085,0.0224,13,38.65,286,2,13,36.5,47,10.46808511,30,16.4,3,5,4,8,58,5,9,6,98,12,1,0,0,Region V,Camarines Sur,Sipocot North,Bolo Norte High School,410,394,113,1,2,8,29,8,46,19,115,0,16,7,9,66,14,3,100,1,0,22,44,5,26,2,106,0,8,12,2,65,15,4,85,22,2,19,26,2,10,4,90,3,26,15,9,29,5,3,96,74,11,4,7,0,0,0,97,0,36,5,2,46,7,1,Region V,Camarines Sur,Sipocot North,Bolo Norte High School,395,388,4,45,331,111,154,115,112,3,14,95,104,49,25,30,94,1,17,76,99,20,52,27,82,0,12,70,82,40,24,18,92,0,2,90,95,2,53,40,Region V,Camarines Sur,Sipocot,Bolo Norte High School,403,404,0.9133663366336634,0.08168316831683169,0.004950495049504952,0,0,369,33,2,0,0,116,91,23,2,0,0,106,106,0,0,0,0,86,85,1,0,0,0,96,87,9,0,0,0,Region V,Camarines Sur,Sipocot,Bolo Norte High School,403,403,0.17866004962779158,0.694789081885856,0.12158808933002481,0.00496277915632754,0,72,280,49,2,0,116,1,91,22,2,0,106,1,82,23,0,0,118,35,82,1,0,0,63,35,25,3,0,0
301816,684,0,5,1,1,501,50101,684,1,2,1,71,45,87,70,88,74,67,78,0,0,313,267,580,0,0.022199999999999998,0.0115,0.0143,0.034100000000000005,0.013500000000000002,0.0299,0,0,0,0.0192,0.0112,0.0155,16,36.17,200,3,20,28.93,15,38.66666667,33,17.58,4,4,4,12,32,4,1,3,73,8,1,0,0,Region V,Albay,Bacacay West,Bonga National High School,527,527,122,2,39,14,6,1,15,45,122,0,31,6,2,3,34,46,150,10,65,17,9,0,2,47,150,3,24,6,5,0,44,68,111,26,31,26,10,0,0,18,111,0,28,10,2,0,30,41,144,19,34,32,39,0,0,20,144,0,24,5,0,3,41,71,Region V,Albay,Bacacay West,Bonga National High School,496,496,39,210,247,37,282,177,119,8,65,46,119,8,74,37,145,18,84,43,145,21,100,24,92,11,17,64,92,5,29,58,140,2,44,94,140,3,79,58,Region V,Albay,Bacacay,Bonga National High School,522,495,0.9676767676767676,0.026262626262626265,0.0060606060606060615,0,0,479,13,3,0,0,99,84,12,3,0,0,141,140,1,0,0,0,111,111,0,0,0,0,144,144,0,0,0,0,Region V,Albay,Bacacay,Bonga National High School,509,491,0.6476578411405296,0.21995926680244407,0.1323828920570265,0,0,318,108,65,0,0,111,3,44,64,0,0,141,122,18,1,0,0,95,71,24,0,0,0,144,122,22,0,0,0
302054,874,0,5,3,15,503,50315,874,0,2,1,54,58,54,58,53,61,38,52,0,0,199,229,428,0.07410000000000001,0.0345,0.018500000000000003,0,0.1321,0.0492,0.1316,0.0577,0,0,0.0854,0.0349,0.0584,7,65.2,112,4,11,38.349999999999994,17,25.17647059,22,19.45,3,5,4,8,58,5,9,6,98,12,1,0,0,Region V,Camarines Sur,Goa,Tabgon High School,429,429,113,20,10,24,18,9,19,13,112,17,11,26,18,18,13,9,119,23,13,24,19,8,17,15,119,21,15,22,17,13,19,12,95,25,6,27,15,5,9,8,95,24,9,31,13,3,9,6,102,27,3,26,28,3,8,7,102,24,5,28,26,4,9,6,Region V,Camarines Sur,Goa,Tabgon High School,417,417,20,150,247,56,178,183,118,6,60,52,118,26,58,34,116,8,37,71,116,15,51,50,89,6,28,55,89,7,33,49,94,0,25,69,94,8,36,50,Region V,Camarines Sur,Goa,Tabgon High School,423,423,0.9148936170212767,0.08510638297872342,0,0,0,387,36,0,0,0,114,111,3,0,0,0,119,87,32,0,0,0,95,95,0,0,0,0,95,94,1,0,0,0,Region V,Camarines Sur,Goa,Tabgon High School,407,396,0.5454545454545454,0.441919191919192,0.012626262626262628,0,0,216,175,5,0,0,102,66,35,1,0,0,115,28,83,4,0,0,87,61,26,0,0,0,92,61,31,0,0,0
301862,1231,0,5,7,1,507,50701,1231,1,2,1,100,107,109,107,96,79,81,89,0,0,386,382,768,0.02,0,0.018300000000000004,0.0187,0.0313,0.025300000000000003,0.037,0,0,0,0.025900000000000003,0.0105,0.0182,26,29.84,780,1,28,27.66,18,42.66666667,36,21.330000000000002,2,4,4,11,32,2,12,3,70,9,1,0,0,Region V,Ligao City,Ligao South District,Paulba National High School,869,869,247,0,17,19,28,119,48,16,247,1,17,5,6,144,47,27,227,12,22,45,63,11,22,52,227,7,20,57,35,28,59,21,193,22,8,8,94,5,17,39,193,0,13,30,43,15,39,53,202,48,0,20,134,0,0,0,202,0,7,14,40,24,71,46,Region V,Ligao City,Ligao South District,Paulba National High School,842,793,340,205,50,673,82,37,232,139,77,16,231,225,6,0,182,85,83,14,224,199,23,2,116,71,27,18,150,88,47,15,65,45,18,2,187,161,6,20,Region V,Ligao City,City of Ligao,Paulba National High School,867,867,0.9584775086505192,0.03690888119953864,0.00461361014994233,0,0,831,32,4,0,0,247,218,25,4,0,0,227,224,3,0,0,0,191,190,1,0,0,0,202,199,3,0,0,0,Region V,Ligao City,City of Ligao,Paulba National High School,866,864,0.8888888888888888,0.10532407407407408,0.005787037037037038,0,0,768,91,5,0,0,244,161,78,5,0,0,233,232,1,0,0,0,191,189,2,0,0,0,196,186,10,0,0,0
502477,630,0,5,1,8,501,50108,630,0,3,1,11,14,0,0,0,0,0,0,0,0,11,14,25,0,0,0,0,0,0,0,0,0,0,0,0,0,1,25,25,1,2,12.5,0,-999,3,8.33,4,4,4,12,32,4,1,3,73,8,1,0,0,Region V,Albay,Malinao,Soa Integrated School,82,82,26,5,0,7,13,0,0,1,26,1,0,10,10,0,3,2,34,4,0,13,16,0,0,1,34,2,0,18,10,0,2,2,22,2,0,1,18,0,1,0,22,5,0,13,2,0,2,0,0,0,0,0,0,0,0,0,0,0,0,0,0,0,0,0,Region V,Albay,Malinao,Soa Integrated School,88,79,0,13,63,0,30,47,26,0,7,19,27,0,10,17,30,0,5,25,32,0,12,20,20,0,1,19,18,0,8,10,0,0,0,0,0,0,0,0,Region V,Albay,Malinao,Soa Integrated School,84,84,1,0,0,0,0,84,0,0,0,0,26,26,0,0,0,0,35,35,0,0,0,0,23,23,0,0,0,0,0,0,0,0,0,0,Region V,Albay,Malinao,Soa Integrated School,89,89,0.06741573033707865,0.22471910112359553,0.6292134831460673,0.07865168539325842,0,6,20,56,7,0,31,2,3,25,1,0,35,1,12,19,3,0,23,3,5,12,3,0,0,0,0,0,0,0
302283,1215,0,5,13,1,513,51301,1215,1,2,1,169,107,176,159,161,147,170,174,14,11,690,598,1288,0.0592,0.037399999999999996,0.0455,0.0126,0.07450000000000001,0.034,0.0941,0.0115,0,0.1818,0.06670000000000001,0.0251,0.0474,36,36.260000000000005,744,2,36,35.55,83,15.51807229,67,19.22,2,4,4,1,32,2,1,3,67,6,1,0,0,Region V,Tabaco City,Tabaco North,San Lorenzo National High School,1221,1205,330,7,32,38,62,122,60,9,333,33,42,13,11,141,53,40,334,26,22,49,108,67,41,21,343,25,40,22,3,204,47,2,243,52,96,22,2,36,27,8,246,68,11,16,11,83,45,12,298,84,65,142,2,4,1,0,299,49,31,27,11,82,56,43,Region V,Tabaco City,Tabaco North,San Lorenzo National High School,1221,1173,376,320,477,573,260,201,321,133,98,90,304,169,75,60,328,76,84,168,304,235,46,23,236,112,20,104,177,108,49,20,288,55,118,115,249,61,90,98,Region V,Tabaco City,City of Tabaco,San Lorenzo National High School,1216,1218,0.9252873563218391,0.07142857142857144,0.0032840722495894913,0,0,1127,87,4,0,0,332,321,10,1,0,0,344,309,32,3,0,0,244,237,7,0,0,0,298,260,38,0,0,0,Region V,Tabaco City,City of Tabaco,San Lorenzo National High School,1187,1182,0.616751269035533,0.3045685279187818,0.06852791878172589,0.010152284263959388,0,729,360,81,12,0,329,304,13,12,0,0,327,147,122,46,12,0,238,97,118,23,0,0,288,181,107,0,0,0
301900,787,0,5,2,6,502,50206,787,0,2,1,34,22,32,30,38,34,47,25,0,0,151,111,262,0,0,0,0,0,0,0,0,0,0,0,0,0,11,23.38,102,3,9,28.77,1,262,15,17.47,1,1,7,6,55,4,9,6,89,11,1,0,0,Region V,Camarines Norte,Mercedes,Lalawigan National High School,230,230,71,0,0,21,6,5,36,3,71,43,0,12,0,12,4,0,67,0,0,27,19,0,19,2,67,0,1,5,0,7,49,5,52,4,0,11,13,1,22,1,52,27,0,21,0,2,2,0,40,6,0,12,11,0,5,6,40,0,0,2,0,11,27,0,Region V,Camarines Norte,Mercedes,Lalawigan National High School,221,214,5,68,135,21,57,72,69,4,26,39,28,8,8,12,58,0,15,43,58,6,20,32,48,1,21,26,25,2,18,5,33,0,6,27,39,5,11,23,Region V,Camarines Norte,Mercedes,Lalawigan National High School,233,233,0.9914163090128754,0.008583690987124463,0,0,0,231,2,0,0,0,71,69,2,0,0,0,70,70,0,0,0,0,52,52,0,0,0,0,40,40,0,0,0,0,Region V,Camarines Norte,Mercedes,Lalawigan National High School,221,221,0.5203619909502262,0.4072398190045249,0.06334841628959273,0.004524886877828056,0.004524886877828056,115,90,14,1,1,69,32,22,14,1,0,59,54,4,0,0,1,53,15,38,0,0,0,40,14,26,0,0,0
302123,1056,0,5,8,8,508,50808,1056,0,2,1,68,38,46,44,47,56,44,42,0,0,205,180,385,0,0,0,0,0,0,0,0,0,0,0,0,0,6,66.75,359,1,7,53.4,2,192.5,23,16.74,0,4,2,6,55,2,12,5,86,11,1,0,0,Region V,Masbate,Dimasalang,Buracan National High School,302,302,81,0,2,36,27,8,8,0,81,0,0,1,1,61,14,4,90,1,10,10,18,28,13,10,90,0,0,3,2,35,48,2,77,0,1,24,27,25,0,0,77,0,0,10,0,27,40,0,54,3,18,10,23,0,0,0,54,0,1,2,2,14,5,30,Region V,Masbate,Dimasalang,Buracan National High School,308,308,65,173,70,160,143,5,83,33,45,5,83,34,49,0,92,17,55,20,92,58,30,4,78,15,43,20,78,24,53,1,55,0,30,25,55,44,11,0,Region V,Masbate,Dimasalang,Buracan National High School,302,296,1,0,0,0,0,296,0,0,0,0,81,81,0,0,0,0,84,84,0,0,0,0,77,77,0,0,0,0,54,54,0,0,0,0,Region V,Masbate,Dimasalang,Buracan National High School,295,295,0.8508474576271189,0.1423728813559322,0.0067796610169491515,0,0,251,42,2,0,0,83,53,29,1,0,0,81,68,12,1,0,0,78,78,0,0,0,0,53,52,1,0,0,0
309512,736,0,5,1,10,501,50110,736,0,2,1,24,12,43,38,41,32,30,42,0,0,138,124,262,0,0,0.0233,0.026300000000000004,0.07320000000000002,0,0.1,0,0,0,0.0507,0.0081,0.0305,8,33.17,33,8,6,44.220000000000006,20,13.1,18,14.56,4,4,4,12,32,4,1,3,73,8,1,0,0,Region V,Albay,Oas South,San Miguel High School,247,247,50,33,0,1,16,0,0,0,50,36,1,2,11,0,0,0,78,50,1,10,17,0,0,0,78,55,1,4,18,0,0,0,43,29,1,1,12,0,0,0,43,26,1,2,14,0,0,0,76,58,1,1,16,0,0,0,76,60,0,6,10,0,0,0,Region V,Albay,Oas South,San Miguel High School,247,88,4,15,50,7,25,54,16,4,5,7,25,4,10,11,25,0,7,18,23,0,5,18,12,0,2,10,17,1,1,15,16,0,1,15,21,2,9,10,Region V,Albay,Oas,San Miguel High School,247,247,0.9757085020242916,0.024291497975708506,0,0,0,241,6,0,0,0,50,45,5,0,0,0,78,77,1,0,0,0,43,43,0,0,0,0,76,76,0,0,0,0,Region V,Albay,Oas,San Miguel High School,245,245,0.07755102040816328,0.583673469387755,0.33877551020408164,0,0,19,143,83,0,0,51,11,26,14,0,0,79,5,45,29,0,0,42,1,25,16,0,0,73,2,47,24,0,0
302284,1216,0,5,13,1,513,51301,1216,1,2,1,96,69,101,95,82,85,84,85,0,0,363,334,697,0,0,0.0396,0,0,0,0.035699999999999996,0.0235,0,0,0.0193,0.006,0.0129,20,34.37,427,2,13,54.260000000000005,6,116.16666670000001,37,18.84,2,4,4,1,32,2,1,3,67,6,1,0,0,Region V,Tabaco City,Tabaco North,San Miguel National High School,684,682,181,0,14,9,16,111,20,11,181,0,7,4,8,115,23,24,180,25,1,9,50,9,23,63,180,0,2,14,8,63,44,49,149,59,1,15,43,3,11,17,151,0,20,18,2,55,36,20,172,41,78,23,1,27,2,0,172,0,15,5,2,125,18,7,Region V,Tabaco City,Tabaco North,San Miguel National High School,684,675,266,230,179,529,79,36,180,101,52,27,180,127,36,17,175,64,64,47,146,132,11,3,149,24,45,80,148,106,26,16,171,77,69,25,170,164,6,0,Region V,Tabaco City,City of Tabaco,San Miguel National High School,687,684,0.9956140350877193,0.004385964912280701,0,0,0,681,3,0,0,0,180,178,2,0,0,0,178,178,0,0,0,0,151,150,1,0,0,0,175,175,0,0,0,0,Region V,Tabaco City,City of Tabaco,San Miguel National High School,689,675,0.9881481481481481,0.011851851851851851,0,0,0,667,8,0,0,0,183,176,7,0,0,0,177,177,0,0,0,0,145,144,1,0,0,0,170,170,0,0,0,0
500034,616,0,5,8,19,508,50819,616,0,1,1,18,23,14,13,26,10,14,16,0,0,72,62,134,0,0,0,0,0,0,0,0,0,0,0,0,0,4,36.33,76,2,6,21.8,1,134,14,9.57,0,4,2,6,55,2,12,5,86,11,1,0,0,Region V,Masbate,San Pascual South,Maximino S. Lazaro Integrated School,125,125,37,0,9,18,10,0,0,0,37,0,0,0,0,12,20,5,36,0,7,9,11,4,3,2,36,0,0,0,0,10,22,4,29,0,0,9,20,0,0,0,29,0,0,0,0,14,10,5,23,0,0,3,20,0,0,0,23,0,0,0,0,7,8,8,Region V,Masbate,San Pascual South,Maximino S. Lazaro Integrated School,136,135,90,30,1,94,21,2,37,30,7,0,19,16,2,1,42,36,5,1,42,35,6,1,21,12,9,0,32,31,1,0,21,12,9,0,24,12,12,0,Region V,Masbate,San Pascual,Maximino S. Lazaro Integrated School,114,114,0.9035087719298245,0.09649122807017545,0,0,0,103,11,0,0,0,38,29,9,0,0,0,21,19,2,0,0,0,31,31,0,0,0,0,24,24,0,0,0,0,Region V,Masbate,San Pascual,Maximino S. Lazaro Integrated School,136,136,0.411764705882353,0.3823529411764706,0.20588235294117646,0,0,56,52,28,0,0,37,25,7,5,0,0,43,21,14,8,0,0,32,7,17,8,0,0,24,3,14,7,0,0
302043,830,0,5,3,5,503,50305,830,1,2,1,115,123,143,126,141,99,137,110,0,0,536,458,994,0,0.0081,0.014,0,0.0567,0.0404,0.0146,0.0273,0,0,0.0224,0.0175,0.0201,25,39.59,441,2,18,55.14,53,18.754716979999998,98,10.139999999999999,3,5,4,8,58,5,9,6,98,12,1,0,0,Region V,Camarines Sur,Buhi,San Vicente National High School - Buhi,787,767,213,0,23,15,6,19,54,96,213,0,23,15,6,19,54,96,186,17,46,26,10,9,30,48,186,7,46,26,10,19,30,48,178,50,23,25,20,9,17,34,178,10,23,25,20,14,35,51,190,51,35,34,34,3,6,27,190,15,35,34,34,23,12,37,Region V,Camarines Sur,Buhi,San Vicente National High School - Buhi,778,755,202,323,194,292,316,135,199,76,94,29,213,125,75,13,174,64,78,32,186,89,76,21,168,38,69,61,156,53,55,48,178,24,82,72,188,25,110,53,Region V,Camarines Sur,Buhi,San Vicente National High School - Buhi,778,779,0.982028241335045,0.017971758664955078,0,0,0,765,14,0,0,0,227,221,6,0,0,0,176,171,5,0,0,0,179,179,0,0,0,0,197,194,3,0,0,0,Region V,Camarines Sur,Buhi,San Vicente National High School - Buhi,751,693,0.3535353535353535,0.4098124098124099,0.19191919191919193,0.04473304473304474,0,245,284,133,31,0,200,80,80,24,16,0,150,66,27,49,8,0,156,72,71,13,0,0,187,27,106,47,7,0
302182,1155,0,5,11,7,511,51107,1155,0,2,1,44,39,64,55,56,52,55,32,0,0,219,178,397,0,0,0.125,0,0.125,0.0577,0.036399999999999995,0.0625,0,0,0.07760000000000002,0.0281,0.0554,14,27.650000000000002,251,2,12,32.53,15,26.466666669999995,26,15.27,0,3,0,6,55,4,14,3,85,11,1,0,0,Region V,Sorsogon,Gubat North,Bagacay National High School,372,372,90,0,7,11,5,47,19,1,90,0,15,7,1,44,14,9,95,12,3,19,32,11,12,6,95,0,29,7,1,43,14,1,88,4,5,10,10,30,19,10,88,0,9,6,1,65,6,1,99,0,72,5,0,22,0,0,99,0,22,5,0,70,1,1,Region V,Sorsogon,Gubat North,Bagacay National High School,351,343,89,101,139,106,134,102,81,29,27,25,82,18,40,24,76,11,12,53,88,29,34,25,83,24,28,31,84,30,31,23,89,25,34,30,88,29,29,30,Region V,Sorsogon,Gubat,Bagacay National High School,370,368,0.9157608695652174,0.07880434782608697,0.005434782608695653,0,0,337,29,2,0,0,88,70,16,2,0,0,94,84,10,0,0,0,87,84,3,0,0,0,99,99,0,0,0,0,Region V,Sorsogon,Gubat,Bagacay National High School,337,337,0.33827893175074186,0.5875370919881304,0.0741839762611276,0,0,114,198,25,0,0,86,29,47,10,0,0,78,33,41,4,0,0,83,26,51,6,0,0,90,26,59,5,0,0
301986,989,0,5,3,34,503,50334,989,0,2,1,97,78,98,78,59,88,83,90,0,0,337,334,671,0.0206,0.0128,0.0816,0,0.0339,0.034100000000000005,0.1325,0.022199999999999998,0,0,0.06820000000000001,0.018000000000000002,0.0432,21,32.13,555,1,20,33.24,0,-999,32,20.97,3,5,4,8,58,5,9,6,98,12,1,0,0,Region V,Camarines Sur,Tigaon,La Salvacion National High School,765,724,210,5,31,50,18,54,42,10,206,3,37,13,13,118,15,7,173,74,1,66,32,0,0,0,179,0,52,2,0,121,3,1,181,28,61,24,0,31,29,8,181,1,13,24,11,107,22,3,160,34,105,4,1,15,1,0,154,0,31,13,0,94,16,0,Region V,Camarines Sur,Tigaon,La Salvacion National High School,749,678,38,245,395,107,240,331,182,7,64,111,182,64,73,45,168,1,50,117,168,16,39,113,167,22,71,74,167,15,64,88,161,8,60,93,161,12,64,85,Region V,Camarines Sur,Tigaon,La Salvacion National High School,753,749,0.9399198931909213,0.060080106809078763,0,0,0,704,45,0,0,0,216,177,39,0,0,0,194,193,1,0,0,0,178,177,1,0,0,0,161,157,4,0,0,0,Region V,Camarines Sur,Tigaon,La Salvacion National High School,719,714,0.8851540616246497,0.10364145658263307,0.009803921568627447,0.0014005602240896359,0,632,74,7,1,0,202,155,40,6,1,0,177,146,31,0,0,0,184,180,3,1,0,0,151,151,0,0,0,0
302109,1096,0,5,8,17,508,50817,1096,1,2,1,109,114,144,133,113,130,132,128,0,0,498,505,1003,0.055,0.0088,0.013900000000000001,0.0075,0.0088,0,0,0,0,0,0.0181,0.004,0.011,22,45.27,496,2,24,41.5,30,33.43333333000001,44,22.8,0,4,2,6,55,2,12,5,86,11,1,0,0,Region V,Masbate,San Fernando,Andres Clemente Jr.National High School,851,851,240,176,22,26,16,0,0,0,240,182,15,32,11,0,0,0,225,188,9,16,12,0,0,0,225,184,14,20,7,0,0,0,181,133,6,10,32,0,0,0,181,126,11,14,30,0,0,0,205,168,8,10,19,0,0,0,205,176,7,8,14,0,0,0,Region V,Masbate,San Fernando,Andres Clemente Jr.National High School,963,898,222,376,299,497,223,159,263,96,47,120,249,221,24,4,241,47,112,82,241,194,46,1,178,43,84,51,173,36,49,88,215,36,133,46,216,46,104,66,Region V,Masbate,San Fernando,Andres Clemente Jr.National High School,977,977,0.9785056294779938,0.021494370522006152,0,0,0,956,21,0,0,0,275,267,8,0,0,0,256,249,7,0,0,0,206,204,2,0,0,0,240,236,4,0,0,0,Region V,Masbate,San Fernando,Andres Clemente Jr.National High School,958,924,0.5779220779220781,0.329004329004329,0.06060606060606061,0.020562770562770564,0.011904761904761902,534,304,56,19,11,251,167,54,26,4,0,243,159,74,10,0,0,193,144,24,12,8,5,237,64,152,8,7,6
302061,862,0,5,3,11,503,50311,862,0,2,3,32,22,30,25,29,33,23,35,0,0,114,115,229,0.0313,0,0.16670000000000001,0,0,0.0606,0.08700000000000001,0,0,0,0.07020000000000001,0.017400000000000002,0.0437,6,38.6,-999,0,5,48.25,1,229,9,25.439999999999998,3,5,4,8,58,5,9,6,98,12,1,0,0,Region V,Camarines Sur,Caramoan,Tawog National High School - Eastern Coast NHS (Tawog),252,233,82,7,7,31,21,2,6,8,82,2,2,6,15,7,31,19,63,4,4,21,26,1,3,4,64,2,2,2,7,4,21,26,54,5,5,11,13,1,9,10,50,4,4,9,10,3,10,10,34,2,2,4,10,2,4,10,52,2,2,4,10,2,17,15,Region V,Camarines Sur,Caramoan,Tawog National High School - Eastern Coast NHS (Tawog),247,247,0,18,228,5,57,185,81,0,12,69,81,3,17,61,61,0,4,57,61,0,10,51,51,0,2,49,52,2,16,34,53,0,0,53,53,0,14,39,Region V,Camarines Sur,Caramoan,Tawog National High School - Eastern Coast NHS (Tawog),223,221,0.9321266968325793,0.05429864253393666,0.013574660633484167,0,0,206,12,3,0,0,82,75,6,1,0,0,43,38,3,2,0,0,40,37,3,0,0,0,56,56,0,0,0,0,Region V,Camarines Sur,Caramoan,Tawog National High School - Eastern Coast NHS (Tawog),247,233,0.055793991416309016,0.21030042918454936,0.5236051502145925,0.14592274678111591,0.06437768240343347,13,49,122,34,15,79,4,19,43,9,4,58,4,11,32,7,4,45,5,8,19,11,2,51,0,11,28,7,5
309931,1026,0,5,8,2,508,50802,1026,0,2,1,44,32,31,34,34,36,46,39,0,0,155,141,296,0,0,0,0,0,0,0,0,0,0,0,0,0,6,52.25,71,4,10,29.86,13,22.769230769999997,14,21.14,0,4,2,6,55,2,12,5,86,11,1,0,0,Region V,Masbate,Baleno,Amador-Bello High School,283,283,87,0,12,19,17,20,6,13,87,0,2,3,12,23,25,22,75,1,13,15,17,8,6,15,75,0,1,2,10,10,22,30,66,7,12,15,13,6,2,11,66,0,2,3,8,15,12,26,55,7,8,13,17,4,2,4,55,0,11,3,5,7,7,22,Region V,Masbate,Baleno,Amador-Bello High School,285,285,89,133,63,133,118,34,87,32,40,15,87,42,35,10,75,19,42,14,75,30,37,8,65,20,23,22,65,35,21,9,58,18,28,12,58,26,25,7,Region V,Masbate,Baleno,Amador-Bello High School,282,282,0.9964539007092197,0.0035460992907801418,0,0,0,281,1,0,0,0,87,86,1,0,0,0,75,75,0,0,0,0,65,65,0,0,0,0,55,55,0,0,0,0,Region V,Masbate,Baleno,Amador-Bello High School,282,257,0.7587548638132295,0.21400778210116736,0.027237354085603117,0,0,195,55,7,0,0,78,61,16,1,0,0,72,56,14,2,0,0,58,43,13,2,0,0,49,35,12,2,0,0
301984,971,0,5,3,31,503,50331,971,1,2,1,101,93,106,102,102,110,97,125,0,0,406,430,836,0.029699999999999997,0.0108,0.018900000000000004,0.0196,0.0098,0.0182,0.0412,0.024,0,0,0.0246,0.018600000000000002,0.021500000000000002,21,39,450,2,24,34.41,38,22,38,22,3,5,4,8,58,5,9,6,98,12,1,0,0,Region V,Camarines Sur,San Jose,Vivencio Obias - Kinalansan NHS (formerly: Kinalansan NHS),778,778,225,1,14,11,31,63,57,48,225,0,6,14,38,97,49,21,189,5,15,48,39,50,19,13,189,0,13,5,3,92,28,48,174,15,55,9,4,82,7,2,174,0,58,13,3,85,8,7,190,27,96,26,1,33,3,4,190,0,16,10,1,141,21,1,Region V,Camarines Sur,San Jose,Vivencio Obias - Kinalansan NHS (formerly: Kinalansan NHS),783,754,130,169,430,285,158,283,215,36,52,127,187,69,28,90,178,73,46,59,180,97,40,43,158,12,27,119,168,72,34,62,178,9,44,125,191,47,56,88,Region V,Camarines Sur,San Jose,Vivencio Obias - Kinalansan NHS (formerly: Kinalansan NHS),774,774,0.7726098191214471,0.22480620155038764,0.0012919896640826874,0,0.0012919896640826874,598,174,1,0,1,225,174,51,0,0,0,187,132,54,0,0,1,173,170,3,0,0,0,189,122,66,1,0,0,Region V,Camarines Sur,San Jose,Vivencio Obias - Kinalansan NHS (formerly: Kinalansan NHS),753,752,0.3949468085106383,0.5053191489361701,0.09707446808510639,0.0026595744680851068,0,297,380,73,2,0,220,64,90,64,2,0,183,27,147,9,0,0,171,139,32,0,0,0,178,67,111,0,0,0
302156,1029,0,5,8,3,508,50803,1029,0,2,1,62,53,58,55,59,53,39,40,0,0,218,201,419,0.0323,0,0,0,0,0,0,0,0,0,0.0092,0,0.0048000000000000004,18,23.919999999999998,336,1,24,17.59,10,41.9,28,14.96,0,4,2,6,55,2,12,5,86,11,1,0,0,Region V,Masbate,Balud North,Briccio A. Aninang Sr. High School,401,401,101,0,33,30,38,0,0,0,101,0,17,51,33,0,0,0,106,3,0,44,59,0,0,0,106,0,0,43,63,0,0,0,95,20,22,8,26,17,0,2,95,0,65,20,10,0,0,0,99,13,0,4,36,21,20,5,99,0,31,28,35,0,0,5,Region V,Masbate,Balud North,Briccio A. Aninang Sr. High School,400,400,0,0,400,40,116,244,102,0,0,102,102,8,40,54,105,0,0,105,105,5,18,82,94,0,0,94,94,16,27,51,99,0,0,99,99,11,31,57,Region V,Masbate,Balud,Briccio A. Aninang Sr. High School,360,395,0.9898734177215189,0.010126582278481013,0,0,0,391,4,0,0,0,101,99,2,0,0,0,101,100,1,0,0,0,95,94,1,0,0,0,98,98,0,0,0,0,Region V,Masbate,Balud,Briccio A. Aninang Sr. High School,403,395,0.539240506329114,0.3822784810126583,0.07848101265822786,0,0,213,151,31,0,0,104,8,73,23,0,0,106,53,45,8,0,0,88,76,12,0,0,0,97,76,21,0,0,0
309705,968,0,5,3,30,503,50330,968,0,2,1,60,38,42,51,41,42,51,36,0,0,194,167,361,0,0,0,0,0,0,0,0,0,0,0,0,0,9,40.230000000000004,93,4,12,30.759999999999998,92,3.923913043,18,20.06,3,5,4,8,58,5,9,6,98,12,1,0,0,Region V,Camarines Sur,San Fernando,Pinamasagan National High School,335,335,87,0,9,5,7,29,28,9,87,0,4,5,3,62,10,3,92,2,6,13,14,40,14,3,92,0,1,0,2,78,7,4,74,10,26,3,0,31,4,0,74,0,8,2,0,58,4,2,82,8,40,10,3,21,0,0,82,0,16,0,0,59,7,0,Region V,Camarines Sur,San Fernando,Pinamasagan National High School,332,332,125,105,102,237,55,40,87,30,38,19,87,51,22,14,89,47,27,15,89,74,10,5,76,28,26,22,76,54,10,12,80,20,14,46,80,58,13,9,Region V,Camarines Sur,San Fernando,Pinamasagan National High School,335,334,0.6107784431137727,0.35628742514970063,0.032934131736526956,0,0,204,119,11,0,0,87,8,77,2,0,0,91,42,40,9,0,0,74,72,2,0,0,0,82,82,0,0,0,0,Region V,Camarines Sur,San Fernando,Pinamasagan National High School,327,322,0.7142857142857143,0.27950310559006214,0.006211180124223601,0,0,230,90,2,0,0,86,31,53,2,0,0,86,83,3,0,0,0,71,62,9,0,0,0,79,54,25,0,0,0
500165,603,0,5,8,4,508,50804,603,0,1,1,20,20,14,30,19,26,12,19,0,0,65,95,160,0,0,0,0,0,0,0,0,0,0,0,0,0,13,12.53,143,1,9,18.310000000000002,0,-999,13,12.31,0,4,2,6,55,2,12,5,86,11,1,0,0,Region V,Masbate,Batuan,Antonio Lee Llacer Sr. Integrated School,182,182,51,0,2,5,2,35,7,0,51,0,1,1,3,28,10,8,49,0,0,5,5,6,18,15,49,0,2,5,4,10,15,13,43,0,3,5,9,5,6,15,43,0,2,5,5,3,18,10,39,0,4,11,9,3,5,7,39,0,2,7,6,4,15,5,Region V,Masbate,Batuan,Antonio Lee Llacer Sr. Integrated School,165,164,134,23,7,153,8,2,47,38,6,3,47,46,1,0,43,43,0,0,43,43,0,0,40,35,5,0,39,37,2,0,34,18,12,4,34,27,5,2,Region V,Masbate,Batuan,Antonio Lee Llacer Sr. Integrated School,180,180,0.33888888888888896,0.49444444444444446,0.16666666666666666,0,0,61,89,30,0,0,51,3,44,4,0,0,48,26,16,6,0,0,42,15,20,7,0,0,39,17,9,13,0,0,Region V,Masbate,Batuan,Antonio Lee Llacer Sr. Integrated School,167,164,0.31097560975609756,0.37195121951219506,0.21951219512195128,0.09756097560975609,0,51,61,36,16,0,48,16,15,11,6,0,43,21,11,9,2,0,39,14,18,4,3,0,34,0,17,12,5,0
301930,955,0,5,3,28,503,50328,955,0,2,1,49,42,53,35,48,39,59,57,0,0,209,173,382,0,0,0,0.057100000000000005,0.0208,0,0.0678,0.0175,0,0,0.0239,0.017300000000000003,0.020900000000000002,16,24.21,91,4,7,52.82,1,382,20,19.1,3,5,4,8,58,5,9,6,98,12,1,0,0,Region V,Camarines Sur,Ragay,Sisa Feliciano Memorial High School,368,343,99,0,5,3,1,70,14,6,99,0,4,8,2,76,8,1,102,0,24,33,2,37,6,0,112,0,16,0,0,96,0,0,65,15,27,14,0,9,0,0,75,0,0,1,0,61,11,2,77,2,57,5,4,4,5,0,78,0,13,1,0,58,6,0,Region V,Camarines Sur,Ragay,Sisa Feliciano Memorial High School,342,342,197,61,64,281,30,31,91,50,25,16,92,80,6,6,101,83,14,4,106,85,17,4,71,57,7,7,71,61,0,10,59,7,15,37,73,55,7,11,Region V,Camarines Sur,Ragay,Sisa Feliciano Memorial High School,368,362,0.9806629834254144,0.019337016574585635,0,0,0,355,7,0,0,0,100,93,7,0,0,0,111,111,0,0,0,0,73,73,0,0,0,0,78,78,0,0,0,0,Region V,Camarines Sur,Ragay,Sisa Feliciano Memorial High School,368,362,0.9751381215469611,0.024861878453038673,0,0,0,353,9,0,0,0,100,92,8,0,0,0,111,111,0,0,0,0,73,72,1,0,0,0,78,78,0,0,0,0
302177,1042,0,5,8,6,508,50806,1042,1,2,1,59,56,67,46,67,54,49,58,0,0,242,214,456,0.050800000000000005,0.05360000000000001,0.07460000000000001,0,0.0299,0.018500000000000003,0.0612,0.0172,0,0,0.053700000000000005,0.0234,0.0395,20,22.5,691,1,25,18.24,130,3.507692308,33,13.82,0,4,2,6,55,2,12,5,86,11,1,0,0,Region V,Masbate,Cawayan East (Cawayan),Villahermosa National High School,378,378,114,0,17,8,4,58,21,6,114,0,7,18,4,40,15,30,98,1,2,32,8,11,30,14,98,0,7,1,0,74,11,5,81,9,40,23,3,6,0,0,81,0,15,5,2,45,14,0,85,18,44,12,10,0,1,0,85,0,17,0,0,68,0,0,Region V,Masbate,Cawayan East (Cawayan),Villahermosa National High School,378,378,7,218,153,29,243,106,114,5,65,44,114,17,76,21,98,2,58,38,98,11,62,25,81,0,52,29,81,1,51,29,85,0,43,42,85,0,54,31,Region V,Masbate,Cawayan,Villahermosa National High School,380,380,0.9657894736842106,0.03421052631578948,0,0,0,367,13,0,0,0,115,103,12,0,0,0,99,98,1,0,0,0,81,81,0,0,0,0,85,85,0,0,0,0,Region V,Masbate,Cawayan,Villahermosa National High School,370,322,0.8633540372670808,0.12732919254658384,0.009316770186335402,0,0,278,41,3,0,0,109,79,27,3,0,0,65,51,14,0,0,0,74,74,0,0,0,0,74,74,0,0,0,0
302282,1214,0,5,13,1,513,51301,1214,1,2,1,172,125,142,166,181,151,134,148,0,0,629,590,1219,0.052300000000000006,0,0.007,0.012,0.0166,0.033100000000000004,0.06720000000000001,0.020300000000000002,0,0,0.034999999999999996,0.016900000000000002,0.026300000000000004,30,40.690000000000005,747,2,46,26.54,33,36.93939394000001,65,18.75,2,4,4,1,32,2,1,3,67,6,1,0,0,Region V,Tabaco City,Tabaco North,"San Antonio National High School, Tabaco",1276,1274,328,0,0,4,47,28,70,179,328,1,20,45,17,31,143,71,367,25,5,117,78,37,96,9,367,0,52,110,44,20,116,25,289,60,10,174,14,2,29,0,289,7,20,60,20,83,90,9,290,63,48,155,4,20,0,0,275,4,45,80,8,14,118,6,Region V,Tabaco City,Tabaco North,"San Antonio National High School, Tabaco",1276,1231,25,300,906,28,512,632,309,14,39,256,286,18,136,132,358,9,37,312,358,8,165,185,277,1,136,140,261,2,73,186,287,1,88,198,267,0,138,129,Region V,Tabaco City,City of Tabaco,"San Antonio National High School, Tabaco",345,321,0.9750778816199376,0.0249221183800623,0,0,0,313,8,0,0,0,0,0,0,0,0,0,150,150,0,0,0,0,0,0,0,0,0,0,171,163,8,0,0,0,Region V,Tabaco City,City of Tabaco,"San Antonio National High School, Tabaco",1114,1114,0.606822262118492,0.36894075403949733,0.024236983842010767,0,0,676,411,27,0,0,287,91,188,8,0,0,268,223,44,1,0,0,277,258,17,2,0,0,282,104,162,16,0,0
502615,655,0,5,8,2,508,50802,655,0,3,1,11,8,0,0,0,0,0,0,0,0,11,8,19,0,0,0,0,0,0,0,0,0,0,0,0,0,1,19,-999,0,2,9.5,0,-999,1,19,0,4,2,6,55,2,12,5,86,11,1,0,0,Region V,Masbate,Baleno,Tinapian Integrated School,56,56,22,0,5,4,1,9,3,0,22,0,2,1,2,17,0,0,22,0,3,2,6,6,5,0,22,0,7,2,1,5,4,3,12,0,5,3,3,0,0,1,12,0,3,1,0,5,3,0,0,0,0,0,0,0,0,0,0,0,0,0,0,0,0,0,Region V,Masbate,Baleno,Tinapian Integrated School,53,5,2,1,2,2,1,0,3,2,1,0,3,2,1,0,0,0,0,0,0,0,0,0,2,0,0,2,0,0,0,0,0,0,0,0,0,0,0,0,Region V,Masbate,Baleno,Tinapian Integrated School,56,56,1,0,0,0,0,56,0,0,0,0,22,22,0,0,0,0,22,22,0,0,0,0,12,12,0,0,0,0,0,0,0,0,0,0,Region V,Masbate,Baleno,Tinapian Integrated School,53,53,0.5849056603773585,0.2641509433962264,0.15094339622641517,0,0,31,14,8,0,0,21,3,13,5,0,0,21,18,0,3,0,0,11,10,1,0,0,0,0,0,0,0,0,0
302263,1199,0,5,6,1,506,50601,1199,0,2,1,31,36,55,36,44,30,53,44,0,0,183,146,329,0,0,0,0,0,0,0,0.0455,0,0,0,0.0137,0.0061,18,17.89,160,2,22,15.18,25,13.16,22,14.950000000000001,2,4,4,1,27,2,12,3,64,7,1,0,0,Region V,Legazpi City,Albay I District,Pawa High School,307,307,66,0,5,13,15,4,11,18,66,0,10,2,3,24,17,10,90,6,7,27,20,17,12,1,90,1,11,2,0,50,16,10,61,4,2,7,18,3,8,19,61,0,18,8,1,33,1,0,90,4,67,6,0,13,0,0,90,16,60,9,0,5,0,0,Region V,Legazpi City,Albay I District,Pawa High School,297,291,55,105,122,88,105,86,61,7,22,32,61,16,25,20,79,18,31,30,84,24,29,31,58,4,18,36,62,28,23,11,84,26,34,24,72,20,28,24,Region V,Legazpi City,Legazpi City (Capital),Pawa High School,307,307,0.9478827361563518,0.052117263843648225,0,0,0,291,16,0,0,0,66,63,3,0,0,0,90,89,1,0,0,0,62,62,0,0,0,0,89,77,12,0,0,0,Region V,Legazpi City,Legazpi City (Capital),Pawa High School,297,295,0.7118644067796609,0.288135593220339,0,0,0,210,85,0,0,0,61,55,6,0,0,0,85,84,1,0,0,0,62,34,28,0,0,0,87,37,50,0,0,0
301826,691,0,5,1,3,501,50103,691,0,2,1,26,11,23,13,20,21,16,20,0,0,85,65,150,0.0385,0,0,0,0,0,0,0,0,0,0.0118,0,0.0067,10,15.62,339,0,13,11.94,27,5.555555555999998,13,11.54,4,4,4,12,32,4,1,3,73,8,1,0,0,Region V,Albay,Daraga North,BaÃ±adero High School,173,173,56,0,6,7,5,8,18,12,56,2,3,5,2,12,29,3,43,0,6,4,2,7,15,9,43,0,2,8,0,9,22,2,35,3,2,3,3,5,11,8,35,0,4,5,5,5,10,6,39,4,2,3,3,3,16,8,39,0,1,1,4,6,12,15,Region V,Albay,Daraga North,BaÃ±adero High School,173,173,0,26,147,27,79,67,56,0,4,52,56,11,23,22,44,0,14,30,44,2,17,25,34,0,6,28,34,7,17,10,39,0,2,37,39,7,22,10,Region V,Albay,Daraga,BaÃ±adero High School,49,35,0.7142857142857143,0.2857142857142858,0,0,0,25,10,0,0,0,0,0,0,0,0,0,10,6,4,0,0,0,12,11,1,0,0,0,13,8,5,0,0,0,Region V,Albay,Daraga,BaÃ±adero High School,174,174,0.5229885057471263,0.4310344827586207,0.034482758620689655,0.011494252873563218,0,91,75,6,2,0,56,49,7,0,0,0,43,14,29,0,0,0,35,15,17,2,1,0,40,13,22,4,1,0
305750,1220,0,5,13,1,513,51301,1220,0,2,1,35,25,29,27,32,34,26,18,0,0,122,104,226,0.0286,0,0.0345,0,0.0625,0,0.1154,0,0,0,0.0574,0,0.031,1,157.5,72,3,2,105,0,-999,11,20.55,2,4,4,1,32,2,1,3,67,6,1,0,0,Region V,Tabaco City,Tabaco East,Malictay High School,249,247,64,5,2,27,17,3,10,0,66,0,0,2,2,33,24,5,84,0,8,30,21,5,16,4,84,0,0,4,2,32,36,10,48,9,4,16,5,2,12,0,48,1,0,4,3,20,16,4,51,18,0,15,2,5,11,0,51,0,8,14,2,12,15,0,Region V,Tabaco City,Tabaco East,Malictay High School,241,241,28,140,73,70,98,73,66,0,46,20,66,24,30,12,79,8,39,32,79,19,33,27,48,12,33,3,48,17,11,20,48,8,22,18,48,10,24,14,Region V,Tabaco City,City of Tabaco,Malictay High School,252,235,0.9489361702127659,0.05106382978723405,0,0,0,223,12,0,0,0,63,60,3,0,0,0,79,70,9,0,0,0,43,43,0,0,0,0,50,50,0,0,0,0,Region V,Tabaco City,City of Tabaco,Malictay High School,246,230,0.7478260869565218,0.22173913043478263,0.03043478260869565,0,0,172,51,7,0,0,65,49,16,0,0,0,79,58,15,6,0,0,43,43,0,0,0,0,43,22,20,1,0,0
301870,731,0,5,1,10,501,50110,731,1,2,1,41,35,57,62,68,55,70,58,0,0,236,210,446,0,0,0,0,0,0,0,0,0,0,0,0,0,16,28.419999999999998,447,1,19,23.84,47,9.489361701999998,27,16.52,4,4,4,12,32,4,1,3,73,8,1,0,0,Region V,Albay,Oas North,Saban National High School,455,455,124,5,2,3,27,41,17,29,124,0,8,4,6,94,10,2,148,12,28,49,27,19,11,2,148,3,34,9,3,71,18,10,67,6,27,11,1,12,9,1,67,0,0,6,7,14,31,9,116,23,78,8,0,7,0,0,116,0,11,8,16,64,12,5,Region V,Albay,Oas North,Saban National High School,455,438,53,85,300,80,197,161,122,40,24,58,122,50,47,25,142,10,32,100,142,21,62,59,66,0,13,53,66,1,38,27,108,3,16,89,108,8,50,50,Region V,Albay,Oas,Saban National High School,455,455,0.7934065934065934,0.1824175824175824,0.021978021978021983,0.002197802197802198,0,361,83,10,1,0,124,104,20,0,0,0,148,91,46,10,1,0,67,61,6,0,0,0,116,105,11,0,0,0,Region V,Albay,Oas,Saban National High School,436,433,0.18013856812933027,0.4133949191685913,0.33949191685912233,0.0669745958429561,0,78,179,147,29,0,124,0,17,91,16,0,138,2,82,41,13,0,67,4,48,15,0,0,104,72,32,0,0,0
302039,881,0,5,3,16,503,50316,881,1,2,1,169,145,148,146,138,155,147,138,0,0,602,584,1186,0.0414,0.0345,0.0811,0.0205,0.10870000000000002,0.0258,0.0952,0.0145,0,0,0.07970000000000001,0.024,0.052300000000000006,28,42.8,912,1,33,35.53,67,17.701492539999997,49,24.2,3,5,4,8,58,5,9,6,98,12,1,0,0,Region V,Camarines Sur,Lagonoy South,San Ramon National High School - Lagonoy,1219,1081,322,2,28,18,50,41,97,86,322,2,28,18,50,41,97,86,276,0,2,18,18,159,43,36,284,0,0,20,18,160,50,36,250,46,0,72,100,0,8,24,228,0,29,78,9,89,23,0,233,29,0,0,70,0,113,21,241,0,26,41,27,26,59,62,Region V,Camarines Sur,Lagonoy South,San Ramon National High School - Lagonoy,1219,980,12,552,382,78,582,320,291,12,150,129,299,32,159,108,244,0,151,93,244,12,148,84,198,0,162,36,209,27,160,22,213,0,89,124,228,7,115,106,Region V,Camarines Sur,Lagonoy,San Ramon National High School - Lagonoy,1193,1161,0.9646856158484066,0.03445305770887168,8.613264427217915e-4,0,0,1120,40,1,0,0,361,325,35,1,0,0,297,292,5,0,0,0,254,254,0,0,0,0,249,249,0,0,0,0,Region V,Camarines Sur,Lagonoy,San Ramon National High School - Lagonoy,1129,1089,0.6896235078053259,0.27272727272727276,0.0367309458218549,9.182736455463727e-4,0,751,297,40,1,0,330,219,96,14,1,0,292,153,113,26,0,0,234,177,57,0,0,0,233,202,31,0,0,0
301868,741,0,5,1,12,501,50112,741,1,2,1,96,80,130,120,121,111,134,113,0,0,481,424,905,0,0,0.0077,0,0.0083,0,0.0224,0.0177,0,0,0.0104,0.0047,0.0077,22,40.309999999999995,310,3,15,61.53,8,113.12499999999999,43,21.05,4,4,4,12,32,4,1,3,73,8,1,0,0,Region V,Albay,Polangui North,Ponso National High School,878,878,227,147,10,3,45,12,1,9,227,142,10,3,45,12,2,13,241,152,2,15,47,12,4,9,241,139,6,45,41,8,1,1,174,156,0,1,10,7,0,0,174,156,5,1,5,2,3,2,236,218,2,6,5,3,1,1,236,218,2,6,5,3,1,1,Region V,Albay,Polangui North,Ponso National High School,873,873,21,165,687,42,217,614,236,10,73,153,236,19,69,148,241,8,65,168,241,17,68,156,173,2,23,148,173,4,36,133,223,1,4,218,223,2,44,177,Region V,Albay,Polangui,Ponso National High School,860,827,0.6807738814993954,0.27569528415961314,0.043530834340991545,0,0,563,228,36,0,0,201,91,107,3,0,0,240,229,11,0,0,0,176,37,106,33,0,0,210,206,4,0,0,0,Region V,Albay,Polangui,Ponso National High School,880,878,0.025056947608200455,0.38382687927107073,0.5785876993166286,0.012528473804100226,0,22,337,508,11,0,231,21,10,200,0,0,237,0,124,113,0,0,174,0,161,13,0,0,236,1,42,182,11,0
301963,880,0,5,3,16,503,50316,880,0,2,1,88,86,71,84,104,94,112,78,0,0,375,342,717,0.011399999999999999,0,0.042300000000000004,0.011899999999999999,0.07690000000000001,0.021300000000000003,0.0446,0.0385,0,0,0.0453,0.0175,0.032100000000000004,20,35.9,700,1,29,24.479999999999997,81,8.851851852000001,35,20.49,3,5,4,8,58,5,9,6,98,12,1,0,0,Region V,Camarines Sur,Lagonoy South,Dahat National Vocational High School,741,741,219,6,5,33,2,71,95,7,219,10,11,59,25,38,39,37,218,9,0,26,75,6,49,53,218,1,0,0,23,7,59,128,156,32,78,7,3,36,0,0,156,1,76,43,0,36,0,0,148,34,0,97,0,10,7,0,148,26,2,13,12,13,59,23,Region V,Camarines Sur,Lagonoy South,Dahat National Vocational High School,729,729,37,211,481,58,248,423,215,21,99,95,215,20,110,85,219,2,23,194,219,1,35,183,153,9,74,70,153,29,60,64,142,5,15,122,142,8,43,91,Region V,Camarines Sur,Lagonoy,Dahat National Vocational High School,755,743,0.7860026917900401,0.2126514131897712,0.001345895020188425,0,0,584,158,1,0,0,220,144,75,1,0,0,218,208,10,0,0,0,157,102,55,0,0,0,148,130,18,0,0,0,Region V,Camarines Sur,Lagonoy,Dahat National Vocational High School,802,790,0.32405063291139236,0.6278481012658228,0.04303797468354431,0.005063291139240506,0,256,496,34,4,0,223,79,139,5,0,0,262,134,96,28,4,0,157,41,116,0,0,0,148,2,145,1,0,0
340567,2382,1,15,5,1,1505,150501,2382,0,2,1,117,102,130,120,94,93,130,104,0,0,471,419,890,0,0.0098,0.015399999999999999,0,0.021300000000000003,0,0,0,0,0,0.0085,0.0024000000000000002,0.0056,15,57.94,555,2,30,29.8,162,5.49382716,28,31.79,-999,-999,-999,-999,-999,-999,-999,-999,-999,-999,0,0,1,NCR,Malabon City,Malabon District II,Imelda Integrated Secondary School,936,934,267,28,47,59,73,17,23,20,267,0,11,12,11,125,96,12,235,8,29,71,31,6,32,58,235,28,57,40,28,16,29,37,205,37,3,38,48,9,20,50,205,11,7,26,84,6,22,49,227,43,32,56,84,1,3,8,229,2,20,65,78,10,20,34,NCR,Malabon City,Malabon District II,Imelda Integrated Secondary School,876,863,83,174,606,81,180,602,246,31,51,164,246,36,68,142,237,35,74,128,237,14,46,177,188,16,33,139,188,16,44,128,192,1,16,175,192,15,22,155,NCR,Malabon City,City of Malabon,Imelda Integrated Secondary School,914,777,0.9742599742599742,0.02445302445302445,0.001287001287001287,0,0,757,19,1,0,0,187,167,19,1,0,0,232,232,0,0,0,0,169,169,0,0,0,0,189,189,0,0,0,0,NCR,Malabon City,City of Malabon,Imelda Integrated Secondary School,938,706,0.896600566572238,0.09773371104815866,0.00424929178470255,0.00141643059490085,0,633,69,3,1,0,201,189,12,0,0,0,187,176,11,0,0,0,158,147,11,0,0,0,160,121,35,3,1,0
320606,2395,1,15,15,2,1515,151502,2395,0,2,3,140,130,145,148,193,182,228,226,0,0,706,686,1392,0,0,0,0,0,0.0055,0,0,0,0,0,0.0015,7e-4,21,66,832,2,38,36.67,168,8.285714286000001,76,18.32,-999,-999,-999,-999,-999,-999,-999,-999,-999,-999,0,0,1,NCR,Taguig City and Pateros,Taguig District II,President Diosdado Macapagal HS - Signal VNHS Annex,1432,1432,315,12,3,17,180,2,6,95,315,8,29,83,43,62,59,31,423,41,2,13,105,3,31,228,423,3,48,70,45,71,93,93,333,77,2,12,49,1,10,182,333,8,75,81,29,73,47,20,361,108,2,8,13,2,19,209,361,5,79,29,30,131,71,16,NCR,Taguig City and Pateros,Taguig District II,President Diosdado Macapagal HS - Signal VNHS Annex,1432,1408,3,59,1108,254,579,575,303,1,19,283,307,63,158,86,378,1,17,360,420,52,113,255,256,1,14,241,325,53,138,134,233,0,9,224,356,86,170,100,NCR,Taguig City and Pateros,City of Taguig,President Diosdado Macapagal HS - Signal VNHS Annex,1394,1394,0.32639885222381637,0.6657101865136297,0.0078909612625538,0,0,455,928,11,0,0,308,168,135,5,0,0,410,113,291,6,0,0,329,89,240,0,0,0,347,85,262,0,0,0,NCR,Taguig City and Pateros,City of Taguig,President Diosdado Macapagal HS - Signal VNHS Annex,1332,1325,0.019622641509433957,0.24000000000000002,0.651320754716981,0.08905660377358492,0,26,318,863,118,0,304,14,81,182,27,0,401,5,79,286,31,0,308,6,87,188,27,0,312,1,71,207,33,0
320202,2429,1,15,11,1,1511,151101,2429,0,4,1,78,57,70,59,113,90,113,95,0,0,374,301,675,0,0,0,0,0,0,0,0,0,0,0,0,0,16,42.190000000000005,320,2,15,45,753,0.8964143429999999,54,12.5,-999,-999,-999,-999,-999,-999,-999,-999,-999,-999,0,0,1,NCR,Paranaque City,Paranaque City District I,Baclaran National High School,586,540,148,7,0,0,45,96,0,0,161,0,20,10,4,36,50,41,152,0,0,0,81,71,0,0,163,2,10,7,24,30,50,40,114,8,0,0,54,52,0,0,116,12,14,16,23,17,18,16,126,20,0,0,87,19,0,0,132,0,5,11,15,19,34,48,NCR,Paranaque City,Paranaque City District I,Baclaran National High School,618,539,32,157,350,209,247,83,150,15,45,90,150,80,67,3,138,0,28,110,138,55,56,27,130,15,49,66,130,31,70,29,121,2,35,84,121,43,54,24,NCR,Paranaque City,City of Parañaque,Baclaran National High School,603,603,0.9834162520729683,0.016583747927031513,0,0,0,593,10,0,0,0,161,154,7,0,0,0,168,166,2,0,0,0,141,141,0,0,0,0,133,132,1,0,0,0,NCR,Paranaque City,City of Parañaque,Baclaran National High School,600,535,0.19065420560747667,0.4317757009345795,0.28224299065420566,0.08598130841121497,0.009345794392523362,102,231,151,46,5,135,7,47,53,24,4,162,47,19,77,18,1,107,38,63,5,1,0,131,10,102,16,3,0
305310,2313,1,15,7,3,1507,150703,2313,1,2,1,123,107,91,93,97,112,162,158,0,0,473,470,943,0,0,0.011,0.0108,0,0,0,0,0,0,0.0021,0.0021,0.0021,36,26.36,-999,1,32,29.74,757,1.2457067369999997,66,14.29,-999,-999,-999,-999,-999,-999,-999,-999,-999,-999,0,0,1,NCR,Manila,Sta. Ana I,Carlos P. Garcia High School,1300,1213,304,66,37,47,32,41,43,38,304,48,49,44,31,43,50,39,319,231,24,18,12,17,11,6,319,209,41,14,9,11,27,8,299,264,23,3,9,0,0,0,299,221,19,23,8,9,8,11,291,237,31,12,8,2,0,1,291,213,38,16,7,0,2,15,NCR,Manila,Sta. Ana I,Carlos P. Garcia High School,1212,466,22,153,240,31,198,226,238,9,62,167,231,11,71,149,88,3,45,40,84,6,41,37,35,7,17,11,62,10,43,9,54,3,29,22,78,4,43,31,NCR,Manila,Paco,Carlos P. Garcia High School,1304,1155,0.9515151515151515,0.04675324675324676,0.0017316017316017318,0,0,1099,54,2,0,0,312,273,37,2,0,0,286,275,11,0,0,0,300,300,0,0,0,0,257,251,6,0,0,0,NCR,Manila,Paco,Carlos P. Garcia High School,1287,1268,0.9235015772870663,0.06861198738170347,0.007886435331230285,0,0,1171,87,10,0,0,301,210,82,9,0,0,373,367,5,1,0,0,284,284,0,0,0,0,310,310,0,0,0,0
305418,2427,1,15,13,1,1513,151301,2427,0,4,1,511,454,566,541,656,617,639,631,0,0,2372,2243,4615,0.0039,0,0.0035,0.0018,0.0046,0.0081,0.0031,0.0032,0,0,0.0038,0.0036,0.0037,81,56.98,-999,2,126,36.63,2399,1.9237182159999997,189,24.419999999999998,-999,-999,-999,-999,-999,-999,-999,-999,-999,-999,0,0,1,NCR,Pasig City,Pasig City District II,Manggahan High School,4567,4464,1271,129,128,180,263,304,205,62,1277,19,109,134,354,383,167,111,1185,195,135,499,135,93,87,41,908,7,232,138,40,141,256,94,935,396,66,242,124,32,72,3,966,77,192,149,163,288,75,22,1073,519,58,188,266,19,19,4,861,123,374,133,22,159,47,3,NCR,Pasig City,Pasig City District II,Manggahan High School,4445,3746,626,1155,1429,1031,1502,1213,1140,313,340,487,1189,321,446,422,985,146,409,430,1053,108,416,529,535,36,173,326,818,309,385,124,550,131,233,186,686,293,255,138,NCR,Pasig City,City of Pasig,Manggahan High School,4578,4569,0.8807178813744801,0.1059312759903699,0.010505581089954037,0.0017509301816590063,0.0010943313635368792,4024,484,48,8,5,1281,1043,189,38,6,5,1215,1160,53,2,0,0,972,879,88,4,1,0,1101,942,154,4,1,0,NCR,Pasig City,City of Pasig,Manggahan High School,4517,4406,0.6647753064003631,0.22423967317294602,0.11053109396277802,4.5392646391284613e-4,0,2929,988,487,2,0,1237,950,250,35,2,0,1101,598,296,207,0,0,960,619,259,82,0,0,1108,762,183,163,0,0
500565,2280,1,15,15,2,1515,151502,2280,0,3,1,387,352,484,440,515,433,424,411,0,0,1810,1636,3446,0,0,0,0,0,0,0,0,0,0,0,0,0,52,66.27,-999,3,54,63.809999999999995,52,66.26923077000001,137,25.150000000000002,-999,-999,-999,-999,-999,-999,-999,-999,-999,-999,0,0,1,NCR,Taguig City and Pateros,Taguig District I,Taguig Integrated School,3436,3436,947,36,178,173,128,270,135,27,947,10,103,125,136,356,167,50,879,241,97,252,110,103,61,15,879,29,129,157,57,290,106,111,709,175,208,75,78,70,99,4,709,17,218,125,40,227,77,5,901,447,351,75,4,22,2,0,901,189,36,207,141,82,176,70,NCR,Taguig City and Pateros,Taguig District I,Taguig Integrated School,3396,3078,75,598,1962,158,1654,1256,886,64,258,564,876,52,477,347,638,6,154,478,834,40,436,358,650,0,113,537,673,22,368,283,461,5,73,383,685,44,373,268,NCR,Taguig City and Pateros,City of Taguig,Taguig Integrated School,3285,3171,0.40838852097130246,0.1879533270261747,0.38536739198990866,0.01829076001261432,0,1295,596,1222,58,0,856,659,166,31,0,0,780,101,175,459,45,0,689,79,125,479,6,0,846,456,130,253,7,0,NCR,Taguig City and Pateros,City of Taguig,Taguig Integrated School,3317,3157,0.16312955337345578,0.21000950269242957,0.4833702882483371,0.13715552739942985,0.006335128286347798,515,663,1526,433,20,844,307,383,127,25,2,778,8,31,511,225,3,689,6,70,511,98,4,846,194,179,377,85,11
301258,2606,1,4,13,8,413,41308,2606,1,2,1,212,184,224,216,250,208,214,222,0,0,900,830,1730,0,0,0,0,0,0,0,0,0,0,0,0,0,29,59.1,-999,1,30,57.94,281,6.156583629999999,68,25.439999999999998,-999,-999,-999,-999,-999,-999,-999,-999,-999,-999,0,0,1,Region IV-A,Laguna,Nagcarlan-Rizal,Plaridel Integrated High School,1950,1950,548,129,5,34,219,14,45,102,548,23,88,79,125,96,49,88,552,312,39,79,68,12,16,26,552,2,71,63,38,200,71,107,382,294,50,17,4,8,7,2,382,8,145,54,33,52,24,66,468,343,6,33,67,4,2,13,468,16,201,127,25,62,21,16,Region IV-A,Laguna,Nagcarlan-Rizal,Plaridel Integrated High School,1924,1868,43,132,664,563,1130,175,407,29,63,315,513,167,323,23,226,9,57,160,536,271,244,21,81,2,7,72,367,77,249,41,125,3,5,117,452,48,314,90,Region IV-A,Laguna,Nagcarlan,Plaridel Integrated High School,1963,1960,0.8377551020408166,0.15255102040816326,0.009183673469387754,5.102040816326531e-4,0,1642,299,18,1,0,546,390,144,12,0,0,555,446,103,5,1,0,387,371,16,0,0,0,472,435,36,1,0,0,Region IV-A,Laguna,Nagcarlan,Plaridel Integrated High School,1924,1917,0.559207094418362,0.3479394887845592,0.08137715179968699,0.0099113197704747,0.0015649452269170582,1072,667,156,19,3,536,151,273,94,16,2,539,250,230,56,3,0,375,297,78,0,0,0,467,374,86,6,0,1
301214,2654,1,4,11,1,411,41101,2654,1,2,1,323,316,350,353,467,380,461,379,5,6,1606,1434,3040,0.0031,0,0.0029,0.0057,0.0021,0.0026,0,0.0026,0,0,0.0019,0.0028,0.0023,21,147.03,-999,3,29,104,112,27.142857140000004,78,38.97,-999,-999,-999,-999,-999,-999,-999,-999,-999,-999,0,0,1,Region IV-A,General Trias City,General Trias II,Santiago Integrated National High School,2651,2438,614,226,45,98,171,14,33,27,646,6,4,71,100,145,181,139,585,258,11,86,116,13,64,37,585,82,136,192,55,54,57,9,587,229,0,59,139,19,64,77,601,69,27,74,46,185,118,82,652,420,4,55,110,3,33,27,594,31,95,106,33,217,98,14,Region IV-A,General Trias City,General Trias II,Santiago Integrated National High School,2680,2506,12,139,2321,230,906,1102,606,9,59,538,640,102,180,358,583,0,27,556,503,56,178,269,586,2,29,555,532,38,236,258,697,1,24,672,563,34,312,217,Region IV-A,General Trias City,City of General Trias,Santiago Integrated National High School,2642,2642,0.03633610900832704,0.8716881150643453,0.06283118849356548,0.021574564723694175,0.0075700227100681285,96,2303,166,57,20,645,33,563,46,3,0,628,35,521,72,0,0,654,8,528,44,54,20,715,20,691,4,0,0,Region IV-A,General Trias City,City of General Trias,Santiago Integrated National High School,2642,2642,0.11809235427706283,0.3660105980317941,0.35806207418622255,0.12982588947766843,0.028009084027252086,312,967,946,343,74,645,128,322,168,27,0,628,181,353,90,4,0,654,2,216,258,145,33,715,1,76,430,167,41
301497,2635,1,4,14,1,414,41401,2635,0,2,1,159,165,176,171,179,181,195,197,0,0,709,714,1423,0.0126,0.0061,0,0.0058000000000000005,0,0.0055,0,0.0102,0,0,0.0028,0.007,0.0049,28,51.64,-999,1,52,27.22,1483,0.9595414700000001,46,30.93,-999,-999,-999,-999,-999,-999,-999,-999,-999,-999,0,0,1,Region IV-A,Lipa City,Lipa City West District,Pinagtongulan Integrated National High School,1514,1480,444,1,41,70,55,96,135,46,444,4,29,88,28,106,142,47,370,30,46,108,55,61,63,7,375,3,17,67,15,100,126,47,318,35,8,164,41,16,34,20,328,38,18,72,44,42,83,31,348,109,4,85,128,6,9,7,357,10,6,54,62,42,116,67,Region IV-A,Lipa City,Lipa City West District,Pinagtongulan Integrated National High School,1452,1348,353,354,390,49,686,613,370,52,117,201,372,19,167,186,316,139,92,85,356,6,194,156,215,99,72,44,287,16,130,141,196,63,73,60,333,8,195,130,Region IV-A,Lipa City,City of Lipa,Pinagtongulan Integrated National High School,1508,1506,0.8333333333333335,0.14741035856573712,0.01859229747675963,6.640106241699866e-4,0,1255,222,28,1,0,445,291,127,26,1,0,377,319,57,1,0,0,328,317,11,0,0,0,356,328,27,1,0,0,Region IV-A,Lipa City,City of Lipa,Pinagtongulan Integrated National High School,1444,1443,0.7124047124047125,0.25848925848925847,0.0200970200970201,0.008316008316008318,6.930006930006929e-4,1028,373,29,12,1,424,290,109,22,3,0,356,312,40,2,2,0,319,235,81,2,1,0,344,191,143,3,6,1
305411,2387,1,15,15,2,1515,151502,2387,1,2,2,509,479,605,590,699,660,693,670,41,28,2547,2427,4974,0.0314,0.0063,0.0231,0.0153,0.0472,0.0106,0.0202,0.0075,0,0,0.030199999999999998,0.009899999999999999,0.020300000000000002,94,53.14,790,6,178,27.939999999999998,204,24.382352939999997,361,13.78,-999,-999,-999,-999,-999,-999,-999,-999,-999,-999,0,0,1,NCR,Taguig City and Pateros,Makati City District II,Fort Bonifacio HS,3378,3378,694,17,55,113,173,172,116,48,693,275,73,90,25,70,125,35,810,107,91,215,239,53,56,49,810,346,87,64,61,43,138,71,844,311,227,169,61,44,25,7,844,312,60,128,41,88,146,69,1030,500,30,113,338,43,4,2,1030,518,35,144,78,45,165,45,NCR,Taguig City and Pateros,Makati City District II,Fort Bonifacio HS,3307,3307,650,1024,1633,763,935,1609,670,257,323,90,670,335,250,85,782,86,283,413,782,90,282,410,814,233,160,421,814,255,150,409,1041,74,258,709,1041,83,253,705,NCR,Taguig City and Pateros,City of Taguig,Fort Bonifacio HS,3325,3257,0.8225360761436906,0.16763893153208476,0.007368744243168559,0.00184218606079214,6.140620202640465e-4,2679,546,24,6,2,656,439,194,17,5,1,777,686,87,3,1,0,840,766,73,1,0,0,984,788,192,3,0,1,NCR,Taguig City and Pateros,City of Taguig,Fort Bonifacio HS,3158,2995,0.5512520868113522,0.36293823038397327,0.07045075125208683,0.010016694490818032,0.005342237061769616,1651,1087,211,30,16,595,160,323,98,9,5,666,351,188,109,16,2,755,486,268,0,0,1,979,654,308,4,5,8
305420,2355,1,15,13,1,1513,151301,2355,1,2,1,622,568,685,647,787,713,784,759,0,0,2878,2687,5565,0.0096,0.0035,0.0073,0.0077,0.0089,0.0098,0.0077,0.0053,0,0,0.0083,0.0067,0.0075,89,62.190000000000005,-999,1,114,48.8,439,12.676537590000002,184,30.24,-999,-999,-999,-999,-999,-999,-999,-999,-999,-999,0,0,1,NCR,Pasig City,Pasig City District I,Sta. Lucia High School,5211,5175,1392,14,87,397,100,485,207,102,1407,5,66,139,233,257,269,438,1395,189,56,260,442,86,117,245,1398,5,264,163,50,691,218,7,1118,449,154,266,132,37,47,33,1126,63,336,232,54,328,106,7,1270,424,423,267,89,42,23,2,1270,75,451,204,32,396,85,27,NCR,Pasig City,Pasig City District I,Sta. Lucia High School,5069,4817,870,1963,1078,469,2866,1482,1338,442,755,141,1356,166,569,621,1184,160,396,628,1345,70,870,405,569,149,363,57,974,128,659,187,820,119,449,252,1142,105,768,269,NCR,Pasig City,City of Pasig,Sta. Lucia High School,5200,5195,0.8506256015399425,0.14225216554379214,0.006929740134744947,1.92492781520693e-4,0,4419,739,36,1,0,1406,979,399,27,1,0,1398,1259,135,4,0,0,1131,1087,43,1,0,0,1260,1094,162,4,0,0,NCR,Pasig City,City of Pasig,Sta. Lucia High School,5107,5028,0.2541766109785203,0.3414876690533015,0.16825775656324585,0.09327764518695307,0.1428003182179793,1278,1717,846,469,718,1351,153,249,263,165,521,1385,317,495,374,155,44,1092,439,459,93,73,28,1200,369,514,116,76,125
301231,2604,0,4,13,2,413,41302,2604,0,2,1,87,72,102,90,105,107,92,100,0,0,386,369,755,0.0115,0,0.0196,0,0.0095,0.0093,0,0.02,0,0,0.0104,0.0081,0.0093,11,71.14999999999999,346,2,33,23.130000000000003,245,3.0816326529999998,37,20.41,-999,-999,-999,-999,-999,-999,-999,-999,-999,-999,0,0,1,Region IV-A,Laguna,Bay,Bitin Integrated National High School,824,824,236,183,0,29,0,0,24,0,236,117,23,45,25,10,16,0,238,184,0,12,0,0,42,0,238,134,21,24,30,10,19,0,161,93,0,36,0,0,32,0,161,120,10,14,12,3,2,0,189,158,0,19,0,0,12,0,189,128,16,20,15,3,7,0,Region IV-A,Laguna,Bay,Bitin Integrated National High School,798,798,11,249,538,12,297,489,225,5,82,138,225,5,103,117,233,4,77,152,233,5,94,134,157,1,44,112,157,1,46,110,183,1,46,136,183,1,54,128,Region IV-A,Laguna,Bay,Bitin Integrated National High School,829,829,0.9252110977080822,0.074788902291918,0,0,0,767,62,0,0,0,235,218,17,0,0,0,238,238,0,0,0,0,166,129,37,0,0,0,190,182,8,0,0,0,Region IV-A,Laguna,Bay,Bitin Integrated National High School,799,799,0.21276595744680854,0.411764705882353,0.29912390488110135,0.05632040050062579,0.020025031289111386,170,329,239,45,16,225,0,60,149,16,0,234,105,89,37,3,0,157,37,84,21,12,3,183,28,96,32,14,13
301188,2699,0,4,2,1,402,40201,2699,1,4,1,376,327,351,339,368,332,341,331,0,0,1436,1329,2765,0.053200000000000004,0.0275,0.0427,0.050100000000000006,0.0489,0.0301,0.0587,0.042300000000000004,0,0,0.050800000000000005,0.0376,0.0445,30,92.16999999999999,-999,2,50,55.3,2633,1.0501329280000002,182,15.19,-999,-999,-999,-999,-999,-999,-999,-999,-999,-999,0,0,1,Region IV-A,Bacoor City,Bacoor II,Eastern Bacoor National High School,2660,2660,714,29,87,176,54,92,201,75,714,8,58,118,105,89,201,135,683,275,13,183,121,2,25,64,683,85,29,101,94,26,183,165,616,258,9,163,143,0,23,20,606,117,18,146,142,8,97,78,647,255,4,227,156,0,2,3,647,214,10,182,238,0,0,3,Region IV-A,Bacoor City,Bacoor II,Eastern Bacoor National High School,2366,2366,0,237,2129,194,1473,699,631,0,165,466,631,77,356,198,603,0,58,545,603,6,326,271,556,0,1,555,556,80,364,112,576,0,13,563,576,31,427,118,Region IV-A,Bacoor City,City of Bacoor,Eastern Bacoor National High School,2284,2210,0.9651583710407239,0.033484162895927594,0.0013574660633484162,0,0,2133,74,3,0,0,454,420,32,2,0,0,488,458,30,0,0,0,615,615,0,0,0,0,653,640,12,1,0,0,Region IV-A,Bacoor City,City of Bacoor,Eastern Bacoor National High School,2643,2529,0.8343218663503362,0.1601423487544484,0.0051403716884143935,0,3.9541320680110717e-4,2110,405,13,0,1,691,522,157,11,0,1,641,561,78,2,0,0,610,570,40,0,0,0,587,457,130,0,0,0
307913,2673,0,4,13,9,413,41309,2673,1,4,2,133,119,134,158,175,155,161,170,3,2,606,604,1210,0.015,0.0168,0.0299,0,0.011399999999999999,0.0129,0.043500000000000004,0,0,0,0.0248,0.0066,0.0157,19,63.68,800,2,12,100.83,83,14.578313249999999,59,20.51,-999,-999,-999,-999,-999,-999,-999,-999,-999,-999,0,0,1,Region IV-A,Laguna,Paete,Poten & Eliseo M. Quesada Memo. NHS,1235,1235,351,320,21,5,0,5,0,0,351,292,25,5,1,28,0,0,342,313,4,5,0,1,19,0,342,298,12,24,0,8,0,0,249,219,20,7,0,3,0,0,249,233,7,0,0,9,0,0,293,270,19,3,0,1,0,0,293,274,3,9,0,3,4,0,Region IV-A,Laguna,Paete,Poten & Eliseo M. Quesada Memo. NHS,1173,1173,4,2,1167,6,0,1167,334,4,0,330,334,4,0,330,329,0,2,327,329,2,0,327,238,0,0,238,238,0,0,238,272,0,0,272,272,0,0,272,Region IV-A,Laguna,Paete,Poten & Eliseo M. Quesada Memo. NHS,1212,1212,0.7037953795379537,0.28712871287128716,0.009075907590759075,0,0,853,348,11,0,0,349,241,103,5,0,0,333,240,87,6,0,0,245,147,98,0,0,0,285,225,60,0,0,0,Region IV-A,Laguna,Paete,Poten & Eliseo M. Quesada Memo. NHS,1169,1168,0.11729452054794522,0.714041095890411,0.13869863013698633,0.026541095890410957,0.0034246575342465756,137,834,162,31,4,334,125,137,67,5,0,325,9,292,24,0,0,237,3,135,70,25,4,272,0,270,1,1,0
500566,2292,0,15,7,10,1507,150710,2292,0,1,1,442,381,461,411,432,451,436,396,0,0,1771,1639,3410,0.0339,0.0157,0.0108,0.0049,0.0301,0.0177,0.039,0.058100000000000006,0,0,0.0282,0.023799999999999998,0.0261,70,48.6,-999,2,104,32.91,1419,2.4031007750000004,177,19.27,-999,-999,-999,-999,-999,-999,-999,-999,-999,-999,0,0,1,NCR,Manila,Tondo VI,T. Paez Integrated School,2811,2620,672,94,25,143,152,17,142,99,713,172,109,149,30,139,106,8,689,162,25,156,148,41,85,72,709,1,32,63,52,178,223,160,657,181,9,95,107,23,112,130,660,31,0,0,403,8,0,218,602,191,8,79,163,10,57,94,635,23,58,58,88,258,87,63,NCR,Manila,Tondo VI,T. Paez Integrated School,2980,2980,301,1569,1110,437,1231,895,782,92,370,320,700,143,273,284,719,92,298,329,584,229,243,112,687,61,415,211,628,40,375,213,792,56,486,250,651,25,340,286,NCR,Manila,Tondo I/II,T. Paez Integrated School,2999,3000,0.979,0.020333333333333332,6.666666666666664e-4,0,0,2937,61,2,0,0,789,742,45,2,0,0,733,724,9,0,0,0,701,697,4,0,0,0,777,774,3,0,0,0,NCR,Manila,Tondo I/II,T. Paez Integrated School,2840,2619,0.715922107674685,0.23940435280641476,0.02405498281786942,0.01374570446735395,0.0068728522336769775,1875,627,63,36,18,684,438,176,49,20,1,602,523,77,2,0,0,680,442,202,7,13,16,653,472,172,5,3,1
305453,2295,0,15,10,1,1510,151001,2295,1,2,1,438,398,343,411,461,429,464,471,0,0,1706,1709,3415,0,0,0,0,0,0,0,0,0,0,0,0,0,23,151.14,-999,3,19,176.33,302,11.30794702,154,22.18,-999,-999,-999,-999,-999,-999,-999,-999,-999,-999,0,0,1,NCR,Navotas,Navotas District I,Navotas National High School,3304,3304,891,402,161,120,101,37,30,40,891,656,24,147,9,36,19,0,1002,357,125,245,70,125,60,20,1002,227,123,493,76,7,76,0,710,268,66,287,38,20,14,17,710,166,87,386,9,33,29,0,701,230,100,205,110,30,10,16,701,540,10,111,0,12,28,0,NCR,Navotas,Navotas District I,Navotas National High School,3413,2388,0,446,1710,0,479,1345,523,0,201,322,269,0,182,87,659,0,139,520,789,0,142,647,504,0,97,407,606,0,150,456,470,0,9,461,160,0,5,155,NCR,Navotas,City of Navotas,Navotas National High School,3478,3273,0.9165902841429879,0.0821875954781546,0.0012221203788573178,0,0,3000,269,4,0,0,833,699,130,4,0,0,1039,992,47,0,0,0,769,752,17,0,0,0,632,557,75,0,0,0,NCR,Navotas,City of Navotas,Navotas National High School,3357,3357,0,0,0.5311289842120941,0.26273458445040215,0.20613643133750376,0,0,1783,882,692,892,0,0,478,243,171,1025,0,0,564,260,201,803,0,0,399,221,183,637,0,0,342,158,137
305311,2301,0,15,7,2,1507,150702,2301,1,2,1,130,137,174,160,183,192,180,209,0,0,667,698,1365,0,0,0.0057,0.0063,0,0,0.0056,0,0,0,0.003,0.0014,0.0022,32,42.82,-999,1,15,92.78,829,1.6465621230000003,83,16.45,-999,-999,-999,-999,-999,-999,-999,-999,-999,-999,0,0,1,NCR,Manila,Tondo I,Manila High School,1252,1212,289,120,25,27,21,23,37,36,288,1,6,27,19,138,56,41,284,59,23,25,36,70,35,36,293,0,19,10,3,210,39,12,295,94,53,31,43,34,18,22,266,4,43,44,7,137,27,4,344,175,40,53,52,7,14,3,325,3,60,48,4,129,78,3,NCR,Manila,Tondo I,Manila High School,1171,1141,34,225,436,276,614,251,169,9,87,73,270,70,114,86,207,14,83,110,282,52,150,80,187,11,35,141,278,153,98,27,132,0,20,112,311,1,252,58,NCR,Manila,Intramuros,Manila High School,1228,1154,0.98526863084922,0.014731369150779897,0,0,0,1137,17,0,0,0,289,276,13,0,0,0,285,284,1,0,0,0,277,275,2,0,0,0,303,302,1,0,0,0,NCR,Manila,Intramuros,Manila High School,1230,1154,0.4064124783362219,0.31022530329289433,0.283362218370884,0,0,469,358,327,0,0,289,132,95,62,0,0,285,117,77,91,0,0,277,107,89,81,0,0,303,113,97,93,0,0
301425,2642,0,4,1,1,401,40101,2642,1,2,1,414,418,455,417,525,512,549,453,0,0,1943,1800,3743,0.0048000000000000004,0.0024000000000000002,0.0022,0.0024000000000000002,0.0057,0.0059,0.0036,0,0,0,0.0041,0.0028,0.0035,48,78.26,-999,2,71,52.78,38,98.5,148,25.29,-999,-999,-999,-999,-999,-999,-999,-999,-999,-999,0,0,1,Region IV-A,Antipolo City,District II-B,San Roque National High School,3718,3635,1027,81,40,265,213,80,267,81,1052,10,264,124,132,274,142,106,1019,558,0,80,237,7,64,73,1034,11,91,307,73,117,319,116,808,273,1,250,236,1,32,15,804,40,327,218,49,149,20,1,781,585,2,187,0,0,7,0,813,8,226,131,48,237,135,28,Region IV-A,Antipolo City,District II-B,San Roque National High School,3653,3562,40,1064,857,1213,1697,652,935,14,637,284,1000,572,282,146,419,19,178,222,1016,369,439,208,379,3,141,235,725,173,437,115,228,4,108,116,821,99,539,183,Region IV-A,Antipolo City,City of Antipolo,San Roque National High School,3754,3754,0.9429941395844433,0.05647309536494406,5.327650506126798e-4,0,0,3540,212,2,0,0,1057,948,108,1,0,0,1041,985,55,1,0,0,809,803,6,0,0,0,847,804,43,0,0,0,Region IV-A,Antipolo City,City of Antipolo,San Roque National High School,3652,3652,0.4945235487404162,0.3754107338444689,0.1021358159912377,0.024370208105147867,0.0035596933187294635,1806,1371,373,89,13,1032,424,379,194,35,0,1020,605,284,104,25,2,774,404,264,66,29,11,826,373,444,9,0,0
301202,2600,0,4,8,12,408,40812,2600,1,2,1,149,151,173,169,179,161,172,198,0,0,673,679,1352,0.047,0.026500000000000003,0.0231,0.0178,0.0168,0.0124,0.017400000000000002,0.0101,0,0,0.025300000000000003,0.0162,0.0207,16,83.73,944,1,25,54.18,89,15.191011239999998,34,39.760000000000005,-999,-999,-999,-999,-999,-999,-999,-999,-999,-999,0,0,1,Region IV-A,Cavite,Silang I,Lumil Integrated National High School,1428,1428,432,0,4,31,11,157,180,49,432,2,10,24,75,172,101,48,377,37,87,133,27,59,20,14,377,0,0,25,93,90,88,81,297,54,10,38,20,48,104,23,297,11,73,109,0,31,68,5,322,34,25,125,45,31,35,27,322,1,79,35,5,55,74,73,Region IV-A,Cavite,Silang I,Lumil Integrated National High School,1388,1388,106,711,571,97,838,453,415,68,236,111,415,55,310,50,370,37,169,164,370,41,184,145,280,1,144,135,280,1,182,97,323,0,162,161,323,0,162,161,Region IV-A,Cavite,Silang,Lumil Integrated National High School,1424,1424,0.8033707865168539,0.17907303370786523,0.017556179775280897,0,0,1144,255,25,0,0,431,374,57,0,0,0,374,303,66,5,0,0,299,235,57,7,0,0,320,232,75,13,0,0,Region IV-A,Cavite,Silang,Lumil Integrated National High School,1389,1389,0.23830093592512602,0.37365010799136067,0.27357811375089996,0.08855291576673864,0.025917926565874737,331,519,380,123,36,416,74,224,117,1,0,374,145,120,68,34,7,285,18,56,123,63,25,314,94,119,72,25,4
305412,2388,0,15,15,2,1515,151502,2388,1,2,1,600,554,569,554,722,688,709,711,0,0,2600,2507,5107,0.03,0.0144,0.022799999999999997,0.0144,0.037399999999999996,0.016,0.009899999999999999,0.007,0,0,0.025,0.0128,0.019,88,58.21,-999,2,209,24.419999999999998,1627,3.138905962,245,20.84,-999,-999,-999,-999,-999,-999,-999,-999,-999,-999,0,0,1,NCR,Taguig City and Pateros,Makati City District II,"Benigno ""Ninoy"" S. Aquino HS",4272,4272,1188,228,145,208,304,98,107,98,1188,62,109,313,311,120,123,150,1160,632,74,171,206,20,22,35,1160,74,67,334,216,54,139,276,991,485,101,123,252,12,8,10,991,104,57,227,431,100,58,14,933,650,37,100,129,5,6,6,933,41,56,317,295,39,110,75,NCR,Taguig City and Pateros,Makati City District II,"Benigno ""Ninoy"" S. Aquino HS",4272,4183,368,1361,2434,457,1721,1968,1165,205,547,413,1128,165,382,581,1145,77,282,786,1157,183,584,390,938,79,411,448,941,90,448,403,915,7,121,787,920,19,307,594,NCR,Taguig City and Pateros,City of Taguig,"Benigno ""Ninoy"" S. Aquino HS",4186,4134,0.8638122883405903,0.13304305757135948,0.0031446540880503146,0,0,3571,550,13,0,0,1138,874,255,9,0,0,1047,887,156,4,0,0,1016,964,52,0,0,0,933,846,87,0,0,0,NCR,Taguig City and Pateros,City of Taguig,"Benigno ""Ninoy"" S. Aquino HS",4090,4014,0.5044843049327352,0.40408570004982575,0.07772795216741406,0.013452914798206279,2.491280518186347e-4,2025,1622,312,54,1,1094,470,441,148,35,0,1081,461,466,136,17,1,908,614,290,4,0,0,931,480,425,24,2,0
308105,2575,0,4,17,3,417,41703,2575,1,4,1,402,352,416,370,472,414,435,386,2,3,1727,1525,3252,0.0124,0.0085,0.0072,0.0027,0.0064,0.0048000000000000004,0.0046,0.0104,0,0,0.0075,0.0066,0.0071,20,162.6,910,4,10,325.2,0,-999,103,31.57,-999,-999,-999,-999,-999,-999,-999,-999,-999,-999,0,0,1,Region IV-A,Rizal,Binangonan I,Mahabang Parang National High School,3345,3005,908,148,10,64,311,30,47,298,906,5,42,112,85,241,325,96,782,259,14,92,238,38,95,46,830,15,37,288,71,205,172,42,621,338,27,82,101,19,27,27,620,6,79,147,62,153,121,52,694,500,6,30,131,3,10,14,694,5,56,192,29,158,232,22,Region IV-A,Rizal,Binangonan I,Mahabang Parang National High School,2055,2055,15,4,2036,306,824,925,614,2,4,608,614,14,277,323,528,6,0,522,528,63,229,236,440,7,0,433,440,181,139,120,473,0,0,473,473,48,179,246,Region IV-A,Rizal,Binangonan,Mahabang Parang National High School,2694,3252,0.6030135301353012,0.3585485854858549,0.03136531365313653,0.007072570725707257,0,1961,1166,102,23,0,939,464,363,89,23,0,866,753,107,6,0,0,691,415,276,0,0,0,756,329,420,7,0,0,Region IV-A,Rizal,Binangonan,Mahabang Parang National High School,3273,3212,0.23163138231631386,0.47291407222914084,0.1668742216687422,0.0700498132004981,0.05853051058530512,744,1519,536,225,188,977,130,379,261,118,89,876,243,482,105,39,7,626,186,307,43,37,53,733,185,351,127,31,39
305341,2320,0,15,14,1,1514,151401,2320,0,2,1,711,679,935,915,909,994,1002,981,0,0,3557,3569,7126,0.0127,0.013300000000000001,0.020300000000000002,0.012,0.037399999999999996,0.0141,0.016,0.013300000000000001,0,0,0.021900000000000003,0.013200000000000002,0.0175,66,107.28,-999,3,89,79.63,6775,1.0518081179999998,311,22.91,-999,-999,-999,-999,-999,-999,-999,-999,-999,-999,0,0,1,NCR,Quezon City,School District VIII,San Bartolome HS,6036,5713,1353,382,10,183,150,9,164,455,1278,227,60,90,270,103,154,374,1392,1302,18,21,19,4,19,9,1319,85,93,270,120,313,220,218,1306,1175,0,35,34,0,27,35,862,58,204,249,62,216,67,6,1662,1486,24,49,23,32,29,19,1599,431,258,272,98,273,185,82,NCR,Quezon City,School District VIII,San Bartolome HS,5842,5348,93,1237,2035,1936,1351,1886,1379,11,740,628,1289,522,262,505,1392,7,225,1160,1307,664,386,257,229,35,78,116,1266,504,309,453,365,40,194,131,1311,246,394,671,NCR,Quezon City,Quezon City,San Bartolome HS,5990,5927,0.9001181035937237,0.08992745064956975,0.009617006917496201,3.374388392103931e-4,0,5335,533,57,2,0,1496,1263,187,45,1,0,1496,1345,140,11,0,0,1325,1220,103,1,1,0,1610,1507,103,0,0,0,NCR,Quezon City,Quezon City,San Bartolome HS,6027,5855,0.6310845431255336,0.29000853970964996,0.06353543979504696,0.01349274124679761,0.001878736122971819,3695,1698,372,79,11,1499,684,514,267,32,2,1454,1014,343,68,23,6,1278,919,336,11,11,1,1624,1078,505,26,13,2
319604,2338,0,15,12,1,1512,151201,2338,0,2,1,184,171,184,167,208,202,207,207,0,0,783,747,1530,0,0,0,0,0,0,0,0,0,0,0,0,0,20,78.42,415,4,40,38.41,153,10,66,23.18,-999,-999,-999,-999,-999,-999,-999,-999,-999,-999,0,0,1,NCR,Pasay City,Pasay City South District,"President Corazon ""Cory"" C. Aquino National High School",1366,1366,395,326,15,17,19,6,7,5,395,328,16,20,16,0,7,8,335,279,13,18,12,0,7,6,335,176,0,49,33,27,50,0,341,300,6,8,19,0,6,2,341,301,0,14,11,5,5,5,295,276,1,5,6,0,4,3,295,239,9,17,16,1,13,0,NCR,Pasay City,Pasay City South District,"President Corazon ""Cory"" C. Aquino National High School",1366,229,0,69,117,0,79,140,69,0,27,42,69,0,16,53,56,0,26,30,71,0,34,37,41,0,13,28,69,0,29,40,20,0,3,17,10,0,0,10,NCR,Pasay City,Pasay City,"President Corazon ""Cory"" C. Aquino National High School",1367,1341,0.9649515287099178,0.03504847129008202,0,0,0,1294,47,0,0,0,385,342,43,0,0,0,336,336,0,0,0,0,324,320,4,0,0,0,296,296,0,0,0,0,NCR,Pasay City,Pasay City,"President Corazon ""Cory"" C. Aquino National High School",1280,1270,0.007874015748031498,0.20551181102362204,0.45984251968503936,0.25905511811023624,0.06771653543307089,10,261,584,329,86,385,0,75,197,95,18,322,0,65,156,82,19,288,8,66,109,91,14,275,2,55,122,61,35
305568,2441,0,15,16,1,1516,151601,2441,0,4,1,155,154,181,181,165,181,194,193,0,0,695,709,1404,0,0,0,0,0,0,0,0,0,0,0,0,0,16,87.75,900,2,17,82.59,344,4.081395349,57,24.630000000000003,-999,-999,-999,-999,-999,-999,-999,-999,-999,-999,0,0,1,NCR,Valenzuela City,Valenzuela City Central District,Paso De Blas National High School,1611,1559,476,14,54,89,174,70,43,32,469,12,58,47,125,107,60,60,403,92,46,101,112,19,13,20,378,0,60,79,26,79,57,77,303,157,74,53,10,3,3,3,289,6,72,66,46,68,28,3,377,209,155,7,2,4,0,0,395,8,142,53,8,116,59,9,NCR,Valenzuela City,Valenzuela City Central District,Paso De Blas National High School,1584,1584,160,628,326,282,631,671,450,70,285,95,467,76,134,257,311,16,139,156,403,40,162,201,157,24,90,43,315,24,166,125,196,50,114,32,399,142,169,88,NCR,Valenzuela City,City of Valenzuela,Paso De Blas National High School,1622,1622,0.9630086313193588,0.03637484586929716,6.165228113440195e-4,0,0,1562,59,1,0,0,478,426,52,0,0,0,410,405,4,1,0,0,328,326,2,0,0,0,406,405,1,0,0,0,NCR,Valenzuela City,City of Valenzuela,Paso De Blas National High School,1592,1592,0.714824120603015,0.22424623115577894,0.05967336683417087,0.0012562814070351757,0,1138,357,95,2,0,470,202,209,58,1,0,405,262,107,35,1,0,317,307,10,0,0,0,400,367,31,2,0,0
305434,2437,0,15,3,1,1503,150301,2437,0,4,1,374,378,405,420,378,431,449,375,0,0,1606,1604,3210,0.053500000000000006,0.0476,0.029599999999999998,0.0286,0.0344,0.0232,0.0267,0.021300000000000003,0,0,0.0355,0.0299,0.0327,47,68.3,-999,1,53,60.57,197,16.294416239999997,379,8.47,-999,-999,-999,-999,-999,-999,-999,-999,-999,-999,0,0,1,NCR,Las Piñas City,Las Piñas City II,Las Piñas East National High School,3283,3154,950,5,40,157,167,78,354,149,967,313,55,142,164,29,119,145,776,226,30,91,123,21,122,163,837,465,8,49,75,15,48,177,678,342,13,146,32,12,113,20,690,298,21,67,67,31,103,103,750,249,62,246,26,22,135,10,789,240,35,144,137,7,94,132,NCR,Las Piñas City,Las Piñas City II,Las Piñas East National High School,3084,2284,37,770,1420,18,545,1205,895,19,405,471,606,7,235,364,522,11,186,325,295,5,90,200,323,5,78,240,362,6,64,292,487,2,101,384,505,0,156,349,NCR,Las Piñas City,City of Las Piñas,Las Piñas East National High School,3209,3205,0.8804992199687989,0.11606864274570985,0.0031201248049922,3.120124804992199e-4,0,2822,372,10,1,0,960,727,224,8,1,0,802,717,83,2,0,0,672,645,27,0,0,0,771,733,38,0,0,0,NCR,Las Piñas City,City of Las Piñas,Las Piñas East National High School,3088,2822,0.7034018426647769,0.23742026931254429,0.05457122608079377,0.004606661941885188,0,1985,670,154,13,0,815,402,260,140,13,0,703,483,207,13,0,0,606,524,82,0,0,0,698,576,121,1,0,0
301464,2684,0,4,17,10,417,41710,2684,1,4,1,295,236,276,304,322,319,328,357,8,8,1229,1224,2453,0,0,0,0.0033,0,0,0.003,0,0,0,8e-4,8e-4,8e-4,45,54.51,-999,2,27,90.85,50,49.06,103,23.82,-999,-999,-999,-999,-999,-999,-999,-999,-999,-999,0,0,1,Region IV-A,Rizal,Tanay I,Tanay National High School,2267,2203,651,145,0,60,233,0,44,169,651,91,29,122,136,21,236,16,544,62,0,97,223,5,101,56,540,42,34,74,113,20,98,159,485,132,15,64,221,0,8,45,501,53,9,145,161,10,71,52,523,464,0,26,33,0,0,0,542,34,9,252,247,0,0,0,Region IV-A,Rizal,Tanay I,Tanay National High School,2267,2104,1,861,783,64,937,1007,618,0,270,348,558,37,318,203,485,1,304,180,495,22,167,306,483,0,278,205,447,5,209,233,59,0,9,50,508,0,243,265,Region IV-A,Rizal,Tanay,Tanay National High School,2268,2262,0.8293545534924847,0.15340406719717073,0.013704686118479222,0.0017683465959328025,0.0017683465959328025,1876,347,31,4,4,659,585,70,4,0,0,543,468,65,10,0,0,514,450,63,1,0,0,546,373,149,16,4,4,Region IV-A,Rizal,Tanay,Tanay National High School,2187,2131,0.6729235100891601,0.23838573439699673,0.06522759267949318,0.016893477240732046,0.006569685593618021,1434,508,139,36,14,642,506,98,28,10,0,476,309,145,17,3,2,497,383,66,39,9,0,516,236,199,55,14,12
305461,2449,0,15,15,2,1515,151502,2449,1,4,2,152,160,146,149,158,166,167,145,0,0,623,620,1243,0,0,0,0,0,0,0,0,0,0,0,0,0,18,69.06,600,2,27,46.04,114,10.90350877,152,8.18,-999,-999,-999,-999,-999,-999,-999,-999,-999,-999,0,0,1,NCR,Taguig City and Pateros,Taguig District I,"Gen. Ricardo G. Papa, Sr. Memorial HS - Main",1388,1330,383,65,0,133,154,2,10,19,327,8,208,104,7,0,0,0,403,114,0,143,145,1,0,0,426,2,300,96,28,0,0,0,283,133,0,56,94,0,0,0,280,15,217,40,8,0,0,0,261,227,0,11,23,0,0,0,261,14,150,83,14,0,0,0,NCR,Taguig City and Pateros,Taguig District I,"Gen. Ricardo G. Papa, Sr. Memorial HS - Main",1388,1255,0,101,698,23,530,702,318,0,52,266,319,8,149,162,289,0,20,269,424,12,270,142,158,0,29,129,265,3,76,186,34,0,0,34,247,0,35,212,NCR,Taguig City and Pateros,City of Taguig,"Gen. Ricardo G. Papa, Sr. Memorial HS - Main",1376,1361,0.8302718589272594,0.13078618662747984,0.03747244673034533,7.347538574577516e-4,7.347538574577516e-4,1130,178,51,1,1,373,325,44,4,0,0,437,323,102,12,0,0,266,251,9,4,1,1,285,231,23,31,0,0,NCR,Taguig City and Pateros,City of Taguig,"Gen. Ricardo G. Papa, Sr. Memorial HS - Main",1337,1296,0.4922839506172839,0.2816358024691357,0.14814814814814817,0.07175925925925927,0.006172839506172838,638,365,192,93,8,342,155,112,55,20,0,416,106,97,133,72,8,265,216,48,1,0,0,273,161,108,3,1,0
305384,2414,0,15,1,1,1501,150101,2414,1,4,1,265,203,274,269,364,312,315,306,0,0,1218,1090,2308,0.083,0.0345,0.06570000000000001,0.0409,0.0522,0.0353,0.0159,0.0261,0,0,0.052500000000000005,0.0339,0.043800000000000006,32,72.13,-999,2,56,41.21,914,2.525164114,103,22.41,-999,-999,-999,-999,-999,-999,-999,-999,-999,-999,0,0,1,NCR,Caloocan City,Tanque,Baesa High School,2128,2128,574,539,11,4,0,20,0,0,490,78,12,27,64,13,86,210,600,588,10,1,0,1,0,0,518,46,26,45,72,23,96,210,468,464,4,0,0,0,0,0,418,123,7,30,94,4,32,128,486,483,3,0,0,0,0,0,451,128,11,31,131,13,27,110,NCR,Caloocan City,Tanque,Baesa High School,1980,955,0,12,42,0,4,951,35,0,6,29,313,0,3,310,12,0,4,8,328,0,0,328,4,0,2,2,164,0,1,163,3,0,0,3,150,0,0,150,NCR,Caloocan City,City of Caloocan,Baesa High School,2100,2006,0.9252243270189432,0.0712861415752742,0.0034895314057826524,0,0,1856,143,7,0,0,526,470,50,6,0,0,575,521,53,1,0,0,446,427,19,0,0,0,459,438,21,0,0,0,NCR,Caloocan City,City of Caloocan,Baesa High School,1928,1762,0.10442678774120322,0.2928490351872872,0.4835414301929626,0.1072644721906924,0.011918274687854708,184,516,852,189,21,472,50,153,241,28,0,516,52,148,241,73,2,373,43,106,177,41,6,401,39,109,193,47,13
301143,2711,0,4,21,1,421,42101,2711,1,4,1,463,441,570,585,698,631,614,629,0,0,2345,2286,4631,0.0389,0.024900000000000002,0.0474,0.0188,0.033,0.022199999999999998,0.044,0.0207,0,0,0.0405,0.021400000000000002,0.0311,63,73.51,-999,2,38,121.86999999999999,24,192.95833330000005,159,29.130000000000003,-999,-999,-999,-999,-999,-999,-999,-999,-999,-999,0,0,1,Region IV-A,Sto. Tomas City,Sto. Tomas South,San Pedro National High School,4482,4470,1300,490,157,236,323,22,47,25,1302,497,122,296,282,25,38,42,1166,597,122,167,123,36,33,88,1140,513,119,179,156,42,56,75,881,341,86,174,261,2,5,12,861,312,98,210,221,5,3,12,1123,512,143,123,314,6,10,15,1093,535,105,118,296,6,15,18,Region IV-A,Sto. Tomas City,Sto. Tomas South,San Pedro National High School,4189,4144,0,187,3905,78,2443,1623,1168,0,145,1023,1193,33,950,210,1076,0,20,1056,1088,35,614,439,794,0,11,783,809,10,443,356,1054,0,11,1043,1054,0,436,618,Region IV-A,Sto. Tomas City,City of Sto. Tomas,San Pedro National High School,4127,3954,0.9304501770359129,0.06676783004552352,0.00278199291856348,0,0,3679,264,11,0,0,1241,1083,156,2,0,0,1069,1020,48,1,0,0,733,725,8,0,0,0,911,851,52,8,0,0,Region IV-A,Sto. Tomas City,City of Sto. Tomas,San Pedro National High School,4238,3851,0.7927810958192675,0.1880031160737471,0.017138405608932747,0.002077382498052454,0,3053,724,66,8,0,1099,612,424,56,7,0,1052,858,184,9,1,0,716,667,48,1,0,0,984,916,68,0,0,0
305340,2321,0,15,14,1,1514,151401,2321,0,2,1,605,575,801,722,859,836,715,737,0,0,2980,2870,5850,0.0066,0.0017000000000000001,0.0125,0.009699999999999999,0.0081,0.0012000000000000001,0.015399999999999999,0.0109,0,0,0.0107,0.0059,0.0084,61,95.48,-999,2,42,137.70999999999998,3491,1.675737611,213,27.459999999999997,-999,-999,-999,-999,-999,-999,-999,-999,-999,-999,0,0,1,NCR,Quezon City,School District IX,Novaliches HS,5291,4737,1334,125,31,353,197,74,278,276,1372,114,72,110,499,20,57,500,985,648,27,134,81,30,53,12,1208,146,85,136,415,49,94,283,1095,947,0,71,25,6,33,13,1128,199,59,100,278,54,64,374,1323,774,101,217,71,10,87,63,1369,223,105,173,446,40,88,294,NCR,Quezon City,School District IX,Novaliches HS,5268,4849,81,481,4224,73,766,3556,1217,6,126,1085,1258,29,295,934,1040,50,181,809,1062,30,94,938,1068,7,101,960,929,6,170,753,1461,18,73,1370,1146,8,207,931,NCR,Quezon City,Quezon City,Novaliches HS,4379,4280,0.8056074766355142,0.17476635514018696,0.01799065420560748,0.001635514018691589,0,3448,748,77,7,0,1160,863,257,36,4,0,1112,670,401,38,3,0,1089,1026,60,3,0,0,919,889,30,0,0,0,NCR,Quezon City,Quezon City,Novaliches HS,4973,4657,0.5567962207429674,0.3564526519218381,0.07043160833154392,0.01567532746403264,6.441915396177795e-4,2593,1660,328,73,3,1218,369,578,212,56,3,1121,502,501,102,16,0,1021,742,273,6,0,0,1297,980,308,8,1,0
305302,2308,1,15,7,9,1507,150709,2308,0,2,1,588,633,603,559,557,616,586,627,0,0,2334,2435,4769,0,0.0032,0.0033,0.0089,0.0054,0.0032,0.022199999999999998,0.008,0,0,0.0077,0.0057,0.0067,83,57.67,-999,2,96,49.63,1896,2.5152953589999996,195,24.459999999999997,-999,-999,-999,-999,-999,-999,-999,-999,-999,-999,0,0,1,NCR,Manila,Sta. Cruz I,Jose Abad Santos High School,4634,4427,1046,662,61,62,70,41,85,65,1136,12,110,84,189,391,196,154,1168,825,17,89,99,14,51,73,1106,8,69,122,25,390,261,231,1159,888,5,104,95,13,44,10,1021,16,238,229,77,307,134,20,1054,666,123,96,17,21,30,101,1036,15,198,232,11,283,285,12,NCR,Manila,Sta. Cruz I,Jose Abad Santos High School,4385,4046,59,318,966,922,2304,820,387,20,130,237,1087,244,439,404,333,11,37,285,1040,211,502,327,263,15,106,142,921,387,495,39,360,13,45,302,998,80,868,50,NCR,Manila,Santa Cruz,Jose Abad Santos High School,4622,4621,0.9774940489071628,0.021423934213373734,0.0010820168794633195,0,0,4517,99,5,0,0,1192,1103,84,5,0,0,1186,1179,7,0,0,0,1155,1153,2,0,0,0,1088,1082,6,0,0,0,NCR,Manila,Santa Cruz,Jose Abad Santos High School,4510,4383,0.4654346338124573,0.23773671001597083,0.06867442391056355,0.15012548482774357,0.07802874743326492,2040,1042,301,658,342,1186,10,29,216,613,318,1021,759,192,43,20,7,1108,820,287,0,1,0,1068,451,534,42,24,17
308103,2620,0,4,17,12,417,41712,2620,0,2,1,147,133,151,150,206,196,160,157,0,0,664,636,1300,0,0,0,0,0,0,0,0,0,0,0,0,0,31,41.44,678,2,54,24.12,281,4.626334519999999,35,37.14,-999,-999,-999,-999,-999,-999,-999,-999,-999,-999,0,0,1,Region IV-A,Rizal,Teresa,Abuyod National High School,1299,1299,406,0,14,78,52,59,195,8,406,2,16,76,48,59,199,6,361,0,8,45,37,48,201,22,361,0,2,39,35,50,212,23,274,12,9,64,62,14,90,23,274,7,6,77,83,14,76,11,258,5,5,48,32,50,86,32,258,1,3,52,29,59,83,31,Region IV-A,Rizal,Teresa,Abuyod National High School,1371,1299,23,1008,268,84,939,266,406,12,334,60,404,25,325,54,361,8,294,59,361,24,279,58,274,3,186,85,267,19,154,94,258,0,194,64,257,16,181,60,Region IV-A,Rizal,Teresa,Abuyod National High School,1298,1298,0.9637904468412943,0.03620955315870571,0,0,0,1251,47,0,0,0,405,386,19,0,0,0,360,349,11,0,0,0,276,267,9,0,0,0,257,249,8,0,0,0,Region IV-A,Rizal,Teresa,Abuyod National High School,1354,1350,0.5896296296296296,0.2962962962962963,0.09777777777777778,0.01111111111111111,0.005185185185185186,796,400,132,15,7,427,355,44,28,0,0,388,274,85,29,0,0,278,123,103,38,8,6,257,44,168,37,7,1
308130,2578,0,4,17,11,417,41711,2578,0,4,1,75,53,96,71,96,80,111,82,0,0,378,286,664,0,0,0.0208,0,0.0313,0.0375,0.009,0.0122,0,0,0.0159,0.014,0.015099999999999999,6,110.66999999999999,283,2,9,73.78,0,-999,26,25.54,-999,-999,-999,-999,-999,-999,-999,-999,-999,-999,0,0,1,Region IV-A,Rizal,Taytay I,Simona National High School,590,590,186,1,22,35,45,15,36,32,184,2,29,68,8,12,59,6,128,21,12,45,34,6,7,3,128,17,13,49,33,9,3,4,120,29,19,42,22,4,2,2,120,10,18,34,11,12,30,5,156,46,10,21,76,3,0,0,156,15,10,65,61,5,0,0,Region IV-A,Rizal,Taytay I,Simona National High School,616,579,24,120,197,56,315,208,157,11,72,74,172,14,118,40,92,3,14,75,134,15,52,67,46,5,17,24,129,18,75,36,46,5,17,24,144,9,70,65,Region IV-A,Rizal,Taytay,Simona National High School,626,626,0.9345047923322684,0.06070287539936102,0.004792332268370607,0,0,585,38,3,0,0,185,159,25,1,0,0,146,135,9,2,0,0,133,131,2,0,0,0,162,160,2,0,0,0,Region IV-A,Rizal,Taytay,Simona National High School,626,559,0.8855098389982111,0.08765652951699465,0.026833631484794274,0,0,495,49,15,0,0,155,145,5,5,0,0,131,98,23,10,0,0,128,114,14,0,0,0,145,138,7,0,0,0
301227,2649,0,4,20,1,420,42001,2649,0,2,2,605,540,722,642,816,763,791,705,0,0,2934,2650,5584,0.0347,0.013000000000000001,0.029099999999999997,0.0078000000000000005,0.0392,0.018300000000000004,0.026500000000000003,0.018400000000000003,0,0,0.0324,0.0147,0.024,69,80.38,-999,2,53,105.22,6064,0.9208443270000001,212,26.34,-999,-999,-999,-999,-999,-999,-999,-999,-999,-999,0,0,1,Region IV-A,Sta. Rosa City,City of Sta. Rosa District I,Balibago Integrated High School,5280,5174,1520,435,39,279,432,20,75,240,1520,435,15,285,450,33,102,200,1396,485,16,132,322,34,156,251,1396,485,20,100,350,22,169,250,1031,647,6,45,151,12,38,132,1031,647,10,90,102,26,34,122,1227,754,87,81,110,6,13,176,1227,754,18,60,200,10,70,115,Region IV-A,Sta. Rosa City,City of Sta. Rosa District I,Balibago Integrated High School,3530,3530,49,1087,2394,51,634,2845,989,22,102,865,989,19,278,692,968,17,322,629,968,16,226,726,673,8,156,509,673,11,90,572,900,2,507,391,900,5,40,855,Region IV-A,Sta. Rosa City,City of Santa Rosa,Balibago Integrated High School,5333,5290,0.9729678638941398,0.027032136105860114,0,0,0,5147,143,0,0,0,1589,1523,66,0,0,0,1430,1371,59,0,0,0,1022,1010,12,0,0,0,1249,1243,6,0,0,0,Region IV-A,Sta. Rosa City,City of Santa Rosa,Balibago Integrated High School,3419,2979,0.837865055387714,0.157771064115475,0.00436388049681101,0,0,2496,470,13,0,0,808,618,184,6,0,0,817,692,118,7,0,0,562,498,64,0,0,0,792,688,104,0,0,0
305334,2405,0,15,14,1,1514,151401,2405,1,4,1,289,271,357,329,451,379,377,341,0,0,1474,1320,2794,0,0.0037,0,0.0061,0.02,0.0053,0.018600000000000002,0.0147,0,0,0.0109,0.0076,0.0093,36,77.61,-999,1,16,174.63,3231,0.8647477560000002,110,25.4,-999,-999,-999,-999,-999,-999,-999,-999,-999,-999,0,0,1,NCR,Quezon City,School District VI,Tandang Sora NHS,2483,2440,605,359,15,79,51,50,41,10,605,389,12,23,39,22,40,80,632,390,23,52,93,20,39,15,661,355,9,58,110,24,45,60,559,494,28,25,0,6,5,1,569,254,12,66,147,1,58,31,644,505,123,13,3,0,0,0,648,546,8,37,12,11,18,16,NCR,Quezon City,School District VI,Tandang Sora NHS,2397,939,123,238,295,97,387,430,234,51,95,88,253,63,97,93,252,40,94,118,273,25,105,143,53,9,11,33,296,8,140,148,117,23,38,56,92,1,45,46,NCR,Quezon City,Quezon City,Tandang Sora NHS,2480,2480,0.9443548387096775,0.05483870967741936,8.064516129032258e-4,0,0,2342,136,2,0,0,603,510,91,2,0,0,661,642,19,0,0,0,567,555,12,0,0,0,649,635,14,0,0,0,NCR,Quezon City,Quezon City,Tandang Sora NHS,2420,2420,0.46198347107438026,0.40785123966942155,0.09669421487603308,0.03264462809917356,8.264462809917355e-4,1118,987,234,79,2,599,189,244,128,37,1,650,323,214,80,32,1,539,331,196,8,4,0,632,275,333,18,6,0
305367,2339,0,15,12,1,1512,151201,2339,1,2,1,484,479,515,498,580,543,551,477,0,0,2130,1997,4127,0.0041,0.0042,0.0175,0.0181,0.0155,0.0147,0.0236,0.0294,0,0,0.0155,0.0165,0.016,62,66.7,-999,3,69,60.17,211,19.559241710000002,154,26.8,-999,-999,-999,-999,-999,-999,-999,-999,-999,-999,0,0,1,NCR,Pasay City,Pasay City East District,Pasay City East HS,4083,4083,1192,1168,4,2,1,16,1,0,1192,5,0,139,268,111,597,72,1054,1038,2,5,0,9,0,0,1054,18,605,156,75,153,30,17,901,898,0,0,0,3,0,0,901,76,69,225,179,104,229,19,936,930,2,0,0,4,0,0,936,5,640,59,37,69,110,16,NCR,Pasay City,Pasay City East District,Pasay City East HS,4030,3666,0,10,39,0,31,3635,24,0,6,18,1074,0,7,1067,16,0,2,14,986,0,12,974,3,0,2,1,743,0,7,736,6,0,0,6,863,0,5,858,NCR,Pasay City,Pasay City,Pasay City East HS,4204,4204,0.9697906755470981,0.028782112274024742,0.00142721217887726,0,0,4077,121,6,0,0,1188,1102,80,6,0,0,1125,1118,7,0,0,0,927,920,7,0,0,0,964,937,27,0,0,0,NCR,Pasay City,Pasay City,Pasay City East HS,3805,3805,2.6281208935611036e-4,0,0.5240473061760842,0.3837056504599211,0.09198423127463863,1,0,1994,1460,350,1098,0,0,251,730,117,1020,1,0,684,247,88,811,0,0,465,290,56,876,0,0,594,193,89
305635,2410,0,15,14,1,1514,151401,2410,0,4,1,277,246,266,227,324,313,266,275,0,0,1133,1061,2194,0.0181,0.016300000000000002,0.026300000000000004,0,0.015399999999999999,0.0096,0.015,0.0218,0,0,0.018500000000000003,0.0123,0.0155,21,104.48,940,2,41,53.51,2751,0.7975281719999999,71,30.9,-999,-999,-999,-999,-999,-999,-999,-999,-999,-999,0,0,1,NCR,Quezon City,School District XVIII,West Fairview High School,1855,1780,518,102,52,144,98,42,48,32,515,96,57,130,107,33,64,28,465,118,62,126,69,35,34,21,462,103,59,111,102,28,35,24,387,109,18,115,62,17,29,37,385,88,20,94,107,11,34,31,410,137,24,88,114,7,28,12,411,126,31,94,107,9,34,10,NCR,Quezon City,School District XVIII,West Fairview High School,1781,1781,14,151,1616,14,162,1605,523,7,51,465,523,7,55,461,469,5,40,424,469,5,42,422,390,2,34,354,390,2,37,351,399,0,26,373,399,0,28,371,NCR,Quezon City,Quezon City,West Fairview High School,1853,1810,0.9436464088397791,0.05414364640883979,0.002209944751381215,0,0,1708,98,4,0,0,554,497,53,4,0,0,436,417,19,0,0,0,401,393,8,0,0,0,419,401,18,0,0,0,NCR,Quezon City,Quezon City,West Fairview High School,1756,1727,0.55819339895773,0.34916039374638097,0.0909090909090909,0.0017371163867979159,0,964,603,157,3,0,493,192,150,148,3,0,451,211,233,7,0,0,384,227,156,1,0,0,399,334,64,1,0,0
301218,2602,0,4,8,14,408,40814,2602,0,2,1,951,911,914,916,1033,1053,1064,1118,0,0,3962,3998,7960,0.0368,0.0274,0.050300000000000004,0.0218,0.0387,0.019,0.0329,0.0224,0,0,0.0394,0.0225,0.0309,114,69.73,-999,1,60,133.43,68,117.0588235,253,31.459999999999997,-999,-999,-999,-999,-999,-999,-999,-999,-999,-999,0,0,1,Region IV-A,Cavite,Tanza,Tanza National Comprehensive High School,8018,8018,2259,558,228,331,465,260,214,203,2259,113,21,498,332,149,884,262,2107,1464,60,137,405,10,6,25,2107,164,12,585,125,100,1066,55,1870,1523,85,66,128,27,19,22,1870,536,33,526,245,78,404,48,1782,1521,26,140,91,2,2,0,1782,602,46,477,174,103,349,31,Region IV-A,Cavite,Tanza,Tanza National Comprehensive High School,7850,6398,43,1412,1329,130,3132,3136,1686,34,883,769,2068,57,1154,857,612,8,252,352,1907,22,1032,853,249,0,142,107,1267,51,629,587,237,1,135,101,1156,0,317,839,Region IV-A,Cavite,Tanza,Tanza National Comprehensive High School,8192,8186,0.9160762277058392,0.07195211336428049,0.01148301978988517,4.886391399951136e-4,0,7499,589,94,4,0,2316,2048,229,38,1,0,2164,1903,212,46,3,0,1883,1840,35,8,0,0,1823,1708,113,2,0,0,Region IV-A,Cavite,Tanza,Tanza National Comprehensive High School,7933,7866,0.7475209763539283,0.20925502161200105,0.02161200101703534,0.01601830663615561,0.0055936943808797355,5880,1646,170,126,44,2225,1900,288,34,3,0,2073,1542,290,107,100,34,1805,1531,269,3,2,0,1763,907,799,26,21,10
308501,2637,0,4,15,1,415,41501,2637,1,2,2,302,263,290,322,338,356,314,332,0,0,1244,1273,2517,0,0,0,0,0,0,0,0,0,0,0,0,0,59,42.839999999999996,-999,1,96,26.310000000000002,242,10.40082645,96,26.22,-999,-999,-999,-999,-999,-999,-999,-999,-999,-999,0,0,1,Region IV-A,Lucena City,Lucena South District,Lucena Dalahican National High School,2387,2387,724,11,21,166,152,81,215,78,724,0,21,88,78,237,226,74,656,70,11,241,182,92,41,19,656,3,29,112,59,123,220,110,489,138,0,112,180,4,55,0,489,22,65,140,54,76,67,65,518,158,0,0,338,0,21,1,518,32,65,98,65,74,115,69,Region IV-A,Lucena City,Lucena South District,Lucena Dalahican National High School,2399,2399,35,766,1598,133,546,1720,721,19,290,412,721,54,135,532,655,16,262,377,655,34,123,498,492,0,136,356,492,28,106,358,531,0,78,453,531,17,182,332,Region IV-A,Lucena City,City of Lucena,Lucena Dalahican National High School,2387,2346,0.959079283887468,0.04049445865302643,4.2625745950554135e-4,0,0,2250,95,1,0,0,695,655,40,0,0,0,628,577,50,1,0,0,500,498,2,0,0,0,523,520,3,0,0,0,Region IV-A,Lucena City,City of Lucena,Lucena Dalahican National High School,2400,2210,0.5710407239819004,0.30723981900452485,0.10723981900452488,0.014479638009049773,0,1262,679,237,32,0,681,222,234,196,29,0,612,412,169,30,1,0,427,277,140,8,2,0,490,351,136,3,0,0
500332,2288,0,15,6,1,1506,150601,2288,0,1,1,194,173,248,212,246,223,299,241,0,0,987,849,1836,0.0052,0,0,0,0,0,0,0,0,0,0.001,0,5e-4,30,60.449999999999996,933,2,7,266,339,5.415929204,77,23.84,-999,-999,-999,-999,-999,-999,-999,-999,-999,-999,0,0,1,NCR,Mandaluyong City,Mandaluyong City District II,Highway Hills Integrated School,1442,1398,314,4,27,55,88,69,54,17,316,4,38,56,53,100,35,30,331,138,31,62,68,14,6,12,323,46,39,38,40,79,44,37,345,235,78,15,0,13,4,0,278,120,87,12,1,35,17,6,408,247,108,7,0,39,7,0,398,40,153,90,11,76,22,6,NCR,Mandaluyong City,Mandaluyong City District II,Highway Hills Integrated School,1420,1201,71,307,379,74,427,690,303,36,126,141,293,14,102,177,189,16,83,90,287,17,231,39,104,10,40,54,226,11,15,200,161,9,58,94,385,32,79,274,NCR,Mandaluyong City,City of Mandaluyong,Highway Hills Integrated School,1379,1377,0.8191721132897605,0.15250544662309373,0.01597676107480029,0.007988380537400145,0.004357298474945534,1128,210,22,11,6,315,228,77,10,0,0,329,252,68,7,2,0,333,325,8,0,0,0,400,323,57,5,9,6,NCR,Mandaluyong City,City of Mandaluyong,Highway Hills Integrated School,1360,1330,0.6120300751879697,0.3586466165413533,0.027067669172932327,0.0015037593984962405,7.518796992481202e-4,814,477,36,2,1,311,213,78,19,0,1,311,201,94,14,2,0,318,145,173,0,0,0,390,255,132,3,0,0
305471,2453,0,15,9,1,1509,150901,2453,0,4,2,375,423,343,300,363,376,385,381,0,0,1466,1480,2946,0.0107,0,0,0,0.0055,0.008,0,0,0,0,0.0041,0.002,0.0031,51,57.760000000000005,-999,2,27,109.11,200,14.729999999999999,214,13.77,-999,-999,-999,-999,-999,-999,-999,-999,-999,-999,0,0,1,NCR,Muntinlupa City,Muntinlupa City District II,Muntinlupa Business HS - Main,3127,3127,1026,6,193,253,60,159,267,88,1010,634,26,160,40,16,45,89,861,104,71,201,80,119,188,98,802,505,33,66,47,17,38,96,688,218,50,132,47,58,142,41,656,230,53,189,105,7,25,47,552,173,40,64,58,44,109,64,482,284,13,32,88,7,17,41,NCR,Muntinlupa City,Muntinlupa City District II,Muntinlupa Business HS - Main,3044,2595,201,1416,978,214,400,628,958,90,608,260,376,70,112,194,666,64,411,191,297,51,78,168,538,38,330,170,337,75,112,150,433,9,67,357,232,18,98,116,NCR,Muntinlupa City,City of Muntinlupa,Muntinlupa Business HS - Main,3122,3091,0.9291491426722744,0.06955677774183112,0.0012940795858945328,0,0,2872,215,4,0,0,1015,884,128,3,0,0,858,849,9,0,0,0,674,641,33,0,0,0,544,498,45,1,0,0,NCR,Muntinlupa City,City of Muntinlupa,Muntinlupa Business HS - Main,3059,2973,0.26606121762529433,0.5109317188025564,0.16111671712075343,0.05549949545913218,0.006390850992263705,791,1519,479,165,19,1006,281,310,298,108,9,793,286,418,74,15,0,640,79,434,85,35,7,534,145,357,22,7,3
305376,2344,1,15,1,1,1501,150101,2344,0,2,1,402,404,408,397,480,418,466,459,0,0,1756,1678,3434,0,0,0,0,0,0,0,0,0,0,0,0,0,57,60.27,-999,2,68,50.55,54,63.59259259000001,168,20.439999999999998,-999,-999,-999,-999,-999,-999,-999,-999,-999,-999,0,0,1,NCR,Caloocan City,Caloocan North I,Amparo High School,3427,3402,928,798,0,30,60,0,10,30,890,464,4,95,142,0,65,120,844,752,0,20,48,0,4,20,839,420,0,80,172,0,55,112,798,731,0,10,44,0,3,10,775,408,2,60,135,0,50,120,832,777,0,6,42,0,0,7,789,418,2,53,160,0,40,116,NCR,Caloocan City,Caloocan North I,Amparo High School,3507,1672,0,6,415,0,12,1660,144,0,4,140,438,0,5,433,127,0,2,125,489,0,5,484,100,0,0,100,374,0,2,372,50,0,0,50,371,0,0,371,NCR,Caloocan City,City of Caloocan,Amparo High School,3363,3235,0.9057187017001544,0.08717156105100465,0.0071097372488408035,0,0,2930,282,23,0,0,848,768,64,16,0,0,799,662,131,6,0,0,797,767,30,0,0,0,791,733,57,1,0,0,NCR,Caloocan City,City of Caloocan,Amparo High School,3369,3296,0.1392597087378641,0.1386529126213592,0.22542475728155337,0.3118932038834951,0.18476941747572817,459,457,743,1028,609,887,338,195,238,116,0,790,0,3,60,418,309,795,0,6,281,348,160,824,121,253,164,146,140
301432,2623,0,4,17,5,417,41705,2623,0,2,1,249,254,273,265,325,307,293,292,3,5,1143,1123,2266,0.0643,0.0276,0.0073,0.030199999999999998,0.043100000000000006,0.0358,0.0205,0.0274,0,0,0.0332,0.0303,0.0318,49,46.24,-999,1,39,58.1,70,32.37142856999999,79,28.68,-999,-999,-999,-999,-999,-999,-999,-999,-999,-999,0,0,1,Region IV-A,Rizal,Cardona,Bernardo F. San Juan National High School,2262,2234,662,23,46,163,217,22,61,130,662,20,77,88,134,95,132,116,618,66,1,20,201,9,45,276,629,7,64,52,90,199,147,70,482,279,0,1,144,0,4,54,482,21,47,124,59,76,140,15,472,199,0,4,240,1,9,19,489,3,7,67,136,46,145,85,Region IV-A,Rizal,Cardona,Bernardo F. San Juan National High School,2122,2115,1,837,1267,647,1107,335,590,0,246,344,600,212,320,68,601,0,244,357,597,212,294,91,445,0,197,248,435,123,215,97,469,1,150,318,457,100,278,79,Region IV-A,Rizal,Cardona,Bernardo F. San Juan National High School,2268,2182,0.9175068744271311,0.08203483043079743,4.582951420714941e-4,0,0,2002,179,1,0,0,632,542,90,0,0,0,584,542,41,1,0,0,477,472,5,0,0,0,489,446,43,0,0,0,Region IV-A,Rizal,Cardona,Bernardo F. San Juan National High School,2268,2049,0.8506588579795025,0.14934114202049786,0,0,0,1743,306,0,0,0,609,482,127,0,0,0,552,498,54,0,0,0,446,392,54,0,0,0,442,371,71,0,0,0
305459,2391,0,15,15,2,1515,151502,2391,1,2,1,398,346,500,471,503,535,574,590,0,0,1975,1942,3917,0,0,0,0,0,0.0019,0,0,0,0,0,5e-4,3.0000000000000003e-4,64,61.08,-999,2,91,43.120000000000005,325,12.052307690000001,145,27.01,-999,-999,-999,-999,-999,-999,-999,-999,-999,-999,0,0,1,NCR,Taguig City and Pateros,Taguig District II,Bagumbayan National High School,3658,3628,960,28,30,45,53,98,279,427,960,13,26,97,156,116,460,92,911,131,18,364,151,34,199,14,918,24,74,159,38,274,257,92,756,224,30,301,139,13,41,8,779,18,176,182,115,146,115,27,1001,410,3,321,252,0,4,11,1001,122,305,141,91,202,117,23,NCR,Taguig City and Pateros,Taguig District II,Bagumbayan National High School,3427,593,51,164,356,45,196,295,244,38,67,139,212,27,81,104,165,10,43,112,167,12,54,101,63,2,21,40,83,4,26,53,99,1,33,65,74,2,35,37,NCR,Taguig City and Pateros,City of Taguig,Bagumbayan National High School,3662,3662,0.9792463134898963,0.019934462042599674,8.19224467504096e-4,0,0,3586,73,3,0,0,957,920,34,3,0,0,924,907,17,0,0,0,786,783,3,0,0,0,995,976,19,0,0,0,NCR,Taguig City and Pateros,City of Taguig,Bagumbayan National High School,3333,3333,0.006900690069006902,0.14371437143714377,0.37443744374437443,0.3453345334533453,0.12961296129612965,23,479,1248,1151,432,865,0,0,346,370,149,824,9,42,287,334,152,677,1,141,284,168,83,967,13,296,331,279,48
305313,2312,0,15,7,8,1507,150708,2312,1,2,1,297,269,331,293,354,295,269,295,0,0,1251,1152,2403,0.0337,0.018600000000000002,0.009099999999999999,0.0137,0.0113,0.0034000000000000002,0.0409,0.0068000000000000005,0,0,0.0224,0.0104,0.0166,54,44.71,-999,1,37,64.14999999999999,331,7.259818731,128,18.77,-999,-999,-999,-999,-999,-999,-999,-999,-999,-999,0,0,1,NCR,Manila,San Andres,I. Villamor High School,2405,2246,662,149,62,189,113,37,53,59,653,120,116,157,98,34,75,53,545,189,56,87,89,31,41,52,597,149,67,122,75,41,65,78,494,128,51,76,126,20,44,49,497,98,84,104,89,21,36,65,545,146,63,162,90,15,35,34,529,140,86,124,90,29,35,25,NCR,Manila,San Andres,I. Villamor High School,2170,1439,22,505,912,12,396,948,420,5,121,294,405,2,119,284,395,8,154,233,363,4,105,254,296,4,113,179,278,3,81,194,328,5,117,206,310,3,91,216,NCR,Manila,Santa Ana,I. Villamor High School,2424,2307,0.9917641959254442,0.008235804074555701,0,0,0,2288,19,0,0,0,591,591,0,0,0,0,646,630,16,0,0,0,508,507,1,0,0,0,562,560,2,0,0,0,NCR,Manila,Santa Ana,I. Villamor High School,2398,2396,0.027963272120200337,0.19949916527545913,0.6001669449081802,0.17028380634390652,0.002086811352253756,67,478,1438,408,5,679,66,296,250,67,0,646,1,105,451,89,0,508,0,50,389,69,0,563,0,27,348,183,5
301186,2589,0,4,10,1,410,41001,2589,1,2,1,818,784,852,869,959,965,1008,965,0,0,3637,3583,7220,0.05260000000000001,0.0319,0.0293,0.018400000000000003,0.0271,0.0145,0.022799999999999997,0.0145,0,0,0.0322,0.0193,0.0258,134,53.93,-999,3,121,59.730000000000004,6015,1.200332502,321,22.49,-999,-999,-999,-999,-999,-999,-999,-999,-999,-999,0,0,1,Region IV-A,Dasmarinas City,Dasmariñas I,Dasmariñas Integrated High School,7105,6807,2046,370,118,502,313,228,271,244,2124,96,25,232,359,343,739,330,1749,300,155,425,419,188,141,121,1823,170,129,399,132,219,569,205,1490,822,153,314,74,75,41,11,1540,125,117,470,374,145,239,70,1522,1077,18,325,94,3,5,0,1607,282,41,448,268,56,332,180,Region IV-A,Dasmarinas City,Dasmariñas I,Dasmariñas Integrated High School,6875,6825,220,2453,1565,588,3986,2251,1676,89,1186,401,2060,220,1392,448,1449,56,784,609,1755,170,1056,529,668,70,257,341,1470,100,904,466,445,5,226,214,1540,98,634,808,Region IV-A,Dasmarinas City,City of Dasmariñas,Dasmariñas Integrated High School,7091,7069,0.785825434997878,0.18107228745225634,0.03211203847786109,9.902390720045269e-4,0,5555,1280,227,7,0,2144,1582,450,110,2,0,1818,1311,406,100,1,0,1526,1320,203,3,0,0,1581,1342,221,14,4,0,Region IV-A,Dasmarinas City,City of Dasmariñas,Dasmariñas Integrated High School,6716,6637,0.19918637938827782,0.27015217718848883,0.23338857917733918,0.18065390989905075,0.11661895434684345,1322,1793,1549,1199,774,2044,387,630,533,345,149,1731,259,380,402,448,242,1470,367,344,313,237,209,1392,309,439,301,169,174
301184,2656,0,4,10,1,410,41001,2656,0,4,1,487,484,575,502,629,582,647,602,0,0,2338,2170,4508,0.0205,0.0207,0.024300000000000002,0.013900000000000001,0.0223,0.0155,0.0247,0.0316,0,0,0.0231,0.0207,0.022,32,140.88000000000002,-999,3,30,150.26999999999998,924,4.878787878999999,184,24.5,-999,-999,-999,-999,-999,-999,-999,-999,-999,-999,0,0,1,Region IV-A,Dasmarinas City,Dasmariñas I,Dasmarinas North National High School (Annex G),4486,4455,1322,15,0,553,0,754,0,0,1318,26,0,235,911,146,0,0,1099,100,0,341,380,278,0,0,1124,14,0,329,391,390,0,0,1119,313,0,394,203,209,0,0,921,15,0,492,124,290,0,0,915,561,0,118,212,24,0,0,921,38,0,278,44,561,0,0,Region IV-A,Dasmarinas City,Dasmariñas I,Dasmarinas North National High School (Annex G),4304,4301,738,359,2860,1464,1942,880,1003,94,60,849,1296,629,498,169,1138,516,230,392,1134,556,505,73,941,92,56,793,930,198,597,135,875,36,13,826,926,81,342,503,Region IV-A,Dasmarinas City,City of Dasmariñas,Dasmarinas North National High School (Annex G),4343,4343,0.9481924936679715,0.05019571724614324,0.001381533502187428,2.3025558369790466e-4,0,4118,218,6,1,0,1327,1204,119,4,0,0,1125,1091,31,2,1,0,926,917,9,0,0,0,965,906,59,0,0,0,Region IV-A,Dasmarinas City,City of Dasmariñas,Dasmarinas North National High School (Annex G),4077,4060,0.05517241379310346,0.2832512315270936,0.49064039408866994,0.1330049261083744,0.03793103448275861,224,1150,1992,540,154,1235,178,745,305,7,0,1052,46,249,473,201,83,862,0,156,555,151,0,911,0,0,659,181,71
305295,2399,0,15,7,10,1507,150710,2399,1,4,1,667,725,636,712,557,636,488,617,0,0,2348,2690,5038,0.021,0.011,0.0204,0.014,0.0126,0.0157,0.0225,0.0162,0,0,0.0192,0.0141,0.0165,94,53.6,-999,2,64,78.72,3978,1.2664655610000002,224,22.49,-999,-999,-999,-999,-999,-999,-999,-999,-999,-999,0,0,1,NCR,Manila,Tondo IV,Lakan Dula High School,5021,5019,1345,539,0,0,670,0,0,136,1345,520,40,90,320,45,110,220,1179,352,0,0,721,0,0,106,1171,635,35,110,175,32,79,105,1234,512,0,0,690,0,0,32,1234,730,30,60,225,25,32,132,1261,512,0,0,744,0,0,5,1261,860,35,50,128,31,35,122,NCR,Manila,Tondo IV,Lakan Dula High School,4842,3210,1,383,2826,28,833,1258,806,1,174,631,783,24,280,479,978,0,100,878,510,2,229,279,704,0,48,656,459,1,168,290,722,0,61,661,367,1,156,210,NCR,Manila,Tondo I/II,Lakan Dula High School,5021,5021,0.9183429595698068,0.07926707827126071,0.00219079864568811,1.9916351324437365e-4,0,4611,398,11,1,0,1342,1100,238,4,0,0,1182,1071,103,7,1,0,1230,1216,14,0,0,0,1267,1224,43,0,0,0,NCR,Manila,Tondo I/II,Lakan Dula High School,4859,4794,0.4301209845640384,0.42928660826032544,0.10492282019190656,0.024196912807676264,0.0114726741760534,2062,2058,503,116,55,1295,407,536,297,49,6,1109,404,492,143,41,29,1178,796,301,42,21,18,1212,455,729,21,5,2
301416,2651,0,4,22,1,422,42201,2651,0,2,1,80,60,81,74,84,81,97,85,0,0,342,300,642,0.0125,0.0333,0.0988,0,0.119,0.0123,0.0206,0.0235,0,0,0.061399999999999996,0.0167,0.0405,7,90.6,578,1,6,113.25,34,18.882352939999997,25,25.68,-999,-999,-999,-999,-999,-999,-999,-999,-999,-999,0,0,1,Region IV-A,Tayabas City,Tayabas East,West Palale National High School,629,629,207,42,0,92,0,73,0,0,207,30,0,86,0,91,0,0,158,52,0,64,0,42,0,0,158,39,0,54,0,65,0,0,135,62,0,46,0,27,0,0,135,31,0,37,0,67,0,0,129,58,0,41,0,30,0,0,129,41,0,42,0,46,0,0,Region IV-A,Tayabas City,Tayabas East,West Palale National High School,609,609,134,209,266,148,228,233,160,43,62,55,160,55,57,48,169,21,58,90,169,33,60,76,147,36,47,64,147,31,57,59,133,34,42,57,133,29,54,50,Region IV-A,Tayabas City,City of Tayabas,West Palale National High School,629,618,0.9417475728155341,0.05663430420711975,0.0016181229773462784,0,0,582,35,1,0,0,200,165,34,1,0,0,158,158,0,0,0,0,135,135,0,0,0,0,125,124,1,0,0,0,Region IV-A,Tayabas City,City of Tayabas,West Palale National High School,631,621,0.9130434782608696,0.08534621578099841,0.0016103059581320449,0,0,567,53,1,0,0,199,168,30,1,0,0,161,145,16,0,0,0,135,132,3,0,0,0,126,122,4,0,0,0
305450,2381,1,15,5,1,1505,150501,2381,0,2,1,208,162,190,211,188,213,246,215,0,0,832,801,1633,0,0,0.026300000000000004,0.0095,0.0053,0.0141,0.0285,0,0,0,0.0156,0.0062,0.011,24,67.07,420,4,50,32.97,475,3.437894737,76,21.49,-999,-999,-999,-999,-999,-999,-999,-999,-999,-999,0,0,1,NCR,Malabon City,Malabon District I,Panghulo NHS,1703,1703,482,57,125,33,23,133,82,29,482,5,152,51,28,149,72,25,488,87,110,22,10,183,52,24,488,3,132,78,23,171,48,33,365,124,86,31,28,72,19,5,365,12,73,58,36,68,63,55,368,72,55,49,34,82,40,36,368,2,79,50,46,89,63,39,NCR,Malabon City,Malabon District I,Panghulo NHS,1703,1703,43,848,812,360,1124,219,482,20,258,204,482,115,331,36,488,11,241,236,488,99,344,45,365,7,188,170,365,51,215,99,368,5,161,202,368,95,234,39,NCR,Malabon City,City of Malabon,Panghulo NHS,1716,1716,0.9766899766899768,0.023310023310023315,0,0,0,1676,40,0,0,0,523,487,36,0,0,0,459,459,0,0,0,0,364,360,4,0,0,0,370,370,0,0,0,0,NCR,Malabon City,City of Malabon,Panghulo NHS,1736,1584,0.05366161616161617,0.16351010101010105,0.47222222222222227,0.19381313131313135,0.11679292929292932,85,259,748,307,185,486,6,33,264,129,54,418,11,22,203,105,77,347,11,86,153,53,44,333,57,118,128,20,10
301403,2558,0,4,16,6,416,41606,2558,1,2,1,211,194,257,227,254,277,251,264,3,3,976,965,1941,0.0616,0.0361,0.0661,0.0176,0.0394,0.0397,0.012,0.018900000000000004,0,0,0.0441,0.028,0.0361,43,44.86,-999,2,38,51.160000000000004,0,-999,78,24.88,-999,-999,-999,-999,-999,-999,-999,-999,-999,-999,0,0,1,Region IV-A,Quezon,Candelaria East,Sta. Catalina National High School,1907,1907,584,17,42,102,159,161,91,12,584,5,35,112,54,208,135,35,518,84,62,176,91,45,42,18,518,7,56,54,16,257,87,41,358,111,82,63,47,17,23,15,358,3,95,26,8,192,29,5,447,118,272,40,2,14,1,0,447,6,209,38,1,149,42,2,Region IV-A,Quezon,Candelaria East,Sta. Catalina National High School,1810,1797,159,1064,421,1333,414,50,519,53,339,127,545,296,210,39,458,39,299,120,491,407,78,6,275,34,181,60,334,276,58,0,392,33,245,114,427,354,68,5,Region IV-A,Quezon,Candelaria,Sta. Catalina National High School,1877,1637,0.8680513133781309,0.11973121563836285,0.009773976786805132,0.002443494196701283,0,1421,196,16,4,0,339,205,116,14,4,0,514,472,41,1,0,0,350,347,3,0,0,0,434,397,36,1,0,0,Region IV-A,Quezon,Candelaria,Sta. Catalina National High School,1816,1802,0.7380688124306326,0.23695893451720318,0.021087680355160936,0.0038845726970033307,0,1330,427,38,7,0,548,373,143,27,5,0,490,390,89,9,2,0,341,294,47,0,0,0,423,273,148,2,0,0
301451,2581,0,4,17,8,417,41708,2581,1,4,1,156,139,162,172,166,182,153,183,0,0,637,676,1313,0.0064,0,0,0.0058000000000000005,0,0.022,0,0,0,0,0.0015999999999999999,0.0074,0.0046,21,62.52,552,2,15,87.53,0,-999,58,22.64,-999,-999,-999,-999,-999,-999,-999,-999,-999,-999,0,0,1,Region IV-A,Rizal,Rodriguez II,Montalban Heights National High School,1317,1298,375,116,25,71,36,48,67,12,370,131,30,13,11,157,25,3,368,138,15,83,40,33,29,30,350,99,23,35,7,104,78,4,269,209,18,16,20,1,2,3,260,38,108,64,1,41,8,0,286,137,50,41,58,0,0,0,280,103,119,40,4,13,1,0,Region IV-A,Rizal,Rodriguez II,Montalban Heights National High School,1270,1270,8,673,589,61,709,500,369,5,159,205,369,50,216,103,362,3,274,85,362,6,267,89,259,0,170,89,259,5,146,108,280,0,70,210,280,0,80,200,Region IV-A,Rizal,Rodriguez,Montalban Heights National High School,1316,1309,0.7150496562261269,0.1909854851031322,0.09243697478991598,0.0015278838808250573,0,936,250,121,2,0,380,254,95,31,0,0,368,176,100,90,2,0,276,243,33,0,0,0,285,263,22,0,0,0,Region IV-A,Rizal,Rodriguez,Montalban Heights National High School,1266,1266,0.3475513428120063,0.42969984202211686,0.18325434439178517,0.039494470774091614,0,440,544,232,50,0,370,172,127,57,14,0,362,136,118,92,16,0,254,50,131,62,11,0,280,82,168,21,9,0
305338,2408,0,15,14,1,1514,151401,2408,0,4,1,367,334,423,411,403,415,438,438,0,0,1631,1598,3229,0.016300000000000002,0.006,0.026000000000000002,0.0073,0.0149,0.016900000000000002,0.011399999999999999,0.0137,0,0,0.0172,0.0113,0.0142,34,94.97,-999,2,24,134.54,18,179.38888890000004,130,24.84,-999,-999,-999,-999,-999,-999,-999,-999,-999,-999,0,0,1,NCR,Quezon City,School District X,Maligaya HS,3093,3010,847,7,68,164,192,40,131,245,856,7,85,98,155,314,138,59,807,122,41,285,221,57,59,22,796,1,11,87,101,199,201,196,624,204,59,256,76,6,20,3,651,19,122,241,54,137,64,14,732,332,261,107,11,13,3,5,748,11,19,263,60,136,188,71,NCR,Quezon City,School District X,Maligaya HS,3058,3019,344,1209,789,1796,996,227,807,213,532,62,860,654,170,36,688,53,294,341,799,583,201,15,444,63,146,235,628,206,305,117,403,15,237,151,732,353,320,59,NCR,Quezon City,Quezon City,Maligaya HS,3063,3006,0.9041916167664672,0.08649367930805058,0.008649367930805056,6.65335994677312e-4,0,2718,260,26,2,0,843,752,77,14,0,0,770,701,61,6,2,0,636,609,27,0,0,0,757,656,95,6,0,0,NCR,Quezon City,Quezon City,Maligaya HS,3038,3007,0.5670103092783505,0.37745261057532425,0.05054871965414035,0.004988360492184902,0,1705,1135,152,15,0,851,321,425,95,10,0,784,460,291,28,5,0,633,517,105,11,0,0,739,407,314,18,0,0
301257,2676,0,4,13,12,413,41312,2676,1,4,2,868,865,955,971,860,1056,976,1143,0,0,3659,4035,7694,0.0012000000000000001,0.0023,0.0073,0.0031,0.007,0.0028,0.0031,9.000000000000001e-4,0,0,0.0046,0.0022,0.0034000000000000002,124,62.05,-999,2,133,57.849999999999994,859,8.956926659000002,333,23.110000000000003,-999,-999,-999,-999,-999,-999,-999,-999,-999,-999,0,0,1,Region IV-A,Laguna,Santa Cruz,Pedro Guevara MNHS,7881,7881,2100,87,2,484,768,11,619,129,2100,43,87,412,513,234,477,334,2101,812,10,625,551,0,31,72,2101,68,113,368,259,316,659,318,1758,882,10,521,246,7,89,3,1758,107,208,504,342,258,330,9,1922,965,82,506,365,2,2,0,1922,169,64,674,170,133,641,71,Region IV-A,Laguna,Santa Cruz,Pedro Guevara MNHS,7654,7267,532,1438,2938,1385,2731,3151,1956,333,689,934,2000,407,1104,489,1237,123,428,686,1981,473,543,965,809,48,189,572,1584,140,572,872,906,28,132,746,1702,365,512,825,Region IV-A,Laguna,Santa Cruz,Pedro Guevara MNHS,7809,7574,0.8727224716134145,0.11262212833377346,0.013995246897280171,6.601531555320835e-4,0,6610,853,106,5,0,1974,1338,538,93,5,0,1989,1831,145,13,0,0,1721,1676,45,0,0,0,1890,1765,125,0,0,0,Region IV-A,Laguna,Santa Cruz,Pedro Guevara MNHS,7597,7227,0.7051335270513351,0.24629860246298607,0.04040404040404041,0.006918500069185001,0.0012453300124533001,5096,1780,292,50,9,1933,1004,695,205,27,2,1798,1314,404,65,13,2,1669,1443,204,10,9,3,1827,1335,477,12,1,2
305416,2358,0,15,13,1,1513,151301,2358,0,2,1,459,411,488,466,538,495,508,526,0,0,1993,1898,3891,0,0,0,0,0,0,0,0,0,0,0,0,0,93,41.74,-999,1,59,65.66,3960,0.982575758,140,27.79,-999,-999,-999,-999,-999,-999,-999,-999,-999,-999,0,0,1,NCR,Pasig City,Pasig City District II,Eusebio High School,3831,3824,1068,1041,2,4,2,19,0,0,1038,212,72,132,169,174,103,176,1001,948,0,7,0,46,0,0,971,156,108,85,48,187,273,114,848,832,7,1,0,8,0,0,838,89,90,237,112,119,99,92,907,874,16,1,0,14,2,0,900,124,110,209,97,82,194,84,NCR,Pasig City,Pasig City District II,Eusebio High School,3810,2994,13,62,47,68,1616,1310,27,8,14,5,757,19,392,346,51,3,34,14,791,17,479,295,16,0,9,7,726,17,385,324,28,2,5,21,720,15,360,345,NCR,Pasig City,City of Pasig,Eusebio High School,3817,3814,0.8141059255374935,0.16203460933403252,0.014682747771368644,0.0028841111693759833,0.006292606187729417,3105,618,56,11,24,1063,721,289,48,5,0,1002,857,141,4,0,0,846,724,91,3,4,24,903,803,97,1,2,0,NCR,Pasig City,City of Pasig,Eusebio High School,3807,3807,0.1715261360651432,0.42789598108747057,0.33779879169950094,0.057788284738639346,0.004990806409246125,653,1629,1286,220,19,1054,137,300,543,73,1,996,113,395,412,68,8,859,190,370,262,35,2,898,213,564,69,44,8
305337,2407,0,15,14,1,1514,151401,2407,0,4,1,1051,957,1057,1071,1276,1350,1228,1197,0,0,4612,4575,9187,0.001,0,0,0,0,0,0,0,0,0,2e-4,0,1e-4,76,120.88,-999,3,90,102.08,6147,1.494550187,293,31.35,-999,-999,-999,-999,-999,-999,-999,-999,-999,-999,0,0,1,NCR,Quezon City,School District X,Justice Cecilia Muñoz Palma High School,8673,8350,2472,122,2,145,371,73,656,1103,2523,29,463,495,675,156,267,438,2012,1855,31,70,21,27,8,0,2234,126,198,193,37,1027,550,103,1923,1754,15,104,40,4,2,4,1923,314,387,185,57,634,215,131,1943,1725,0,196,22,0,0,0,1990,191,47,476,91,0,1108,77,NCR,Quezon City,School District X,Justice Cecilia Muñoz Palma High School,8673,8673,250,2095,6328,2092,4398,2183,2523,222,1817,484,2523,642,1549,332,2234,21,122,2091,2234,723,1028,483,1923,7,106,1810,1923,599,743,581,1993,0,50,1943,1993,128,1078,787,NCR,Quezon City,Quezon City,Justice Cecilia Muñoz Palma High School,8690,7844,0.9773074961754207,0.020015298317185112,0.0024222335543090264,2.5497195308516076e-4,0,7666,157,19,2,0,2308,2248,60,0,0,0,2054,1978,58,17,1,0,1676,1675,1,0,0,0,1806,1765,38,2,1,0,NCR,Quezon City,Quezon City,Justice Cecilia Muñoz Palma High School,8401,8190,0.5409035409035409,0.2890109890109891,0.12454212454212456,0.03284493284493284,0.012698412698412698,4430,2367,1020,269,104,2328,286,1036,726,193,87,2053,1111,648,254,36,4,1903,1312,566,25,0,0,1906,1721,117,15,40,13
305353,2332,0,15,14,1,1514,151401,2332,0,2,1,258,210,295,276,329,279,258,257,0,0,1140,1022,2162,0.0078000000000000005,0,0,0,0,0.0072,0.0039,0.0078000000000000005,0,0,0.0026,0.0039,0.0032,25,85.5,-999,2,33,65.77,138,15.666666670000001,78,27.72,-999,-999,-999,-999,-999,-999,-999,-999,-999,-999,0,0,1,NCR,Quezon City,School District XVI,Krus na Ligas HS,1823,1779,386,61,30,80,90,34,62,29,394,6,35,46,94,58,45,110,480,154,29,91,96,30,50,30,477,3,79,52,14,182,68,79,391,185,69,77,0,5,41,14,397,9,79,68,51,126,49,15,522,411,42,17,39,11,2,0,505,44,251,54,11,111,28,6,NCR,Quezon City,School District XVI,Krus na Ligas HS,1823,1761,55,127,786,722,840,199,325,33,66,226,407,164,221,22,326,17,43,266,476,239,189,48,206,1,17,188,377,135,199,43,111,4,1,106,501,184,231,86,NCR,Quezon City,Quezon City,Krus na Ligas HS,1829,1663,0.9170174383644016,0.0757666867107637,0.006614552014431749,6.013229104028864e-4,0,1525,126,11,1,0,404,313,88,3,0,0,446,410,28,8,0,0,394,393,1,0,0,0,419,409,9,0,1,0,NCR,Quezon City,Quezon City,Krus na Ligas HS,1743,1674,0.6696535244922339,0.29091995221027483,0.03524492234169653,0.004181600955794505,0,1121,487,59,7,0,365,227,124,14,0,0,442,182,214,39,7,0,377,344,33,0,0,0,490,368,116,6,0,0
301197,2666,0,4,8,12,408,40812,2666,1,4,1,203,175,200,176,203,221,219,184,0,0,825,756,1581,0.05910000000000001,0.011399999999999999,0.034999999999999996,0.011399999999999999,0.0936,0.036199999999999996,0.0274,0.032600000000000004,0,0,0.05330000000000001,0.023799999999999998,0.0392,18,87.83,-999,1,34,46.5,100,15.81,48,32.94,-999,-999,-999,-999,-999,-999,-999,-999,-999,-999,0,0,1,Region IV-A,Cavite,Silang II,Kaong National High School,1474,1457,442,343,2,35,62,0,0,0,442,194,6,63,109,21,38,11,329,254,0,27,48,0,0,0,329,183,8,18,28,33,39,20,343,334,0,8,0,0,1,0,360,300,2,7,8,17,13,13,343,336,0,1,3,0,3,0,343,256,5,18,27,8,14,15,Region IV-A,Cavite,Silang II,Kaong National High School,1474,165,0,17,148,0,1,30,92,0,5,87,17,0,0,17,60,0,9,51,9,0,0,9,8,0,2,6,4,0,0,4,5,0,1,4,1,0,1,0,Region IV-A,Cavite,Silang,Kaong National High School,1485,1485,0.5946127946127945,0.3562289562289563,0.04377104377104377,0.0053872053872053875,0,883,529,65,8,0,443,205,195,40,3,0,336,272,54,10,0,0,358,166,183,7,2,0,348,240,97,8,3,0,Region IV-A,Cavite,Silang,Kaong National High School,1429,1413,0.06157112526539279,0.3857041755130927,0.32554847841472045,0.15074309978768582,0.07643312101910829,87,545,460,213,108,430,17,137,249,27,0,298,21,142,121,14,0,348,3,1,70,166,108,337,46,265,20,6,0
301236,2672,1,4,13,8,413,41308,2672,1,4,2,142,135,133,128,161,173,157,134,0,0,593,570,1163,0.0141,0.0148,0.0075,0.0078000000000000005,0.0311,0.017300000000000003,0.0191,0.0075,0,0,0.018500000000000003,0.0123,0.0155,17,68.41000000000001,511,2,26,44.730000000000004,249,4.670682731,57,20.4,-999,-999,-999,-999,-999,-999,-999,-999,-999,-999,0,0,1,Region IV-A,Laguna,Nagcarlan-Rizal,Calumpang NHS,1171,1171,341,31,11,33,74,45,45,102,341,34,30,23,34,77,66,77,335,80,3,71,139,3,16,23,335,3,44,24,8,158,46,52,256,100,38,40,39,10,14,15,256,56,27,25,27,61,37,23,239,146,10,32,49,0,2,0,239,3,77,15,1,110,26,7,Region IV-A,Laguna,Nagcarlan-Rizal,Calumpang NHS,1135,1037,16,72,690,52,866,116,293,11,50,232,290,20,251,19,245,3,12,230,322,15,269,38,145,2,8,135,189,17,131,41,95,0,2,93,233,0,215,18,Region IV-A,Laguna,Nagcarlan,Calumpang NHS,1181,1181,0.9127857747671465,0.08467400508044032,0.0016934801016088058,8.46740050804403e-4,0,1078,100,2,1,0,346,276,69,1,0,0,337,317,20,0,0,0,259,250,7,1,1,0,239,235,4,0,0,0,Region IV-A,Laguna,Nagcarlan,Calumpang NHS,1135,1132,0.3719081272084806,0.32773851590106007,0.20759717314487636,0.06625441696113075,0.0265017667844523,421,371,235,75,30,324,34,65,151,55,19,325,106,121,75,13,10,245,178,63,3,1,0,238,103,122,6,6,1
305444,2378,0,15,16,1,1516,151601,2378,0,2,1,182,154,182,196,218,172,168,190,17,6,767,718,1485,0,0.006500000000000001,0.0165,0,0.0092,0.017400000000000002,0.023799999999999998,0.0053,0,0,0.011699999999999999,0.007,0.009399999999999999,28,53.04,-999,1,25,59.4,116,12.80172414,68,21.84,-999,-999,-999,-999,-999,-999,-999,-999,-999,-999,0,0,1,NCR,Valenzuela City,Valenzuela City East District,Maysan National High School,1560,1526,476,59,17,133,38,80,135,14,463,75,89,65,66,45,91,32,378,84,8,175,50,17,35,9,373,46,72,77,20,53,91,14,300,150,0,129,2,0,19,0,293,5,85,63,6,72,58,4,372,111,0,230,19,2,10,0,352,6,83,73,15,87,80,8,NCR,Valenzuela City,Valenzuela City East District,Maysan National High School,1236,494,5,26,145,17,241,236,106,5,13,88,145,7,93,45,37,0,7,30,132,5,76,51,33,0,6,27,111,5,59,47,0,0,0,0,106,0,13,93,NCR,Valenzuela City,City of Valenzuela,Maysan National High School,1499,1499,0.9459639759839893,0.051367578385590404,0.00266844563042028,0,0,1418,77,4,0,0,467,436,30,1,0,0,365,331,31,3,0,0,302,292,10,0,0,0,365,359,6,0,0,0,NCR,Valenzuela City,City of Valenzuela,Maysan National High School,1462,1462,0.6060191518467851,0.2448700410396717,0.10533515731874146,0.028727770177838577,0.015047879616963066,886,358,154,42,22,444,142,154,121,20,7,372,224,78,33,22,15,291,210,81,0,0,0,355,310,45,0,0,0
320306,2439,0,15,3,1,1503,150301,2439,0,4,1,409,340,424,380,395,385,411,448,0,0,1639,1553,3192,0,0,0,0,0,0,0,0,0,0,0,0,0,27,118.22,-999,2,15,212.8,20,159.6,108,29.56,-999,-999,-999,-999,-999,-999,-999,-999,-999,-999,0,0,1,NCR,Las Piñas City,Las Piñas City II,Las Piñas National High School - Almanza,3194,3194,878,4,408,154,23,150,99,40,878,9,25,143,106,194,266,135,882,56,88,161,71,53,286,167,882,3,8,146,63,112,341,209,694,141,56,62,23,260,148,4,694,22,43,213,66,221,125,4,740,118,16,19,1,121,366,99,740,23,80,138,54,145,137,163,NCR,Las Piñas City,Las Piñas City II,Las Piñas National High School - Almanza,3149,3097,0,250,2590,518,1053,1521,868,0,110,758,863,179,288,396,816,0,85,731,869,133,330,406,559,0,45,514,668,100,198,370,597,0,10,587,692,106,237,349,NCR,Las Piñas City,City of Las Piñas,Las Piñas National High School - Almanza,3198,3185,0.9572998430141288,0.041130298273155445,0.0015698587127158552,0,0,3049,131,5,0,0,878,782,92,4,0,0,880,861,18,1,0,0,691,689,2,0,0,0,736,717,19,0,0,0,NCR,Las Piñas City,City of Las Piñas,Las Piñas National High School - Almanza,3235,3171,0.8136234626300853,0.18416903185115108,0.0022075055187637978,0,0,2580,584,7,0,0,875,664,207,4,0,0,884,853,31,0,0,0,688,495,193,0,0,0,724,568,153,3,0,0
301489,2631,0,4,14,1,414,41401,2631,1,2,1,169,150,161,155,165,191,169,162,0,0,664,658,1322,0.029599999999999998,0.02,0.0311,0.0194,0.036399999999999995,0.0157,0.0118,0.0062,0,0,0.0271,0.0152,0.0212,22,58.790000000000006,-999,1,33,39.65,2106,0.627730294,50,26.439999999999998,-999,-999,-999,-999,-999,-999,-999,-999,-999,-999,0,0,1,Region IV-A,Lipa City,Lipa City North Disrict,Bulacnin Integrated NHS,1327,1305,397,0,107,75,26,8,56,125,403,0,21,36,94,37,126,89,336,53,50,67,113,9,18,26,329,0,46,14,12,20,128,109,291,104,62,10,78,7,21,9,285,2,12,57,76,15,68,55,281,89,84,0,96,5,7,0,293,0,37,19,75,38,58,66,Region IV-A,Lipa City,Lipa City North Disrict,Bulacnin Integrated NHS,1293,1253,5,249,969,68,706,470,370,3,216,151,385,35,236,114,303,0,8,295,318,18,176,124,275,2,22,251,275,15,149,111,275,0,3,272,266,0,145,121,Region IV-A,Lipa City,City of Lipa,Bulacnin Integrated NHS,1241,1242,0.9066022544283415,0.09259259259259257,8.051529790660224e-4,0,0,1126,115,1,0,0,325,269,56,0,0,0,333,282,50,1,0,0,290,288,2,0,0,0,294,287,7,0,0,0,Region IV-A,Lipa City,City of Lipa,Bulacnin Integrated NHS,1284,1276,0.7907523510971786,0.17241379310344834,0.0274294670846395,0.004702194357366771,0.004702194357366771,1009,220,35,6,6,377,324,46,7,0,0,314,206,90,15,3,0,292,284,8,0,0,0,293,195,76,13,3,6
301507,2691,0,4,18,1,418,41801,2691,0,4,1,71,64,69,82,78,68,67,57,0,0,285,271,556,0.0563,0,0.028999999999999998,0.0122,0.0256,0.0147,0.0149,0.0175,0,0,0.0316,0.011099999999999999,0.0216,11,50.55,583,1,12,46.33,177,3.1412429379999995,21,26.479999999999997,-999,-999,-999,-999,-999,-999,-999,-999,-999,-999,0,0,1,Region IV-A,San Pablo City,Sto. Angel,Dolores National High School,504,504,130,8,13,46,2,38,23,0,130,0,8,20,11,16,67,8,123,15,40,40,8,18,2,0,123,2,4,9,8,3,26,71,123,44,20,38,5,12,4,0,123,5,10,26,21,4,28,29,128,46,7,58,13,3,0,1,128,2,3,37,20,21,42,3,Region IV-A,San Pablo City,Sto. Angel,Dolores National High School,512,512,50,257,205,27,328,157,139,19,90,30,139,10,92,37,134,18,78,38,134,6,108,20,111,8,34,69,111,2,84,25,128,5,55,68,128,9,44,75,Region IV-A,San Pablo City,City of San Pablo,Dolores National High School,506,506,0.9940711462450593,0.00592885375494071,0,0,0,503,3,0,0,0,130,130,0,0,0,0,123,122,1,0,0,0,123,122,1,0,0,0,130,129,1,0,0,0,Region IV-A,San Pablo City,City of San Pablo,Dolores National High School,512,474,0.820675105485232,0.17721518987341778,0.002109704641350211,0,0,389,84,1,0,0,129,122,7,0,0,0,121,93,27,1,0,0,100,93,7,0,0,0,124,81,43,0,0,0
301456,2628,0,4,17,10,417,41710,2628,1,2,2,199,202,250,254,242,249,256,262,0,0,947,967,1914,0.0201,0.009899999999999999,0.036,0.0157,0.028900000000000002,0.0161,0.0273,0.0115,0,0,0.0285,0.0134,0.020900000000000002,44,43.89,-999,1,70,27.2,2,957,78,24.54,-999,-999,-999,-999,-999,-999,-999,-999,-999,-999,0,0,1,Region IV-A,Rizal,Tanay II,Tanay Sampaloc Integrated National High School,2230,2230,619,119,103,124,170,4,40,59,619,146,76,87,81,49,77,103,642,195,101,152,167,8,6,13,642,6,97,39,12,39,227,222,453,102,60,120,140,0,7,24,453,68,104,56,48,17,50,110,516,158,69,137,141,0,3,8,516,12,102,57,21,12,109,203,Region IV-A,Rizal,Tanay II,Tanay Sampaloc Integrated National High School,2237,2237,50,1278,909,15,1162,1060,639,46,300,293,639,6,277,356,635,4,477,154,635,1,389,245,446,0,174,272,446,3,215,228,517,0,327,190,517,5,281,231,Region IV-A,Rizal,Tanay,Tanay Sampaloc Integrated National High School,2259,2237,0.6817165847116671,0.1497541350022352,0.1537773804202057,0.012963790791238265,0.0017881090746535541,1525,335,344,29,4,641,558,78,5,0,0,659,136,202,307,14,0,445,435,10,0,0,0,492,396,45,32,15,4,Region IV-A,Rizal,Tanay,Tanay Sampaloc Integrated National High School,2263,2200,0.5190909090909089,0.22681818181818184,0.16272727272727275,0.05863636363636365,0.03272727272727272,1142,499,358,129,72,642,298,145,136,63,0,625,144,187,183,45,66,442,365,77,0,0,0,491,335,90,39,21,6
301238,2670,0,4,13,3,413,41303,2670,1,4,2,238,244,266,247,283,276,280,296,0,0,1067,1063,2130,0,0,0.0188,0.0081,0.0071,0.0036,0.0036,0.020300000000000002,0,0,0.0075,0.0085,0.008,38,56.05,-999,2,43,49.53,337,6.3204747769999985,181,11.77,-999,-999,-999,-999,-999,-999,-999,-999,-999,-999,0,0,1,Region IV-A,Laguna,Calauan,Dayap NHS,2244,2205,658,631,23,0,0,4,0,0,621,384,56,46,45,54,19,17,598,593,5,0,0,0,0,0,596,157,185,63,21,131,21,18,437,434,3,0,0,0,0,0,447,149,144,17,3,128,6,0,512,503,9,0,0,0,0,0,512,436,1,23,0,30,22,0,Region IV-A,Laguna,Calauan,Dayap NHS,2136,540,0,5,0,112,244,184,2,0,2,0,74,15,38,21,1,0,1,0,395,92,163,140,0,0,0,0,39,2,19,18,2,0,2,0,32,3,24,5,Region IV-A,Laguna,Calauan,Dayap NHS,2244,2244,0.9010695187165776,0.0944741532976827,0.004456327985739751,0,0,2022,212,10,0,0,658,572,79,7,0,0,621,553,65,3,0,0,452,420,32,0,0,0,513,477,36,0,0,0,Region IV-A,Laguna,Calauan,Dayap NHS,2120,2112,0.6046401515151516,0.32954545454545453,0.05871212121212123,0.007102272727272727,0,1277,696,124,15,0,639,264,273,90,12,0,546,355,159,30,2,0,441,311,126,3,1,0,486,347,138,1,0,0
305438,2274,0,15,16,1,1516,151601,2274,0,2,1,477,454,497,497,460,494,510,519,0,0,1944,1964,3908,0.0356,0.0176,0.0624,0.0282,0.0457,0.0223,0.025500000000000002,0.017300000000000003,0,0,0.0422,0.021400000000000002,0.0317,46,85.08,-999,2,41,95.53,0,-999,118,33.120000000000005,-999,-999,-999,-999,-999,-999,-999,-999,-999,-999,0,0,1,NCR,Valenzuela City,Valenzuela City Central District,Malinta National High School,3626,3525,921,12,37,100,301,153,197,121,908,17,69,223,132,229,197,41,824,113,28,258,259,29,114,23,834,8,35,227,14,148,306,96,869,288,87,262,79,26,106,21,847,42,159,323,37,166,119,1,911,258,7,475,136,0,29,6,897,24,238,207,42,215,162,9,NCR,Valenzuela City,Valenzuela City Central District,Malinta National High School,3626,3275,306,1337,994,304,2619,352,839,136,546,157,847,158,671,18,685,24,327,334,799,66,640,93,476,146,259,71,763,60,658,45,637,0,205,432,866,20,650,196,NCR,Valenzuela City,City of Valenzuela,Malinta National High School,3646,3602,0.937812326485286,0.06052193225985564,0.0013881177123820098,2.77623542476402e-4,0,3378,218,5,1,0,939,780,157,2,0,0,881,844,33,3,1,0,891,883,8,0,0,0,891,871,20,0,0,0,NCR,Valenzuela City,City of Valenzuela,Malinta National High School,3659,3527,0.804649844060108,0.17890558548341373,0.013892826764956057,0.002551743691522542,0,2838,631,49,9,0,916,748,164,4,0,0,851,610,190,43,8,0,882,691,188,2,1,0,878,789,89,0,0,0
305324,2404,0,15,14,1,1514,151401,2404,0,4,1,159,156,162,170,181,163,173,173,0,0,675,662,1337,0.0063,0.0064,0.0062,0.0059,0.0055,0,0.0116,0.0058000000000000005,0,0,0.0074,0.0045000000000000005,0.006,30,44.57,991,1,22,60.77,1430,0.93496503500000006,105,12.729999999999999,-999,-999,-999,-999,-999,-999,-999,-999,-999,-999,0,0,1,NCR,Quezon City,School District II,"Sergio Osmena, Sr. HS",1186,1147,250,14,33,50,9,114,28,2,270,19,37,58,4,119,26,7,313,120,76,13,2,90,11,1,310,113,67,19,5,84,17,5,286,152,96,4,0,28,5,1,292,136,91,5,8,43,8,1,298,218,49,14,4,13,0,0,298,198,52,17,9,18,3,1,NCR,Quezon City,School District II,"Sergio Osmena, Sr. HS",1175,586,47,86,429,11,81,253,235,21,46,168,95,2,33,60,187,20,29,138,86,2,36,48,73,4,9,60,95,4,5,86,67,2,2,63,69,3,7,59,NCR,Quezon City,Quezon City,"Sergio Osmena, Sr. HS",1187,1168,0.9178082191780824,0.08219178082191783,0,0,0,1072,96,0,0,0,275,239,36,0,0,0,305,282,23,0,0,0,294,285,9,0,0,0,294,266,28,0,0,0,NCR,Quezon City,Quezon City,"Sergio Osmena, Sr. HS",1175,1151,0.09643788010425713,0.2276281494352737,0.4613379669852303,0.14596003475238928,0.0686359687228497,111,262,531,168,79,262,15,13,167,62,5,305,32,66,171,35,1,291,29,24,113,54,71,293,35,159,80,17,2
305454,2296,0,15,10,1,1510,151001,2296,0,2,1,54,75,89,65,87,88,89,96,0,0,319,324,643,0,0,0,0,0,0,0,0,0,0,0,0,0,16,41.48,814,1,24,26.67,147,4.37414966,45,14.29,-999,-999,-999,-999,-999,-999,-999,-999,-999,-999,0,0,1,NCR,Navotas,Navotas District I,San Rafael Technological and Vocational High School,566,566,139,35,20,29,30,0,5,20,139,1,2,10,20,13,53,40,179,169,0,0,10,0,0,0,179,0,10,40,62,9,42,16,120,86,0,6,24,0,0,4,120,0,0,4,33,4,47,32,128,105,0,7,13,0,0,3,128,0,0,43,21,0,59,5,NCR,Navotas,Navotas District I,San Rafael Technological and Vocational High School,543,542,0,0,174,0,256,286,104,0,0,104,138,0,70,68,10,0,0,10,163,0,57,106,34,0,0,34,116,0,59,57,26,0,0,26,125,0,70,55,NCR,Navotas,City of Navotas,San Rafael Technological and Vocational High School,563,567,0.871252204585538,0.12345679012345678,0.005291005291005292,0,0,494,70,3,0,0,139,136,3,0,0,0,181,134,44,3,0,0,119,104,15,0,0,0,128,120,8,0,0,0,NCR,Navotas,City of Navotas,San Rafael Technological and Vocational High School,555,506,0,0.00790513833992095,0.7529644268774703,0.20553359683794473,0.03359683794466403,0,4,381,104,17,136,0,4,106,26,0,134,0,0,101,33,0,119,0,0,87,26,6,117,0,0,87,19,11
308122,2583,0,4,17,8,417,41708,2583,0,4,1,93,72,96,95,123,98,92,87,0,0,404,352,756,0,0,0,0,0,0,0,0,0,0,0,0,0,19,39.790000000000006,495,2,11,68.73,0,-999,31,24.39,-999,-999,-999,-999,-999,-999,-999,-999,-999,-999,0,0,1,Region IV-A,Rizal,Rodriguez II,Manggahan National High School,769,769,236,77,28,56,73,0,0,2,236,39,91,47,39,10,5,5,206,165,4,15,20,0,0,2,206,26,58,78,26,9,6,3,145,106,1,10,27,0,0,1,145,26,30,50,26,5,4,4,182,139,1,14,24,0,0,4,182,30,38,77,30,3,2,2,Region IV-A,Rizal,Rodriguez II,Manggahan National High School,797,714,4,7,670,351,267,87,191,2,1,188,201,116,62,23,192,2,1,189,198,104,61,33,133,0,2,131,124,68,45,11,165,0,3,162,182,63,99,20,Region IV-A,Rizal,Rodriguez,Manggahan National High School,824,823,0.8383961117861483,0.14580801944106928,0.015795868772782495,0,0,690,120,13,0,0,267,180,75,12,0,0,214,179,34,1,0,0,154,146,8,0,0,0,188,185,3,0,0,0,Region IV-A,Rizal,Rodriguez,Manggahan National High School,770,769,0.40312093628088436,0.3589076723016905,0.2067620286085826,0.031209362808842647,0,310,276,159,24,0,225,89,64,58,14,0,212,9,118,75,10,0,148,63,77,8,0,0,184,149,17,18,0,0
301508,2639,0,4,18,1,418,41801,2639,0,2,1,156,118,133,127,154,130,131,138,0,0,574,513,1087,0,0,0,0,0,0,0,0,0,0,0,0,0,12,88.44000000000001,653,2,14,78.61,304,3.5756578949999995,37,29.38,-999,-999,-999,-999,-999,-999,-999,-999,-999,-999,0,0,1,Region IV-A,San Pablo City,Fule Almeda,San Bartolome Integrated High School,1136,1111,319,10,85,51,21,87,46,19,311,4,66,24,13,116,69,19,294,31,93,62,40,39,14,15,296,15,34,17,9,98,80,43,249,41,85,34,25,28,24,12,249,2,43,28,26,65,48,37,249,71,49,34,37,25,14,19,216,16,39,23,16,60,43,19,Region IV-A,San Pablo City,Fule Almeda,San Bartolome Integrated High School,1133,1133,103,709,321,147,720,266,324,39,192,93,324,56,196,72,303,31,183,89,303,45,189,69,254,21,161,72,254,28,164,62,252,12,173,67,252,18,171,63,Region IV-A,San Pablo City,City of San Pablo,San Bartolome Integrated High School,1149,1017,0.886922320550639,0.09537856440511308,0.00983284169124877,0.00786627335299902,0,902,97,10,8,0,258,211,43,4,0,0,268,252,16,0,0,0,248,211,23,6,8,0,243,228,15,0,0,0,Region IV-A,San Pablo City,City of San Pablo,San Bartolome Integrated High School,1108,1017,0.3874139626352016,0.5398230088495576,0.06588003933136674,0.005899705014749263,9.83284169124877e-4,394,549,67,6,1,258,148,76,29,5,0,284,155,108,20,1,0,242,87,138,16,0,1,233,4,227,2,0,0
305465,2396,0,15,15,2,1515,151502,2396,1,2,1,408,369,409,415,527,465,538,506,0,0,1882,1755,3637,0,0,0,0,0,0,0,0,0,0,0,0,0,48,75.63,-999,1,44,82.63,387,9.397932817000003,186,19.55,-999,-999,-999,-999,-999,-999,-999,-999,-999,-999,0,0,1,NCR,Taguig City and Pateros,Taguig District III,Western Bicutan NHS,3431,3294,791,570,0,154,52,7,8,0,813,61,85,88,84,142,141,212,938,795,0,114,29,0,0,0,978,139,125,86,38,484,91,15,730,408,0,136,186,0,0,0,780,377,107,76,16,164,36,4,835,718,9,101,5,1,1,0,844,552,104,48,29,51,39,21,NCR,Taguig City and Pateros,Taguig District III,Western Bicutan NHS,3336,2108,6,27,511,286,1107,715,194,1,6,187,738,86,333,319,86,3,3,80,780,104,453,223,158,2,16,140,361,52,190,119,106,0,2,104,229,44,131,54,NCR,Taguig City and Pateros,City of Taguig,Western Bicutan NHS,3410,3397,0.9576096555784518,0.041507212246099504,8.831321754489256e-4,0,0,3253,141,3,0,0,815,742,70,3,0,0,968,922,46,0,0,0,768,764,4,0,0,0,846,825,21,0,0,0,NCR,Taguig City and Pateros,City of Taguig,Western Bicutan NHS,3226,3219,0.2171481826654241,0.46132339235787523,0.2842497670083877,0.03386144765455111,0.0034172103137620384,699,1485,915,109,11,747,50,307,339,51,0,929,171,473,245,29,11,743,229,375,128,11,0,800,249,330,203,18,0
305428,2360,0,15,11,1,1511,151101,2360,1,2,1,181,188,173,205,233,242,315,368,0,0,902,1003,1905,0.0166,0.016,0.017300000000000003,0,0.021500000000000002,0.0124,0.0127,0.0054,0,0,0.0166,0.008,0.0121,53,35.97,-999,1,32,59.949999999999996,145,13.137931029999999,127,15,-999,-999,-999,-999,-999,-999,-999,-999,-999,-999,0,0,1,NCR,Paranaque City,Paranaque City District I,Dr. Arcadio Santos National High School - Main,1556,1547,411,290,14,73,17,6,9,2,412,87,3,33,122,23,57,87,421,276,4,50,78,3,5,5,422,10,23,123,93,22,55,96,339,283,5,31,19,0,0,1,341,16,28,170,61,8,44,14,376,368,0,4,4,0,0,0,376,118,14,102,48,18,45,31,NCR,Paranaque City,Paranaque City District I,Dr. Arcadio Santos National High School - Main,1565,1451,0,45,294,25,666,760,122,0,14,108,351,6,67,278,147,0,15,132,415,10,266,139,62,0,14,48,329,5,175,149,8,0,2,6,356,4,158,194,NCR,Paranaque City,City of Parañaque,Dr. Arcadio Santos National High School - Main,1537,1535,0.9758957654723126,0.0241042345276873,0,0,0,1498,37,0,0,0,371,348,23,0,0,0,429,417,12,0,0,0,357,357,0,0,0,0,378,376,2,0,0,0,NCR,Paranaque City,City of Parañaque,Dr. Arcadio Santos National High School - Main,1564,1564,0.25191815856777494,0.38427109974424556,0.19565217391304346,0.1297953964194374,0.038363171355498715,394,601,306,203,60,408,28,48,141,143,48,425,99,128,141,47,10,345,108,205,18,12,2,386,159,220,6,1,0
301175,2597,0,4,8,7,408,40807,2597,0,2,2,267,231,275,299,258,288,299,298,0,0,1099,1116,2215,0.015,0.0087,0.0618,0.0301,0.0504,0.013900000000000001,0.0468,0.0168,0,0,0.0437,0.017900000000000003,0.030699999999999998,41,54.4,-999,1,65,34.07,217,10.207373269999998,80,27.69,-999,-999,-999,-999,-999,-999,-999,-999,-999,-999,0,0,1,Region IV-A,Cavite,Maragondon,Bucal National Integrated School,2335,2335,700,112,23,52,44,79,215,175,700,335,39,8,102,58,54,104,573,162,25,50,45,60,75,156,573,168,14,135,190,35,15,16,510,482,1,4,9,0,4,10,510,82,65,88,112,28,43,92,552,547,0,0,0,0,1,4,552,95,172,68,39,102,55,21,Region IV-A,Cavite,Maragondon,Bucal National Integrated School,2337,2337,0,3,11,268,358,1711,7,0,3,4,701,106,39,556,5,0,0,5,574,71,108,395,2,0,0,2,509,71,64,374,0,0,0,0,553,20,147,386,Region IV-A,Cavite,Maragondon,Bucal National Integrated School,2320,2320,0.6974137931034482,0.28103448275862075,0.021551724137931043,0,0,1618,652,50,0,0,697,449,220,28,0,0,567,451,111,5,0,0,507,408,99,0,0,0,549,310,222,17,0,0,Region IV-A,Cavite,Maragondon,Bucal National Integrated School,2483,2483,0.04631494160289971,0.2863471606927105,0.2968183648811922,0.29802658074909394,0.07249295207410392,115,711,737,740,180,683,31,11,148,470,23,817,84,379,271,61,22,482,0,173,157,114,38,501,0,148,161,95,97
301437,2677,0,4,17,4,417,41704,2677,0,4,2,0,0,492,524,1048,987,882,842,0,0,2422,2353,4775,0,0,0.0589,0.0267,0.0181,0.0162,0.028300000000000002,0.021400000000000002,0,0,0.0301,0.0204,0.025300000000000003,54,88.43,-999,2,32,149.22,34,140.4411765,168,28.419999999999998,-999,-999,-999,-999,-999,-999,-999,-999,-999,-999,0,0,1,Region IV-A,Rizal,Cainta I (Cainta),Francisco P. Felix Memorial National High School,3989,3989,1034,186,34,151,195,39,104,325,1034,6,100,105,223,332,159,109,1126,282,10,121,641,9,23,40,1126,19,4,62,204,463,149,225,916,531,19,104,176,16,21,49,916,85,184,139,30,78,200,200,913,735,5,8,128,1,0,36,913,365,40,181,23,15,153,136,Region IV-A,Rizal,Cainta I (Cainta),Francisco P. Felix Memorial National High School,3952,3952,101,526,3325,549,1146,2257,1031,65,260,706,1031,160,307,564,1114,12,132,970,1114,233,340,541,912,22,125,765,912,131,301,480,895,2,9,884,895,25,198,672,Region IV-A,Rizal,Cainta,Francisco P. Felix Memorial National High School,3908,3941,0.8952042628774423,0.09388480081197664,0.010403450900786603,5.074854097944681e-4,0,3528,370,41,2,0,1040,860,149,29,2,0,1061,897,152,12,0,0,920,889,31,0,0,0,920,882,38,0,0,0,Region IV-A,Rizal,Cainta,Francisco P. Felix Memorial National High School,4025,3936,0.693089430894309,0.22306910569105692,0.0655487804878049,0.015243902439024392,0.003048780487804878,2728,878,258,60,12,1040,734,108,162,30,6,1061,823,190,42,4,2,919,672,244,2,1,0,916,499,336,52,25,4
320204,2364,0,15,11,1,1511,151101,2364,0,2,1,301,295,265,244,363,296,296,302,0,0,1225,1137,2362,0.0166,0.0034000000000000002,0.0075,0.0082,0.0055,0.013500000000000002,0.016900000000000002,0.0232,0,0,0.011399999999999999,0.0123,0.011899999999999999,45,52.690000000000005,762,3,41,58.05,103,22.932038829999996,131,18.03,-999,-999,-999,-999,-999,-999,-999,-999,-999,-999,0,0,1,NCR,Paranaque City,Paranaque City District II,Sun Valley National High School,2277,2080,590,79,9,140,230,32,34,66,595,2,30,49,83,58,172,201,524,166,7,76,120,19,25,111,535,10,38,43,54,35,159,196,500,210,7,83,90,10,31,69,560,8,27,65,81,44,153,182,466,337,3,25,85,2,7,7,473,6,30,68,87,39,66,177,NCR,Paranaque City,Paranaque City District II,Sun Valley National High School,2288,2096,2,129,1076,457,1122,517,488,1,34,453,569,151,340,78,320,1,31,288,504,120,274,110,290,0,47,243,523,132,189,202,109,0,17,92,500,54,319,127,NCR,Paranaque City,City of Parañaque,Sun Valley National High School,2210,2173,0.9687068568798897,0.02991256327657615,0.0013805798435342846,0,0,2105,65,3,0,0,573,522,50,1,0,0,545,543,2,0,0,0,554,550,2,2,0,0,501,490,11,0,0,0,NCR,Paranaque City,City of Parañaque,Sun Valley National High School,2139,2135,0.5775175644028102,0.36768149882903983,0.04824355971896957,0.006557377049180328,0,1233,785,103,14,0,568,84,428,55,1,0,542,297,223,22,0,0,552,460,57,22,13,0,473,392,77,4,0,0
305447,2380,0,15,5,1,1505,150501,2380,0,2,1,354,350,348,315,329,336,401,425,0,0,1432,1426,2858,0,0,0,0,0,0,0,0,0,0,0,0,0,40,71.59,-999,2,49,57.77,1259,2.2700555999999996,173,16.52,-999,-999,-999,-999,-999,-999,-999,-999,-999,-999,0,0,1,NCR,Malabon City,Malabon District I,Malabon National High School,3145,2871,810,712,6,25,19,9,11,28,764,658,70,14,12,8,1,1,745,680,5,8,21,6,14,11,621,438,95,49,13,15,4,7,698,645,2,13,6,7,16,9,575,553,19,2,1,0,0,0,618,603,3,1,2,4,2,3,566,471,70,18,1,6,0,0,NCR,Malabon City,Malabon District I,Malabon National High School,2898,437,22,65,144,49,181,176,98,7,23,68,106,9,41,56,65,11,22,32,183,35,91,57,53,3,19,31,22,0,17,5,15,1,1,13,95,5,32,58,NCR,Malabon City,City of Malabon,Malabon National High School,2877,2856,0.8974089635854342,0.09943977591036413,0.0028011204481792713,0,3.5014005602240897e-4,2563,284,8,0,1,861,677,178,6,0,0,759,717,40,2,0,0,658,628,30,0,0,0,578,541,36,0,0,1,NCR,Malabon City,City of Malabon,Malabon National High School,2799,2795,0,0.04114490161001789,0.18604651162790697,0.5395348837209302,0.2332737030411449,0,115,520,1508,652,822,0,42,129,445,206,741,0,7,161,415,158,631,0,37,133,325,136,601,0,29,97,323,152
301438,2678,0,4,17,4,417,41704,2678,0,4,1,256,223,251,244,253,278,259,249,0,0,1019,994,2013,0.0273,0.026900000000000004,0.0558,0.0123,0.0316,0.0072,0.0386,0.0201,0,0,0.0383,0.0161,0.0273,13,154.85000000000002,548,4,10,201.3,36,55.91666666999999,86,23.41,-999,-999,-999,-999,-999,-999,-999,-999,-999,-999,0,0,1,Region IV-A,Rizal,Cainta I (Cainta),San Juan National High School,3001,1957,538,3,149,21,0,365,0,0,538,2,40,30,4,411,48,3,546,46,249,82,0,169,0,0,546,0,45,42,17,340,84,18,429,193,100,91,0,45,0,0,429,8,196,28,2,186,9,0,444,102,152,144,0,45,1,0,444,5,130,63,13,209,23,1,Region IV-A,Rizal,Cainta I (Cainta),San Juan National High School,1917,1917,22,1389,506,724,845,348,524,17,364,143,524,119,260,145,514,3,378,133,514,257,195,62,443,2,327,114,443,175,188,80,436,0,320,116,436,173,202,61,Region IV-A,Rizal,Cainta,San Juan National High School,1997,1995,0.9468671679197995,0.05313283208020052,0,0,0,1889,106,0,0,0,543,514,29,0,0,0,546,506,40,0,0,0,456,438,18,0,0,0,450,431,19,0,0,0,Region IV-A,Rizal,Cainta,San Juan National High School,1916,1916,0.4692066805845513,0.4572025052192068,0.06576200417536536,0.006263048016701462,0.0015657620041753656,899,876,126,12,3,524,182,252,85,5,0,514,292,190,32,0,0,443,136,294,6,6,1,435,289,140,3,1,2
308135,2687,0,4,17,8,417,41708,2687,0,4,1,196,181,227,212,264,230,261,225,0,0,948,848,1796,0,0,0,0,0,0,0,0,0,0,0,0,0,21,85.52,405,4,25,71.84,12,149.66666669999998,66,27.21,-999,-999,-999,-999,-999,-999,-999,-999,-999,-999,0,0,1,Region IV-A,Rizal,Rodriguez II,Southville 8C National High School,1765,1743,494,231,17,20,15,94,62,55,488,149,18,17,11,142,109,42,461,333,13,14,8,48,28,17,470,249,110,57,5,41,7,1,359,274,9,42,2,4,22,6,363,161,87,17,10,33,31,24,429,295,26,68,10,22,5,3,420,172,7,58,81,10,45,47,Region IV-A,Rizal,Rodriguez II,Southville 8C National High School,1727,983,60,342,185,73,643,267,249,44,120,85,327,28,219,80,126,14,70,42,216,26,176,14,82,1,71,10,192,11,137,44,130,1,81,48,248,8,111,129,Region IV-A,Rizal,Rodriguez,Southville 8C National High School,1733,1733,0.5216387766878247,0.4235429890363532,0.05481823427582228,0,0,904,734,95,0,0,490,322,134,34,0,0,467,217,189,61,0,0,364,133,231,0,0,0,412,232,180,0,0,0,Region IV-A,Rizal,Rodriguez,Southville 8C National High School,1696,1696,0.3643867924528303,0.47523584905660377,0.14976415094339626,0.010613207547169809,0,618,806,254,18,0,513,213,210,77,13,0,426,105,185,132,4,0,346,225,115,6,0,0,411,75,296,39,1,0
301418,2693,0,4,1,1,401,40101,2693,1,4,1,1460,1377,1624,1535,1619,1453,1506,1564,0,0,6209,5929,12138,0.0137,0.0087,0.0191,0.006500000000000001,0.0358,0.0241,0.017300000000000003,0.0115,0,0,0.0217,0.0126,0.017300000000000003,125,97.1,-999,2,137,88.6,160,75.8625,451,26.91,-999,-999,-999,-999,-999,-999,-999,-999,-999,-999,0,0,1,Region IV-A,Antipolo City,District I-A,Antipolo National High School,11809,11809,3463,22,893,627,164,126,433,1198,3463,9,618,249,76,187,896,1428,3073,448,420,831,590,119,405,260,3073,3,561,242,62,368,723,1114,2592,953,221,568,568,34,116,132,2592,44,708,534,283,89,232,702,2681,1005,0,1586,0,0,90,0,2681,48,714,366,124,238,287,904,Region IV-A,Antipolo City,District I-A,Antipolo National High School,11299,11299,32,4966,6301,1390,6885,3024,3331,30,1855,1446,3331,472,2191,668,2968,2,1662,1304,2968,433,1987,548,2419,0,625,1794,2419,301,1256,862,2581,0,824,1757,2581,184,1451,946,Region IV-A,Antipolo City,City of Antipolo,Antipolo National High School,11812,11786,0.974970303750212,0.02460546410996097,4.242321398269132e-4,0,0,11491,290,5,0,0,3468,3203,260,5,0,0,3060,3037,23,0,0,0,2590,2585,5,0,0,0,2668,2666,2,0,0,0,Region IV-A,Antipolo City,City of Antipolo,Antipolo National High School,11543,10697,0.610545012620361,0.3333644947181453,0.05356642049172665,0.0023371038608955776,1.8696830887164623e-4,6531,3566,573,25,2,3110,1695,1159,246,9,1,2800,1492,1072,232,4,0,2300,1802,423,68,6,1,2487,1542,912,27,6,0
305288,2303,0,15,7,10,1507,150710,2303,1,2,1,313,303,357,345,354,369,344,343,0,0,1368,1360,2728,0.0096,0,0.0252,0.0087,0.0085,0.0027,0.020300000000000002,0.011699999999999999,0,0,0.0161,0.0059,0.011,63,43.39,-999,2,14,192.56,223,12.233183859999999,160,17.05,-999,-999,-999,-999,-999,-999,-999,-999,-999,-999,0,0,1,NCR,Manila,Tondo VIII,Dr. Juan G. Nolasco High School,2891,2891,704,619,2,42,18,5,11,7,704,6,72,65,17,298,165,81,710,580,3,46,38,0,29,14,710,1,79,94,18,439,72,7,732,564,23,98,30,3,7,7,732,52,101,116,19,307,89,48,745,716,0,17,12,0,0,0,745,31,84,194,57,194,123,62,NCR,Manila,Tondo VIII,Dr. Juan G. Nolasco High School,2687,2431,8,161,222,302,965,1164,82,1,39,42,639,6,302,331,132,3,61,68,662,168,227,267,145,3,53,89,536,87,239,210,32,1,8,23,594,41,197,356,NCR,Manila,Tondo I/II,Dr. Juan G. Nolasco High School,2605,2641,0.9367663763725863,0.06247633472169632,7.572889057175312e-4,0,0,2474,165,2,0,0,648,519,127,2,0,0,711,697,14,0,0,0,666,660,6,0,0,0,616,598,18,0,0,0,NCR,Manila,Tondo I/II,Dr. Juan G. Nolasco High School,2767,2698,0.40956263899184586,0.37731653076352856,0.184581171237954,0.021126760563380278,0.0074128984432913275,1105,1018,498,57,20,645,346,80,198,20,1,661,285,303,72,1,0,671,358,302,9,2,0,721,116,333,219,34,19
301265,2603,0,4,13,1,413,41301,2603,1,2,1,178,174,183,178,215,203,216,230,0,0,792,785,1577,0,0,0,0,0,0,0,0,0,0,0,0,0,37,42.190000000000005,-999,1,43,36.57,223,7.071748879,61,25.85,-999,-999,-999,-999,-999,-999,-999,-999,-999,-999,0,0,1,Region IV-A,Laguna,Alaminos,Alaminos Integrated National High School,1606,1606,412,166,63,75,69,16,20,3,412,17,46,27,59,220,31,12,450,434,3,5,0,6,2,0,450,108,69,58,45,67,54,49,348,164,9,102,26,7,30,10,348,6,66,86,0,74,109,7,396,103,5,196,39,3,5,45,396,2,65,55,20,176,53,25,Region IV-A,Laguna,Alaminos,Alaminos Integrated National High School,1561,1561,43,349,1169,212,449,900,425,43,101,281,425,156,104,165,433,0,63,370,433,16,139,278,328,0,103,225,328,10,100,218,375,0,82,293,375,30,106,239,Region IV-A,Laguna,Alaminos,Alaminos Integrated National High School,1606,1607,0.9894212818917235,0.009956440572495331,6.222775357809583e-4,0,0,1590,16,1,0,0,412,408,3,1,0,0,451,443,8,0,0,0,348,346,2,0,0,0,396,393,3,0,0,0,Region IV-A,Laguna,Alaminos,Alaminos Integrated National High School,1559,1559,0.45542014111610013,0.3534316869788326,0.12572161642078253,0.05452212957023734,0.010904425914047468,710,551,196,85,17,425,3,204,123,78,17,433,247,134,47,5,0,328,186,117,25,0,0,373,274,96,1,2,0
305442,2376,0,15,16,1,1516,151601,2376,0,2,1,134,138,156,140,161,132,150,144,0,0,601,554,1155,0.0448,0.0072,0.032100000000000004,0.021400000000000002,0.0124,0.022699999999999998,0.013300000000000001,0.0069,0,0,0.025,0.0144,0.0199,27,42.720000000000006,791,1,27,42.720000000000006,390,2.961538462,48,24.06,-999,-999,-999,-999,-999,-999,-999,-999,-999,-999,0,0,1,NCR,Valenzuela City,Valenzuela City East District,Parada National High School,1095,712,182,90,9,12,14,12,21,24,270,2,48,21,45,56,64,34,151,106,8,5,15,1,2,14,277,0,29,47,54,35,45,67,194,82,11,13,30,8,16,34,275,1,23,34,71,12,57,77,185,87,6,5,39,3,4,41,270,0,12,31,94,13,39,81,NCR,Valenzuela City,Valenzuela City East District,Parada National High School,1044,984,85,630,127,707,226,30,253,36,190,27,249,187,50,12,256,24,199,33,239,207,32,0,172,18,123,31,232,154,69,9,161,7,118,36,243,159,75,9,NCR,Valenzuela City,City of Valenzuela,Parada National High School,1092,1092,0.9514652014652014,0.04853479853479854,0,0,0,1039,53,0,0,0,272,237,35,0,0,0,276,264,12,0,0,0,274,271,3,0,0,0,270,267,3,0,0,0,NCR,Valenzuela City,City of Valenzuela,Parada National High School,1028,1028,0.3443579766536965,0.5058365758754864,0.11964980544747081,0.026264591439688716,0.0038910505836575876,354,520,123,27,4,267,54,104,90,18,1,253,90,144,18,1,0,260,125,110,14,8,3,248,85,162,1,0,0
500339,2290,0,15,5,1,1505,150501,2290,0,3,1,164,179,178,187,177,217,188,198,0,0,707,781,1488,0.0122,0.0112,0.0056,0.0107,0.016900000000000002,0.018400000000000003,0,0.0051,0,0,0.0085,0.0115,0.0101,9,165.33,-999,1,16,93,431,3.4524361949999993,47,31.66,-999,-999,-999,-999,-999,-999,-999,-999,-999,-999,0,0,1,NCR,Malabon City,Malabon District II,Tañong IS,1463,1463,369,6,59,68,64,100,50,22,369,9,49,54,62,140,45,10,391,17,33,104,71,81,50,35,391,15,73,34,13,120,75,61,332,86,155,20,1,23,32,15,332,39,48,51,38,52,48,56,371,71,222,25,3,43,5,2,371,12,111,48,4,162,32,2,NCR,Malabon City,Malabon District II,Tañong IS,1390,1390,3,46,1341,10,190,1190,348,1,7,340,348,2,61,285,379,2,4,373,379,4,77,298,314,0,15,299,314,2,33,279,349,0,20,329,349,2,19,328,NCR,Malabon City,City of Malabon,Tañong IS,1441,1441,0.7099236641221374,0.2838306731436504,0.0062456627342123506,0,0,1023,409,9,0,0,365,245,111,9,0,0,380,356,24,0,0,0,332,324,8,0,0,0,364,98,266,0,0,0,NCR,Malabon City,City of Malabon,Tañong IS,1404,1400,0.3742857142857143,0.5021428571428571,0.10357142857142859,0.02,0,524,703,145,28,0,352,91,165,77,19,0,373,209,164,0,0,0,311,203,102,5,1,0,364,21,272,63,8,0
305435,2278,0,15,3,1,1503,150301,2278,0,4,1,203,170,194,237,196,197,214,234,0,0,807,838,1645,0,0,0,0,0,0,0,0,0,0,0,0,0,25,65.8,996,2,22,74.77,0,-999,105,15.67,-999,-999,-999,-999,-999,-999,-999,-999,-999,-999,0,0,1,NCR,Las Piñas City,Las Piñas City II,Talon Village National High School,1700,1700,474,265,19,46,35,28,41,40,474,8,31,45,85,107,79,119,439,246,25,33,31,36,31,37,439,0,75,55,17,130,80,82,364,289,13,13,6,19,14,10,364,26,104,48,21,119,39,7,423,368,7,5,14,7,6,16,423,17,73,47,23,194,62,7,NCR,Las Piñas City,Las Piñas City II,Talon Village National High School,1684,821,0,211,305,239,79,411,206,0,58,148,127,53,25,49,199,0,106,93,186,48,28,110,59,0,27,32,179,88,14,77,52,0,20,32,237,50,12,175,NCR,Las Piñas City,City of Las Piñas,Talon Village National High School,1685,1684,0.6989311163895487,0.2547505938242281,0.046318289786223286,0,0,1177,429,78,0,0,473,182,214,77,0,0,447,354,93,0,0,0,337,324,13,0,0,0,427,317,109,1,0,0,NCR,Las Piñas City,City of Las Piñas,Talon Village National High School,1689,1684,0.14370546318289795,0.4910926365795725,0.29750593824228033,0.06591448931116388,0.0017814726840855108,242,827,501,111,3,467,34,160,196,75,2,445,47,162,203,32,1,348,128,137,79,4,0,424,33,368,23,0,0
308134,2584,0,4,17,8,417,41708,2584,0,4,1,266,214,298,302,331,298,291,307,0,0,1186,1121,2307,0.0188,0.0093,0.0268,0.013200000000000002,0.0332,0.0201,0.0137,0.006500000000000001,0,0,0.0236,0.0125,0.0182,57,40.47,-999,1,44,52.43,0,-999,79,29.2,-999,-999,-999,-999,-999,-999,-999,-999,-999,-999,0,0,1,Region IV-A,Rizal,Rodriguez II,Southville 8B National High School,2103,2103,643,127,40,139,87,63,132,55,643,15,8,54,138,101,209,118,533,191,20,127,54,27,56,58,533,6,92,127,23,23,153,109,435,228,90,62,15,3,20,17,435,35,152,164,19,14,32,19,492,412,44,20,8,5,2,1,492,47,99,94,62,83,70,37,Region IV-A,Rizal,Rodriguez II,Southville 8B National High School,2103,2103,83,437,1583,66,885,1152,643,43,223,377,643,50,345,248,533,22,157,354,533,16,200,317,435,18,47,370,435,0,141,294,492,0,10,482,492,0,199,293,Region IV-A,Rizal,Rodriguez,Southville 8B National High School,2347,2335,0.7683083511777301,0.22141327623126342,0.010278372591006427,0,0,1794,517,24,0,0,711,480,213,18,0,0,592,527,61,4,0,0,480,447,33,0,0,0,552,340,210,2,0,0,Region IV-A,Rizal,Rodriguez,Southville 8B National High School,2266,2226,0.6585804132973946,0.3216531895777179,0.018418688230008983,0.0013477088948787063,0,1466,716,41,3,0,703,416,269,18,0,0,551,398,132,20,1,0,446,408,38,0,0,0,526,244,277,3,2,0
305452,2385,0,15,5,1,1505,150501,2385,0,2,1,342,327,342,345,378,342,366,390,0,0,1428,1404,2832,0,0,0,0,0,0,0,0,0,0,0,0,0,32,87.58,986,3,27,105.1,682,4.152492668999999,134,21.130000000000003,-999,-999,-999,-999,-999,-999,-999,-999,-999,-999,0,0,1,NCR,Malabon City,Malabon District IV,Tinajeros NHS,2548,2548,693,258,103,62,34,128,62,46,693,148,25,133,60,79,238,10,625,315,22,62,21,40,117,48,625,151,24,136,65,55,120,74,590,335,48,42,60,24,42,39,590,198,20,112,75,47,56,82,640,368,20,25,57,23,28,119,640,236,18,90,107,23,34,132,NCR,Malabon City,Malabon District IV,Tinajeros NHS,2649,1916,7,86,1179,127,472,1317,435,5,55,375,617,69,124,424,310,2,19,289,517,31,198,288,255,0,10,245,398,15,87,296,272,0,2,270,384,12,63,309,NCR,Malabon City,City of Malabon,Tinajeros NHS,2702,2653,0.9068978514888808,0.08970976253298153,0.003392385978137956,0,0,2406,238,9,0,0,736,638,93,5,0,0,678,603,71,4,0,0,604,555,49,0,0,0,635,610,25,0,0,0,NCR,Malabon City,City of Malabon,Tinajeros NHS,2651,2608,0.018788343558282208,0.17638036809815952,0.4018404907975461,0.28680981595092037,0.116180981595092,49,460,1048,748,303,755,4,27,288,316,120,648,24,158,281,149,36,593,9,65,187,219,113,612,12,210,292,64,34
312330,1763,1,7,3,8,703,70308,1763,0,2,1,25,29,43,46,57,52,54,65,0,0,179,192,371,0,0,0,0,0,0,0,0,0,0,0,0,0,6,59.67,276,1.34,2.7600000000000002,134.25,35,10.6,7,53,-999,-999,-999,-999,-999,-999,-999,-999,-999,-999,0,1,0,Region VII,Bohol,Talibon I,Santo Nino High School,352,352,88,0,0,18,16,10,18,26,88,0,0,6,4,10,48,20,120,1,0,16,25,12,24,42,120,0,7,13,7,43,28,22,56,8,2,17,13,4,5,7,56,1,0,7,7,5,24,12,88,25,13,24,22,3,1,0,88,0,0,14,22,4,43,5,Region VII,Bohol,Talibon I,Santo Nino High School,343,343,18,167,158,18,193,132,86,3,46,37,86,4,52,30,115,8,48,59,115,10,50,55,55,3,30,22,55,2,33,20,87,4,43,40,87,2,58,27,Region VII,Bohol,Talibon,Santo Nino High School,354,354,0.9971751412429376,0.0028248587570621473,0,0,0,353,1,0,0,0,89,89,0,0,0,0,120,120,0,0,0,0,57,57,0,0,0,0,88,87,1,0,0,0,Region VII,Bohol,Talibon,Santo Nino High School,345,334,0.715568862275449,0.2574850299401198,0.02395209580838324,0.002994011976047904,0,239,86,8,1,0,84,52,25,7,0,0,116,87,28,1,0,0,48,44,4,0,0,0,86,56,29,0,1,0
305710,1756,1,7,3,2,703,70302,1756,0,4,1,39,31,50,43,40,36,43,46,0,0,172,156,328,0,0,0,0,0.025,0.0278,0,0,0,0,0.0058000000000000005,0.0064,0.0061,3,109.33,326,1.01,4,82,4,82,4,82,-999,-999,-999,-999,-999,-999,-999,-999,-999,-999,0,1,0,Region VII,Bohol,Bilar,Campagao High School,303,303,86,5,11,18,23,5,9,15,86,3,24,23,15,1,9,11,71,11,9,14,22,5,3,7,71,8,13,13,10,5,7,15,68,16,8,13,17,3,5,6,68,11,9,13,14,2,6,13,78,19,9,13,19,2,5,11,78,17,7,13,15,6,11,9,Region VII,Bohol,Bilar,Campagao High School,299,299,17,120,162,12,165,122,83,8,42,33,83,3,67,13,68,5,37,26,68,2,18,48,67,3,26,38,67,5,35,27,81,1,15,65,81,2,45,34,Region VII,Bohol,Bilar,Campagao High School,303,303,0.9801980198019802,0.019801980198019806,0,0,0,297,6,0,0,0,86,80,6,0,0,0,71,71,0,0,0,0,68,68,0,0,0,0,78,78,0,0,0,0,Region VII,Bohol,Bilar,Campagao High School,299,299,0.8160535117056855,0.1538461538461539,0.03010033444816054,0,0,244,46,9,0,0,83,58,17,8,0,0,68,43,24,1,0,0,67,64,3,0,0,0,81,79,2,0,0,0
305655,2059,1,11,1,1,1101,110101,2059,0,4,1,5,10,14,11,8,11,4,13,0,0,31,45,76,0,0,0,0,0,0,0,0,0,0,0,0,0,1,76,103,0.74,1,76,0,0,1,76,-999,-999,-999,-999,-999,-999,-999,-999,-999,-999,0,1,0,Region XI,Davao City,Marilog,Datu Lompipi National High School,100,100,27,2,0,9,3,2,10,1,27,1,0,10,3,2,11,0,28,4,0,8,7,1,8,0,28,2,1,9,4,1,11,0,20,3,0,3,5,2,7,0,20,2,0,8,2,2,6,0,25,4,0,10,7,0,4,0,25,4,0,8,4,1,8,0,Region XI,Davao City,Marilog,Datu Lompipi National High School,93,93,3,30,60,3,36,54,26,1,9,16,26,1,11,14,25,1,7,17,25,1,9,15,16,1,5,10,16,1,6,9,26,0,9,17,26,0,10,16,Region XI,Davao City,City of Davao,Datu Lompipi National High School,101,101,0.5445544554455446,0.3069306930693069,0.14851485148514854,0,0,55,31,15,0,0,27,17,8,2,0,0,28,13,12,3,0,0,21,14,3,4,0,0,25,11,8,6,0,0,Region XI,Davao City,City of Davao,Datu Lompipi National High School,97,93,0.16129032258064518,0.38709677419354843,0.3440860215053763,0.10752688172043014,0,15,36,32,10,0,26,4,10,11,1,0,26,4,11,7,4,0,14,2,7,4,1,0,27,5,8,10,4,0
305581,1757,1,7,3,3,703,70303,1757,0,2,1,13,17,20,19,16,20,25,17,0,0,74,73,147,0,0,0,0,0,0,0,0,0,0,0,0,0,3,51.5,61,2.42,4.28,34.33,0,0,1,147,-999,-999,-999,-999,-999,-999,-999,-999,-999,-999,0,1,0,Region VII,Bohol,Carmen,Valeriano Ganas High School,164,164,46,5,4,13,6,2,3,13,46,2,7,2,2,5,19,9,46,3,8,8,10,0,6,11,46,0,2,2,1,4,25,12,31,8,4,5,5,0,4,5,31,0,0,0,0,10,17,4,41,18,0,7,13,0,2,1,41,0,1,0,0,24,13,3,Region VII,Bohol,Carmen,Valeriano Ganas High School,162,162,18,84,60,35,116,9,49,6,32,11,47,9,29,9,45,4,22,19,45,10,35,0,28,3,11,14,28,8,20,0,40,5,19,16,40,8,32,0,Region VII,Bohol,Carmen,Valeriano Ganas High School,163,163,0.9079754601226995,0.07975460122699388,0.012269938650306749,0,0,148,13,2,0,0,46,36,8,2,0,0,46,45,1,0,0,0,31,28,3,0,0,0,40,39,1,0,0,0,Region VII,Bohol,Carmen,Valeriano Ganas High School,164,163,0.7300613496932514,0.22699386503067484,0.03067484662576687,0.0061349693251533735,0.0061349693251533735,119,37,5,1,1,49,17,25,5,1,1,45,35,10,0,0,0,29,28,1,0,0,0,40,39,1,0,0,0
303130,1764,1,7,3,9,703,70309,1764,0,2,1,55,61,110,85,98,84,94,98,0,0,357,328,685,0.036399999999999995,0.0328,0.009099999999999999,0,0.0612,0.035699999999999996,0.042600000000000006,0.0204,0,0,0.036399999999999995,0.021300000000000003,0.029199999999999997,1,1111,432,1.59,3.11,220.09,0,0,15,45.67,-999,-999,-999,-999,-999,-999,-999,-999,-999,-999,0,1,0,Region VII,Bohol,Ubay I (Northeast),Erico B. Aumentado High School,736,735,196,0,11,9,18,111,34,13,196,0,7,4,5,145,16,19,193,0,5,9,1,139,31,8,193,0,5,9,1,139,31,8,138,9,34,12,0,37,35,11,138,0,23,5,2,77,29,2,208,21,109,16,4,53,3,2,208,0,23,6,1,146,27,5,Region VII,Bohol,Ubay I (Northeast),Erico B. Aumentado High School,689,689,352,214,123,421,225,43,184,85,44,55,184,108,54,22,177,152,17,8,177,153,17,7,133,65,41,27,133,105,24,4,195,50,112,33,195,55,130,10,Region VII,Bohol,Ubay,Erico B. Aumentado High School,730,730,0.8589041095890412,0.1410958904109589,0,0,0,627,103,0,0,0,193,154,39,0,0,0,190,183,7,0,0,0,139,139,0,0,0,0,208,151,57,0,0,0,Region VII,Bohol,Ubay,Erico B. Aumentado High School,688,687,0.8253275109170305,0.16011644832605534,0.014556040756914126,0,0,567,110,10,0,0,182,103,70,9,0,0,177,164,12,1,0,0,133,131,2,0,0,0,195,169,26,0,0,0
312354,1765,1,7,3,9,703,70309,1765,0,2,1,4,13,12,8,9,12,12,18,0,0,37,51,88,0,0,0,0,0,0,0,0,0,0,0,0,0,2,52.67,100,0.88,2.23,39.5,15,5.87,1,88,-999,-999,-999,-999,-999,-999,-999,-999,-999,-999,0,1,0,Region VII,Bohol,Ubay III (Southwest),Hambabauran HS,113,113,28,10,2,5,6,1,2,2,28,10,2,5,6,1,2,2,39,14,3,6,11,1,2,2,39,15,2,5,10,2,2,3,22,14,0,2,4,0,1,1,22,14,0,2,3,1,1,1,24,15,0,3,4,0,1,1,24,16,0,3,3,0,1,1,Region VII,Bohol,Ubay III (Southwest),Hambabauran HS,103,103,5,35,63,5,41,57,27,2,10,15,27,2,14,11,37,2,12,23,37,2,15,20,19,1,6,12,19,1,7,11,20,0,7,13,20,0,5,15,Region VII,Bohol,Ubay,Hambabauran HS,112,112,0.9910714285714286,0.008928571428571426,0,0,0,111,1,0,0,0,28,27,1,0,0,0,38,38,0,0,0,0,22,22,0,0,0,0,24,24,0,0,0,0,Region VII,Bohol,Ubay,Hambabauran HS,103,103,0.9611650485436893,0.03883495145631067,0,0,0,99,4,0,0,0,27,23,4,0,0,0,37,37,0,0,0,0,19,19,0,0,0,0,20,20,0,0,0,0
305849,2103,1,11,5,3,1105,110503,2103,0,4,1,18,22,19,14,19,11,13,14,0,0,69,61,130,0,0,0,0,0.05260000000000001,0,0,0,0,0,0.0145,0,0.0077,9,14.44,100,1.3,6,21.67,0,0,3,43.33,-999,-999,-999,-999,-999,-999,-999,-999,-999,-999,0,1,0,Region XI,Davao Occidental,Malita West,Mahayahay National High School,112,112,37,5,3,9,14,1,2,3,37,5,4,13,9,1,2,3,29,1,3,8,8,3,4,2,29,2,3,8,7,3,4,2,25,5,0,9,10,0,0,1,25,4,0,9,11,0,0,1,21,5,1,6,8,0,0,1,21,1,0,13,6,0,0,1,Region XI,Davao Occidental,Malita West,Mahayahay National High School,113,91,7,59,25,25,58,5,28,3,20,5,28,10,17,1,21,3,13,5,21,5,15,1,23,1,15,7,23,5,17,1,19,0,11,8,16,5,9,2,Region XI,Davao Occidental,Malita,Mahayahay National High School,112,110,0.9909090909090911,0.00909090909090909,0,0,0,109,1,0,0,0,38,37,1,0,0,0,29,29,0,0,0,0,25,25,0,0,0,0,18,18,0,0,0,0,Region XI,Davao Occidental,Malita,Mahayahay National High School,113,97,0.7628865979381443,0.2268041237113402,0.010309278350515465,0,0,74,22,1,0,0,32,20,11,1,0,0,26,16,10,0,0,0,23,22,1,0,0,0,16,16,0,0,0,0
305500,2055,1,11,1,1,1101,110101,2055,0,4,1,10,11,20,13,12,11,12,7,0,0,54,42,96,0,0.0909,0.05,0,0,0,0,0.14290000000000003,0,0,0.018500000000000003,0.0476,0.0313,4,24,85,1.1300000000000001,14,6.859999999999999,3,32,2,48,-999,-999,-999,-999,-999,-999,-999,-999,-999,-999,0,1,0,Region XI,Davao City,Malabog,Cabonbon National High School,119,119,36,0,0,0,3,12,17,4,36,0,0,1,2,17,16,0,34,0,0,1,1,12,18,2,34,0,0,2,0,18,12,2,20,0,1,7,0,9,3,0,20,0,3,5,0,9,3,0,29,0,1,6,1,12,7,2,29,0,0,7,0,14,8,0,Region XI,Davao City,Malabog,Cabonbon National High School,123,123,38,69,16,21,87,15,36,16,17,3,36,6,25,5,35,9,19,7,35,6,24,5,23,4,17,2,23,3,18,2,29,9,16,4,29,6,20,3,Region XI,Davao City,City of Davao,Cabonbon National High School,117,117,0.9487179487179485,0.05128205128205129,0,0,0,111,6,0,0,0,36,32,4,0,0,0,32,32,0,0,0,0,20,20,0,0,0,0,29,27,2,0,0,0,Region XI,Davao City,City of Davao,Cabonbon National High School,123,123,0.9186991869918699,0.08130081300813008,0,0,0,113,10,0,0,0,36,32,4,0,0,0,35,31,4,0,0,0,23,23,0,0,0,0,29,27,2,0,0,0
312355,1759,1,7,3,4,703,70304,1759,0,2,1,15,17,27,22,28,29,23,17,0,0,93,85,178,0,0.058800000000000005,0.07410000000000001,0,0,0,0.043500000000000004,0,0,0,0.0323,0.0118,0.0225,6,29.67,93,1.91,5.33,33.379999999999995,2,89,2,89,-999,-999,-999,-999,-999,-999,-999,-999,-999,-999,0,1,0,Region VII,Bohol,Cortes,Lourdes High School,153,153,38,0,3,11,1,10,12,1,38,0,0,6,3,8,19,2,37,20,1,3,2,3,7,1,37,0,0,3,4,6,18,6,34,20,2,4,2,1,3,2,34,0,0,4,2,1,22,5,44,19,1,2,6,3,10,3,44,0,3,8,7,7,19,0,Region VII,Bohol,Cortes,Lourdes High School,147,147,0,34,113,0,96,51,38,0,16,22,38,0,28,10,38,0,6,32,38,0,22,16,30,0,5,25,30,0,18,12,41,0,7,34,41,0,28,13,Region VII,Bohol,Cortes,Lourdes High School,154,154,0.9675324675324674,0.03246753246753246,0,0,0,149,5,0,0,0,39,34,5,0,0,0,37,37,0,0,0,0,34,34,0,0,0,0,44,44,0,0,0,0,Region VII,Bohol,Cortes,Lourdes High School,145,145,0.9448275862068967,0.05517241379310346,0,0,0,137,8,0,0,0,38,33,5,0,0,0,38,37,1,0,0,0,28,27,1,0,0,0,41,40,1,0,0,0
501903,2095,1,11,10,1,1110,111001,2095,0,3,1,25,20,24,21,16,13,22,11,0,0,87,65,152,0,0,0,0,0,0,0,0,0,0,0,0,0,3,50.67,30,5.07,3,50.67,0,0,1,152,-999,-999,-999,-999,-999,-999,-999,-999,-999,-999,0,1,0,Region XI,Panabo City,Panabo South,Lorenzo T. Concepcion Integrated School,110,110,30,0,2,2,1,15,8,2,30,0,0,4,1,15,8,2,40,3,5,2,1,22,5,2,40,0,0,1,1,27,10,1,17,1,1,6,1,5,3,0,17,0,0,0,1,11,3,2,23,4,3,12,2,2,0,0,23,0,2,2,1,5,12,1,Region XI,Panabo City,Panabo South,Lorenzo T. Concepcion Integrated School,110,110,38,48,24,43,54,13,31,10,16,5,31,12,17,2,37,17,16,4,37,18,16,3,17,7,6,4,17,8,6,3,25,4,10,11,25,5,15,5,Region XI,Panabo City,City of Panabo,Lorenzo T. Concepcion Integrated School,110,110,0.9181818181818183,0.08181818181818182,0,0,0,101,9,0,0,0,30,25,5,0,0,0,40,38,2,0,0,0,17,17,0,0,0,0,23,21,2,0,0,0,Region XI,Panabo City,City of Panabo,Lorenzo T. Concepcion Integrated School,110,107,0.6915887850467286,0.2710280373831776,0.037383177570093455,0,0,74,29,4,0,0,31,14,16,1,0,0,35,24,8,3,0,0,16,15,1,0,0,0,25,21,4,0,0,0
500665,1808,0,7,5,27,705,70527,1808,0,1,1,32,33,32,52,33,49,57,52,0,0,154,186,340,0.0625,0.0303,0.0938,0.07690000000000001,0.0303,0.0204,0.1053,0.0192,0,0,0.07790000000000001,0.0376,0.0559,8,43.17,171,1.99,7.22,47.09,6,56.67,6,56.67,-999,-999,-999,-999,-999,-999,-999,-999,-999,-999,0,1,0,Region VII,Cebu,San Remegio II,Tambongon IS,337,337,107,1,8,9,10,24,29,26,107,1,4,7,6,42,24,23,92,1,1,12,23,15,27,13,92,0,4,4,6,56,17,5,63,1,5,8,9,25,10,5,63,0,12,3,8,31,7,2,75,7,37,13,12,6,0,0,75,1,4,6,5,21,20,18,Region VII,Cebu,San Remegio II,Tambongon IS,329,322,198,85,34,282,34,6,102,66,30,6,102,98,3,1,85,33,33,19,86,79,5,2,59,46,10,3,62,52,9,1,71,53,12,6,72,53,17,2,Region VII,Cebu,San Remigio,Tambongon IS,338,338,0.9911242603550295,0.008875739644970414,0,0,0,335,3,0,0,0,107,107,0,0,0,0,92,90,2,0,0,0,62,62,0,0,0,0,77,76,1,0,0,0,Region VII,Cebu,San Remigio,Tambongon IS,330,330,1,0,0,0,0,330,0,0,0,0,105,105,0,0,0,0,88,88,0,0,0,0,63,63,0,0,0,0,74,74,0,0,0,0
312462,1782,0,7,5,20,705,70520,1782,0,2,1,13,12,9,12,15,13,13,8,0,0,50,45,95,0,0,0,0,0,0,0,0,0,0,0,0,0,2,48,92,1.03,2.64,36,20,4.75,2,47.5,-999,-999,-999,-999,-999,-999,-999,-999,-999,-999,0,1,0,Region VII,Cebu,Malabuyoc,Mahanlud NHS,80,72,16,0,1,3,2,9,1,0,16,0,3,1,1,3,5,3,19,0,6,4,5,2,1,1,18,0,2,0,0,9,4,3,23,6,0,5,2,3,4,3,23,0,6,2,1,14,0,0,14,4,6,1,3,0,0,0,14,0,2,0,1,7,3,1,Region VII,Cebu,Malabuyoc,Mahanlud NHS,79,79,2,7,70,4,12,63,18,0,4,14,18,1,3,14,20,0,2,18,20,1,2,17,26,2,0,24,26,2,4,20,15,0,1,14,15,0,3,12,Region VII,Cebu,Malabuyoc,Mahanlud NHS,80,83,0.8674698795180725,0.13253012048192775,0,0,0,72,11,0,0,0,18,14,4,0,0,0,20,16,4,0,0,0,29,26,3,0,0,0,16,16,0,0,0,0,Region VII,Cebu,Malabuyoc,Mahanlud NHS,79,76,0.7368421052631579,0.26315789473684215,0,0,0,56,20,0,0,0,17,13,4,0,0,0,20,16,4,0,0,0,25,18,7,0,0,0,14,9,5,0,0,0
306038,2023,0,11,2,2,1102,110202,2023,0,4,1,11,12,13,20,11,8,7,12,0,0,42,52,94,0,0,0.07690000000000001,0,0,0,0.14290000000000003,0,0,0,0.0476,0,0.021300000000000003,6,15.67,89,1.06,2,47,15,6.2700000000000005,1,94,-999,-999,-999,-999,-999,-999,-999,-999,-999,-999,0,1,0,Region XI,Davao De Oro,Laak,Mangloy National High School,115,115,33,0,0,1,11,1,7,13,33,0,1,0,7,10,7,8,28,0,1,1,14,1,5,6,28,0,0,1,2,10,9,6,25,0,0,3,13,0,4,5,25,0,1,1,6,2,9,6,29,1,1,18,6,1,1,1,29,0,2,2,3,6,6,10,Region XI,Davao De Oro,Laak,Mangloy National High School,116,116,0,78,38,8,68,40,34,0,33,1,34,4,23,7,29,0,23,6,29,2,14,13,24,0,14,10,24,2,14,8,29,0,8,21,29,0,17,12,Region XI,Davao De Oro,Laak,Mangloy National High School,115,115,0.8086956521739133,0.18260869565217389,0.008695652173913044,0,0,93,21,1,0,0,33,14,18,1,0,0,28,27,1,0,0,0,25,25,0,0,0,0,29,27,2,0,0,0,Region XI,Davao De Oro,Laak,Mangloy National High School,115,111,0,0.6666666666666664,0.1801801801801802,0.15315315315315314,0,0,74,20,17,0,33,0,19,8,6,0,28,0,25,2,1,0,21,0,13,4,4,0,29,0,17,6,6,0
500221,1807,0,7,5,27,705,70527,1807,0,1,1,16,10,19,25,20,21,11,12,0,0,66,68,134,0,0.1,0.1053,0,0.05,0.0476,0,0,0,0,0.0455,0.0294,0.0373,14,9.9,178,0.75,17.6,7.619999999999999,16,8.38,3,44.67,-999,-999,-999,-999,-999,-999,-999,-999,-999,-999,0,1,0,Region VII,Cebu,San Remegio II,Busogon Integrated School,121,116,32,0,0,3,1,10,13,5,22,1,5,4,2,7,1,2,26,0,0,3,3,8,7,5,25,0,1,2,6,9,4,3,24,0,4,6,2,4,3,5,18,1,4,3,3,5,0,2,34,1,0,4,2,6,16,5,31,1,4,3,3,7,7,6,Region VII,Cebu,San Remegio II,Busogon Integrated School,111,95,56,24,0,79,11,2,22,17,5,0,24,23,1,0,12,9,3,0,25,21,3,1,22,14,8,0,20,18,2,0,24,16,8,0,23,17,5,1,Region VII,Cebu,San Remigio,Busogon Integrated School,121,107,0.8878504672897196,0.11214953271028039,0,0,0,95,12,0,0,0,32,31,1,0,0,0,27,18,9,0,0,0,20,18,2,0,0,0,28,28,0,0,0,0,Region VII,Cebu,San Remigio,Busogon Integrated School,112,108,0.8148148148148149,0.17592592592592593,0.009259259259259259,0,0,88,19,1,0,0,26,23,3,0,0,0,26,16,9,1,0,0,22,19,3,0,0,0,34,30,4,0,0,0
500744,1843,0,7,8,1,708,70801,1843,0,3,1,17,15,25,22,19,19,23,20,0,0,84,76,160,0,0,0,0,0,0.05260000000000001,0,0,0,0,0,0.013200000000000002,0.0063,2,80,159,1.01,2,80,0,0,3,53.33,-999,-999,-999,-999,-999,-999,-999,-999,-999,-999,0,1,0,Region VII,Danao City,Danao City East,B. Enriquez Integrated School,170,148,51,0,1,4,16,0,4,26,55,8,5,9,20,4,2,7,26,1,1,4,6,0,1,13,40,12,2,6,12,1,3,4,30,3,0,10,11,0,0,6,34,10,2,4,10,1,2,5,41,7,0,16,11,0,2,5,41,24,1,1,10,0,1,4,Region VII,Danao City,Danao City East,B. Enriquez Integrated School,170,167,1,3,163,3,3,161,56,0,1,55,56,1,1,54,39,1,1,37,39,0,1,38,34,0,1,33,34,1,1,32,38,0,0,38,38,1,0,37,Region VII,Danao City,Danao City,B. Enriquez Integrated School,170,170,0.9941176470588236,0.005882352941176472,0,0,0,169,1,0,0,0,55,54,1,0,0,0,40,40,0,0,0,0,34,34,0,0,0,0,41,41,0,0,0,0,Region VII,Danao City,Danao City,B. Enriquez Integrated School,166,166,0.9337349397590361,0.06626506024096387,0,0,0,155,11,0,0,0,55,50,5,0,0,0,39,36,3,0,0,0,34,31,3,0,0,0,38,38,0,0,0,0
305884,2054,0,11,1,1,1101,110101,2054,0,4,1,45,28,61,48,51,43,31,46,1,1,189,166,355,0,0.035699999999999996,0.0328,0.0208,0.0392,0,0,0,0,0,0.0212,0.012,0.016900000000000002,8,44.379999999999995,344,1.03,20,17.75,0,0,1,355,-999,-999,-999,-999,-999,-999,-999,-999,-999,-999,0,1,0,Region XI,Davao City,Calinan,Joaquin National High School,402,402,125,4,36,17,6,8,21,33,125,5,16,43,18,2,19,22,101,2,17,23,12,6,19,22,101,4,14,41,20,1,8,13,77,4,11,19,7,1,15,20,77,2,18,19,11,0,11,16,99,7,12,30,13,0,15,22,99,4,28,26,13,0,4,24,Region XI,Davao City,Calinan,Joaquin National High School,402,402,0,0,0,44,161,197,0,0,0,0,121,15,49,57,0,0,0,0,104,10,43,51,0,0,0,0,78,11,35,32,0,0,0,0,99,8,34,57,Region XI,Davao City,City of Davao,Joaquin National High School,402,402,0,0.09950248756218906,0.8208955223880599,0.07960199004975123,0,0,40,330,32,0,125,0,9,105,11,0,101,0,7,77,17,0,77,0,11,64,2,0,99,0,13,84,2,0,Region XI,Davao City,City of Davao,Joaquin National High School,400,400,0,0.0825,0.72,0.195,0.0025,0,33,288,78,1,118,0,15,81,21,1,105,0,6,67,32,0,77,0,6,61,10,0,100,0,6,79,15,0
303170,1827,0,7,9,1,709,70901,1827,0,4,1,24,15,34,33,36,28,28,25,0,0,122,101,223,0.0417,0,0.0294,0.0303,0.055600000000000004,0,0.0714,0,0,0,0.0492,0.009899999999999999,0.0314,7,31.86,261,0.8500000000000001,12,18.58,0,0,3,74.33,-999,-999,-999,-999,-999,-999,-999,-999,-999,-999,0,1,0,NIR,Dumaguete City,Dumaguete City South District,Hermenegilda F. Gloria Memorial High School,208,201,52,0,0,3,4,11,23,11,51,0,0,5,22,2,10,12,65,4,5,17,11,5,15,8,66,0,0,9,6,18,23,10,33,7,6,9,5,2,2,2,34,1,4,5,8,6,8,2,51,10,0,15,23,0,0,3,51,0,5,11,15,5,10,5,NIR,Dumaguete City,Dumaguete City South District,Hermenegilda F. Gloria Memorial High School,196,186,14,107,57,33,79,71,44,4,24,16,45,5,22,18,59,8,37,14,65,16,34,15,30,2,20,8,31,6,10,15,45,0,26,19,42,6,13,23,NIR,Dumaguete City,City of Dumaguete,Hermenegilda F. Gloria Memorial High School,201,201,0.9353233830845772,0.0646766169154229,0,0,0,188,13,0,0,0,52,41,11,0,0,0,65,63,2,0,0,0,33,33,0,0,0,0,51,51,0,0,0,0,NIR,Dumaguete City,City of Dumaguete,Hermenegilda F. Gloria Memorial High School,196,187,0.6844919786096255,0.28877005347593576,0.0160427807486631,0.010695187165775399,0,128,54,3,2,0,45,6,34,3,2,0,60,41,19,0,0,0,33,33,0,0,0,0,49,48,1,0,0,0
500787,1848,0,7,8,1,708,70801,1848,0,1,1,22,17,27,28,27,27,17,20,0,0,93,92,185,0,0,0,0,0,0,0,0,0,0,0,0,0,3,64.25,110,1.6800000000000002,2.88,64.25,16,11.56,4,46.25,-999,-999,-999,-999,-999,-999,-999,-999,-999,-999,0,1,0,Region VII,Danao City,Danao City South,Raymunda B. Hermosilla Integrated School,197,197,49,13,4,15,13,1,3,0,49,0,1,5,16,12,8,7,57,50,0,2,4,1,0,0,57,4,5,10,7,4,17,10,42,6,8,9,12,0,0,7,42,3,5,9,7,5,8,5,49,18,0,12,14,0,0,5,49,7,0,17,7,0,6,12,Region VII,Danao City,Danao City South,Raymunda B. Hermosilla Integrated School,200,200,2,55,143,2,98,96,51,2,15,34,51,2,24,25,58,0,4,54,54,0,28,26,42,0,17,25,42,0,26,16,49,0,19,30,49,0,20,29,Region VII,Danao City,Danao City,Raymunda B. Hermosilla Integrated School,195,195,0.9897435897435898,0.010256410256410256,0,0,0,193,2,0,0,0,49,47,2,0,0,0,55,55,0,0,0,0,42,42,0,0,0,0,49,49,0,0,0,0,Region VII,Danao City,Danao City,Raymunda B. Hermosilla Integrated School,197,197,0.4213197969543148,0.5228426395939086,0.05076142131979696,0.005076142131979695,0,83,103,10,1,0,49,15,26,7,1,0,57,25,32,0,0,0,42,24,17,1,0,0,49,19,28,2,0,0
500667,1810,0,7,5,28,705,70528,1810,0,1,1,16,20,37,27,34,35,22,23,0,0,109,105,214,0,0,0.10810000000000002,0,0.058800000000000005,0,0.0455,0.043500000000000004,0,0,0.06420000000000001,0.0095,0.037399999999999996,7,31.1,0,0,5.5,38.879999999999995,28,7.64,5,42.8,-999,-999,-999,-999,-999,-999,-999,-999,-999,-999,0,1,0,Region VII,Cebu,Santa Fe,Marikaban Integrated School,204,204,72,1,0,25,8,3,34,1,72,0,0,14,5,6,30,17,50,2,1,16,15,6,7,3,50,0,0,16,10,6,10,8,32,1,0,16,3,3,9,0,32,0,0,5,10,0,12,5,50,8,0,6,28,0,8,0,50,0,0,15,8,5,12,10,Region VII,Cebu,Santa Fe,Marikaban Integrated School,200,200,7,118,63,9,120,71,69,2,48,19,70,2,43,25,46,2,31,13,48,4,29,15,30,3,24,3,31,3,18,10,43,0,15,28,51,0,30,21,Region VII,Cebu,Santa Fe,Marikaban Integrated School,204,204,0.9362745098039215,0.049019607843137275,0.014705882352941176,0,0,191,10,3,0,0,72,61,8,3,0,0,50,48,2,0,0,0,32,32,0,0,0,0,50,50,0,0,0,0,Region VII,Cebu,Santa Fe,Marikaban Integrated School,189,189,0.7407407407407406,0.164021164021164,0.09523809523809522,0,0,140,31,18,0,0,59,43,10,6,0,0,48,38,7,3,0,0,31,22,6,3,0,0,51,37,8,6,0,0
501071,2057,0,11,1,1,1101,110101,2057,0,3,1,10,9,14,16,13,10,10,7,0,0,47,42,89,0.1,0,0.14290000000000003,0.0625,0,0,0.1,0,0,0,0.08510000000000001,0.023799999999999998,0.0562,2,44.5,60,1.48,3,29.67,0,0,2,44.5,-999,-999,-999,-999,-999,-999,-999,-999,-999,-999,0,1,0,Region XI,Davao City,Malabog,Mangmang and Canoy Integrated School,91,91,25,0,2,10,0,4,9,0,25,1,0,1,8,2,4,9,28,0,1,8,3,11,4,1,28,4,0,2,0,8,14,0,16,4,0,9,0,0,3,0,16,0,0,4,0,2,10,0,22,0,0,6,14,0,1,1,22,0,1,3,0,6,12,0,Region XI,Davao City,Malabog,Mangmang and Canoy Integrated School,90,81,5,17,55,7,25,39,24,4,11,9,14,2,5,7,24,1,1,22,24,2,10,12,12,0,0,12,16,0,1,15,17,0,5,12,17,3,9,5,Region XI,Davao City,City of Davao,Mangmang and Canoy Integrated School,91,91,0.8461538461538463,0.1538461538461539,0,0,0,77,14,0,0,0,25,11,14,0,0,0,28,28,0,0,0,0,16,16,0,0,0,0,22,22,0,0,0,0,Region XI,Davao City,City of Davao,Mangmang and Canoy Integrated School,94,94,0.5957446808510637,0.2872340425531914,0.11702127659574468,0,0,56,27,11,0,0,25,6,16,3,0,0,29,17,7,5,0,0,16,14,2,0,0,0,24,19,2,3,0,0
303046,1802,0,7,5,27,705,70527,1802,0,2,1,48,36,62,49,55,52,66,43,0,0,231,180,411,0.0833,0,0.0161,0.0204,0.07270000000000001,0.0192,0.0303,0,0,0,0.0476,0.011099999999999999,0.0316,14,28.89,198,2.08,17.39,23.64,18,22.830000000000002,1,411,-999,-999,-999,-999,-999,-999,-999,-999,-999,-999,0,1,0,Region VII,Cebu,San Remegio I,Luyang NHS,371,371,84,3,8,10,23,5,14,21,84,0,1,28,16,2,27,10,112,5,3,19,5,2,42,36,112,4,6,34,3,12,18,35,80,2,0,20,12,0,33,13,80,0,0,0,4,10,49,17,95,13,0,58,5,3,16,0,95,1,0,0,5,15,54,20,Region VII,Cebu,San Remegio I,Luyang NHS,367,359,179,95,61,79,247,29,83,49,20,14,86,9,54,23,93,46,32,15,107,32,69,6,73,45,20,8,69,15,54,0,86,39,23,24,93,23,70,0,Region VII,Cebu,San Remigio,Luyang NHS,373,363,0.9862258953168045,0.013774104683195591,0,0,0,358,5,0,0,0,81,81,0,0,0,0,109,109,0,0,0,0,79,79,0,0,0,0,94,89,5,0,0,0,Region VII,Cebu,San Remigio,Luyang NHS,367,367,0.9373297002724796,0.06267029972752043,0,0,0,344,23,0,0,0,86,82,4,0,0,0,112,109,3,0,0,0,75,72,3,0,0,0,94,81,13,0,0,0
325303,1863,0,7,7,1,707,70701,1863,0,2,1,33,29,54,50,45,49,43,40,0,0,175,168,343,0.0606,0,0,0,0,0,0,0,0,0,0.011399999999999999,0,0.0058000000000000005,9,38.46,467,0.73,6.17,55.56,0,0,2,171.5,-999,-999,-999,-999,-999,-999,-999,-999,-999,-999,0,1,0,Region VII,"City of Naga, Cebu",Naga II,Tina-an National High School,292,292,85,1,12,0,0,67,5,0,85,0,8,3,1,65,8,0,60,4,12,9,2,17,11,5,60,1,19,21,0,13,4,2,54,6,0,6,24,18,0,0,54,3,14,7,3,10,11,6,93,28,4,2,0,52,1,6,93,1,26,19,1,26,17,3,Region VII,"City of Naga, Cebu",Naga II,Tina-an National High School,267,267,57,93,117,79,130,58,77,32,27,18,77,17,43,17,56,12,22,22,56,27,22,7,52,13,22,17,52,5,33,14,82,0,22,60,82,30,32,20,Region VII,"City of Naga, Cebu",City of Naga,Tina-an National High School,293,296,0.1858108108108108,0.6858108108108109,0.11486486486486486,0.013513513513513514,0,55,203,34,4,0,86,9,59,17,1,0,59,29,28,2,0,0,55,5,45,5,0,0,96,12,71,10,3,0,Region VII,"City of Naga, Cebu",City of Naga,Tina-an National High School,101,101,0.4356435643564357,0.514851485148515,0.04950495049504951,0,0,44,52,5,0,0,24,14,10,0,0,0,26,3,19,4,0,0,25,7,17,1,0,0,26,20,6,0,0,0
500208,1760,0,7,3,5,703,70305,1760,0,1,1,4,8,9,4,17,5,11,6,0,0,41,23,64,0,0,0,0,0,0,0,0,0,0,0,0,0,5,13,63,1.01,0.7,91,3,21.330000000000002,1,64,-999,-999,-999,-999,-999,-999,-999,-999,-999,-999,0,1,0,Region VII,Bohol,Jagna,Tubod Monte IS,60,60,19,0,3,1,15,0,0,0,19,0,0,4,3,5,5,2,13,0,0,1,12,0,0,0,13,0,0,2,2,3,6,0,14,0,0,3,11,0,0,0,14,0,1,0,4,3,6,0,14,0,0,4,10,0,0,0,14,0,3,0,6,2,0,3,Region VII,Bohol,Jagna,Tubod Monte IS,62,62,0,0,0,4,24,34,0,0,0,0,19,3,14,2,0,0,0,0,13,1,5,7,0,0,0,0,15,0,2,13,0,0,0,0,15,0,3,12,Region VII,Bohol,Jagna,Tubod Monte IS,59,59,0.6610169491525422,0.3389830508474576,0,0,0,39,20,0,0,0,19,6,13,0,0,0,13,9,4,0,0,0,14,13,1,0,0,0,13,11,2,0,0,0,Region VII,Bohol,Jagna,Tubod Monte IS,62,62,0.9838709677419354,0.016129032258064516,0,0,0,61,1,0,0,0,19,18,1,0,0,0,13,13,0,0,0,0,15,15,0,0,0,0,15,15,0,0,0,0
312401,1796,0,7,5,25,705,70525,1796,0,2,1,71,49,55,48,68,57,42,50,0,0,236,204,440,0.0282,0.0204,0.0182,0.0208,0.0294,0,0.119,0,0,0,0.0424,0.0098,0.0273,8,56.230000000000004,218,2.02,8.43,52.21,21,20.95,10,44,-999,-999,-999,-999,-999,-999,-999,-999,-999,-999,0,1,0,Region VII,Cebu,San Fernando,BALUD NATIONAL HIGH SCHOOL,479,332,116,0,0,0,0,116,0,0,116,0,0,0,0,116,0,0,91,0,0,0,0,91,0,0,91,0,0,0,0,91,0,0,57,0,0,0,0,57,0,0,57,0,0,0,0,57,0,0,68,0,0,0,0,68,0,0,68,0,0,0,0,68,0,0,Region VII,Cebu,San Fernando,BALUD NATIONAL HIGH SCHOOL,324,324,0,0,0,75,126,123,0,0,0,0,116,36,46,34,0,0,0,0,91,9,41,41,0,0,0,0,57,13,6,38,0,0,0,0,60,17,33,10,Region VII,Cebu,San Fernando,BALUD NATIONAL HIGH SCHOOL,472,471,0.9617834394904459,0.038216560509554146,0,0,0,453,18,0,0,0,127,118,9,0,0,0,121,118,3,0,0,0,103,103,0,0,0,0,120,114,6,0,0,0,Region VII,Cebu,San Fernando,BALUD NATIONAL HIGH SCHOOL,470,467,0.9250535331905783,0.07494646680942184,0,0,0,432,35,0,0,0,126,113,13,0,0,0,119,118,1,0,0,0,102,100,2,0,0,0,120,101,19,0,0,0
303136,1817,0,7,6,1,706,70601,1817,0,2,2,26,27,34,39,44,34,47,39,0,0,151,139,290,0.0385,0.07410000000000001,0.058800000000000005,0.0256,0.06820000000000001,0,0,0.0256,0,0,0.0397,0.0288,0.0345,12,24,321,0.9,10.66,27.2,51,5.6899999999999995,5,58,-999,-999,-999,-999,-999,-999,-999,-999,-999,-999,0,1,0,Region VII,Cebu City,North District 3,Busay National High School,312,312,111,0,7,6,9,37,32,20,111,1,19,13,8,35,23,12,80,1,21,16,11,9,8,14,80,0,5,6,5,31,28,5,55,0,4,4,12,14,11,10,55,0,7,5,6,17,11,9,66,10,3,3,3,5,10,32,66,1,2,5,14,23,14,7,Region VII,Cebu City,North District 3,Busay National High School,298,298,83,137,78,114,113,71,108,45,43,20,108,52,38,18,76,23,28,25,76,30,27,19,49,13,26,10,49,22,19,8,65,2,40,23,65,10,29,26,Region VII,Cebu City,City of Cebu,Busay National High School,309,308,0.9805194805194806,0.019480519480519477,0,0,0,302,6,0,0,0,109,106,3,0,0,0,79,76,3,0,0,0,54,54,0,0,0,0,66,66,0,0,0,0,Region VII,Cebu City,City of Cebu,Busay National High School,299,298,0.6577181208053691,0.19798657718120807,0.09060402684563759,0.05369127516778524,0,196,59,27,16,0,109,83,24,2,0,0,76,52,21,3,0,0,48,34,14,0,0,0,65,27,0,22,16,0
312435,1862,0,7,7,1,707,70701,1862,0,2,1,23,14,19,18,29,23,24,26,0,0,95,81,176,0,0,0,0,0,0,0,0,0,0,0,0,0,5,36.86,0,0,4.78,36.86,0,0,2,88,-999,-999,-999,-999,-999,-999,-999,-999,-999,-999,0,1,0,Region VII,"City of Naga, Cebu",Naga II,Mainit National High School,165,165,54,0,8,2,1,29,12,2,54,0,23,1,2,19,7,2,50,1,1,13,9,3,16,7,50,0,9,0,0,36,4,1,27,6,3,4,3,3,3,5,27,1,10,2,0,12,2,0,34,9,23,2,0,0,0,0,34,3,10,0,0,19,2,0,Region VII,"City of Naga, Cebu",Naga II,Mainit National High School,163,163,65,64,34,94,41,28,53,26,20,7,53,32,15,6,49,4,29,16,49,30,10,9,27,7,9,11,27,3,11,13,34,28,6,0,34,29,5,0,Region VII,"City of Naga, Cebu",City of Naga,Mainit National High School,165,165,0.5757575757575758,0.387878787878788,0.036363636363636355,0,0,95,64,6,0,0,54,24,30,0,0,0,50,28,16,6,0,0,27,22,5,0,0,0,34,21,13,0,0,0,NA,NA,NA,NA,NA,NA,NA,NA,NA,NA,NA,NA,NA,NA,NA,NA,NA,NA,NA,NA,NA,NA,NA,NA,NA,NA,NA,NA,NA,NA,NA,NA,NA,NA,NA,NA,NA,NA,NA,NA
502186,2076,0,11,1,1,1101,110101,2076,0,3,1,7,5,6,12,7,12,4,3,0,0,24,32,56,0.14290000000000003,0.2,0,0,0,0,0,0,0,0,0.0417,0.0313,0.035699999999999996,4,14,40,1.4,11,5.09,0,0,1,56,-999,-999,-999,-999,-999,-999,-999,-999,-999,-999,0,1,0,Region XI,Davao City,Paquibato,Balugo Integrated School,60,60,19,0,0,2,0,5,10,2,19,0,0,0,2,6,5,6,19,0,0,9,0,2,5,3,19,0,0,0,0,5,6,8,8,1,0,4,0,0,2,1,8,0,0,1,1,4,0,2,14,4,0,7,0,0,1,2,14,0,1,1,2,4,3,3,Region XI,Davao City,Paquibato,Balugo Integrated School,59,59,0,26,28,23,15,21,19,0,10,9,19,7,5,7,18,0,6,12,18,8,4,6,7,0,4,3,8,3,2,3,10,0,6,4,14,5,4,5,Region XI,Davao City,City of Davao,Balugo Integrated School,61,61,1,0,0,0,0,61,0,0,0,0,20,20,0,0,0,0,19,19,0,0,0,0,8,8,0,0,0,0,14,14,0,0,0,0,Region XI,Davao City,City of Davao,Balugo Integrated School,60,60,0.6,0.3833333333333333,0.016666666666666666,0,0,36,23,1,0,0,21,5,16,0,0,0,17,11,5,1,0,0,8,7,1,0,0,0,14,13,1,0,0,0
500782,1850,0,7,8,1,708,70801,1850,0,3,1,94,101,102,114,105,121,119,129,0,0,420,465,885,0,0,0,0,0,0,0,0,0,0,0,0,0,20,44.25,418,2.12,13,68.08,22,40.230000000000004,11,80.45,-999,-999,-999,-999,-999,-999,-999,-999,-999,-999,0,1,0,Region VII,Danao City,Danao City West,D. T. Durano Memorial Integrated School,950,950,291,196,1,17,68,0,6,3,291,3,8,30,93,38,59,60,247,29,17,76,108,0,8,9,247,3,1,16,90,4,54,79,191,48,3,67,52,3,15,3,191,1,7,66,66,9,28,14,221,44,6,15,145,0,6,5,221,6,1,32,79,4,43,56,Region VII,Danao City,Danao City West,D. T. Durano Memorial Integrated School,944,931,2,239,386,17,350,564,93,1,18,74,286,10,99,177,218,1,118,99,244,4,123,117,141,0,71,70,188,2,74,112,175,0,32,143,213,1,54,158,Region VII,Danao City,Danao City,D. T. Durano Memorial Integrated School,955,955,0.9581151832460734,0.04083769633507854,0.0010471204188481676,0,0,915,39,1,0,0,295,263,31,1,0,0,248,246,2,0,0,0,191,191,0,0,0,0,221,215,6,0,0,0,Region VII,Danao City,Danao City,D. T. Durano Memorial Integrated School,942,942,0.23248407643312105,0.5222929936305734,0.2038216560509554,0.037154989384288746,0.00424628450106157,219,492,192,35,4,286,85,100,92,9,0,247,55,95,83,14,0,188,26,142,8,10,2,221,53,155,9,2,2
306086,2044,0,11,6,6,1106,110606,2044,0,4,1,9,11,12,11,0,0,0,0,0,0,21,22,43,0,0,0,0,0,0,0,0,0,0,0,0,0,4,10.75,33,1.3,16,2.69,0,0,1,43,-999,-999,-999,-999,-999,-999,-999,-999,-999,-999,0,1,0,Region XI,Davao Oriental,Lupon East,Ernesto D. Violan National High School,88,66,17,0,2,3,0,10,2,0,18,0,4,3,1,8,2,0,20,0,4,6,4,3,3,0,21,0,1,1,2,9,5,3,11,0,9,0,0,1,1,0,11,0,4,0,0,6,1,0,18,8,8,1,0,1,0,0,19,4,11,1,0,3,0,0,Region XI,Davao Oriental,Lupon East,Ernesto D. Violan National High School,80,73,40,25,8,66,6,1,21,14,7,0,21,19,2,0,21,9,8,4,21,18,2,1,14,12,2,0,14,13,1,0,17,5,8,4,17,16,1,0,Region XI,Davao Oriental,Lupon,Ernesto D. Violan National High School,80,79,0.9620253164556963,0.0379746835443038,0,0,0,76,3,0,0,0,23,20,3,0,0,0,22,22,0,0,0,0,15,15,0,0,0,0,19,19,0,0,0,0,Region XI,Davao Oriental,Lupon,Ernesto D. Violan National High School,79,79,0.8860759493670886,0.1139240506329114,0,0,0,70,9,0,0,0,24,19,5,0,0,0,23,23,0,0,0,0,15,15,0,0,0,0,17,13,4,0,0,0
305755,1812,0,7,5,29,705,70529,1812,0,4,1,68,54,60,53,69,76,58,74,0,0,255,257,512,0.0882,0.018500000000000003,0.06670000000000001,0,0.07250000000000001,0.0658,0,0.027,0,0,0.058800000000000005,0.0311,0.044899999999999995,5,102.4,197,2.6,5,102.4,20,25.6,8,64,-999,-999,-999,-999,-999,-999,-999,-999,-999,-999,0,1,0,Region VII,Cebu,Sogod,Sogod National High School,488,488,138,0,18,12,7,24,44,33,138,1,46,18,8,58,7,0,154,4,9,27,28,34,41,11,154,4,40,33,12,37,21,7,104,0,28,30,5,25,14,2,104,5,39,21,1,24,12,2,92,21,14,27,19,2,4,5,92,1,26,20,1,22,18,4,Region VII,Cebu,Sogod,Sogod National High School,468,442,81,170,180,5,118,315,127,30,47,50,125,2,53,70,152,33,61,58,150,2,13,135,84,10,42,32,95,1,27,67,68,8,20,40,68,0,25,43,Region VII,Cebu,Sogod,Sogod National High School,487,487,0.9568788501026695,0.0431211498973306,0,0,0,466,21,0,0,0,138,120,18,0,0,0,154,153,1,0,0,0,103,103,0,0,0,0,92,90,2,0,0,0,Region VII,Cebu,Sogod,Sogod National High School,469,468,0.8867521367521366,0.1111111111111111,0.002136752136752137,0,0,415,52,1,0,0,133,105,28,0,0,0,152,138,14,0,0,0,95,90,4,1,0,0,88,82,6,0,0,0
305665,2065,0,11,1,1,1101,110101,2065,0,4,1,7,14,11,16,13,16,10,5,0,0,41,51,92,0,0,0,0,0,0,0,0,0,0,0,0,0,2,46,100,0.92,2,46,0,0,1,92,-999,-999,-999,-999,-999,-999,-999,-999,-999,-999,0,1,0,Region XI,Davao City,Marilog,Taga-ibo National High School,71,71,25,5,1,0,0,17,2,0,25,4,0,0,0,17,4,0,16,8,0,0,0,8,0,0,16,5,0,0,0,11,0,0,15,7,4,0,0,3,1,0,15,4,1,0,0,9,1,0,15,5,1,0,0,9,0,0,15,3,0,0,0,11,1,0,Region XI,Davao City,Marilog,Taga-ibo National High School,73,73,0,26,47,0,36,37,28,0,11,17,28,0,12,16,16,0,6,10,16,0,8,8,13,0,5,8,13,0,9,4,16,0,4,12,16,0,7,9,Region XI,Davao City,City of Davao,Taga-ibo National High School,71,71,0.15492957746478872,0.6619718309859155,0.1830985915492958,0,0,11,47,13,0,0,24,5,19,0,0,0,16,2,10,4,0,0,17,4,8,5,0,0,14,0,10,4,0,0,Region XI,Davao City,City of Davao,Taga-ibo National High School,72,72,0,0.5416666666666665,0.3333333333333332,0.125,0,0,39,24,9,0,28,0,16,9,3,0,15,0,6,7,2,0,13,0,7,5,1,0,16,0,10,3,3,0
501635,1754,0,7,3,1,703,70301,1754,0,3,1,34,24,30,33,23,33,27,28,0,0,114,118,232,0.058800000000000005,0,0,0.0303,0.043500000000000004,0.0606,0,0,0,0,0.026300000000000004,0.025400000000000002,0.025900000000000003,2,116,0,0,0,0,1,232,2,116,-999,-999,-999,-999,-999,-999,-999,-999,-999,-999,0,1,0,Region VII,Bohol,Bien Unido,Maomawan Integrated School,253,252,62,15,5,12,12,3,6,9,62,19,6,18,10,1,1,7,80,10,9,21,22,5,6,7,80,14,8,13,14,5,11,15,52,34,0,13,4,0,0,1,52,12,10,21,8,0,1,0,58,30,0,14,13,0,0,1,58,17,10,21,9,0,1,0,Region VII,Bohol,Bien Unido,Maomawan Integrated School,265,265,23,124,118,55,133,77,77,1,39,37,77,2,49,26,76,16,38,22,76,43,24,9,52,5,30,17,52,9,33,10,60,1,17,42,60,1,27,32,Region VII,Bohol,Bien Unido,Maomawan Integrated School,270,270,0.9407407407407408,0.059259259259259275,0,0,0,254,16,0,0,0,79,64,15,0,0,0,79,78,1,0,0,0,52,52,0,0,0,0,60,60,0,0,0,0,Region VII,Bohol,Bien Unido,Maomawan Integrated School,265,265,0.988679245283019,0.011320754716981131,0,0,0,262,3,0,0,0,77,77,0,0,0,0,76,76,0,0,0,0,52,49,3,0,0,0,60,60,0,0,0,0
305843,2090,0,11,10,1,1110,111001,2090,0,4,1,22,19,27,22,25,24,22,21,0,0,96,86,182,0,0,0.1111,0,0,0,0,0,0,0,0.0313,0,0.0165,5,36.4,282,0.65,6,30.330000000000002,2,91,4,45.5,-999,-999,-999,-999,-999,-999,-999,-999,-999,-999,0,1,0,Region XI,Panabo City,Panabo Central,Desiderio F. Dalisay Sr. National High School,179,168,60,1,1,1,4,31,19,3,60,0,4,2,4,38,9,3,36,2,3,7,10,10,3,1,36,0,2,2,2,14,8,8,36,3,18,0,1,4,6,4,36,1,3,1,0,18,12,1,36,15,11,4,0,4,2,0,36,0,8,5,0,11,7,5,Region XI,Panabo City,Panabo Central,Desiderio F. Dalisay Sr. National High School,170,148,3,34,107,23,54,64,54,1,18,35,56,12,20,24,30,1,4,25,32,5,7,20,27,1,7,19,26,3,13,10,33,0,5,28,27,3,14,10,Region XI,Panabo City,City of Panabo,Desiderio F. Dalisay Sr. National High School,178,178,0.9213483146067416,0.07865168539325842,0,0,0,164,14,0,0,0,64,59,5,0,0,0,38,36,2,0,0,0,38,38,0,0,0,0,38,31,7,0,0,0,Region XI,Panabo City,City of Panabo,Desiderio F. Dalisay Sr. National High School,170,170,0.17058823529411768,0.4411764705882353,0.3058823529411765,0.05882352941176472,0.023529411764705885,29,75,52,10,4,61,6,17,34,4,0,37,9,13,11,3,1,36,7,26,2,1,0,36,7,19,5,2,3
500894,1780,0,7,5,17,705,70517,1780,0,3,1,46,48,53,41,46,49,54,46,0,0,199,184,383,0,0,0.056600000000000004,0.0488,0.0217,0.0408,0,0,0,0,0.0201,0.0217,0.020900000000000002,33,11.61,589,0.65,56,6.84,20,19.150000000000002,4,95.75,-999,-999,-999,-999,-999,-999,-999,-999,-999,-999,0,1,0,Region VII,Cebu,Ginatilan,Ginatilan Integrated School,402,401,101,0,13,10,5,23,46,4,101,16,27,16,7,23,5,7,120,23,11,43,10,13,15,5,120,51,26,12,10,13,3,5,94,15,12,28,15,6,18,0,94,12,20,13,9,26,9,5,86,65,6,4,0,5,6,0,86,8,19,22,11,16,10,0,Region VII,Cebu,Ginatilan,Ginatilan Integrated School,380,380,105,147,128,149,149,82,102,36,41,25,102,46,39,17,116,31,47,38,116,40,51,25,88,28,24,36,88,33,30,25,74,10,35,29,74,30,29,15,Region VII,Cebu,Ginatilan,Ginatilan Integrated School,404,401,0.9625935162094764,0.03740648379052368,0,0,0,386,15,0,0,0,101,93,8,0,0,0,122,120,2,0,0,0,93,88,5,0,0,0,85,85,0,0,0,0,Region VII,Cebu,Ginatilan,Ginatilan Integrated School,386,368,0.8315217391304348,0.15760869565217395,0.010869565217391302,0,0,306,58,4,0,0,96,59,36,1,0,0,114,95,16,3,0,0,81,79,2,0,0,0,77,73,4,0,0,0
500671,1769,0,7,5,6,705,70506,1769,0,1,1,23,5,30,13,23,22,14,14,0,0,90,54,144,0.17390000000000003,0,0.1,0,0.17390000000000003,0,0.0714,0.0714,0,0,0.1333,0.018500000000000003,0.09029999999999999,10,14.639999999999999,93,1.55,8.43,17.08,50,2.88,3,48,-999,-999,-999,-999,-999,-999,-999,-999,-999,-999,0,1,0,Region VII,Cebu,Balamban I,Liki Integrated School,136,136,28,0,1,12,8,5,1,1,28,0,10,3,4,6,2,3,34,7,1,5,4,3,7,7,33,0,16,3,5,7,1,1,31,4,3,5,2,7,8,2,30,0,17,5,2,4,1,1,43,5,5,7,6,7,8,5,35,1,2,8,0,13,6,5,Region VII,Cebu,Balamban I,Liki Integrated School,125,120,19,30,71,31,34,55,27,1,2,24,27,3,5,19,34,2,8,24,34,9,12,13,25,7,10,8,25,10,7,8,34,9,10,15,34,9,10,15,Region VII,Cebu,Balamban,Liki Integrated School,137,125,0.896,0.10400000000000001,0,0,0,112,13,0,0,0,28,21,7,0,0,0,34,28,6,0,0,0,25,25,0,0,0,0,38,38,0,0,0,0,Region VII,Cebu,Balamban,Liki Integrated School,125,125,0.7839999999999999,0.21600000000000003,0,0,0,98,27,0,0,0,27,15,12,0,0,0,34,25,9,0,0,0,25,21,4,0,0,0,39,37,2,0,0,0
305847,2100,0,11,5,3,1105,110503,2100,0,4,1,33,24,14,30,34,44,22,31,0,0,103,129,232,0,0,0,0,0,0,0.0909,0,0,0,0.0194,0,0.0086,2,116,102,2.27,3,77.33,9,25.779999999999998,4,58,-999,-999,-999,-999,-999,-999,-999,-999,-999,-999,0,1,0,Region XI,Davao Occidental,Malita South,Cristina Calnantoc Rosario National High School,180,180,60,19,3,5,13,3,6,11,60,13,4,9,10,1,16,7,60,23,2,8,9,2,6,10,60,16,3,7,11,2,8,13,33,8,1,2,6,2,3,11,33,9,2,3,6,2,4,7,27,8,0,3,5,1,4,6,27,7,2,3,5,0,4,6,Region XI,Davao Occidental,Malita South,Cristina Calnantoc Rosario National High School,155,155,17,74,64,17,74,64,49,5,19,25,49,5,19,25,53,8,27,18,53,8,27,18,28,3,15,10,28,3,15,10,25,1,13,11,25,1,13,11,Region XI,Davao Occidental,Malita,Cristina Calnantoc Rosario National High School,180,154,0.9545454545454547,0.045454545454545456,0,0,0,147,7,0,0,0,49,42,7,0,0,0,49,49,0,0,0,0,31,31,0,0,0,0,25,25,0,0,0,0,Region XI,Davao Occidental,Malita,Cristina Calnantoc Rosario National High School,173,118,0.9745762711864404,0.025423728813559324,0,0,0,115,3,0,0,0,36,33,3,0,0,0,39,39,0,0,0,0,22,22,0,0,0,0,21,21,0,0,0,0
500784,1847,0,7,8,1,708,70801,1847,0,3,1,11,6,8,12,15,15,8,10,0,0,42,43,85,0,0,0,0,0,0,0,0,0,0,0,0,0,1,85,94,0.9,1,85,7,12.139999999999999,2,42.5,-999,-999,-999,-999,-999,-999,-999,-999,-999,-999,0,1,0,Region VII,Danao City,Danao City South,Langosig Integrated School,63,60,24,1,2,6,4,1,10,0,24,0,0,4,1,10,9,0,19,0,0,3,7,0,7,2,19,0,0,0,1,9,8,1,7,1,0,0,3,1,2,0,7,0,1,0,2,1,3,0,10,2,0,2,5,0,1,0,10,0,4,2,2,1,1,0,Region VII,Danao City,Danao City South,Langosig Integrated School,58,57,9,33,15,11,35,11,21,5,12,4,21,6,11,4,17,2,12,3,17,3,11,3,9,1,6,2,9,1,6,2,10,1,3,6,10,1,7,2,Region VII,Danao City,Danao City,Langosig Integrated School,63,63,0.9523809523809523,0.04761904761904763,0,0,0,60,3,0,0,0,24,22,2,0,0,0,20,19,1,0,0,0,9,9,0,0,0,0,10,10,0,0,0,0,Region VII,Danao City,Danao City,Langosig Integrated School,58,57,0.38596491228070184,0.43859649122807026,0.17543859649122812,0,0,22,25,10,0,0,21,3,13,5,0,0,17,6,6,5,0,0,9,6,3,0,0,0,10,7,3,0,0,0
501267,1798,0,7,5,25,705,70525,1798,0,3,1,17,8,18,19,11,12,17,19,0,0,63,58,121,0,0,0,0,0,0,0.058800000000000005,0,0,0,0.0159,0,0.0083,14,8.639999999999999,348,0.35,14,8.639999999999999,0,0,2,60.5,-999,-999,-999,-999,-999,-999,-999,-999,-999,-999,0,1,0,Region VII,Cebu,San Fernando,Tonggo Integrated School,122,122,42,13,1,7,6,1,7,7,42,11,0,6,4,4,7,10,32,11,0,7,8,1,2,3,32,11,0,8,1,1,7,4,22,8,0,1,6,1,1,5,22,4,0,0,8,1,1,8,26,12,0,3,6,0,1,4,26,10,0,0,6,0,2,8,Region VII,Cebu,San Fernando,Tonggo Integrated School,120,55,5,22,27,3,20,30,14,2,8,4,12,0,4,8,13,1,6,6,13,1,6,6,14,1,4,9,14,1,5,8,13,1,4,8,14,1,5,8,Region VII,Cebu,San Fernando,Tonggo Integrated School,123,123,0.9674796747967479,0.03252032520325204,0,0,0,119,4,0,0,0,42,38,4,0,0,0,33,33,0,0,0,0,22,22,0,0,0,0,26,26,0,0,0,0,Region VII,Cebu,San Fernando,Tonggo Integrated School,113,113,0.9203539823008849,0.07964601769911503,0,0,0,104,9,0,0,0,37,34,3,0,0,0,29,28,1,0,0,0,21,21,0,0,0,0,26,21,5,0,0,0
306000,1795,0,7,5,25,705,70525,1795,0,4,1,16,13,12,17,0,0,0,0,0,0,28,30,58,0,0,0,0,0,0,0,0,0,0,0,0,0,7,8.29,106,0.55,9,6.44,10,5.8,1,58,-999,-999,-999,-999,-999,-999,-999,-999,-999,-999,0,1,0,Region VII,Cebu,San Fernando,"RICARDO Y. RELUYA, JR. TECHNICAL-VOCATIONAL HIGH SCHOOL",157,157,63,9,5,29,15,0,0,5,63,10,5,17,9,5,16,1,40,3,2,13,9,2,4,7,40,7,2,18,6,3,4,0,26,4,0,7,7,0,3,5,26,7,3,10,4,0,2,0,28,2,0,12,8,0,2,4,28,8,0,9,2,2,4,3,Region VII,Cebu,San Fernando,"RICARDO Y. RELUYA, JR. TECHNICAL-VOCATIONAL HIGH SCHOOL",156,137,7,90,40,13,73,36,55,5,38,12,53,3,35,15,37,2,25,10,32,4,20,8,19,0,13,6,17,3,8,6,26,0,14,12,20,3,10,7,Region VII,Cebu,San Fernando,"RICARDO Y. RELUYA, JR. TECHNICAL-VOCATIONAL HIGH SCHOOL",157,156,0.9551282051282053,0.04487179487179486,0,0,0,149,7,0,0,0,63,56,7,0,0,0,39,39,0,0,0,0,26,26,0,0,0,0,28,28,0,0,0,0,Region VII,Cebu,San Fernando,"RICARDO Y. RELUYA, JR. TECHNICAL-VOCATIONAL HIGH SCHOOL",156,156,0.9935897435897435,0.00641025641025641,0,0,0,155,1,0,0,0,64,64,0,0,0,0,40,40,0,0,0,0,24,24,0,0,0,0,28,27,1,0,0,0
305517,2043,0,11,6,8,1106,110608,2043,0,4,1,23,25,19,25,23,27,20,18,0,0,85,95,180,0.08700000000000001,0,0.2632,0.08,0.043500000000000004,0,0,0,0,0,0.0941,0.0211,0.055600000000000004,4,45,100,1.8,4,45,0,0,3,60,-999,-999,-999,-999,-999,-999,-999,-999,-999,-999,0,1,0,Region XI,Davao Oriental,San Isidro South,Talisay National High School,180,180,53,1,6,6,5,23,11,1,53,1,7,2,4,10,16,13,51,5,14,6,4,19,3,0,51,1,5,3,0,39,3,0,41,1,23,2,0,13,2,0,41,0,14,5,0,21,1,0,35,8,17,0,8,2,0,0,35,0,9,3,0,22,1,0,Region XI,Davao Oriental,San Isidro South,Talisay National High School,177,171,67,81,23,125,31,9,46,18,17,11,44,29,9,6,50,21,21,8,46,40,4,2,41,18,20,3,41,26,14,1,34,10,23,1,34,30,4,0,Region XI,Davao Oriental,San Isidro,Talisay National High School,180,180,0.8722222222222222,0.12777777777777777,0,0,0,157,23,0,0,0,53,30,23,0,0,0,51,51,0,0,0,0,41,41,0,0,0,0,35,35,0,0,0,0,Region XI,Davao Oriental,San Isidro,Talisay National High School,180,164,0.5670731707317073,0.2439024390243903,0.1890243902439024,0,0,93,40,31,0,0,45,30,8,7,0,0,45,28,9,8,0,0,41,21,16,4,0,0,33,14,7,12,0,0
305713,1853,0,7,10,1,710,71001,1853,0,2,1,20,33,11,18,19,26,14,24,0,0,64,101,165,0.15000000000000002,0.0606,0.1818,0.1111,0.21050000000000002,0.0385,0,0.0417,0,0,0.1406,0.0594,0.0909,2,92.5,48,3.4299999999999997,3.57,46.25,5,33,3,55,-999,-999,-999,-999,-999,-999,-999,-999,-999,-999,0,1,0,NIR,Guihulngan City,Guihulngan North,Balogo National High School,215,181,65,63,1,0,0,1,0,0,65,63,1,0,0,1,0,0,49,47,1,0,0,1,0,0,49,47,1,0,0,1,0,0,40,40,0,0,0,0,0,0,40,40,0,0,0,0,0,0,27,27,0,0,0,0,0,0,27,27,0,0,0,0,0,0,NIR,Guihulngan City,Guihulngan North,Balogo National High School,205,152,73,76,3,73,76,3,68,49,19,0,68,49,19,0,43,24,19,0,43,24,19,0,41,0,38,3,41,0,38,3,0,0,0,0,0,0,0,0,NIR,Guihulngan City,City of Guihulngan,Balogo National High School,213,190,0.021052631578947364,0.6157894736842107,0.3631578947368421,0,0,4,117,69,0,0,82,2,39,41,0,0,54,1,25,28,0,0,27,0,27,0,0,0,27,1,26,0,0,0,NIR,Guihulngan City,City of Guihulngan,Balogo National High School,208,196,0,0.1887755102040816,0.6020408163265307,0.10204081632653061,0.10714285714285714,0,37,118,20,21,73,0,13,57,3,0,50,0,3,47,0,0,47,0,13,8,5,21,26,0,8,6,12,0
500768,1785,0,7,5,21,705,70521,1785,0,3,1,31,22,41,39,44,27,29,32,0,0,145,120,265,0,0,0.0488,0.0256,0,0,0,0.0313,0,0,0.013800000000000002,0.0167,0.015099999999999999,19,13.950000000000001,600,0.44,26,10.19,0,0,3,88.33,-999,-999,-999,-999,-999,-999,-999,-999,-999,-999,0,1,0,Region VII,Cebu,Medellin,Antipolo Integrated School,323,323,83,55,25,3,0,0,0,0,83,48,22,6,0,2,5,0,88,60,2,8,18,0,0,0,88,58,17,9,1,2,1,0,68,45,12,7,3,1,0,0,68,49,10,6,2,1,0,0,84,67,4,9,4,0,0,0,84,53,0,21,3,1,5,1,Region VII,Cebu,Medellin,Antipolo Integrated School,311,207,22,108,76,4,66,44,52,12,22,18,30,0,26,4,75,4,49,22,33,1,23,9,47,6,21,20,18,3,9,6,32,0,16,16,33,0,8,25,Region VII,Cebu,Medellin,Antipolo Integrated School,322,322,0.9627329192546583,0.037267080745341616,0,0,0,310,12,0,0,0,82,70,12,0,0,0,88,88,0,0,0,0,68,68,0,0,0,0,84,84,0,0,0,0,Region VII,Cebu,Medellin,Antipolo Integrated School,310,308,0.9090909090909091,0.07792207792207793,0.01298701298701299,0,0,280,24,4,0,0,76,56,20,0,0,0,87,87,0,0,0,0,63,63,0,0,0,0,82,74,4,4,0,0
316303,2086,0,11,7,1,1107,110701,2086,0,4,1,26,28,26,30,25,25,32,22,0,0,109,105,214,0,0,0,0,0,0,0,0,0,0,0,0,0,8,26.75,259,0.8300000000000001,18,11.89,57,3.75,4,53.5,-999,-999,-999,-999,-999,-999,-999,-999,-999,-999,0,1,0,Region XI,Digos City,Digos Occidental,Balabag National High School,216,216,71,16,15,14,11,1,6,8,71,9,17,15,13,1,7,9,45,12,4,8,12,0,3,6,45,10,7,9,8,0,4,7,49,15,6,7,11,0,1,9,45,7,8,11,9,0,1,9,51,18,5,7,10,0,4,7,51,13,6,8,11,0,5,8,Region XI,Digos City,Digos Occidental,Balabag National High School,227,155,1,37,117,1,37,117,55,0,10,45,55,0,10,45,33,0,9,24,33,0,9,24,34,1,10,23,34,1,10,23,33,0,8,25,33,0,8,25,Region XI,Digos City,City of Digos,Balabag National High School,234,234,0.9401709401709402,0.05555555555555555,0.004273504273504275,0,0,220,13,1,0,0,78,65,12,1,0,0,48,47,1,0,0,0,55,55,0,0,0,0,53,53,0,0,0,0,Region XI,Digos City,City of Digos,Balabag National High School,232,220,0.6954545454545453,0.28181818181818186,0.022727272727272724,0,0,153,62,5,0,0,74,40,29,5,0,0,41,34,7,0,0,0,55,45,10,0,0,0,50,34,16,0,0,0
316304,2088,0,11,7,1,1107,110701,2088,0,2,1,32,37,37,41,38,37,31,36,0,0,138,151,289,0.125,0.027,0.1622,0.07320000000000002,0.05260000000000001,0,0,0,0,0,0.08700000000000001,0.026500000000000003,0.0554,8,35.9,126,2.3,1.61,179.5,113,2.56,6,48.17,-999,-999,-999,-999,-999,-999,-999,-999,-999,-999,0,1,0,Region XI,Digos City,Mt. Apo,Soong National High School,327,327,101,0,0,25,0,76,0,0,101,0,13,20,2,53,8,5,97,8,0,50,20,0,0,19,97,0,43,14,0,8,23,9,62,0,2,10,0,50,0,0,62,0,13,19,0,20,10,0,67,21,4,9,23,0,0,10,67,14,16,22,0,4,11,0,Region XI,Digos City,Mt. Apo,Soong National High School,335,311,46,173,92,41,162,108,93,18,37,38,93,25,28,40,94,13,59,22,94,5,56,33,55,10,36,9,55,8,30,17,69,5,41,23,69,3,48,18,Region XI,Digos City,City of Digos,Soong National High School,323,323,0.9876160990712073,0.012383900928792569,0,0,0,319,4,0,0,0,94,94,0,0,0,0,93,90,3,0,0,0,68,67,1,0,0,0,68,68,0,0,0,0,Region XI,Digos City,City of Digos,Soong National High School,323,263,0.6501901140684412,0.19011406844106465,0.15969581749049436,0,0,171,50,42,0,0,85,52,18,15,0,0,80,53,16,11,0,0,39,21,10,8,0,0,59,45,6,8,0,0
305506,2070,0,11,1,1,1101,110101,2070,0,4,1,8,14,8,8,12,12,7,12,0,0,35,46,81,0,0,0,0,0,0,0,0,0,0,0,0,0,4,20.25,60,1.35,3,27,3,27,2,40.5,-999,-999,-999,-999,-999,-999,-999,-999,-999,-999,0,1,0,Region XI,Davao City,Paquibato,Labo National High School,79,66,19,0,6,3,2,5,1,2,22,0,9,3,2,2,5,1,20,0,5,3,2,5,3,2,21,0,3,6,1,4,6,1,16,0,5,3,1,2,2,3,16,0,3,5,1,1,4,2,11,0,3,1,1,3,1,2,11,0,3,1,1,2,3,1,Region XI,Davao City,Paquibato,Labo National High School,83,61,0,0,0,9,26,26,0,0,0,0,20,3,8,9,0,0,0,0,19,3,8,8,0,0,0,0,13,2,6,5,0,0,0,0,9,1,4,4,Region XI,Davao City,City of Davao,Labo National High School,79,79,0.05063291139240507,0.4430379746835443,0.4430379746835443,0.06329113924050635,0,4,35,35,5,0,25,2,14,9,0,0,26,0,10,12,4,0,17,1,7,8,1,0,11,1,4,6,0,0,Region XI,Davao City,City of Davao,Labo National High School,84,79,0.0379746835443038,0.4050632911392406,0.49367088607594944,0.06329113924050635,0,3,32,39,5,0,25,2,11,12,0,0,26,0,10,12,4,0,17,1,6,9,1,0,11,0,5,6,0,0
500421,1771,0,7,5,7,705,70507,1771,0,1,1,54,42,62,65,53,47,53,56,0,0,222,210,432,0,0,0.0323,0,0,0,0.07550000000000001,0.017900000000000003,0,0,0.027,0.0048000000000000004,0.0162,8,54.64,232,1.86,6.470000000000001,66.78,0,0,6,72,-999,-999,-999,-999,-999,-999,-999,-999,-999,-999,0,1,0,Region VII,Cebu,Bantayan II,Sillon Integrated School,443,433,116,66,0,6,12,3,5,24,113,40,2,13,10,27,11,10,112,60,19,7,9,8,5,4,113,23,4,12,19,29,13,13,86,27,2,6,29,2,2,18,80,0,3,28,14,22,13,0,119,21,3,12,46,16,13,8,124,0,10,12,8,43,17,34,Region VII,Cebu,Bantayan II,Sillon Integrated School,431,313,121,70,56,229,34,50,50,26,22,2,77,63,12,2,60,19,29,12,75,48,16,11,49,24,3,22,49,47,2,0,88,52,16,20,112,71,4,37,Region VII,Cebu,Bantayan,Sillon Integrated School,443,431,0.8747099767981441,0.12529002320185612,0,0,0,377,54,0,0,0,118,66,52,0,0,0,112,110,2,0,0,0,77,77,0,0,0,0,124,124,0,0,0,0,Region VII,Cebu,Bantayan,Sillon Integrated School,428,427,0.8758782201405154,0.11241217798594849,0.011709601873536299,0,0,374,48,5,0,0,114,72,37,5,0,0,114,106,8,0,0,0,82,82,0,0,0,0,117,114,3,0,0,0
305681,2089,0,11,10,1,1110,111001,2089,0,2,1,105,89,93,90,85,89,90,61,0,0,373,329,702,0.0095,0,0,0,0,0,0,0,0,0,0.0027,0,0.0014,20,35.71,374,1.8800000000000001,29.02,24.19,0,0,15,46.8,-999,-999,-999,-999,-999,-999,-999,-999,-999,-999,0,1,0,Region XI,Panabo City,Panabo Central,Cagangohan National High School,755,755,230,0,86,26,16,14,48,40,230,1,86,45,18,23,22,35,198,0,42,34,25,47,31,19,166,0,96,11,3,25,6,25,166,13,30,54,28,24,13,4,166,1,89,34,6,4,12,20,161,29,34,58,27,4,5,4,161,5,45,16,10,14,15,56,Region XI,Panabo City,Panabo Central,Cagangohan National High School,750,750,31,230,489,35,285,430,229,15,103,111,229,18,105,106,199,8,72,119,199,6,77,116,165,5,21,139,165,6,63,96,157,3,34,120,157,5,40,112,Region XI,Panabo City,City of Panabo,Cagangohan National High School,746,746,0.9557640750670241,0.044235924932975866,0,0,0,713,33,0,0,0,228,208,20,0,0,0,191,183,8,0,0,0,167,165,2,0,0,0,160,157,3,0,0,0,Region XI,Panabo City,City of Panabo,Cagangohan National High School,804,744,0.36559139784946243,0.4637096774193548,0.16263440860215053,0.00806451612903226,0,272,345,121,6,0,271,107,133,31,0,0,150,49,72,29,0,0,163,70,75,18,0,0,160,46,65,43,6,0
303186,1830,0,7,11,1,711,71101,1830,0,4,3,78,47,56,60,61,65,56,58,0,0,251,230,481,0,0,0,0,0.0164,0,0,0,0,0,0.004,0,0.0021,11,43.730000000000004,367,1.31,14,34.36,206,2.3299999999999996,11,43.730000000000004,-999,-999,-999,-999,-999,-999,-999,-999,-999,-999,0,1,0,Region VII,Lapu-Lapu City,Lapu-Lapu City North District,Mactan Air Base National High School,485,485,145,12,14,13,11,0,29,66,145,9,7,3,8,1,49,68,141,67,8,6,15,1,6,38,141,20,5,6,14,2,29,65,109,77,1,2,9,0,2,18,109,49,4,8,17,0,5,26,90,77,1,0,9,0,0,3,90,26,9,5,13,0,9,28,Region VII,Lapu-Lapu City,Lapu-Lapu City North District,Mactan Air Base National High School,483,483,1,9,473,2,20,461,145,0,7,138,145,1,9,135,140,1,2,137,140,1,6,133,110,0,0,110,110,0,5,105,88,0,0,88,88,0,0,88,Region VII,Lapu-Lapu City,City of Lapu-Lapu,Mactan Air Base National High School,485,485,0.9216494845360826,0.07835051546391752,0,0,0,447,38,0,0,0,145,127,18,0,0,0,141,131,10,0,0,0,110,110,0,0,0,0,89,79,10,0,0,0,NA,NA,NA,NA,NA,NA,NA,NA,NA,NA,NA,NA,NA,NA,NA,NA,NA,NA,NA,NA,NA,NA,NA,NA,NA,NA,NA,NA,NA,NA,NA,NA,NA,NA,NA,NA,NA,NA,NA,NA
501429,1839,0,7,14,2,714,71402,1839,0,1,1,35,23,44,30,44,40,45,25,0,0,168,118,286,0.0286,0,0,0,0.0455,0.025,0.022199999999999998,0,0,0,0.023799999999999998,0.0085,0.0175,2,156,0,0,1.83,156,0,0,4,71.5,-999,-999,-999,-999,-999,-999,-999,-999,-999,-999,0,1,0,NIR,Siquijor,Maria,Maria Integrated School,241,241,57,1,19,7,4,13,9,4,57,2,18,8,3,14,9,3,62,5,18,8,3,14,9,5,62,4,19,7,4,17,8,3,56,3,16,8,4,15,8,2,56,4,19,5,5,13,8,2,66,4,16,11,8,14,9,4,66,5,19,9,5,16,9,3,NIR,Siquijor,Maria,Maria Integrated School,238,238,15,72,151,23,80,135,60,5,25,30,60,8,24,28,57,2,17,38,57,5,22,30,55,5,15,35,55,6,17,32,66,3,15,48,66,4,17,45,NIR,Siquijor,Maria,Maria Integrated School,245,245,0.8734693877551021,0.12653061224489792,0,0,0,214,31,0,0,0,59,59,0,0,0,0,61,56,5,0,0,0,57,55,2,0,0,0,68,44,24,0,0,0,NIR,Siquijor,Maria,Maria Integrated School,244,244,0.39754098360655743,0.43032786885245916,0.15573770491803282,0.016393442622950827,0,97,105,38,4,0,60,44,15,1,0,0,61,2,34,25,0,0,55,43,12,0,0,0,68,8,44,12,4,0
305844,2038,0,11,3,3,1103,110303,2038,0,4,1,28,20,24,31,30,29,33,31,0,0,115,111,226,0,0,0,0,0,0,0,0,0,0,0,0,0,4,56.5,200,1.1300000000000001,3,75.33,21,10.76,3,75.33,-999,-999,-999,-999,-999,-999,-999,-999,-999,-999,0,1,0,Region XI,Davao del Norte,Carmen,Alia National High School,205,191,55,0,6,4,7,24,13,1,57,0,3,5,7,25,14,3,53,0,9,16,1,18,8,1,57,0,1,6,0,30,18,2,38,1,17,2,1,5,8,4,46,0,5,3,1,30,7,0,45,11,31,2,0,1,0,0,45,0,10,2,0,27,4,2,Region XI,Davao del Norte,Carmen,Alia National High School,217,200,43,49,106,41,101,57,54,10,15,29,54,9,26,19,57,17,8,32,59,15,25,19,42,13,12,17,42,10,26,6,45,3,14,28,44,7,24,13,Region XI,Davao del Norte,Carmen,Alia National High School,208,207,0.9371980676328504,0.06280193236714975,0,0,0,194,13,0,0,0,57,49,8,0,0,0,57,53,4,0,0,0,47,47,0,0,0,0,46,45,1,0,0,0,Region XI,Davao del Norte,Carmen,Alia National High School,208,207,0.048309178743961366,0.48309178743961356,0.28502415458937197,0.1594202898550725,0.024154589371980673,10,100,59,33,5,57,5,26,22,4,0,57,4,23,15,15,0,47,0,27,15,5,0,46,1,24,7,9,5
305965,2091,0,11,10,1,1110,111001,2091,0,4,1,46,25,34,24,24,22,33,22,0,0,137,93,230,0,0,0,0,0,0,0,0,0,0,0,0,0,10,23,257,0.89,17,13.53,0,0,1,230,-999,-999,-999,-999,-999,-999,-999,-999,-999,-999,0,1,0,Region XI,Panabo City,Panabo Central,Nanyo National High School,323,323,114,0,0,53,39,5,7,10,114,0,0,48,33,0,10,23,81,0,0,25,46,0,5,5,81,0,4,23,37,2,5,10,67,1,0,15,37,0,2,12,67,2,0,7,31,0,7,20,61,0,0,15,25,0,7,14,61,0,2,12,16,2,11,18,Region XI,Panabo City,Panabo Central,Nanyo National High School,323,218,43,87,88,15,74,105,65,12,26,27,61,3,17,41,63,9,28,26,63,9,33,21,44,13,16,15,41,2,10,29,46,9,17,20,29,1,14,14,Region XI,Panabo City,City of Panabo,Nanyo National High School,314,298,0.9966442953020135,0.003355704697986577,0,0,0,297,1,0,0,0,92,91,1,0,0,0,82,82,0,0,0,0,65,65,0,0,0,0,59,59,0,0,0,0,Region XI,Panabo City,City of Panabo,Nanyo National High School,319,279,0.7132616487455196,0.2616487455197133,0.02508960573476703,0,0,199,73,7,0,0,93,81,12,0,0,0,75,31,39,5,0,0,56,50,4,2,0,0,55,37,18,0,0,0
501076,2039,0,11,3,5,1103,110305,2039,0,3,1,5,4,8,10,11,7,2,7,0,0,26,28,54,0,0.25,0.125,0,0,0,0,0,0,0,0.0385,0.035699999999999996,0.037,3,18,52,1.04,2,27,22,2.4499999999999997,1,54,-999,-999,-999,-999,-999,-999,-999,-999,-999,-999,0,1,0,Region XI,Davao del Norte,Kapalong East,Kamansi Integrated School,60,49,13,0,0,0,0,10,2,1,13,0,0,0,0,12,1,0,12,0,0,2,2,6,2,0,12,0,1,0,0,11,0,0,11,1,0,2,0,2,6,0,11,0,0,0,0,11,0,0,13,0,2,0,0,9,2,0,13,0,1,0,0,11,0,1,Region XI,Davao del Norte,Kapalong East,Kamansi Integrated School,53,42,9,15,17,21,19,2,14,6,3,5,14,7,6,1,10,2,4,4,10,4,6,0,7,1,5,1,8,6,2,0,10,0,3,7,10,4,5,1,Region XI,Davao del Norte,Kapalong,Kamansi Integrated School,58,58,1,0,0,0,0,58,0,0,0,0,18,18,0,0,0,0,14,14,0,0,0,0,12,12,0,0,0,0,14,14,0,0,0,0,Region XI,Davao del Norte,Kapalong,Kamansi Integrated School,50,50,0.8200000000000001,0.12000000000000001,0.06,0,0,41,6,3,0,0,18,13,2,3,0,0,12,11,1,0,0,0,8,8,0,0,0,0,12,9,3,0,0,0
305889,2066,0,11,1,1,1101,110101,2066,0,2,1,25,23,26,17,28,23,16,8,0,0,95,71,166,0,0,0,0,0,0,0,0,0,0,0,0,0,4,44,66,2.51,3.77,44,0,0,1,166,-999,-999,-999,-999,-999,-999,-999,-999,-999,-999,0,1,0,Region XI,Davao City,Marilog,Tamugan National High School,207,202,61,0,0,0,14,0,2,45,61,2,0,0,8,0,3,48,48,5,0,0,35,0,2,6,46,0,0,0,18,0,2,26,42,6,0,0,19,0,2,15,42,0,0,0,10,0,2,30,51,11,0,0,31,1,0,8,51,0,0,0,9,1,0,41,Region XI,Davao City,Marilog,Tamugan National High School,203,203,25,49,129,25,49,129,62,9,18,35,62,9,14,39,48,9,9,30,48,9,9,30,42,7,12,23,42,7,10,25,51,0,10,41,51,0,16,35,Region XI,Davao City,City of Davao,Tamugan National High School,206,200,0.12000000000000001,0.8700000000000001,0.01,0,0,24,174,2,0,0,61,12,47,2,0,0,49,1,48,0,0,0,42,7,35,0,0,0,48,4,44,0,0,0,Region XI,Davao City,City of Davao,Tamugan National High School,192,176,0.1761363636363637,0.5795454545454547,0.24431818181818188,0,0,31,102,43,0,0,53,11,31,11,0,0,44,11,21,12,0,0,34,2,19,13,0,0,45,7,31,7,0,0
501074,2041,0,11,3,6,1103,110306,2041,0,1,2,24,26,28,28,20,19,14,18,0,0,86,91,177,0,0,0,0,0,0,0,0,0,0,0,0,0,7,26.779999999999998,92,1.93,11.75,15.06,6,29.5,3,59,-999,-999,-999,-999,-999,-999,-999,-999,-999,-999,0,1,0,Region XI,Davao del Norte,Talaingod,Cabadiangan Integrated School,170,170,58,0,11,3,1,35,8,0,58,0,13,1,0,42,2,0,39,0,3,1,0,28,7,0,39,0,3,1,2,30,3,0,32,0,0,1,2,17,10,2,32,0,1,2,0,18,10,1,41,0,4,3,1,26,4,3,41,2,5,0,0,26,7,1,Region XI,Davao del Norte,Talaingod,Cabadiangan Integrated School,225,225,129,65,31,146,58,21,73,51,17,5,73,59,11,3,65,39,20,6,65,48,12,5,41,21,10,10,41,21,15,5,46,18,18,10,46,18,20,8,Region XI,Davao del Norte,Talaingod,Cabadiangan Integrated School,156,131,0.9694656488549616,0.03053435114503817,0,0,0,127,4,0,0,0,47,44,3,0,0,0,36,35,1,0,0,0,26,26,0,0,0,0,22,22,0,0,0,0,Region XI,Davao del Norte,Talaingod,Cabadiangan Integrated School,233,233,0.9699570815450642,0.030042918454935622,0,0,0,226,7,0,0,0,81,78,3,0,0,0,66,65,1,0,0,0,40,38,2,0,0,0,46,45,1,0,0,0
312408,1813,0,7,5,30,705,70530,1813,0,2,1,23,34,30,28,37,36,37,25,0,0,127,123,250,0,0,0,0,0.05410000000000001,0.055600000000000004,0,0,0,0,0.0157,0.016300000000000002,0.016,5,46.379999999999995,175,1.43,6.06,41.220000000000006,0,0,2,125,-999,-999,-999,-999,-999,-999,-999,-999,-999,-999,0,1,0,Region VII,Cebu,Tabogon,Daantabogon NHS,265,265,79,8,23,20,9,1,7,11,79,5,19,18,11,1,16,9,78,19,16,21,6,2,9,5,78,17,11,25,5,2,14,4,50,12,7,11,8,1,6,5,50,11,9,8,5,2,11,4,58,13,15,7,7,1,6,9,58,10,6,14,10,5,5,8,Region VII,Cebu,Tabogon,Daantabogon NHS,265,222,31,72,110,36,85,101,71,12,27,32,72,18,23,31,59,9,15,35,61,12,17,32,38,9,12,17,41,4,23,14,45,1,18,26,48,2,22,24,Region VII,Cebu,Tabogon,Daantabogon NHS,265,240,0.8708333333333335,0.12916666666666668,0,0,0,209,31,0,0,0,77,47,30,0,0,0,73,72,1,0,0,0,36,36,0,0,0,0,54,54,0,0,0,0,Region VII,Cebu,Tabogon,Daantabogon NHS,262,250,0.964,0.036,0,0,0,241,9,0,0,0,74,74,0,0,0,0,75,69,6,0,0,0,47,45,2,0,0,0,54,53,1,0,0,0
501351,1790,0,7,5,22,705,70522,1790,0,1,1,27,33,40,36,42,32,39,37,0,0,148,138,286,0,0,0.07500000000000001,0,0.023799999999999998,0,0.051300000000000005,0,0,0,0.0405,0,0.021,13,22.330000000000002,213,1.34,9.25,30.919999999999998,4,71.5,5,57.2,-999,-999,-999,-999,-999,-999,-999,-999,-999,-999,0,1,0,Region VII,Cebu,Minglanilla II,Cuanos Integrated School,256,256,79,2,7,13,10,8,23,16,79,0,8,10,8,10,25,18,63,0,8,9,7,9,18,12,63,0,9,8,5,9,18,14,51,1,6,9,6,7,12,10,51,1,5,5,4,6,18,12,63,5,9,7,6,6,16,14,63,4,7,5,4,9,19,15,Region VII,Cebu,Minglanilla II,Cuanos Integrated School,235,235,0,35,200,0,41,194,74,0,15,59,74,0,17,57,58,0,15,43,58,0,16,42,49,0,3,46,49,0,4,45,54,0,2,52,54,0,4,50,Region VII,Cebu,Minglanilla,Cuanos Integrated School,252,252,0.06349206349206347,0.37698412698412703,0.34523809523809523,0.13492063492063489,0.07936507936507937,16,95,87,34,20,78,4,30,31,8,5,61,6,25,17,9,4,50,2,18,15,9,6,63,4,22,24,8,5,NA,NA,NA,NA,NA,NA,NA,NA,NA,NA,NA,NA,NA,NA,NA,NA,NA,NA,NA,NA,NA,NA,NA,NA,NA,NA,NA,NA,NA,NA,NA,NA,NA,NA,NA,NA,NA,NA,NA,NA
501404,2074,0,11,1,1,1101,110101,2074,0,3,1,15,13,5,14,19,15,14,14,0,0,53,56,109,0,0,0,0,0,0,0,0,0,0,0,0,0,5,21.8,200,0.55,9,12.11,0,0,2,54.5,-999,-999,-999,-999,-999,-999,-999,-999,-999,-999,0,1,0,Region XI,Davao City,Paquibato,Victor Bernal Integrated School,94,94,18,3,1,2,4,3,4,1,18,2,2,5,3,1,4,1,33,5,2,9,5,10,2,0,33,5,4,7,4,0,5,8,28,5,6,7,4,2,4,0,28,4,1,8,5,0,3,7,15,3,3,5,2,2,0,0,15,3,0,4,5,0,0,3,Region XI,Davao City,Paquibato,Victor Bernal Integrated School,93,80,11,28,39,10,13,56,15,3,7,5,16,2,2,12,28,5,9,14,28,6,2,20,23,3,7,13,24,1,6,17,12,0,5,7,11,1,3,7,Region XI,Davao City,City of Davao,Victor Bernal Integrated School,92,92,0.9456521739130436,0.054347826086956534,0,0,0,87,5,0,0,0,18,16,2,0,0,0,32,31,1,0,0,0,27,26,1,0,0,0,15,14,1,0,0,0,Region XI,Davao City,City of Davao,Victor Bernal Integrated School,93,87,0.5172413793103449,0.40229885057471265,0.08045977011494251,0,0,45,35,7,0,0,17,9,8,0,0,0,31,14,10,7,0,0,26,17,9,0,0,0,13,5,8,0,0,0
305660,2061,0,11,1,1,1101,110101,2061,0,4,1,21,25,16,22,25,18,14,16,0,0,76,81,157,0,0,0,0,0,0,0,0,0,0,0,0,0,4,39.25,199,0.7899999999999999,4,39.25,0,0,3,52.33,-999,-999,-999,-999,-999,-999,-999,-999,-999,-999,0,1,0,Region XI,Davao City,Marilog,Magsaysay National High School,162,162,45,0,0,5,10,2,22,6,45,0,0,7,5,5,20,8,41,2,0,6,8,5,10,10,41,0,0,4,3,10,14,10,43,0,0,15,12,3,3,10,43,0,0,10,5,5,15,8,33,0,0,5,5,5,11,7,33,0,0,4,3,5,15,6,Region XI,Davao City,Marilog,Magsaysay National High School,155,155,14,80,61,14,97,44,45,7,22,16,45,7,25,13,39,3,20,16,39,3,25,11,38,2,21,15,38,2,26,10,33,2,17,14,33,2,21,10,Region XI,Davao City,City of Davao,Magsaysay National High School,152,152,0.7697368421052632,0.23026315789473686,0,0,0,117,35,0,0,0,45,14,31,0,0,0,40,38,2,0,0,0,37,36,1,0,0,0,30,29,1,0,0,0,Region XI,Davao City,City of Davao,Magsaysay National High School,155,142,0.8028169014084506,0.19718309859154928,0,0,0,114,28,0,0,0,39,38,1,0,0,0,36,34,2,0,0,0,36,33,3,0,0,0,31,9,22,0,0,0
303219,1840,0,7,1,1,701,70101,1840,0,2,2,62,57,70,59,54,51,51,73,0,0,237,240,477,0,0,0,0,0,0,0,0,0,0,0,0,0,16,29,463,1.03,14.47,32.949999999999996,3,159,1,477,-999,-999,-999,-999,-999,-999,-999,-999,-999,-999,0,1,0,NIR,Bayawan City,Basay,Bal-os National High School,468,441,114,18,4,23,20,4,23,22,141,18,4,35,29,4,22,29,106,16,2,25,21,2,23,17,106,16,2,21,23,2,23,19,108,17,2,28,28,2,10,21,108,17,2,28,28,2,12,19,113,20,1,28,27,2,14,21,113,20,1,28,27,2,14,21,NIR,Bayawan City,Basay,Bal-os National High School,511,511,8,194,309,8,206,297,145,3,60,82,145,3,58,84,115,2,46,67,115,2,53,60,125,2,51,72,125,2,53,70,126,1,37,88,126,1,42,83,NIR,Bayawan City,Basay,Bal-os National High School,470,464,1,0,0,0,0,464,0,0,0,0,140,140,0,0,0,0,106,106,0,0,0,0,105,105,0,0,0,0,113,113,0,0,0,0,NIR,Bayawan City,Basay,Bal-os National High School,510,414,0.5603864734299516,0.26811594202898553,0.14734299516908214,0.024154589371980673,0,232,111,61,10,0,118,67,40,11,0,0,94,57,25,12,0,0,105,64,22,18,1,0,97,44,24,20,9,0
312450,1788,0,7,5,22,705,70522,1788,0,2,1,32,33,53,38,66,47,44,51,0,0,195,169,364,0.0625,0,0.018900000000000004,0.05260000000000001,0,0,0,0.0196,0,0,0.015399999999999999,0.0178,0.0165,4,82,178,2.05,4.44,82,105,3.4699999999999998,3,121.33,-999,-999,-999,-999,-999,-999,-999,-999,-999,-999,0,1,0,Region VII,Cebu,Minglanilla I,Tungkil NHS,413,405,125,1,5,48,12,8,37,14,124,5,25,14,7,0,23,50,101,11,0,26,36,0,4,24,96,0,0,29,21,1,26,19,74,18,0,14,29,1,2,10,72,5,7,19,12,2,11,16,105,35,0,26,33,0,2,9,95,8,0,29,20,5,15,18,Region VII,Cebu,Minglanilla I,Tungkil NHS,379,367,61,91,129,130,128,79,110,44,51,15,80,19,37,24,89,8,29,52,96,51,33,12,38,6,5,27,73,13,24,36,44,3,6,35,88,47,34,7,Region VII,Cebu,Minglanilla,Tungkil NHS,360,345,0.127536231884058,0.5072463768115942,0.26376811594202904,0.10144927536231886,0,44,175,91,35,0,65,8,37,15,5,0,105,13,43,39,10,0,73,7,44,13,9,0,102,16,51,24,11,0,Region VII,Cebu,Minglanilla,Tungkil NHS,391,391,0.5703324808184144,0.42966751918158574,0,0,0,223,168,0,0,0,119,81,38,0,0,0,95,52,43,0,0,0,72,48,24,0,0,0,105,42,63,0,0,0
324903,1859,0,7,4,1,704,70401,1859,0,2,1,9,12,13,19,17,10,16,15,0,0,55,56,111,0.1111,0,0.07690000000000001,0.05260000000000001,0.058800000000000005,0,0,0,0,0,0.05450000000000001,0.017900000000000003,0.036,4,26,78,1.42,2.13,52,63,1.76,1,111,-999,-999,-999,-999,-999,-999,-999,-999,-999,-999,0,1,0,Region VII,Carcar City,Carcar I,Pit-os National High School,126,126,44,0,2,6,6,4,15,11,44,2,16,1,9,13,2,1,33,0,3,10,6,0,1,13,33,0,1,3,0,15,8,6,21,1,0,9,7,1,2,1,21,0,3,2,0,14,2,0,28,7,0,9,8,0,3,1,28,0,5,2,1,20,0,0,Region VII,Carcar City,Carcar I,Pit-os National High School,125,125,3,81,34,62,60,1,43,2,21,20,41,24,17,0,32,1,20,11,32,14,17,1,23,0,22,1,23,14,9,0,20,0,18,2,27,10,17,0,Region VII,Carcar City,City of Carcar,Pit-os National High School,124,124,0.9112903225806451,0.08870967741935484,0,0,0,113,11,0,0,0,44,33,11,0,0,0,32,32,0,0,0,0,21,21,0,0,0,0,27,27,0,0,0,0,Region VII,Carcar City,City of Carcar,Pit-os National High School,123,123,0.9918699186991872,0.008130081300813009,0,0,0,122,1,0,0,0,43,43,0,0,0,0,32,32,0,0,0,0,21,21,0,0,0,0,27,26,1,0,0,0
501065,2051,0,11,1,1,1101,110101,2051,0,3,1,63,55,58,49,63,55,39,56,0,0,223,215,438,0.127,0.0182,0.0517,0,0.0794,0.05450000000000001,0.07690000000000001,0.017900000000000003,0,0,0.08520000000000001,0.0233,0.05480000000000001,9,48.67,409,1.07,20,21.9,0,0,9,48.67,-999,-999,-999,-999,-999,-999,-999,-999,-999,-999,0,1,0,Region XI,Davao City,Buhangin,Pilar P. Rodriguez Integrated School,494,488,141,1,5,12,41,20,10,52,141,4,4,23,32,21,42,15,122,1,5,14,48,5,16,33,122,1,0,14,48,10,16,33,115,23,3,13,12,1,35,28,115,9,3,13,67,0,10,13,110,13,3,31,13,1,30,19,110,23,2,16,53,1,1,14,Region XI,Davao City,Buhangin,Pilar P. Rodriguez Integrated School,488,451,4,12,435,18,23,410,137,4,4,129,137,10,13,114,121,0,5,116,121,5,10,106,106,0,3,103,106,3,0,103,87,0,0,87,87,0,0,87,Region XI,Davao City,City of Davao,Pilar P. Rodriguez Integrated School,494,494,0.9878542510121456,0.01214574898785425,0,0,0,488,6,0,0,0,144,139,5,0,0,0,124,123,1,0,0,0,116,116,0,0,0,0,110,110,0,0,0,0,Region XI,Davao City,City of Davao,Pilar P. Rodriguez Integrated School,479,479,0.2713987473903967,0.2526096033402923,0.2108559498956159,0.23799582463465555,0.02713987473903966,130,121,101,114,13,139,38,63,30,8,0,115,38,54,19,3,1,107,38,3,52,13,1,118,16,1,0,90,11
312451,1815,0,7,5,32,705,70532,1815,0,2,1,34,20,33,28,43,37,41,42,0,0,151,127,278,0.0294,0,0.0606,0,0.0233,0.027,0,0,0,0,0.026500000000000003,0.0079,0.018000000000000002,7,40.8,168,1.6500000000000001,6.81,40.8,0,0,4,69.5,-999,-999,-999,-999,-999,-999,-999,-999,-999,-999,0,1,0,Region VII,Cebu,Tuburan II,Ireneo V. Diamante NHS,276,276,88,70,2,3,5,2,3,3,88,60,5,10,2,4,5,2,86,71,3,2,5,2,1,2,86,65,10,7,1,2,1,0,45,35,1,2,3,1,1,2,45,30,6,5,1,2,1,0,57,50,1,1,2,1,1,1,57,45,5,2,1,3,1,0,Region VII,Cebu,Tuburan II,Ireneo V. Diamante NHS,264,251,68,146,37,89,141,21,75,15,50,10,75,25,45,5,77,20,44,13,77,24,46,7,44,16,23,5,44,18,23,3,55,17,29,9,55,22,27,6,Region VII,Cebu,Tuburan,Ireneo V. Diamante NHS,280,285,0.543859649122807,0.3368421052631579,0.11929824561403508,0,0,155,96,34,0,0,93,48,37,8,0,0,85,50,25,10,0,0,46,26,13,7,0,0,61,31,21,9,0,0,Region VII,Cebu,Tuburan,Ireneo V. Diamante NHS,264,234,0.23504273504273507,0.5940170940170939,0.14529914529914534,0.025641025641025644,0,55,139,34,6,0,77,15,51,10,1,0,67,22,32,12,1,0,42,9,26,4,3,0,48,9,30,8,1,0
501763,2040,0,11,3,5,1103,110305,2040,0,3,1,20,20,9,21,12,17,10,10,0,0,51,68,119,0,0,0,0,0,0,0,0,0,0,0,0,0,1,119,0,0,0,0,0,0,1,119,-999,-999,-999,-999,-999,-999,-999,-999,-999,-999,0,1,0,Region XI,Davao del Norte,Kapalong East,Langan Integrated School,144,144,45,0,0,0,0,23,12,10,45,0,0,0,0,22,14,9,56,0,0,0,0,12,19,25,56,0,0,0,0,13,20,23,24,0,0,0,0,4,8,12,24,0,0,0,0,6,7,11,19,0,0,0,0,3,9,7,19,0,0,0,0,4,8,7,Region XI,Davao del Norte,Kapalong East,Langan Integrated School,143,143,10,77,56,17,86,40,44,2,20,22,44,5,29,10,57,5,32,20,57,7,32,18,23,2,14,7,23,3,15,5,19,1,11,7,19,2,10,7,Region XI,Davao del Norte,Kapalong,Langan Integrated School,140,131,0.9541984732824429,0.04580152671755726,0,0,0,125,6,0,0,0,42,41,1,0,0,0,56,54,2,0,0,0,24,22,2,0,0,0,9,8,1,0,0,0,Region XI,Davao del Norte,Kapalong,Langan Integrated School,140,140,0.40714285714285725,0.4928571428571429,0.1,0,0,57,69,14,0,0,42,17,22,3,0,0,56,24,25,7,0,0,24,10,12,2,0,0,18,6,10,2,0,0
316405,2092,0,11,10,1,1110,111001,2092,0,2,1,45,41,48,66,76,69,64,62,0,0,233,238,471,0,0,0,0,0.026300000000000004,0.028999999999999998,0,0.0323,0,0,0.0086,0.0168,0.0127,12,38.13,391,1.2,19.759999999999998,23.830000000000002,0,0,8,58.879999999999995,-999,-999,-999,-999,-999,-999,-999,-999,-999,-999,0,1,0,Region XI,Panabo City,Panabo Central,QUEZON NATIONAL HIGH SCHOOL,529,529,166,0,10,28,16,36,37,39,166,0,14,13,8,20,73,38,164,2,14,32,24,19,33,40,164,0,4,9,11,33,65,42,90,10,13,21,21,4,9,12,90,2,6,9,7,11,21,34,109,27,11,34,29,3,2,3,109,3,11,24,18,13,12,28,Region XI,Panabo City,Panabo Central,QUEZON NATIONAL HIGH SCHOOL,527,527,168,239,120,265,184,78,166,85,67,14,166,105,46,15,161,62,74,25,161,98,43,20,88,14,48,26,88,26,49,13,112,7,50,55,112,36,46,30,Region XI,Panabo City,City of Panabo,QUEZON NATIONAL HIGH SCHOOL,529,497,0.9336016096579477,0.06438631790744465,0.002012072434607646,0,0,464,32,1,0,0,152,152,0,0,0,0,152,152,0,0,0,0,90,78,12,0,0,0,103,82,20,1,0,0,Region XI,Panabo City,City of Panabo,QUEZON NATIONAL HIGH SCHOOL,517,501,0.6327345309381237,0.3033932135728543,0.055888223552894196,0.007984031936127746,0,317,152,28,4,0,151,97,41,12,1,0,157,122,32,3,0,0,83,38,42,3,0,0,110,60,37,10,3,0
316404,2094,0,11,10,1,1110,111001,2094,0,2,1,28,35,38,22,38,24,21,27,0,0,125,108,233,0,0,0,0,0,0,0,0,0,0,0,0,0,6,37.44,214,1.09,6.22,37.44,0,0,5,46.6,-999,-999,-999,-999,-999,-999,-999,-999,-999,-999,0,1,0,Region XI,Panabo City,Panabo South,Mabunao National High School,214,193,63,0,4,3,1,16,13,26,63,0,6,1,0,16,25,15,60,0,18,1,2,2,22,15,60,0,18,3,0,2,15,22,35,0,5,7,0,7,8,8,55,0,8,10,1,4,18,14,35,0,10,5,0,5,6,9,35,0,5,7,0,7,8,8,Region XI,Panabo City,Panabo South,Mabunao National High School,213,213,25,90,98,27,100,82,63,13,21,29,63,15,26,22,60,8,25,27,56,8,25,23,56,2,32,22,56,2,35,19,34,2,12,20,34,2,14,18,Region XI,Panabo City,City of Panabo,Mabunao National High School,208,208,0.9807692307692306,0.01923076923076923,0,0,0,204,4,0,0,0,62,58,4,0,0,0,57,57,0,0,0,0,54,54,0,0,0,0,35,35,0,0,0,0,Region XI,Panabo City,City of Panabo,Mabunao National High School,201,189,0.3227513227513227,0.5343915343915345,0.1428571428571429,0,0,61,101,27,0,0,56,14,29,13,0,0,53,15,25,13,0,0,49,9,40,0,0,0,31,23,7,1,0,0
316301,2087,0,11,7,1,1107,110701,2087,0,4,1,86,62,88,89,78,90,72,83,0,0,324,324,648,0,0,0,0,0,0,0,0,0,0,0,0,0,13,49.849999999999994,350,1.85,11,58.91,208,3.12,11,58.91,-999,-999,-999,-999,-999,-999,-999,-999,-999,-999,0,1,0,Region XI,Digos City,Digos Oriental,Igpit National High School,645,644,208,64,0,0,116,0,0,28,198,34,0,0,118,0,0,46,178,21,0,0,89,0,0,68,178,21,0,0,120,0,0,37,137,22,0,0,60,0,0,55,137,2,0,0,54,0,0,81,121,20,0,0,92,0,0,9,121,16,0,0,84,0,0,21,Region XI,Digos City,Digos Oriental,Igpit National High School,675,603,30,264,254,62,326,212,153,9,72,72,186,18,101,67,162,9,97,56,159,18,87,54,127,10,57,60,140,21,88,31,106,2,38,66,115,5,50,60,Region XI,Digos City,City of Digos,Igpit National High School,646,646,0.9767801857585138,0.012383900928792569,0.007739938080495357,0.003095975232198142,0,631,8,5,2,0,208,207,1,0,0,0,179,179,0,0,0,0,138,134,4,0,0,0,121,111,3,5,2,0,Region XI,Digos City,City of Digos,Igpit National High School,676,676,0.30621301775147924,0.3979289940828404,0.2115384615384616,0.06804733727810651,0.01627218934911242,207,269,143,46,11,217,57,119,41,0,0,183,75,34,44,23,7,150,41,63,31,15,0,126,34,53,27,8,4
312910,1854,0,7,10,1,710,71001,1854,0,2,1,75,62,48,59,61,77,56,70,0,0,240,268,508,0.1733,0.0161,0.125,0.0678,0.0328,0.0519,0,0.0429,0,0,0.08750000000000001,0.0448,0.065,8,62.08,189,2.69,7.5,67.73,0,0,9,56.44,-999,-999,-999,-999,-999,-999,-999,-999,-999,-999,0,1,0,NIR,Guihulngan City,Guihulngan North,Trinidad National High School,526,505,192,46,23,42,35,9,17,20,194,28,33,24,15,35,48,11,146,51,8,32,28,5,13,9,148,17,11,5,5,78,24,8,98,6,15,13,11,35,9,9,101,12,22,15,13,27,7,5,69,10,29,16,8,6,0,0,76,19,14,12,10,4,8,9,NIR,Guihulngan City,Guihulngan North,Trinidad National High School,492,492,62,158,272,140,208,144,182,30,67,85,182,52,87,43,141,20,41,80,141,39,64,38,97,10,37,50,97,34,37,26,72,2,13,57,72,15,20,37,NIR,Guihulngan City,City of Guihulngan,Trinidad National High School,522,520,0.9884615384615385,0.011538461538461536,0,0,0,514,6,0,0,0,196,190,6,0,0,0,148,148,0,0,0,0,101,101,0,0,0,0,75,75,0,0,0,0,NIR,Guihulngan City,City of Guihulngan,Trinidad National High School,496,495,0.9656565656565655,0.034343434343434336,0,0,0,478,17,0,0,0,182,175,7,0,0,0,139,134,5,0,0,0,102,100,2,0,0,0,72,69,3,0,0,0
303011,1776,0,7,5,12,705,70512,1776,0,2,3,15,19,18,18,35,30,28,20,0,0,96,87,183,0.1333,0,0.1111,0,0.08570000000000001,0,0.0714,0.05,0,0,0.0938,0.0115,0.05460000000000001,7,25.7,506,0.36,13.53,13.53,2,91.5,1,183,-999,-999,-999,-999,-999,-999,-999,-999,-999,-999,0,1,0,Region VII,Cebu,Consolacion,Lanipga NHS,174,174,59,10,6,15,10,6,8,4,59,5,6,8,10,10,10,10,46,12,2,5,18,3,0,6,43,10,5,6,8,5,5,4,32,19,0,3,10,0,0,0,32,14,2,2,6,2,2,4,37,16,0,3,18,0,0,0,35,12,5,6,6,0,2,4,Region VII,Cebu,Consolacion,Lanipga NHS,172,149,58,50,40,48,60,38,53,23,20,10,50,22,20,8,40,18,12,10,40,12,18,10,25,8,9,8,26,8,9,9,30,9,9,12,30,6,13,11,Region VII,Cebu,Consolacion,Lanipga NHS,175,172,0.9651162790697674,0.034883720930232565,0,0,0,166,6,0,0,0,59,53,6,0,0,0,45,45,0,0,0,0,32,32,0,0,0,0,36,36,0,0,0,0,Region VII,Cebu,Consolacion,Lanipga NHS,172,170,0.847058823529412,0.15294117647058827,0,0,0,144,26,0,0,0,60,37,23,0,0,0,44,42,2,0,0,0,30,29,1,0,0,0,36,36,0,0,0,0
305651,2073,0,11,1,1,1101,110101,2073,0,4,1,16,14,24,13,25,22,19,8,0,0,84,57,141,0,0,0,0,0,0,0,0,0,0,0,0,0,3,47,380,0.37,11,12.82,2,70.5,1,141,-999,-999,-999,-999,-999,-999,-999,-999,-999,-999,0,1,0,Region XI,Davao City,Paquibato,Lumiad National High School,127,127,35,0,0,5,0,30,0,0,35,0,0,8,0,27,0,0,35,0,0,17,0,18,0,0,35,0,0,2,0,33,0,0,29,0,0,22,0,7,0,0,29,0,0,6,0,23,0,0,28,0,0,21,0,7,0,0,28,0,0,3,0,25,0,0,Region XI,Davao City,Paquibato,Lumiad National High School,127,124,0,0,0,13,47,64,0,0,0,0,35,1,4,30,0,0,0,0,34,5,17,12,0,0,0,0,27,3,12,12,0,0,0,0,28,4,14,10,Region XI,Davao City,City of Davao,Lumiad National High School,127,126,0,0.253968253968254,0.5158730158730159,0.19841269841269843,0.031746031746031744,0,32,65,25,4,34,0,5,22,7,0,35,0,4,19,11,1,29,0,13,16,0,0,28,0,10,8,7,3,Region XI,Davao City,City of Davao,Lumiad National High School,127,123,0.048780487804878044,0.43902439024390255,0.30894308943089427,0.20325203252032525,0,6,54,38,25,0,34,0,13,11,10,0,34,4,11,9,10,0,27,0,14,11,2,0,28,2,16,7,3,0
305662,2063,0,11,1,1,1101,110101,2063,0,4,1,28,26,22,18,15,22,13,16,0,0,78,82,160,0.035699999999999996,0,0.0909,0.055600000000000004,0.06670000000000001,0.0455,0.15380000000000002,0,0,0,0.07690000000000001,0.0244,0.05,4,40,126,1.27,14,11.43,1,160,3,53.33,-999,-999,-999,-999,-999,-999,-999,-999,-999,-999,0,1,0,Region XI,Davao City,Marilog,Malikongkong National High School,158,158,52,3,10,11,5,8,10,5,52,2,15,4,3,10,13,5,43,2,9,6,4,4,10,8,43,1,7,3,2,6,16,8,38,2,8,7,3,5,5,8,38,1,5,3,2,5,15,7,25,3,1,6,4,3,4,4,25,1,2,3,2,5,4,8,Region XI,Davao City,Marilog,Malikongkong National High School,151,151,22,71,58,40,67,44,50,8,23,19,50,16,21,13,41,6,20,15,41,11,22,8,36,5,18,13,36,7,16,13,24,3,10,11,24,6,8,10,Region XI,Davao City,City of Davao,Malikongkong National High School,154,153,0.980392156862745,0.019607843137254898,0,0,0,150,3,0,0,0,53,50,3,0,0,0,39,39,0,0,0,0,37,37,0,0,0,0,24,24,0,0,0,0,Region XI,Davao City,City of Davao,Malikongkong National High School,151,139,0.9280575539568345,0.07194244604316546,0,0,0,129,10,0,0,0,50,46,4,0,0,0,34,33,1,0,0,0,31,27,4,0,0,0,24,23,1,0,0,0
305850,2104,0,11,5,3,1105,110503,2104,0,4,1,11,21,7,26,13,14,13,16,0,0,44,77,121,0,0,0,0,0,0,0,0,0,0,0,0,0,1,121,0,0,6,20.17,0,0,3,40.33,-999,-999,-999,-999,-999,-999,-999,-999,-999,-999,0,1,0,Region XI,Davao Occidental,Malita West,Martino Masiwel National High School,106,106,32,2,5,8,1,5,8,3,32,2,5,10,0,3,7,5,29,3,5,5,2,3,7,4,29,2,3,5,1,6,9,3,30,4,3,3,6,2,7,5,30,3,2,7,2,4,9,3,15,3,1,3,2,1,3,2,15,3,2,2,2,1,3,2,Region XI,Davao Occidental,Malita West,Martino Masiwel National High School,107,107,3,28,76,15,36,56,32,2,10,20,32,7,15,10,29,0,9,20,29,4,7,18,31,0,6,25,31,3,8,20,15,1,3,11,15,1,6,8,Region XI,Davao Occidental,Malita,Martino Masiwel National High School,107,102,0.9705882352941175,0.029411764705882346,0,0,0,99,3,0,0,0,31,28,3,0,0,0,27,27,0,0,0,0,29,29,0,0,0,0,15,15,0,0,0,0,Region XI,Davao Occidental,Malita,Martino Masiwel National High School,108,100,0.9400000000000001,0.06,0,0,0,94,6,0,0,0,27,23,4,0,0,0,29,27,2,0,0,0,29,29,0,0,0,0,15,15,0,0,0,0
312481,1781,0,7,5,18,705,70518,1781,0,2,1,102,78,87,88,110,77,91,84,0,0,390,327,717,0.0098,0,0.0115,0,0.0182,0,0.022,0,0,0,0.015399999999999999,0,0.0084,17,42.05,479,1.5,24.72,29,0,0,3,239,-999,-999,-999,-999,-999,-999,-999,-999,-999,-999,0,1,0,Region VII,Cebu,Liloan,St. John Bosco-Cotcot NHS,730,708,195,2,10,38,41,3,55,46,199,39,20,47,43,7,18,25,171,2,8,48,52,6,23,32,180,20,16,21,29,29,28,37,171,27,9,65,50,1,6,13,174,32,11,25,25,19,25,37,171,90,2,8,68,0,3,0,174,35,12,25,28,16,22,36,Region VII,Cebu,Liloan,St. John Bosco-Cotcot NHS,737,730,42,433,242,71,251,382,188,8,140,40,199,5,55,139,182,2,94,86,180,27,74,79,173,18,100,55,175,27,68,80,174,14,99,61,150,12,54,84,Region VII,Cebu,Liloan,St. John Bosco-Cotcot NHS,733,722,0.9349030470914127,0.06509695290858727,0,0,0,675,47,0,0,0,201,187,14,0,0,0,180,167,13,0,0,0,169,159,10,0,0,0,172,162,10,0,0,0,Region VII,Cebu,Liloan,St. John Bosco-Cotcot NHS,733,710,0.37042253521126767,0.5380281690140846,0.08169014084507044,0.009859154929577464,0,263,382,58,7,0,193,71,112,10,0,0,176,37,102,33,4,0,169,42,117,7,3,0,172,113,51,8,0,0
304409,2093,0,11,10,1,1110,111001,2093,0,2,2,52,60,52,37,50,54,45,46,0,0,199,197,396,0,0,0,0,0,0,0,0,0,0,0,0,0,12,33.63,668,0.59,21.35,18.55,84,4.71,9,44,-999,-999,-999,-999,-999,-999,-999,-999,-999,-999,0,1,0,Region XI,Panabo City,Panabo South,Little Panay National High School,453,453,124,0,4,60,0,8,52,0,124,0,11,27,3,13,65,5,135,4,5,25,4,9,85,3,135,0,4,19,8,10,90,4,101,5,3,20,7,2,58,6,101,1,2,19,6,3,63,7,93,7,1,22,9,3,43,8,93,1,2,29,5,2,48,6,Region XI,Panabo City,Panabo South,Little Panay National High School,475,463,354,108,1,382,80,1,128,110,18,0,128,120,8,0,137,111,25,1,137,116,20,1,109,79,30,0,109,86,23,0,89,54,35,0,89,60,29,0,Region XI,Panabo City,City of Panabo,Little Panay National High School,465,441,0.8548752834467122,0.07936507936507937,0.06349206349206347,0.0022675736961451256,0,377,35,28,1,0,121,118,3,0,0,0,130,128,1,1,0,0,102,70,18,14,0,0,88,61,13,13,1,0,Region XI,Panabo City,City of Panabo,Little Panay National High School,471,438,0.5662100456621004,0.3698630136986301,0.061643835616438346,0.0022831050228310497,0,248,162,27,1,0,121,47,73,1,0,0,130,80,49,1,0,0,99,62,23,14,0,0,88,59,17,11,1,0
303246,1833,0,7,13,3,713,71303,1833,0,2,3,62,59,46,52,59,63,53,67,0,0,220,241,461,0.0806,0.050800000000000005,0.08700000000000001,0.0385,0.10170000000000001,0.0476,0.0377,0.0896,0,0,0.07730000000000001,0.058100000000000006,0.06720000000000001,14,32,982,0.47000000000000003,7.2,64,46,10.02,1,461,-999,-999,-999,-999,-999,-999,-999,-999,-999,-999,0,1,0,NIR,Negros Oriental,Mabinay I,Dahile PCHS,529,503,182,0,0,14,18,20,88,42,183,2,20,18,12,49,48,34,133,1,0,11,32,8,79,2,138,4,12,31,22,9,39,21,103,2,0,2,42,0,29,28,109,5,8,22,26,14,24,10,85,6,0,0,69,0,2,8,84,0,16,11,4,23,17,13,NIR,Negros Oriental,Mabinay I,Dahile PCHS,489,484,45,252,186,63,249,170,178,35,97,46,179,36,96,47,126,7,52,67,125,7,66,52,102,2,66,34,101,6,52,43,77,1,37,39,77,14,35,28,NIR,Negros Oriental,Mabinay,Dahile PCHS,514,509,0.9371316306483302,0.06286836935166994,0,0,0,477,32,0,0,0,192,171,21,0,0,0,136,132,4,0,0,0,95,88,7,0,0,0,86,86,0,0,0,0,NIR,Negros Oriental,Mabinay,Dahile PCHS,494,489,0.7075664621676889,0.27402862985685084,0.01840490797546013,0,0,346,134,9,0,0,181,130,49,2,0,0,129,106,22,1,0,0,102,69,32,1,0,0,77,41,31,5,0,0
501405,2049,0,11,1,1,1101,110101,2049,0,3,1,30,15,23,31,28,20,19,19,0,0,100,85,185,0.0333,0,0,0,0,0,0.1053,0.1053,0,0,0.03,0.0235,0.027,5,37,220,0.8400000000000001,7,26.43,0,0,3,61.67,-999,-999,-999,-999,-999,-999,-999,-999,-999,-999,0,1,0,Region XI,Davao City,Binugao,Bayabas Integrated School,226,225,65,0,0,1,16,4,12,32,65,1,6,10,14,12,13,9,75,4,2,5,36,4,8,16,75,6,5,16,21,10,15,2,38,4,1,5,13,2,8,5,38,4,1,6,12,8,7,0,47,25,0,4,18,0,0,0,47,0,0,14,26,0,4,3,Region XI,Davao City,Binugao,Bayabas Integrated School,223,223,4,27,192,17,54,152,65,1,8,56,65,6,23,36,75,3,10,62,75,7,10,58,37,0,7,30,37,4,14,19,46,0,2,44,46,0,7,39,Region XI,Davao City,City of Davao,Bayabas Integrated School,216,216,0.9814814814814815,0.01851851851851852,0,0,0,212,4,0,0,0,58,58,0,0,0,0,72,70,2,0,0,0,38,37,1,0,0,0,48,47,1,0,0,0,Region XI,Davao City,City of Davao,Bayabas Integrated School,223,223,0.05381165919282513,0.07623318385650227,0.2331838565022422,0.27802690582959655,0.358744394618834,12,17,52,62,80,65,5,6,15,15,24,75,5,4,17,21,28,37,2,4,8,11,12,46,0,3,12,15,16
305677,2101,0,11,5,3,1105,110503,2101,0,2,1,39,29,25,34,30,23,33,25,0,0,127,111,238,0,0,0,0,0,0,0,0,0,0,0,0,0,1,181,110,2.15,4.6,51.71,20,11.9,5,47.6,-999,-999,-999,-999,-999,-999,-999,-999,-999,-999,0,1,0,Region XI,Davao Occidental,Malita East,Bolila National High School,205,188,59,1,4,8,8,10,13,15,59,0,0,4,3,15,25,12,49,0,2,11,1,13,14,8,49,0,0,1,0,21,16,11,44,9,9,12,6,8,0,0,48,0,8,7,5,12,8,8,36,12,7,6,8,3,0,0,32,0,9,3,5,7,4,4,Region XI,Davao Occidental,Malita East,Bolila National High School,201,196,28,106,62,37,96,63,57,7,37,13,57,10,33,14,50,8,27,15,50,11,23,16,50,6,25,19,50,8,26,16,39,7,17,15,39,8,14,17,Region XI,Davao Occidental,Malita,Bolila National High School,201,201,0.9800995024875623,0.019900497512437818,0,0,0,197,4,0,0,0,63,61,2,0,0,0,47,46,1,0,0,0,51,50,1,0,0,0,40,40,0,0,0,0,Region XI,Davao Occidental,Malita,Bolila National High School,201,201,0.736318407960199,0.1940298507462687,0.04477611940298507,0.014925373134328358,0.009950248756218907,148,39,9,3,2,61,23,26,7,3,2,51,48,3,0,0,0,50,44,4,2,0,0,39,33,6,0,0,0
500447,1849,0,7,8,1,708,70801,1849,0,3,1,22,33,26,24,29,21,35,22,0,0,112,100,212,0,0.0303,0,0,0.0345,0,0,0,0,0,0.0089,0.01,0.009399999999999999,2,106,110,1.93,4,53,0,0,2,106,-999,-999,-999,-999,-999,-999,-999,-999,-999,-999,0,1,0,Region VII,Danao City,Danao City West,BINALIW INTEGRATED SCHOOL,231,228,72,0,2,20,17,2,10,21,72,2,13,4,3,37,11,2,66,2,5,7,4,22,14,12,64,0,3,5,2,33,12,9,45,20,4,9,2,2,7,1,45,1,21,7,0,10,6,0,45,20,5,10,3,3,4,0,45,0,16,1,0,25,3,0,Region VII,Danao City,Danao City West,BINALIW INTEGRATED SCHOOL,226,173,21,39,102,32,40,97,52,8,12,32,54,11,14,29,44,6,12,26,48,8,12,28,40,6,7,27,36,9,6,21,26,1,8,17,31,4,8,19,Region VII,Danao City,Danao City,BINALIW INTEGRATED SCHOOL,235,235,0.9574468085106383,0.038297872340425525,0.0042553191489361685,0,0,225,9,1,0,0,74,69,4,1,0,0,70,66,4,0,0,0,47,46,1,0,0,0,44,44,0,0,0,0,Region VII,Danao City,Danao City,BINALIW INTEGRATED SCHOOL,228,224,0.8660714285714287,0.1205357142857143,0.013392857142857144,0,0,194,27,3,0,0,71,54,15,2,0,0,65,59,5,1,0,0,45,39,6,0,0,0,43,42,1,0,0,0
501305,1844,0,7,8,1,708,70801,1844,0,3,1,17,12,22,14,12,11,18,20,0,0,69,57,126,0,0,0,0,0,0,0,0,0,0,0,0,0,2,63,133,0.9500000000000001,6,21,0,0,1,126,-999,-999,-999,-999,-999,-999,-999,-999,-999,-999,0,1,0,Region VII,Danao City,Danao City East,Gerardo Ypil Integrated School,125,125,31,0,0,6,6,1,13,5,31,0,1,4,4,10,11,1,34,1,2,6,10,11,4,0,34,0,0,0,5,3,26,0,28,0,2,20,3,0,3,0,28,0,1,12,3,2,10,0,32,19,5,7,1,0,0,0,32,17,5,10,0,0,0,0,Region VII,Danao City,Danao City East,Gerardo Ypil Integrated School,122,122,0,11,110,0,14,108,31,0,3,28,31,0,4,27,31,0,1,30,32,0,3,29,28,0,2,26,28,0,2,26,31,0,5,26,31,0,5,26,Region VII,Danao City,Danao City,Gerardo Ypil Integrated School,125,125,0.928,0.07200000000000001,0,0,0,116,9,0,0,0,31,23,8,0,0,0,34,34,0,0,0,0,28,28,0,0,0,0,32,31,1,0,0,0,Region VII,Danao City,Danao City,Gerardo Ypil Integrated School,122,113,0.7964601769911503,0.17699115044247796,0.02654867256637168,0,0,90,20,3,0,0,30,18,9,3,0,0,31,26,5,0,0,0,25,23,2,0,0,0,27,23,4,0,0,0
305917,1841,0,7,8,1,708,70801,1841,0,4,1,17,15,16,9,12,11,19,11,0,0,64,46,110,0,0,0,0,0,0,0,0,0,0,0,0,0,3,36.67,152,0.72,3,36.67,40,2.75,2,55,-999,-999,-999,-999,-999,-999,-999,-999,-999,-999,0,1,0,Region VII,Danao City,Danao City East,Malapoc National High School,111,110,24,6,2,3,4,2,3,4,24,2,8,2,2,6,2,2,31,10,2,4,3,3,5,4,31,4,6,7,3,7,2,2,29,9,2,5,4,1,5,3,29,5,3,3,4,5,4,5,26,4,2,3,7,1,5,4,26,4,3,3,5,2,4,5,Region VII,Danao City,Danao City East,Malapoc National High School,108,108,12,37,53,43,54,11,24,5,7,12,24,13,9,2,29,5,13,11,30,14,15,1,24,2,6,16,28,9,14,5,25,0,11,14,26,7,16,3,Region VII,Danao City,Danao City,Malapoc National High School,111,111,0.918918918918919,0.0810810810810811,0,0,0,102,9,0,0,0,24,16,8,0,0,0,32,31,1,0,0,0,29,29,0,0,0,0,26,26,0,0,0,0,Region VII,Danao City,Danao City,Malapoc National High School,108,108,0.7407407407407406,0.25,0.009259259259259259,0,0,80,27,1,0,0,24,10,13,1,0,0,30,22,8,0,0,0,28,26,2,0,0,0,26,22,4,0,0,0
305722,1758,0,7,3,4,703,70304,1758,0,2,1,33,21,22,28,31,21,32,23,0,0,118,93,211,0,0,0,0,0,0,0,0,0,0,0,0,0,2,124,0,0,1.7,124,0,0,5,42.2,-999,-999,-999,-999,-999,-999,-999,-999,-999,-999,0,1,0,Region VII,Bohol,Cortes,De La Paz High School,225,225,60,0,0,12,0,18,30,0,60,0,0,12,0,18,30,0,68,1,0,9,24,0,4,30,68,1,0,8,25,0,4,30,52,11,1,21,2,2,15,0,52,5,1,4,10,3,9,20,45,13,2,28,2,0,0,0,45,8,3,6,15,3,0,10,Region VII,Bohol,Cortes,De La Paz High School,215,190,2,99,89,16,28,79,58,2,53,3,35,7,5,23,65,0,11,54,45,9,9,27,37,0,16,21,23,0,7,16,30,0,19,11,20,0,7,13,Region VII,Bohol,Cortes,De La Paz High School,223,223,0.9461883408071747,0.05381165919282513,0,0,0,211,12,0,0,0,60,48,12,0,0,0,67,67,0,0,0,0,52,52,0,0,0,0,44,44,0,0,0,0,Region VII,Bohol,Cortes,De La Paz High School,215,215,0.9302325581395349,0.06511627906976744,0.0046511627906976735,0,0,200,14,1,0,0,58,44,13,1,0,0,66,65,1,0,0,0,48,48,0,0,0,0,43,43,0,0,0,0
312953,1835,0,7,13,6,713,71306,1835,0,2,1,8,10,18,15,24,21,18,21,0,0,68,67,135,0.25,0.1,0.2222,0,0.2917,0.2857,0.1111,0.0952,0,0,0.2206,0.1343,0.1778,2,58.4,87,1.55,0.46,292,7,19.29,2,67.5,-999,-999,-999,-999,-999,-999,-999,-999,-999,-999,0,1,0,NIR,Negros Oriental,Sibulan,Sibulan Night High School,142,130,47,21,1,8,15,0,0,2,46,19,2,6,12,0,3,4,22,11,0,5,6,0,0,0,22,19,0,3,0,0,0,0,23,12,0,4,7,0,0,0,23,17,0,2,4,0,0,0,38,24,0,4,10,0,0,0,38,35,0,3,0,0,0,0,NIR,Negros Oriental,Sibulan,Sibulan Night High School,118,110,3,34,73,5,40,65,39,2,16,21,39,3,17,19,19,1,8,10,19,2,8,9,18,0,4,14,18,0,6,12,34,0,6,28,34,0,9,25,NIR,Negros Oriental,Sibulan,Sibulan Night High School,138,136,0.8382352941176471,0.16176470588235298,0,0,0,114,22,0,0,0,50,30,20,0,0,0,22,21,1,0,0,0,26,26,0,0,0,0,38,37,1,0,0,0,NIR,Negros Oriental,Sibulan,Sibulan Night High School,112,112,0.6785714285714285,0.2767857142857143,0.04464285714285716,0,0,76,31,5,0,0,37,12,20,5,0,0,19,14,5,0,0,0,22,22,0,0,0,0,34,28,6,0,0,0
305498,2045,0,11,1,1,1101,110101,2045,0,2,1,25,18,20,16,30,37,42,28,0,0,117,99,216,0,0,0,0,0,0,0,0,0,0,0,0,0,6,33.63,145,1.49,8.03,26.9,20,10.8,4,54,-999,-999,-999,-999,-999,-999,-999,-999,-999,-999,0,1,0,Region XI,Davao City,Baguio,Ampon National High School,255,255,75,0,7,15,5,24,18,6,75,0,0,0,2,45,13,15,76,0,10,12,8,26,11,9,76,0,2,7,2,41,17,7,52,3,3,9,6,14,12,5,52,3,3,3,1,27,14,1,52,0,0,2,2,25,15,8,52,0,0,2,1,22,16,11,Region XI,Davao City,Baguio,Ampon National High School,267,267,69,84,114,160,82,25,80,12,30,38,80,67,5,8,83,22,25,36,83,40,38,5,51,10,14,27,51,26,23,2,53,25,15,13,53,27,16,10,Region XI,Davao City,City of Davao,Ampon National High School,261,256,0.85546875,0.14453125000000003,0,0,0,219,37,0,0,0,78,67,11,0,0,0,80,64,16,0,0,0,48,44,4,0,0,0,50,44,6,0,0,0,Region XI,Davao City,City of Davao,Ampon National High School,270,260,0.8653846153846155,0.13461538461538464,0,0,0,225,35,0,0,0,77,48,29,0,0,0,83,78,5,0,0,0,47,46,1,0,0,0,53,53,0,0,0,0
305669,2048,0,11,1,1,1101,110101,2048,0,4,1,15,9,15,22,16,20,20,18,0,0,66,69,135,0,0,0,0,0,0,0,0,0,0,0,0,0,4,33.75,200,0.6799999999999999,24,5.63,0,0,2,67.5,-999,-999,-999,-999,-999,-999,-999,-999,-999,-999,0,1,0,Region XI,Davao City,Binugao,Ruferto F. Capulong National High School,129,129,39,1,3,8,5,7,12,3,39,0,1,1,2,22,8,5,31,5,0,8,12,2,3,1,31,0,1,1,1,11,7,10,21,10,7,2,0,1,1,0,21,0,6,4,1,6,4,0,38,9,18,5,1,4,1,0,38,0,9,3,0,24,2,0,Region XI,Davao City,Binugao,Ruferto F. Capulong National High School,130,130,7,4,119,6,9,115,39,4,0,35,39,3,0,36,31,1,2,28,31,1,4,26,21,0,0,21,21,0,0,21,39,2,2,35,39,2,5,32,Region XI,Davao City,City of Davao,Ruferto F. Capulong National High School,129,129,0,0.11627906976744186,0.5271317829457365,0.3565891472868218,0,0,15,68,46,0,38,0,0,13,25,0,32,0,0,16,16,0,21,0,0,18,3,0,38,0,15,21,2,0,Region XI,Davao City,City of Davao,Ruferto F. Capulong National High School,129,129,0,0.2790697674418605,0.3798449612403102,0.3410852713178295,0,0,36,49,44,0,39,0,0,14,25,0,31,0,0,15,16,0,21,0,21,0,0,0,38,0,15,20,3,0
312960,1856,0,7,10,2,710,71002,1856,0,2,1,42,50,31,22,22,39,33,44,0,0,128,155,283,0.0714,0.06,0,0.0455,0.1818,0.0256,0.0909,0.022699999999999998,0,0,0.07810000000000002,0.0387,0.0565,11,26.29,323,0.88,26.919999999999998,10.51,33,8.58,7,40.43,-999,-999,-999,-999,-999,-999,-999,-999,-999,-999,0,1,0,NIR,Guihulngan City,Vallehermoso,Pinucauan High School,250,250,71,5,1,1,0,35,26,3,71,4,2,2,1,43,15,4,61,6,1,9,1,13,31,0,61,7,2,1,1,32,15,3,76,8,5,10,9,9,20,15,76,8,2,3,2,37,18,6,42,11,2,3,3,13,8,2,42,6,1,1,1,21,10,2,NIR,Guihulngan City,Vallehermoso,Pinucauan High School,250,218,0,0,0,47,113,58,0,0,0,0,60,18,28,14,0,0,0,0,55,10,30,15,0,0,0,0,70,13,37,20,0,0,0,0,33,6,18,9,NIR,Guihulngan City,Vallehermoso,Pinucauan High School,251,251,0.9960159362549802,0.003984063745019919,0,0,0,250,1,0,0,0,71,71,0,0,0,0,62,62,0,0,0,0,76,75,1,0,0,0,42,42,0,0,0,0,NIR,Guihulngan City,Vallehermoso,Pinucauan High School,249,217,0.7557603686635945,0.24423963133640558,0,0,0,164,53,0,0,0,61,50,11,0,0,0,56,42,14,0,0,0,69,50,19,0,0,0,31,22,9,0,0,0
