beis_school_id,randomized_eval_id,rev_status,region_code,division_code,municipality_code,full_division_code,full_municipality_code,pilot_cancel,pilot_ratio,pilot_shift,enroll_g7_m,enroll_g7_f,enroll_g8_m,enroll_g8_f,enroll_g9_m,enroll_g9_f,enroll_g10_m,enroll_g10_f,enroll_sn_ed_ngjhs_m,enroll_sn_ed_ngjhs_f,enroll_total_jhs_m,enroll_total_jhs_f,enroll_total_jhs_all,philiri_bosy_total_assessed,philiri_eosy_total_assessed,rma_bosy_total_assessed_calc,rma_eosy_total_assessed_calc,philiri_bosy_grade_7_2level_frustration_pct_eng_assessed,philiri_bosy_grade_7_2level_instructional_pct_eng_assessed,philiri_bosy_grade_7_2level_independent_pct_eng_assessed,philiri_bosy_grade_7_3level_frustration_pct_eng_assessed,philiri_bosy_grade_7_3level_instructional_pct_eng_assessed,philiri_bosy_grade_7_3level_independent_pct_eng_assessed,philiri_bosy_grade_8_2level_frustration_pct_eng_assessed,philiri_bosy_grade_8_2level_instructional_pct_eng_assessed,philiri_bosy_grade_8_2level_independent_pct_eng_assessed,philiri_bosy_grade_8_3level_frustration_pct_eng_assessed,philiri_bosy_grade_8_3level_instructional_pct_eng_assessed,philiri_bosy_grade_8_3level_independent_pct_eng_assessed,philiri_bosy_grade_9_2level_frustration_pct_eng_assessed,philiri_bosy_grade_9_2level_instructional_pct_eng_assessed,philiri_bosy_grade_9_2level_independent_pct_eng_assessed,philiri_bosy_grade_9_3level_frustration_pct_eng_assessed,philiri_bosy_grade_9_3level_instructional_pct_eng_assessed,philiri_bosy_grade_9_3level_independent_pct_eng_assessed,philiri_bosy_grade_10_2level_frustration_pct_eng_assessed,philiri_bosy_grade_10_2level_instructional_pct_eng_assessed,philiri_bosy_grade_10_2level_independent_pct_eng_assessed,philiri_bosy_grade_10_3level_frustration_pct_eng_assessed,philiri_bosy_grade_10_3level_instructional_pct_eng_assessed,philiri_bosy_grade_10_3level_independent_pct_eng_assessed,philiri_eosy_grade_7_eosy_frustration_pct_eng_assessed,philiri_eosy_grade_7_eosy_instructional_pct_eng_assessed,philiri_eosy_grade_7_eosy_independent_pct_eng_assessed,philiri_eosy_grade_8_eosy_frustration_pct_eng_assessed,philiri_eosy_grade_8_eosy_instructional_pct_eng_assessed,philiri_eosy_grade_8_eosy_independent_pct_eng_assessed,philiri_eosy_grade_9_eosy_frustration_pct_eng_assessed,philiri_eosy_grade_9_eosy_instructional_pct_eng_assessed,philiri_eosy_grade_9_eosy_independent_pct_eng_assessed,philiri_eosy_grade_10_eosy_frustration_pct_eng_assessed,philiri_eosy_grade_10_eosy_instructional_pct_eng_assessed,philiri_eosy_grade_10_eosy_independent_pct_eng_assessed,rma_bosy_grade_7_not_proficient_pct_assessed,rma_bosy_grade_7_low_proficient_pct_assessed,rma_bosy_grade_7_nearly_proficient_pct_assessed,rma_bosy_grade_7_proficient_pct_assessed,rma_bosy_grade_7_high_proficient_pct_assessed,rma_bosy_grade_8_not_proficient_pct_assessed,rma_bosy_grade_8_low_proficient_pct_assessed,rma_bosy_grade_8_nearly_proficient_pct_assessed,rma_bosy_grade_8_proficient_pct_assessed,rma_bosy_grade_8_high_proficient_pct_assessed,rma_bosy_grade_9_not_proficient_pct_assessed,rma_bosy_grade_9_low_proficient_pct_assessed,rma_bosy_grade_9_nearly_proficient_pct_assessed,rma_bosy_grade_9_proficient_pct_assessed,rma_bosy_grade_9_high_proficient_pct_assessed,rma_bosy_grade_10_not_proficient_pct_assessed,rma_bosy_grade_10_low_proficient_pct_assessed,rma_bosy_grade_10_nearly_proficient_pct_assessed,rma_bosy_grade_10_proficient_pct_assessed,rma_bosy_grade_10_high_proficient_pct_assessed,rma_eosy_grade_7_not_proficient_pct_assessed,rma_eosy_grade_7_low_proficient_pct_assessed,rma_eosy_grade_7_nearly_proficient_pct_assessed,rma_eosy_grade_7_proficient_pct_assessed,rma_eosy_grade_7_high_proficient_pct_assessed,rma_eosy_grade_8_not_proficient_pct_assessed,rma_eosy_grade_8_low_proficient_pct_assessed,rma_eosy_grade_8_nearly_proficient_pct_assessed,rma_eosy_grade_8_proficient_pct_assessed,rma_eosy_grade_8_high_proficient_pct_assessed,rma_eosy_grade_9_not_proficient_pct_assessed,rma_eosy_grade_9_low_proficient_pct_assessed,rma_eosy_grade_9_nearly_proficient_pct_assessed,rma_eosy_grade_9_proficient_pct_assessed,rma_eosy_grade_9_high_proficient_pct_assessed,rma_eosy_grade_10_not_proficient_pct_assessed,rma_eosy_grade_10_low_proficient_pct_assessed,rma_eosy_grade_10_nearly_proficient_pct_assessed,rma_eosy_grade_10_proficient_pct_assessed,rma_eosy_grade_10_high_proficient_pct_assessed
309906,1071,1,5,8,11,508,50811,1,0,0,62,51,75,65,63,69,57,62,0,0,257,247,504,509,485,515,493,23.846153846153847,5.384615384615385,2.3076923076923075,58.46153846153846,5.384615384615385,4.615384615384615,26.797385620915033,22.22222222222222,39.869281045751634,3.2679738562091503,6.5359477124183005,1.3071895424836601,56.074766355140184,4.672897196261682,2.803738317757009,27.102803738317757,9.345794392523365,0,47.05882352941177,21.84873949579832,7.563025210084033,9.243697478991596,14.285714285714286,0,78.04878048780488,17.073170731707318,4.878048780487805,34.899328859060404,42.95302013422819,22.14765100671141,78.84615384615384,7.6923076923076925,13.461538461538462,8.256880733944953,35.77981651376147,55.96330275229358,96.875,3.125,0,0,0,100,0,0,0,0,92.85714285714286,7.142857142857143,0,0,0,100,0,0,0,0,96.85039370078741,3.1496062992125986,0,0,0,66.44295302013423,32.214765100671144,1.342281879194631,0,0,99.07407407407408,0.9259259259259259,0,0,0,94.4954128440367,5.504587155963303,0,0,0
309934,1047,1,5,8,6,508,50806,1,0,0,30,27,26,19,22,27,15,29,0,0,93,102,195,147,140,146,139,4.651162790697675,25.58139534883721,13.953488372093023,4.651162790697675,18.6046511627907,25.58139534883721,10,22.5,7.5,5,15,35,5.555555555555555,16.666666666666668,25,8.333333333333334,11.11111111111111,25,3.5714285714285716,25,17.857142857142858,7.142857142857143,21.428571428571427,25,11.363636363636363,25,63.63636363636363,5.405405405405405,45.945945945945944,48.648648648648646,3.125,50,46.875,0,7.407407407407407,92.5925925925926,48.83720930232558,41.86046511627907,9.30232558139535,0,0,92.3076923076923,7.6923076923076925,0,0,0,100,0,0,0,0,100,0,0,0,0,2.272727272727273,29.545454545454547,43.18181818181818,25,0,0,17.142857142857142,62.857142857142854,20,0,6.25,40.625,34.375,18.75,0,3.5714285714285716,85.71428571428571,10.714285714285714,0,0
301871,718,1,5,1,7,501,50107,1,0,0,36,32,40,48,37,41,41,35,0,0,154,156,310,318,316,312,317,1.36986301369863,2.73972602739726,4.109589041095891,63.013698630136986,20.54794520547945,8.219178082191782,0,4.081632653061225,4.081632653061225,51.02040816326531,28.571428571428573,12.244897959183673,7.575757575757576,18.181818181818183,12.121212121212121,18.181818181818183,3.0303030303030303,16.666666666666668,7.407407407407407,2.4691358024691357,16.049382716049383,37.03703703703704,18.51851851851852,6.172839506172839,98.61111111111111,1.3888888888888888,0,100,0,0,75.38461538461539,0,24.615384615384617,87.8048780487805,0,12.195121951219512,39.726027397260275,56.16438356164384,4.109589041095891,0,0,57.142857142857146,38.46153846153846,4.395604395604396,0,0,100,0,0,0,0,100,0,0,0,0,19.17808219178082,35.61643835616438,35.61643835616438,8.219178082191782,1.36986301369863,0,31.95876288659794,64.94845360824742,3.0927835051546393,0,100,0,0,0,0,56.09756097560975,25.609756097560975,15.853658536585366,1.2195121951219512,1.2195121951219512
302134,1034,1,5,8,4,508,50804,1,0,0,74,69,72,63,53,56,71,49,0,0,270,237,507,546,130,548,539,7.100591715976331,39.64497041420118,53.25443786982248,0,0,0,19.841269841269842,23.80952380952381,56.34920634920635,0,0,0,9.923664122137405,22.900763358778626,67.17557251908397,0,0,0,12.5,33.333333333333336,54.166666666666664,0,0,0,11.627906976744185,46.51162790697674,41.86046511627907,9.090909090909092,50,40.90909090909091,9.090909090909092,54.54545454545455,36.36363636363637,2.3255813953488373,62.7906976744186,34.883720930232556,96.42857142857143,3.5714285714285716,0,0,0,97.63779527559055,2.3622047244094486,0,0,0,100,0,0,0,0,100,0,0,0,0,27.272727272727273,50.303030303030305,20.606060606060606,1.8181818181818181,0,56.15384615384615,29.23076923076923,14.615384615384615,0,0,76.61290322580645,20.161290322580644,3.225806451612903,0,0,82.5,15.833333333333334,1.6666666666666667,0,0
302117,1028,1,5,8,3,508,50803,1,0,0,25,35,35,36,47,36,45,36,0,0,152,143,295,290,255,291,283,0,4.3478260869565215,5.434782608695652,17.391304347826086,34.78260869565217,38.04347826086956,7.462686567164179,8.955223880597014,23.880597014925375,11.940298507462687,28.35820895522388,5.970149253731344,0,0,28.8135593220339,8.474576271186441,16.949152542372882,0,0,6.944444444444445,55.55555555555556,1.3888888888888888,0,13.88888888888889,18.29268292682927,48.78048780487805,32.926829268292686,12.068965517241379,17.24137931034483,70.6896551724138,5.555555555555555,20.37037037037037,74.07407407407408,4.918032786885246,27.868852459016395,67.21311475409836,90.3225806451613,9.67741935483871,0,0,0,100,0,0,0,0,100,0,0,0,0,100,0,0,0,0,73.40425531914893,26.595744680851062,0,0,0,55.072463768115945,28.985507246376812,15.942028985507246,0,0,19.642857142857142,80.35714285714286,0,0,0,7.8125,92.1875,0,0,0
309909,1016,1,5,8,1,508,50801,1,0,0,54,48,51,59,58,58,56,56,0,0,219,221,440,418,415,415,411,0,4.724409448818897,0,94.48818897637796,0,0,0,30.555555555555557,0,69.44444444444444,0,0,20.87912087912088,0,0,79.12087912087912,0,0,5.434782608695652,3.260869565217391,2.1739130434782608,5.434782608695652,36.95652173913044,46.73913043478261,51.2,42.4,6.4,89.7196261682243,10.280373831775702,0,7.6923076923076925,52.747252747252745,39.56043956043956,4.3478260869565215,59.78260869565217,35.869565217391305,97.61904761904762,2.380952380952381,0,0,0,94.39252336448598,5.607476635514018,0,0,0,97.8021978021978,2.197802197802198,0,0,0,100,0,0,0,0,51.61290322580645,29.838709677419356,18.548387096774192,0,0,87.61904761904762,12.380952380952381,0,0,0,85.55555555555556,14.444444444444445,0,0,0,91.30434782608695,8.695652173913043,0,0,0
309915,1017,1,5,8,1,508,50801,1,0,0,24,17,16,16,26,13,20,17,0,0,86,63,149,156,133,155,149,9.803921568627452,9.803921568627452,11.764705882352942,37.254901960784316,15.686274509803921,1.9607843137254901,10.256410256410257,10.256410256410257,7.6923076923076925,38.46153846153846,17.94871794871795,5.128205128205129,17.647058823529413,5.882352941176471,5.882352941176471,47.05882352941177,17.647058823529413,0,15.625,12.5,12.5,18.75,15.625,6.25,34.883720930232556,46.51162790697674,18.6046511627907,31.25,53.125,15.625,33.333333333333336,51.515151515151516,15.151515151515152,28,48,24,64.70588235294117,31.372549019607842,1.9607843137254901,1.9607843137254901,0,84.21052631578948,13.157894736842104,2.6315789473684212,0,0,91.17647058823529,8.823529411764707,0,0,0,78.125,21.875,0,0,0,55.10204081632653,38.775510204081634,6.122448979591836,0,0,71.42857142857143,20,8.571428571428571,0,0,76.47058823529412,17.647058823529413,5.882352941176471,0,0,58.064516129032256,32.25806451612903,9.67741935483871,0,0
501544,606,1,5,8,15,508,50815,1,0,0,37,44,45,54,42,39,42,43,0,0,166,180,346,290,272,294,282,9.722222222222221,11.11111111111111,0,50,29.166666666666668,0,9.090909090909092,6.0606060606060606,0,15.151515151515152,62.121212121212125,7.575757575757576,2.857142857142857,12.857142857142858,0,11.428571428571429,72.85714285714286,0,4.878048780487805,6.097560975609756,0,35.36585365853659,42.68292682926829,10.975609756097562,65.67164179104478,31.34328358208955,2.985074626865672,43.333333333333336,53.333333333333336,3.3333333333333335,3.076923076923077,32.30769230769231,64.61538461538461,3.75,52.5,43.75,70.83333333333333,29.166666666666668,0,0,0,75,23.529411764705884,1.4705882352941178,0,0,100,0,0,0,0,92.7710843373494,6.024096385542169,1.2048192771084338,0,0,50,33.8235294117647,16.176470588235293,0,0,0,10.9375,28.125,34.375,26.5625,36.61971830985915,57.74647887323944,5.633802816901408,0,0,26.582278481012658,60.75949367088607,12.658227848101266,0,0
301887,784,1,5,2,5,502,50205,1,0,0,45,32,40,35,35,43,38,41,0,0,158,151,309,317,305,314,300,17.346938775510203,21.428571428571427,8.16326530612245,13.26530612244898,25.510204081632654,11.224489795918368,0,2.4691358024691357,4.938271604938271,40.74074074074074,43.20987654320987,8.641975308641975,4.054054054054054,48.648648648648646,0,12.162162162162161,31.08108108108108,1.3513513513513513,10.9375,26.5625,0,26.5625,31.25,1.5625,23.157894736842106,55.78947368421053,21.05263157894737,31.16883116883117,49.35064935064935,19.48051948051948,12.857142857142858,77.14285714285714,10,34.92063492063492,63.492063492063494,1.5873015873015872,87.12871287128714,12.871287128712872,0,0,0,87.5,12.5,0,0,0,87.14285714285714,12.857142857142858,0,0,0,83.09859154929578,16.901408450704224,0,0,0,25.252525252525253,66.66666666666667,7.070707070707071,1.0101010101010102,0,69.6969696969697,28.78787878787879,1.5151515151515151,0,0,72.46376811594203,20.28985507246377,5.797101449275362,1.4492753623188406,0,80.3030303030303,12.121212121212121,4.545454545454546,3.0303030303030303,0
302175,1114,1,5,8,20,508,50820,1,0,0,69,82,67,56,58,48,61,65,0,0,255,251,506,439,431,452,436,7.936507936507937,28.571428571428573,24.603174603174605,6.349206349206349,1.5873015873015872,1.5873015873015872,0,9.090909090909092,27.272727272727273,3.0303030303030303,7.070707070707071,17.171717171717173,0,19.82758620689655,37.93103448275862,2.586206896551724,3.4482758620689653,15.517241379310345,0,12.244897959183673,41.83673469387755,0,0,17.346938775510203,22.65625,64.0625,13.28125,23.076923076923077,76.92307692307692,0,23.770491803278688,53.278688524590166,22.950819672131146,5.555555555555555,48.888888888888886,45.55555555555556,100,0,0,0,0,92.07920792079207,7.920792079207921,0,0,0,96.8,3.2,0,0,0,93.61702127659575,6.382978723404255,0,0,0,37.59398496240601,48.87218045112782,12.781954887218046,0.7518796992481203,0,56.70103092783505,30.927835051546392,12.371134020618557,0,0,91.30434782608695,8.695652173913043,0,0,0,73.62637362637362,26.373626373626372,0,0,0
302146,1075,1,5,8,12,508,50812,1,0,0,69,76,80,66,81,64,72,50,0,0,302,256,558,528,494,496,511,1.3333333333333333,2,0,69.33333333333333,18.666666666666668,8.666666666666666,2.1739130434782608,1.4492753623188406,0,76.81159420289855,13.768115942028986,5.797101449275362,5.185185185185185,3.7037037037037037,0,60.74074074074074,18.51851851851852,11.851851851851851,5.714285714285714,5.714285714285714,1.9047619047619047,55.23809523809524,31.428571428571427,0,58.74125874125874,31.46853146853147,9.79020979020979,68.85245901639344,16.39344262295082,14.754098360655737,65.89147286821705,19.37984496124031,14.728682170542635,38,32,30,93.125,6.875,0,0,0,100,0,0,0,0,100,0,0,0,0,100,0,0,0,0,100,0,0,0,0,100,0,0,0,0,90.97744360902256,8.270676691729323,0.7518796992481203,0,0,93.57798165137615,6.422018348623853,0,0,0
309921,1040,1,5,8,5,508,50805,1,0,0,42,36,32,45,37,40,53,37,0,0,164,158,322,291,285,292,278,0,3.0927835051546393,19.587628865979383,34.02061855670103,22.68041237113402,20.61855670103093,0,0,0,0,0,90.14084507042253,0,0,34.78260869565217,0,0,65.21739130434783,0,0,0,0,0,79.62962962962963,2.1052631578947367,28.42105263157895,69.47368421052632,4.411764705882353,10.294117647058824,85.29411764705883,2.898550724637681,10.144927536231885,86.95652173913044,0,35.84905660377358,64.15094339622641,91.75257731958763,8.24742268041237,0,0,0,100,0,0,0,0,100,0,0,0,0,100,0,0,0,0,81.72043010752688,13.978494623655914,4.301075268817204,0,0,50.76923076923077,43.07692307692308,6.153846153846154,0,0,88.05970149253731,11.940298507462687,0,0,0,96.22641509433963,3.7735849056603774,0,0,0
302254,1196,0,5,5,1,505,50501,1,0,0,54,34,53,46,59,39,61,83,0,0,227,202,429,375,377,372,371,12.903225806451612,19.35483870967742,0,51.61290322580645,16.129032258064516,0,24.46808510638298,7.446808510638298,1.0638297872340425,36.170212765957444,30.851063829787233,0,0,34.831460674157306,0,28.089887640449437,37.07865168539326,0,11.11111111111111,17.171717171717173,5.05050505050505,37.37373737373738,18.181818181818183,11.11111111111111,33.333333333333336,31.182795698924732,35.483870967741936,7.368421052631579,58.94736842105263,33.68421052631579,8.98876404494382,53.93258426966292,37.07865168539326,25,34,41,93.54838709677419,6.451612903225806,0,0,0,94.68085106382979,5.319148936170213,0,0,0,100,0,0,0,0,100,0,0,0,0,8.88888888888889,75.55555555555556,15.555555555555555,0,0,68.08510638297872,31.914893617021278,0,0,0,84.26966292134831,15.730337078651685,0,0,0,3.061224489795918,86.73469387755102,10.204081632653061,0,0
309513,745,0,5,1,12,501,50112,1,0,0,56,34,63,48,70,59,62,53,0,0,251,194,445,418,406,421,417,0,3.278688524590164,4.098360655737705,61.47540983606557,22.950819672131146,7.377049180327869,0,9.433962264150944,9.433962264150944,35.84905660377358,23.58490566037736,16.9811320754717,0,11.627906976744185,10.465116279069768,37.2093023255814,33.72093023255814,6.976744186046512,0,10.576923076923077,3.8461538461538463,0,60.57692307692308,25,43.90243902439025,41.46341463414634,14.634146341463415,54.73684210526316,44.21052631578947,1.0526315789473684,36.904761904761905,22.61904761904762,40.476190476190474,23.076923076923077,54.80769230769231,22.115384615384617,96.72131147540983,2.459016393442623,0.819672131147541,0,0,100,0,0,0,0,100,0,0,0,0,99.04761904761905,0.9523809523809523,0,0,0,88.52459016393442,9.836065573770492,1.639344262295082,0,0,97.16981132075472,2.830188679245283,0,0,0,85.71428571428571,10.714285714285714,3.5714285714285716,0,0,99.04761904761905,0.9523809523809523,0,0,0
500163,600,0,5,8,1,508,50801,1,0,0,35,40,41,38,39,43,44,45,0,0,159,166,325,288,296,285,265,7.894736842105263,11.842105263157896,18.42105263157895,3.9473684210526314,9.210526315789474,13.157894736842104,5.128205128205129,8.974358974358974,20.512820512820515,6.410256410256411,8.974358974358974,14.102564102564102,6.0606060606060606,13.636363636363637,25.757575757575758,3.0303030303030303,4.545454545454546,7.575757575757576,22.058823529411764,11.764705882352942,8.823529411764707,7.352941176470588,10.294117647058824,8.823529411764707,8.108108108108109,5.405405405405405,86.48648648648648,2.247191011235955,4.49438202247191,93.25842696629213,6.25,4.6875,89.0625,7.246376811594203,5.797101449275362,86.95652173913044,69.73684210526316,30.263157894736842,0,0,0,97.43589743589743,2.5641025641025643,0,0,0,89.0625,10.9375,0,0,0,92.53731343283582,7.462686567164179,0,0,0,61.53846153846154,36.53846153846154,1.9230769230769231,0,0,37.9746835443038,44.30379746835443,17.72151898734177,0,0,63.07692307692308,36.92307692307692,0,0,0,73.91304347826087,26.08695652173913,0,0,0
302058,977,0,5,3,33,503,50333,1,0,0,69,65,70,65,64,76,65,59,0,0,268,265,533,343,323,494,454,3.0303030303030303,2.0202020202020203,6.0606060606060606,59.5959595959596,22.22222222222222,7.070707070707071,4.054054054054054,12.162162162162161,8.108108108108109,39.189189189189186,27.027027027027028,9.45945945945946,21.428571428571427,3.5714285714285716,0,75,0,0,15.116279069767442,0,0,66.27906976744185,16.27906976744186,2.3255813953488373,55.68181818181818,34.09090909090909,10.227272727272727,71.64179104477611,17.91044776119403,10.447761194029852,62.35294117647059,28.235294117647058,9.411764705882353,65.06024096385542,30.120481927710845,4.819277108433735,97.10144927536231,2.898550724637681,0,0,0,99.10714285714286,0.8928571428571429,0,0,0,99.21875,0.78125,0,0,0,100,0,0,0,0,56.45161290322581,41.935483870967744,1.6129032258064515,0,0,75.49019607843137,24.50980392156863,0,0,0,100,0,0,0,0,98.0952380952381,1.9047619047619047,0,0,0
302192,1133,0,5,11,3,511,51103,1,0,0,118,92,145,127,138,123,129,113,0,0,530,455,985,1047,1032,1025,942,17.832167832167833,13.286713286713287,33.21678321678322,16.083916083916083,9.44055944055944,10.13986013986014,5.555555555555555,10.069444444444445,11.11111111111111,28.47222222222222,25.34722222222222,19.09722222222222,1.4285714285714286,15.238095238095237,29.047619047619047,41.904761904761905,12.380952380952381,0,8.365019011406844,27.376425855513308,24.714828897338403,3.4220532319391634,15.5893536121673,15.209125475285171,74.73684210526316,14.035087719298245,11.228070175438596,59.44055944055944,31.11888111888112,9.44055944055944,52.80373831775701,32.242990654205606,14.953271028037383,60.32388663967611,23.076923076923077,16.59919028340081,74.21602787456446,25.43554006968641,0.34843205574912894,0,0,89.89547038327527,9.40766550522648,0.6968641114982579,0,0,87.63440860215054,12.365591397849462,0,0,0,91.69811320754717,8.30188679245283,0,0,0,32.86219081272085,30.3886925795053,19.78798586572438,15.547703180212014,1.4134275618374559,43.944636678200695,41.1764705882353,13.84083044982699,1.0380622837370241,0,42.30769230769231,56.25,0.4807692307692308,0.9615384615384616,0,59.876543209876544,40.123456790123456,0,0,0
302227,1139,0,5,11,5,511,51105,1,0,0,29,36,37,33,48,28,37,26,0,0,151,123,274,261,265,279,253,9.210526315789474,0,0,90.78947368421052,0,0,11.267605633802816,0,0,88.73239436619718,0,0,24.56140350877193,0,0,75.43859649122807,0,0,33.333333333333336,0,0,63.1578947368421,0,0,82.6086956521739,9.782608695652174,7.608695652173913,95.58823529411765,2.9411764705882355,1.4705882352941178,87.5,12.5,0,42.10526315789474,42.10526315789474,15.789473684210526,89.79591836734694,10.204081632653061,0,0,0,100,0,0,0,0,100,0,0,0,0,100,0,0,0,0,93.33333333333333,6.666666666666667,0,0,0,97.33333333333333,2.6666666666666665,0,0,0,100,0,0,0,0,85.96491228070175,14.035087719298245,0,0,0
302252,1193,0,5,5,1,505,50501,1,0,0,33,29,41,28,52,59,51,41,0,0,177,157,334,314,314,316,313,7.142857142857143,10.204081632653061,9.183673469387756,60.204081632653065,7.142857142857143,4.081632653061225,0,12.222222222222221,7.777777777777778,32.22222222222222,0,47.77777777777778,10.344827586206897,56.89655172413793,1.7241379310344827,31.03448275862069,0,0,29.41176470588235,0,0,35.294117647058826,11.764705882352942,19.11764705882353,0,18.367346938775512,81.63265306122449,0,15.730337078651685,84.26966292134831,0,13.793103448275861,86.20689655172414,0,5.797101449275362,94.20289855072464,68.68686868686869,31.31313131313131,0,0,0,43.333333333333336,56.666666666666664,0,0,0,50.87719298245614,49.12280701754386,0,0,0,78.57142857142857,21.428571428571427,0,0,0,0,94.94949494949495,5.05050505050505,0,0,5.747126436781609,79.3103448275862,14.942528735632184,0,0,3.508771929824561,82.45614035087719,12.280701754385966,1.7543859649122806,0,8.571428571428571,78.57142857142857,10,2.857142857142857,0
309914,1044,0,5,8,6,508,50806,1,0,0,87,96,116,125,109,118,126,97,0,0,438,436,874,795,761,800,742,0,0,0,19.130434782608695,28.26086956521739,51.73913043478261,0,0,0,17.894736842105264,28.42105263157895,44.73684210526316,0,0,0,6.285714285714286,39.42857142857143,53.142857142857146,0,0,0,4,36.5,52.5,4.867256637168142,68.14159292035399,26.991150442477878,26.08695652173913,34.23913043478261,39.67391304347826,10.365853658536585,48.170731707317074,41.46341463414634,8.0213903743315509,39.57219251336898,52.406417112299465,78.60262008733625,21.397379912663755,0,0,0,93.03482587064677,5.472636815920398,1.492537313432836,0,0,98.82352941176471,1.1764705882352942,0,0,0,64.5,35.5,0,0,0,68.01801801801801,30.63063063063063,1.3513513513513513,0,0,78.45303867403315,18.784530386740332,2.7624309392265194,0,0,83.97435897435898,16.025641025641026,0,0,0,41.53005464480874,58.46994535519126,0,0,0
309711,891,0,5,3,17,503,50317,1,0,0,36,18,33,19,38,30,36,24,0,0,143,91,234,234,230,230,230,1.5625,3.125,3.125,64.0625,12.5,15.625,0,4.3478260869565215,11.594202898550725,17.391304347826086,49.27536231884058,17.391304347826086,7.8431372549019605,3.9215686274509802,0,72.54901960784314,15.686274509803921,0,28,6,0,54,12,0,41.26984126984127,20.634920634920636,38.095238095238095,28.985507246376812,55.072463768115945,15.942028985507246,32,56,12,47.916666666666664,27.083333333333332,25,98.46153846153847,1.5384615384615385,0,0,0,98.50746268656717,1.492537313432836,0,0,0,96,4,0,0,0,87.5,12.5,0,0,0,25.396825396825395,46.03174603174603,25.396825396825395,3.1746031746031744,0,0,53.225806451612904,46.774193548387096,0,0,54.3859649122807,40.35087719298246,5.2631578947368425,0,0,31.25,56.25,12.5,0,0
301817,1227,0,5,7,1,507,50701,1,0,0,49,51,66,54,58,51,43,61,0,0,216,217,433,415,368,406,376,0,5.2631578947368425,0,57.89473684210526,28.94736842105263,6.140350877192983,8.928571428571429,1.7857142857142858,3.5714285714285716,72.32142857142857,8.928571428571429,4.464285714285714,30,2.5,1.25,66.25,0,0,2.7522935779816513,3.669724770642202,1.834862385321101,84.40366972477064,4.587155963302752,2.7522935779816513,8,53,39,74.73684210526316,10.526315789473685,14.736842105263158,50,37.17948717948718,12.820512820512821,41.05263157894737,48.421052631578945,10.526315789473685,97.36842105263158,2.6315789473684212,0,0,0,97.34513274336283,2.6548672566371683,0,0,0,100,0,0,0,0,99,1,0,0,0,100,0,0,0,0,63.04347826086956,36.95652173913044,0,0,0,88.15789473684211,11.842105263157896,0,0,0,98.93617021276596,1.0638297872340425,0,0,0
302165,1092,0,5,8,16,508,50816,1,0,0,34,40,38,35,40,47,44,43,0,0,156,165,321,276,277,273,263,8.695652173913043,4.3478260869565215,2.1739130434782608,63.04347826086956,21.73913043478261,0,0,9.859154929577464,0,53.521126760563384,19.718309859154928,16.901408450704224,4.918032786885246,11.475409836065573,16.39344262295082,40.98360655737705,22.950819672131146,3.278688524590164,21.153846153846153,1.9230769230769231,0,71.15384615384616,3.8461538461538463,1.9230769230769231,86.02150537634408,10.75268817204301,3.225806451612903,76.71232876712328,5.47945205479452,17.80821917808219,70,11.666666666666666,18.333333333333332,60.78431372549019,33.333333333333336,5.882352941176471,83.69565217391305,15.217391304347826,1.0869565217391304,0,0,95.71428571428571,4.285714285714286,0,0,0,98.30508474576271,1.694915254237288,0,0,0,100,0,0,0,0,55.294117647058826,43.529411764705884,1.1764705882352942,0,0,91.17647058823529,8.823529411764707,0,0,0,96.55172413793103,3.4482758620689653,0,0,0,100,0,0,0,0
301974,857,1,5,3,11,503,50311,1,0,0,30,29,29,27,30,34,39,33,0,0,128,123,251,265,262,269,272,6.097560975609756,17.073170731707318,42.68292682926829,0,9.75609756097561,24.390243902439025,14.457831325301205,30.120481927710845,30.120481927710845,0,0,25.301204819277107,22.727272727272727,34.09090909090909,6.818181818181818,0,0,36.36363636363637,0,7.142857142857143,7.142857142857143,0,0,85.71428571428571,82.3529411764706,9.411764705882353,8.235294117647058,51.851851851851855,37.03703703703704,11.11111111111111,17.02127659574468,42.5531914893617,40.42553191489362,77.55102040816327,6.122448979591836,16.3265306122449,96.55172413793103,3.4482758620689653,0,0,0,100,0,0,0,0,100,0,0,0,0,100,0,0,0,0,32.95454545454545,46.59090909090909,20.454545454545453,0,0,90.69767441860465,8.13953488372093,1.1627906976744187,0,0,71.73913043478261,28.26086956521739,0,0,0,86.53846153846153,13.461538461538462,0,0,0
302256,1197,0,5,5,1,505,50501,1,0,0,45,48,56,68,64,67,57,52,0,0,222,235,457,433,435,432,430,2.608695652173913,3.4782608695652173,1.7391304347826086,15.652173913043478,47.82608695652174,22.608695652173914,7.2727272727272725,22.727272727272727,17.272727272727273,9.090909090909092,23.636363636363637,12.727272727272727,11.827956989247312,26.881720430107528,18.27956989247312,21.50537634408602,1.075268817204301,11.827956989247312,8.695652173913043,26.08695652173913,20.869565217391305,19.130434782608695,7.826086956521739,8.695652173913043,7.627118644067797,22.033898305084747,70.33898305084746,2.803738317757009,33.64485981308411,63.55140186915888,6.315789473684211,41.05263157894737,52.63157894736842,6.086956521739131,20,73.91304347826087,77.19298245614036,20.17543859649123,2.6315789473684212,0,0,88.18181818181819,11.818181818181818,0,0,0,97.82608695652173,2.1739130434782608,0,0,0,100,0,0,0,0,0,0,9.649122807017545,65.78947368421052,24.56140350877193,5.504587155963303,34.862385321100916,43.11926605504587,16.513761467889907,0,64.83516483516483,32.967032967032964,2.197802197802198,0,0,47.41379310344828,36.206896551724135,11.206896551724139,2.586206896551724,2.586206896551724
301834,712,0,5,1,6,501,50106,1,0,0,83,63,82,78,80,61,98,81,0,0,343,283,626,637,629,634,621,12.727272727272727,15.757575757575758,15.757575757575758,13.333333333333334,26.060606060606062,16.363636363636363,6.741573033707865,8.98876404494382,76.40449438202248,0,0,0,5.797101449275362,18.840579710144926,37.68115942028985,4.3478260869565215,2.1739130434782608,0,2.5641025641025643,24.358974358974358,29.487179487179485,9.615384615384615,10.897435897435898,3.8461538461538463,2.4691358024691357,48.148148148148145,49.382716049382715,0.5617977528089888,6.741573033707865,92.69662921348315,0.746268656716418,20.149253731343283,79.1044776119403,0,3.225806451612903,96.7741935483871,82.82208588957056,17.177914110429448,0,0,0,84.26966292134831,15.730337078651685,0,0,0,98.55072463768116,1.4492753623188406,0,0,0,69.03225806451613,30.967741935483872,0,0,0,32.91925465838509,17.391304347826086,46.58385093167702,3.1055900621118013,0,82.485875706214685,16.384180790960453,1.1299435028248588,0,0,85.9375,14.0625,0,0,0,52.25806451612903,47.74193548387097,0,0,0
309760,844,0,5,3,6,503,50306,1,0,0,34,21,22,28,33,27,23,24,0,0,112,100,212,188,183,189,181,2.9411764705882355,23.529411764705884,0,64.70588235294117,8.823529411764707,0,1.7241379310344827,5.172413793103448,3.4482758620689653,39.6551724137931,36.206896551724135,13.793103448275861,2.0408163265306123,26.53061224489796,0,61.224489795918366,10.204081632653061,0,2.127659574468085,36.170212765957444,0,21.27659574468085,40.42553191489362,0,8.823529411764707,11.764705882352942,79.41176470588235,3.5714285714285716,41.07142857142857,55.357142857142854,10.416666666666666,29.166666666666668,60.416666666666664,2.2222222222222223,22.22222222222222,75.55555555555556,35.294117647058826,58.8235294117647,5.882352941176471,0,0,70.17543859649123,29.82456140350877,0,0,0,91.83673469387755,8.16326530612245,0,0,0,97.95918367346938,2.0408163265306123,0,0,0,0,5.882352941176471,94.11764705882354,0,0,3.6363636363636362,70.9090909090909,25.454545454545453,0,0,10.638297872340425,53.191489361702125,36.170212765957444,0,0,2.2222222222222223,51.111111111111114,46.666666666666664,0,0
309936,1108,0,5,8,19,508,50819,1,0,0,22,28,29,34,30,32,34,24,0,0,115,118,233,194,196,208,207,14.285714285714286,5.357142857142857,3.5714285714285716,0,0,0,14.893617021276595,4.25531914893617,10.638297872340425,0,0,0,6.521739130434782,15.217391304347826,8.695652173913043,0,0,0,4.444444444444445,6.666666666666667,0,0,0,0,8.333333333333334,16.666666666666668,75,8.16326530612245,10.204081632653061,81.63265306122449,0,15.555555555555555,84.44444444444444,3.7037037037037037,5.555555555555555,90.74074074074075,86.44067796610169,13.559322033898304,0,0,0,55.10204081632653,44.89795918367347,0,0,0,93.33333333333333,6.666666666666667,0,0,0,96.36363636363636,3.6363636363636362,0,0,0,100,0,0,0,0,100,0,0,0,0,100,0,0,0,0,100,0,0,0,0
302203,1123,0,5,11,2,511,51102,1,0,0,31,15,23,18,26,25,25,18,0,0,105,76,181,197,191,191,194,12.345679012345679,2.4691358024691357,0,66.66666666666667,9.876543209876543,8.641975308641975,10.256410256410257,5.128205128205129,0,71.7948717948718,5.128205128205129,7.6923076923076925,56.41025641025641,7.6923076923076925,0,30.76923076923077,5.128205128205129,0,15.789473684210526,10.526315789473685,0,60.526315789473685,10.526315789473685,2.6315789473684212,13.924050632911392,65.82278481012658,20.253164556962027,5.128205128205129,66.66666666666667,28.205128205128204,2.7777777777777777,63.888888888888886,33.333333333333336,5.405405405405405,62.16216216216216,32.432432432432435,88.75,11.25,0,0,0,100,0,0,0,0,100,0,0,0,0,100,0,0,0,0,23.75,40,35,1.25,0,52.5,47.5,0,0,0,91.66666666666667,8.333333333333334,0,0,0,57.89473684210526,18.42105263157895,21.05263157894737,2.6315789473684212,0
302011,871,0,5,3,14,503,50314,1,0,0,90,99,81,103,76,73,86,90,0,0,333,365,698,763,764,806,468,8.296943231441048,6.550218340611353,3.930131004366812,67.68558951965065,8.296943231441048,3.056768558951965,4.591836734693878,2.5510204081632653,0.5102040816326531,53.06122448979592,16.3265306122449,22.959183673469386,11.046511627906977,20.930232558139537,13.953488372093023,25.58139534883721,16.27906976744186,9.30232558139535,48.19277108433735,4.216867469879518,19.27710843373494,14.457831325301205,6.626506024096385,7.228915662650603,54.04255319148936,28.93617021276596,17.02127659574468,37.755102040816325,35.204081632653065,27.040816326530614,9.25925925925926,22.839506172839506,67.90123456790124,16.374269005847953,26.900584795321638,56.72514619883041,70.90163934426229,27.868852459016395,1.2295081967213115,0,0,91.58878504672897,8.411214953271028,0,0,0,99.43181818181819,0.5681818181818182,0,0,0,97.67441860465117,2.3255813953488373,0,0,0,56.28140703517588,36.68341708542714,6.532663316582915,0,0.5025125628140703,60.869565217391305,35.869565217391305,3.260869565217391,0,0,92.15686274509804,7.8431372549019605,0,0,0,46.666666666666664,40,12,1.3333333333333333,0
500168,620,0,5,5,1,505,50501,1,0,0,28,34,40,32,39,28,40,39,0,0,147,133,280,295,80,282,289,5.555555555555555,7.777777777777778,12.222222222222221,10,4.444444444444445,2.2222222222222223,6.410256410256411,10.256410256410257,12.820512820512821,10.256410256410257,6.410256410256411,1.2820512820512822,5.2631578947368425,15.789473684210526,7.017543859649122,26.31578947368421,8.771929824561404,1.7543859649122806,4.285714285714286,24.285714285714285,10,7.142857142857143,17.142857142857142,10,0,22.22222222222222,77.77777777777777,0,29.41176470588235,70.58823529411765,0,23.80952380952381,76.19047619047619,0,20.833333333333332,79.16666666666667,93.33333333333333,6.666666666666667,0,0,0,92,8,0,0,0,100,0,0,0,0,93.33333333333333,6.666666666666667,0,0,0,76.66666666666667,22.22222222222222,1.1111111111111112,0,0,29.72972972972973,66.21621621621621,4.054054054054054,0,0,96.49122807017544,3.508771929824561,0,0,0,82.3529411764706,17.647058823529413,0,0,0
301947,836,0,5,3,6,503,50306,1,0,0,159,189,195,202,188,224,189,211,0,0,731,826,1557,1308,1340,1358,1357,20.833333333333332,12.179487179487179,2.2435897435897436,48.07692307692308,12.179487179487179,3.8461538461538463,4.670329670329671,2.4725274725274726,5.4945054945054945,37.08791208791209,33.51648351648352,7.417582417582418,12.698412698412698,6.666666666666667,1.2698412698412698,68.88888888888889,8.571428571428571,0,5.047318611987381,10.094637223974763,34.38485804416404,23.65930599369085,24.605678233438486,2.2082018927444795,47.22222222222222,21.11111111111111,31.666666666666668,43.46504559270517,27.659574468085108,28.875379939209726,20.88607594936709,16.772151898734176,62.34177215189873,3.582089552238806,7.462686567164179,88.95522388059702,41.0958904109589,50.95890410958904,7.945205479452055,0,0,85.07042253521126,12.67605633802817,2.2535211267605635,0,0,92.75862068965517,6.896551724137931,0.3448275862068966,0,0,95.6896551724138,4.310344827586207,0,0,0,67.3972602739726,27.671232876712327,3.0136986301369864,1.643835616438356,0.273972602739726,97.09302325581395,2.9069767441860463,0,0,0,49.35897435897436,50.64102564102564,0,0,0,93.75,6.25,0,0,0
309941,1119,0,5,8,12,508,50812,1,0,0,95,90,114,103,89,90,94,99,0,0,392,382,774,773,695,773,776,11.065573770491802,5.737704918032787,8.19672131147541,43.85245901639344,26.229508196721312,4.918032786885246,11.46788990825688,8.715596330275229,0,54.58715596330275,9.63302752293578,15.596330275229358,17.77777777777778,4.444444444444445,2.2222222222222223,62.22222222222222,10.37037037037037,0,51.13636363636363,6.25,0,40.34090909090909,2.272727272727273,0,65.82914572864321,23.115577889447238,11.055276381909549,64.81481481481481,25,10.185185185185185,43.84615384615385,33.84615384615385,22.307692307692307,76,17.333333333333332,6.666666666666667,100,0,0,0,0,98.64864864864865,1.3513513513513513,0,0,0,99.29078014184397,0.7092198581560284,0,0,0,99.43820224719101,0.5617977528089888,0,0,0,75.33632286995515,21.973094170403588,2.242152466367713,0.4484304932735426,0,91.73913043478261,7.826086956521739,0.43478260869565216,0,0,64.90066225165563,34.437086092715234,0.6622516556291391,0,0,87.20930232558139,12.790697674418604,0,0,0
301839,737,0,5,1,11,501,50111,1,0,0,45,28,43,46,35,24,40,33,0,0,163,131,294,311,294,310,309,3.3333333333333335,15.555555555555555,15.555555555555555,2.2222222222222223,2.2222222222222223,5.555555555555555,3.488372093023256,12.790697674418604,9.30232558139535,2.3255813953488373,2.3255813953488373,3.488372093023256,3.125,12.5,7.8125,1.5625,3.125,1.5625,2.816901408450704,15.492957746478874,9.859154929577464,4.225352112676056,2.816901408450704,1.408450704225352,0,0,100,0,0,100,0,0,100,0,0,100,4.444444444444445,72.22222222222223,23.333333333333332,0,0,36.470588235294116,42.35294117647059,21.176470588235293,0,0,51.5625,31.25,17.1875,0,0,73.2394366197183,16.901408450704224,9.859154929577464,0,0,3.3707865168539324,68.53932584269663,28.089887640449437,0,0,31.764705882352942,42.35294117647059,25.88235294117647,0,0,45.3125,32.8125,21.875,0,0,57.74647887323944,28.169014084507044,14.084507042253522,0,0
501843,609,1,5,8,18,508,50818,1,0,0,21,14,7,15,15,14,32,14,0,0,75,57,132,138,142,137,136,7.5,22.5,37.5,15,5,12.5,4.444444444444445,20,46.666666666666664,8.88888888888889,4.444444444444445,15.555555555555555,5.405405405405405,21.62162162162162,35.13513513513514,18.91891891891892,13.513513513513514,5.405405405405405,12.5,25,62.5,0,0,0,20,25,55,13.043478260869565,15.217391304347826,71.73913043478261,21.62162162162162,29.72972972972973,48.648648648648646,0,15.789473684210526,84.21052631578948,12.5,57.5,20,10,0,0,88.88888888888889,11.11111111111111,0,0,81.08108108108108,18.91891891891892,0,0,0,73.33333333333333,26.666666666666668,0,0,0,11.11111111111111,47.22222222222222,41.666666666666664,0,0,8.695652173913043,89.1304347826087,2.1739130434782608,0,0,50,50,0,0,0,33.333333333333336,55.55555555555556,11.11111111111111,0,0
302111,1010,0,5,8,1,508,50801,1,0,0,236,202,247,245,211,235,232,269,0,0,926,951,1877,1836,1704,1909,1801,0,8.46774193548387,30.241935483870968,3.225806451612903,24.596774193548388,33.064516129032256,1.0660980810234542,17.057569296375267,9.168443496801705,18.33688699360341,47.33475479744136,4.904051172707889,0,15.46134663341646,30.673316708229425,22.443890274314214,18.703241895261847,9.975062344139651,0.2127659574468085,7.872340425531915,24.680851063829788,6.808510638297872,32.97872340425532,23.617021276595743,49.07216494845361,27.628865979381445,23.298969072164947,49.688149688149686,24.324324324324323,25.987525987525988,27.24867724867725,37.83068783068783,34.92063492063492,17.5,44.166666666666664,38.333333333333336,52.592592592592595,43.333333333333336,3.888888888888889,0.18518518518518517,0,79.78494623655914,16.774193548387096,3.225806451612903,0.21505376344086022,0,91.30434782608695,8.695652173913043,0,0,0,58.02997858672377,41.7558886509636,0.21413276231263384,0,0,0.3875968992248062,0.5813953488372093,43.604651162790695,41.27906976744186,14.147286821705427,15.192743764172336,11.11111111111111,36.734693877551024,24.263038548752835,12.698412698412698,3.25,13.75,48.5,21.75,12.75,15.99099099099099,38.96396396396396,14.63963963963964,18.693693693693692,11.711711711711711
302133,1238,0,5,9,1,509,50901,1,0,0,75,86,77,64,84,92,73,84,0,0,309,326,635,621,635,660,637,2.8735632183908044,3.4482758620689653,5.172413793103448,54.59770114942529,19.54022988505747,14.367816091954023,6.145251396648045,1.1173184357541899,0.5586592178770949,54.18994413407821,21.22905027932961,16.75977653631285,1.3605442176870748,11.564625850340136,0.6802721088435374,36.734693877551024,46.93877551020408,2.7210884353741496,14.049586776859504,4.132231404958677,3.3057851239669422,51.239669421487605,19.834710743801654,7.43801652892562,36.87150837988827,43.01675977653631,20.11173184357542,19.148936170212767,32.97872340425532,47.87234042553192,21.192052980132452,23.841059602649008,54.966887417218544,19.65811965811966,16.23931623931624,64.1025641025641,51.05263157894737,48.94736842105263,0,0,0,28.350515463917525,51.54639175257732,14.948453608247423,5.154639175257732,0,54.36241610738255,45.63758389261745,0,0,0,100,0,0,0,0,35.714285714285715,39.56043956043956,20.32967032967033,3.2967032967032965,1.098901098901099,53.191489361702125,20.21276595744681,22.340425531914892,3.723404255319149,0.5319148936170213,28.846153846153847,47.43589743589744,19.871794871794872,2.5641025641025643,1.2820512820512822,6.306306306306307,67.56756756756756,18.91891891891892,6.306306306306307,0.9009009009009009
301990,887,0,5,3,17,503,50317,1,0,0,23,21,25,24,32,19,19,23,0,0,99,87,186,213,219,110,173,3.125,6.25,25,6.25,9.375,18.75,3.6363636363636362,18.181818181818183,23.636363636363637,1.8181818181818181,3.6363636363636362,12.727272727272727,0,19.565217391304348,21.73913043478261,2.1739130434782608,8.695652173913043,26.08695652173913,0,6.25,27.083333333333332,0,12.5,10.416666666666666,43.07692307692308,38.46153846153846,18.46153846153846,26.229508196721312,42.622950819672134,31.147540983606557,31.11111111111111,40,28.88888888888889,33.333333333333336,31.25,35.416666666666664,95.23809523809524,4.761904761904762,0,0,0,97.5,2.5,0,0,0,100,0,0,0,0,100,0,0,0,0,0,81.25,18.75,0,0,2.2222222222222223,97.77777777777777,0,0,0,97.5,2.5,0,0,0,90,10,0,0,0
309937,1109,0,5,8,19,508,50819,1,0,0,46,26,50,41,33,25,35,26,0,0,164,118,282,284,272,278,232,12.5,15,20,25,15,12.5,8.75,2.5,13.75,25,37.5,12.5,6,4,4,26,40,20,5.405405405405405,2.7027027027027026,2.7027027027027026,27.027027027027028,40.54054054054054,21.62162162162162,2.5316455696202533,64.55696202531645,32.91139240506329,2.7777777777777777,69.44444444444444,27.77777777777778,6.25,62.5,31.25,0,72.6027397260274,27.397260273972602,97.5,2.5,0,0,0,100,0,0,0,0,100,0,0,0,0,76.81159420289855,21.73913043478261,1.4492753623188406,0,0,12.820512820512821,37.17948717948718,39.743589743589745,10.256410256410257,0,98.64864864864865,1.3513513513513513,0,0,0,77.08333333333333,22.916666666666668,0,0,0,53.125,40.625,6.25,0,0
302241,1141,0,5,11,5,511,51105,1,0,0,61,57,73,52,66,72,66,67,0,0,266,248,514,512,183,501,432,5.882352941176471,24.705882352941178,34.705882352941174,0,0,0,10.56910569105691,50.40650406504065,19.51219512195122,0,0,0,5.714285714285714,21.904761904761905,36.19047619047619,0,0,0,12.280701754385966,85.96491228070175,1.7543859649122806,0,0,0,50,33.333333333333336,16.666666666666668,50.90909090909091,40,9.090909090909092,53.84615384615385,23.076923076923077,23.076923076923077,68.75,12.5,18.75,46.74556213017752,53.25443786982248,0,0,0,51.239669421487605,48.760330578512395,0,0,0,98.98989898989899,1.0101010101010102,0,0,0,100,0,0,0,0,5.2631578947368425,58.55263157894737,36.18421052631579,0,0,0.8849557522123894,63.716814159292035,15.929203539823009,7.079646017699115,12.389380530973451,4.705882352941177,42.35294117647059,38.8235294117647,14.117647058823529,0,0,86.58536585365853,13.414634146341463,0,0
500167,619,0,5,5,1,505,50501,1,0,0,37,24,27,33,35,27,33,22,0,0,132,106,238,239,249,252,249,5,8.333333333333334,3.3333333333333335,48.333333333333336,23.333333333333332,11.666666666666666,0,6.349206349206349,1.5873015873015872,50.79365079365079,33.333333333333336,7.936507936507937,51.666666666666664,13.333333333333334,8.333333333333334,16.666666666666668,3.3333333333333335,6.666666666666667,14.285714285714286,12.5,14.285714285714286,10.714285714285714,25,23.214285714285715,20.58823529411765,45.588235294117645,33.8235294117647,18.840579710144926,36.231884057971016,44.927536231884055,10.526315789473685,38.59649122807018,50.87719298245614,7.2727272727272725,40,52.72727272727273,92.7536231884058,7.246376811594203,0,0,0,100,0,0,0,0,100,0,0,0,0,100,0,0,0,0,77.61194029850746,13.432835820895523,8.955223880597014,0,0,45.714285714285715,45.714285714285715,8.571428571428571,0,0,62.06896551724138,37.93103448275862,0,0,0,87.03703703703704,3.7037037037037037,9.25925925925926,0,0
309764,913,0,5,3,20,503,50320,1,0,0,19,21,31,16,26,20,21,23,0,0,97,80,177,170,164,169,152,12.5,0,0,80,7.5,0,1.7241379310344827,1.7241379310344827,1.7241379310344827,79.3103448275862,5.172413793103448,10.344827586206897,17.647058823529413,0,0,73.52941176470588,8.823529411764707,0,18.42105263157895,0,0,71.05263157894737,7.894736842105263,2.6315789473684212,100,0,0,96.49122807017544,1.7543859649122806,1.7543859649122806,63.63636363636363,27.272727272727273,9.090909090909092,100,0,0,85,12.5,2.5,0,0,100,0,0,0,0,100,0,0,0,0,100,0,0,0,0,50,31.25,9.375,9.375,0,85.18518518518519,14.814814814814815,0,0,0,100,0,0,0,0,100,0,0,0,0
302205,1149,0,5,11,6,511,51106,1,0,0,67,49,42,52,52,46,67,65,0,0,228,212,440,430,424,426,426,0,8.823529411764707,6.617647058823529,0.7352941176470589,21.323529411764707,62.5,0,0,8.737864077669903,3.883495145631068,33.980582524271846,53.398058252427184,0.970873786407767,5.825242718446602,20.388349514563107,15.533980582524272,22.33009708737864,34.95145631067961,0,6.818181818181818,17.045454545454547,5.681818181818182,25,45.45454545454545,1.4814814814814814,7.407407407407407,91.11111111111111,2.912621359223301,8.737864077669903,88.3495145631068,0,14.705882352941176,85.29411764705883,0,2.380952380952381,97.61904761904762,80.1470588235294,19.852941176470587,0,0,0,97.05882352941177,2.9411764705882355,0,0,0,100,0,0,0,0,100,0,0,0,0,74.26470588235294,9.558823529411764,14.705882352941176,1.4705882352941178,0,90.19607843137256,0.9803921568627451,6.862745098039215,1.9607843137254901,0,100,0,0,0,0,86.20689655172414,8.045977011494253,4.597701149425287,1.1494252873563218,0
302014,822,0,5,3,2,503,50302,1,0,0,86,53,58,69,76,60,54,66,0,0,274,248,522,538,509,528,498,0,0,0,76.72955974842768,17.61006289308176,5.660377358490566,10.596026490066226,7.947019867549669,8.609271523178808,48.34437086092715,19.205298013245034,5.298013245033113,26.4,0,0,0.8,60.8,12,8.737864077669903,5.825242718446602,6.796116504854369,49.51456310679612,24.271844660194176,4.854368932038835,78.88198757763975,13.043478260869565,8.074534161490684,76.51006711409396,10.06711409395973,13.422818791946309,41.74757281553398,50.48543689320388,7.766990291262136,71.875,19.791666666666668,8.333333333333334,86.06060606060606,11.515151515151516,2.4242424242424243,0,0,43.28358208955224,55.97014925373134,0.746268656716418,0,0,75.80645161290323,24.193548387096776,0,0,0,64.76190476190476,35.23809523809524,0,0,0,52.7027027027027,38.513513513513516,7.4324324324324325,1.3513513513513513,0,35.97122302158273,54.67625899280576,8.633093525179856,0.7194244604316546,0,52.72727272727273,47.27272727272727,0,0,0,65.34653465346534,34.65346534653465,0,0,0
309740,876,0,5,3,15,503,50315,1,0,0,36,41,33,40,25,28,35,33,0,0,129,142,271,224,241,247,230,2.7027027027027026,2.7027027027027026,8.108108108108109,29.72972972972973,13.513513513513514,43.24324324324324,9.45945945945946,16.216216216216218,31.08108108108108,9.45945945945946,28.37837837837838,5.405405405405405,1.5384615384615385,16.923076923076923,29.23076923076923,10.76923076923077,23.076923076923077,18.46153846153846,0,0,25,2.0833333333333335,47.916666666666664,22.916666666666668,27.906976744186046,20.930232558139537,51.16279069767442,18.055555555555557,29.166666666666668,52.77777777777778,16.923076923076923,38.46153846153846,44.61538461538461,8.19672131147541,32.78688524590164,59.01639344262295,100,0,0,0,0,100,0,0,0,0,100,0,0,0,0,100,0,0,0,0,78.94736842105263,10.526315789473685,10.526315789473685,0,0,90.76923076923077,9.23076923076923,0,0,0,78.46153846153847,21.53846153846154,0,0,0,80.64516129032258,19.35483870967742,0,0,0
309741,877,0,5,3,15,503,50315,1,0,0,74,47,56,73,68,78,116,69,0,0,314,267,581,400,376,404,325,4.273504273504273,5.128205128205129,5.128205128205129,82.90598290598291,2.5641025641025643,0,0,2.197802197802198,7.6923076923076925,40.65934065934066,40.65934065934066,8.791208791208792,8.860759493670885,12.658227848101266,0,50.63291139240506,20.253164556962027,7.594936708860759,4.424778761061947,10.619469026548673,4.424778761061947,61.94690265486726,3.5398230088495577,15.044247787610619,50.476190476190474,33.333333333333336,16.19047619047619,60.638297872340424,30.851063829787233,8.51063829787234,33.333333333333336,53.08641975308642,13.580246913580247,18.75,70.83333333333333,10.416666666666666,92.72727272727273,7.2727272727272725,0,0,0,97.9381443298969,2.0618556701030926,0,0,0,100,0,0,0,0,100,0,0,0,0,73.26732673267327,23.762376237623762,2.9702970297029703,0,0,97.8021978021978,1.098901098901099,0,1.098901098901099,0,100,0,0,0,0,92.85714285714286,7.142857142857143,0,0,0
302161,1031,1,5,8,3,508,50803,1,0,0,32,37,53,43,44,46,53,49,0,0,182,175,357,329,328,326,325,10,17,15,24,16,18,9.45945945945946,21.62162162162162,24.324324324324323,9.45945945945946,17.56756756756757,17.56756756756757,6.8493150684931505,17.80821917808219,26.027397260273972,2.73972602739726,13.698630136986301,32.87671232876713,6.097560975609756,30.48780487804878,25.609756097560975,3.658536585365854,21.951219512195124,12.195121951219512,28.571428571428573,39.795918367346935,31.632653061224488,41.891891891891895,35.13513513513514,22.972972972972972,9.58904109589041,31.506849315068493,58.9041095890411,10.843373493975903,49.397590361445786,39.75903614457831,95.95959595959596,4.040404040404041,0,0,0,97.29729729729729,2.7027027027027026,0,0,0,100,0,0,0,0,92.5,7.5,0,0,0,57.142857142857146,41.83673469387755,1.0204081632653061,0,0,97.29729729729729,2.7027027027027026,0,0,0,98.63013698630137,1.36986301369863,0,0,0,92.5,7.5,0,0,0
302113,1099,1,5,8,18,508,50818,1,0,0,45,32,50,55,47,51,58,54,0,0,200,192,392,335,358,354,353,10,7,9,35,36,0,0,2,4,20,47,27,18.181818181818183,14.545454545454545,16.363636363636363,25.454545454545453,16.363636363636363,9.090909090909092,12.5,18.75,12.5,18.75,12.5,12.5,6.185567010309279,36.08247422680412,57.7319587628866,7.207207207207207,46.846846846846844,45.945945945945944,20.967741935483872,43.54838709677419,35.483870967741936,5.681818181818182,28.40909090909091,65.9090909090909,95.95959595959596,4.040404040404041,0,0,0,100,0,0,0,0,100,0,0,0,0,100,0,0,0,0,3.061224489795918,3.061224489795918,11.224489795918368,68.36734693877551,14.285714285714286,0,20,67.27272727272727,12.727272727272727,0,0,0,93.54838709677419,6.451612903225806,0,0,22.89156626506024,55.42168674698795,21.686746987951807,0
302127,1097,0,5,8,17,508,50817,1,0,0,20,23,25,17,16,17,30,30,0,0,91,87,178,175,167,172,167,10.204081632653061,4.081632653061225,6.122448979591836,48.97959183673469,28.571428571428573,2.0408163265306123,0,5.660377358490566,1.8867924528301887,54.716981132075475,33.9622641509434,3.7735849056603774,0,0,13.157894736842104,13.157894736842104,10.526315789473685,63.1578947368421,22.857142857142858,8.571428571428571,0,60,5.714285714285714,0,39.583333333333336,31.25,29.166666666666668,61.53846153846154,34.61538461538461,3.8461538461538463,8.823529411764707,2.9411764705882355,88.23529411764706,3.0303030303030303,0,96.96969696969697,93.75,6.25,0,0,0,98.11320754716981,1.8867924528301887,0,0,0,100,0,0,0,0,100,0,0,0,0,78,22,0,0,0,53.84615384615385,46.15384615384615,0,0,0,100,0,0,0,0,75.75757575757575,24.242424242424242,0,0,0
301899,778,0,5,2,5,502,50205,1,0,0,75,51,74,67,73,74,86,75,0,0,308,267,575,521,477,500,479,0,3.0303030303030303,11.363636363636363,17.424242424242426,44.696969696969695,23.484848484848484,0.704225352112676,4.929577464788732,21.830985915492956,6.338028169014085,45.774647887323944,20.422535211267604,1.8018018018018018,10.81081081081081,20.72072072072072,5.405405405405405,46.846846846846844,14.414414414414415,0.7352941176470589,9.558823529411764,20.58823529411765,2.2058823529411766,52.94117647058823,13.970588235294118,7.633587786259542,47.32824427480916,45.038167938931295,4.929577464788732,44.36619718309859,50.70422535211268,5.555555555555555,32.22222222222222,62.22222222222222,0.8771929824561403,13.157894736842104,85.96491228070175,94.6969696969697,5.303030303030303,0,0,0,100,0,0,0,0,100,0,0,0,0,99.12280701754386,0.8771929824561403,0,0,0,76.37795275590551,22.04724409448819,1.5748031496062993,0,0,74.81481481481481,21.48148148148148,3.7037037037037037,0,0,94.1747572815534,5.825242718446602,0,0,0,82.45614035087719,17.54385964912281,0,0,0
309509,763,0,5,1,13,501,50113,1,0,0,57,34,45,33,38,33,36,39,0,0,176,139,315,319,316,336,316,14.606741573033707,32.58426966292135,11.235955056179776,4.49438202247191,19.10112359550562,17.97752808988764,5.9523809523809526,21.428571428571427,11.904761904761905,4.761904761904762,38.095238095238095,17.857142857142858,2.247191011235955,37.07865168539326,8.98876404494382,2.247191011235955,29.213483146067414,20.224719101123597,5.2631578947368425,36.8421052631579,12.280701754385966,5.2631578947368425,26.31578947368421,14.035087719298245,13.48314606741573,34.831460674157306,51.68539325842696,30.120481927710845,34.93975903614458,34.93975903614458,14.814814814814815,22.22222222222222,62.96296296296296,6.349206349206349,38.095238095238095,55.55555555555556,46.875,53.125,0,0,0,100,0,0,0,0,100,0,0,0,0,97.01492537313433,2.985074626865672,0,0,0,92.55319148936171,7.446808510638298,0,0,0,89.74358974358974,10.256410256410257,0,0,0,96.29629629629629,3.7037037037037037,0,0,0,90.47619047619048,9.523809523809524,0,0,0
309903,1095,0,5,8,16,508,50816,1,0,0,44,34,46,35,47,44,43,44,0,0,180,157,337,304,294,307,287,26.21359223300971,40.77669902912621,33.00970873786408,0,0,0,6.0606060606060606,16.666666666666668,77.27272727272727,0,0,0,42.5,37.5,20,0,0,0,60,32.72727272727273,7.2727272727272725,0,0,0,52.12765957446808,20.21276595744681,27.659574468085108,30.76923076923077,30.76923076923077,38.46153846153846,43.037974683544306,18.9873417721519,37.9746835443038,39.285714285714285,16.071428571428573,44.642857142857146,97.02970297029702,2.9702970297029703,0,0,0,77.14285714285714,18.571428571428573,4.285714285714286,0,0,80.24691358024691,19.753086419753085,0,0,0,100,0,0,0,0,94.31818181818181,5.681818181818182,0,0,0,77.14285714285714,22.857142857142858,0,0,0,13.333333333333334,77.33333333333333,9.333333333333334,0,0,62.96296296296296,27.77777777777778,5.555555555555555,3.7037037037037037,0
301995,853,0,5,3,10,503,50310,1,0,0,46,29,40,25,28,21,26,25,0,0,140,100,240,265,248,210,223,14.285714285714286,53.96825396825397,31.746031746031747,0,0,0,3.9473684210526314,21.05263157894737,32.89473684210526,9.210526315789474,0,0,16.901408450704224,57.74647887323944,25.35211267605634,0,0,0,7.2727272727272725,14.545454545454545,27.272727272727273,0,0,0,8.333333333333334,41.666666666666664,50,4,12,84,4.918032786885246,45.90163934426229,49.18032786885246,0,23.076923076923077,76.92307692307692,20.967741935483872,66.12903225806451,12.903225806451612,0,0,27.272727272727273,27.272727272727273,45.45454545454545,0,0,0,98.57142857142857,1.4285714285714286,0,0,7.142857142857143,87.5,5.357142857142857,0,0,1.694915254237288,20.338983050847457,54.23728813559322,23.728813559322035,0,5.2631578947368425,56.14035087719298,38.59649122807018,0,0,10.909090909090908,89.0909090909091,0,0,0,15.384615384615385,84.61538461538461,0,0,0
309702,941,0,5,3,25,503,50325,1,0,0,133,77,110,119,121,116,121,119,0,0,485,431,916,944,883,940,888,3.8910505836575875,5.058365758754864,5.058365758754864,83.26848249027238,1.1673151750972763,0,4.964539007092198,3.1914893617021276,4.964539007092198,58.51063829787234,18.43971631205674,9.929078014184396,8.24742268041237,2.0618556701030926,0.5154639175257731,82.47422680412372,5.670103092783505,1.0309278350515463,21.327014218009477,1.8957345971563981,0.9478672985781991,67.29857819905213,6.6350710900473935,1.8957345971563981,68.04979253112033,11.618257261410788,20.33195020746888,75.47892720306514,6.130268199233717,18.39080459770115,56.741573033707866,18.53932584269663,24.719101123595507,77.33990147783251,9.852216748768473,12.807881773399014,96.49805447470817,3.501945525291829,0,0,0,94.22382671480145,5.776173285198556,0,0,0,100,0,0,0,0,100,0,0,0,0,63.59832635983263,30.1255230125523,6.2761506276150625,0,0,59.10780669144982,39.405204460966544,1.486988847583643,0,0,96.61016949152543,3.389830508474576,0,0,0,83.2512315270936,16.748768472906406,0,0,0
501020,646,0,5,3,10,503,50310,1,0,0,13,18,14,13,14,15,17,15,0,0,58,61,119,116,111,114,110,0,0,18.181818181818183,3.0303030303030303,15.151515151515152,63.63636363636363,0,0,6.666666666666667,6.666666666666667,6.666666666666667,80,0,0,42.857142857142854,7.142857142857143,0,50,0,0,16,8,4,72,66.66666666666667,21.21212121212121,12.121212121212121,80,0,20,50,10.714285714285714,39.285714285714285,56,20,24,93.93939393939394,6.0606060606060606,0,0,0,100,0,0,0,0,100,0,0,0,0,96,4,0,0,0,72.72727272727273,21.21212121212121,6.0606060606060606,0,0,4.166666666666667,62.5,33.333333333333336,0,0,96.42857142857143,3.5714285714285716,0,0,0,60,32,8,0,0
309743,983,0,5,3,32,503,50332,1,0,0,76,49,75,66,43,52,63,68,0,0,257,235,492,408,380,404,403,13.91304347826087,6.086956521739131,7.826086956521739,57.391304347826086,12.173913043478262,2.608695652173913,7.547169811320755,11.320754716981131,1.8867924528301887,61.320754716981135,14.150943396226415,3.7735849056603774,28.88888888888889,16.666666666666668,10,32.22222222222222,5.555555555555555,3.3333333333333335,37.11340206185567,5.154639175257732,2.0618556701030926,47.422680412371136,7.216494845360825,1.0309278350515463,47.11538461538461,24.03846153846154,28.846153846153847,20.2020202020202,52.525252525252526,27.272727272727273,48.78048780487805,29.26829268292683,21.951219512195124,2.1052631578947367,55.78947368421053,42.10526315789474,78.44827586206897,19.82758620689655,1.7241379310344827,0,0,100,0,0,0,0,98.83720930232558,1.1627906976744187,0,0,0,90.625,9.375,0,0,0,0.8620689655172413,78.44827586206897,18.96551724137931,1.7241379310344827,0,0.9433962264150944,77.35849056603773,21.69811320754717,0,0,29.661016949152543,69.49152542372882,0.847457627118644,0,0,55.55555555555556,39.682539682539684,4.761904761904762,0,0
301816,684,0,5,1,1,501,50101,1,0,0,71,45,87,70,88,74,67,78,0,0,313,267,580,527,496,495,491,25.40983606557377,4.918032786885246,1.639344262295082,2.459016393442623,27.868852459016395,37.704918032786885,16,4,3.3333333333333335,0,29.333333333333332,45.333333333333336,25.225225225225227,9.00900900900901,1.8018018018018018,0,27.027027027027028,36.93693693693694,16.666666666666668,3.4722222222222223,0,2.0833333333333335,28.47222222222222,49.30555555555556,6.722689075630252,62.18487394957983,31.092436974789916,14.482758620689655,68.96551724137932,16.551724137931036,5.434782608695652,31.52173913043478,63.04347826086956,2.142857142857143,56.42857142857143,41.42857142857143,84.84848484848484,12.121212121212121,3.0303030303030303,0,0,99.29078014184397,0.7092198581560284,0,0,0,100,0,0,0,0,100,0,0,0,0,2.7027027027027026,39.63963963963964,57.65765765765766,0,0,86.52482269503547,12.76595744680851,0.7092198581560284,0,0,74.73684210526316,25.263157894736842,0,0,0,84.72222222222223,15.277777777777779,0,0,0
302054,874,0,5,3,15,503,50315,1,0,0,54,58,54,58,53,61,38,52,0,0,199,229,428,428,417,423,396,9.821428571428571,23.214285714285715,16.071428571428573,16.071428571428573,11.607142857142858,8.035714285714286,12.605042016806722,18.48739495798319,14.285714285714286,10.92436974789916,15.966386554621849,10.084033613445378,9.473684210526315,32.63157894736842,13.68421052631579,3.1578947368421053,9.473684210526315,6.315789473684211,4.901960784313726,27.45098039215686,25.49019607843137,3.9215686274509802,8.823529411764707,5.882352941176471,22.033898305084747,49.152542372881356,28.8135593220339,12.931034482758621,43.96551724137931,43.10344827586207,7.865168539325842,37.07865168539326,55.056179775280896,8.51063829787234,38.297872340425535,53.191489361702125,97.36842105263158,2.6315789473684212,0,0,0,73.10924369747899,26.89075630252101,0,0,0,100,0,0,0,0,98.94736842105263,1.0526315789473684,0,0,0,64.70588235294117,34.31372549019608,0.9803921568627451,0,0,24.347826086956523,72.17391304347827,3.4782608695652173,0,0,70.11494252873563,29.885057471264368,0,0,0,66.30434782608695,33.69565217391305,0,0,0
301862,1231,0,5,7,1,507,50701,1,0,0,100,107,109,107,96,79,81,89,0,0,386,382,768,869,792,867,864,6.882591093117409,2.0242914979757085,2.42914979757085,58.29959514170041,19.02834008097166,10.931174089068826,8.810572687224669,25.110132158590307,15.418502202643172,12.334801762114537,25.991189427312776,9.251101321585903,6.7357512953367875,15.544041450777202,22.27979274611399,7.772020725388601,20.207253886010363,27.46113989637306,3.4653465346534653,6.930693069306931,19.801980198019802,11.881188118811881,35.148514851485146,22.77227722772277,97.40259740259741,2.5974025974025974,0,88.83928571428571,10.267857142857142,0.8928571428571429,58.666666666666664,31.333333333333332,10,86.09625668449198,3.2085561497326203,10.695187165775401,88.25910931174089,10.121457489878543,1.6194331983805668,0,0,98.6784140969163,1.3215859030837005,0,0,0,99.47643979057591,0.5235602094240838,0,0,0,98.51485148514851,1.4851485148514851,0,0,0,65.98360655737704,31.9672131147541,2.0491803278688523,0,0,99.57081545064378,0.4291845493562232,0,0,0,98.95287958115183,1.0471204188481675,0,0,0,94.89795918367346,5.1020408163265305,0,0,0
502477,630,0,5,1,8,501,50108,1,0,0,11,14,0,0,0,0,0,0,0,0,11,14,25,82,77,84,89,0,38.46153846153846,38.46153846153846,0,11.538461538461538,7.6923076923076925,0,52.94117647058823,29.41176470588235,0,5.882352941176471,5.882352941176471,0,59.09090909090909,9.090909090909092,0,9.090909090909092,0,NA,NA,NA,NA,NA,NA,0,37.03703703703704,62.96296296296296,0,37.5,62.5,0,44.44444444444444,55.55555555555556,NA,NA,NA,100,0,0,0,0,100,0,0,0,0,100,0,0,0,0,NA,NA,NA,NA,NA,6.451612903225806,9.67741935483871,80.64516129032258,3.225806451612903,0,2.857142857142857,34.285714285714285,54.285714285714285,8.571428571428571,0,13.043478260869565,21.73913043478261,52.17391304347826,13.043478260869565,0,NA,NA,NA,NA,NA
302283,1215,0,5,13,1,513,51301,1,0,0,169,107,176,159,161,147,170,174,14,11,690,598,1288,1221,1034,1218,1182,12.612612612612613,3.903903903903904,3.3033033033033035,42.34234234234234,15.915915915915916,12.012012012012011,11.661807580174926,6.41399416909621,0.8746355685131195,59.475218658892125,13.70262390670554,0.5830903790087464,4.471544715447155,6.504065040650406,4.471544715447155,33.739837398373986,18.29268292682927,4.878048780487805,10.367892976588628,9.03010033444816,3.678929765886288,27.4247491638796,18.729096989966557,14.381270903010034,55.5921052631579,24.67105263157895,19.736842105263158,77.30263157894737,15.131578947368421,7.565789473684211,61.016949152542374,27.683615819209038,11.299435028248588,24.497991967871485,36.144578313253014,39.3574297188755,96.6867469879518,3.0120481927710845,0.30120481927710846,0,0,89.82558139534883,9.30232558139535,0.872093023255814,0,0,97.1311475409836,2.8688524590163933,0,0,0,87.24832214765101,12.751677852348994,0,0,0,92.401215805471125,3.951367781155015,3.6474164133738602,0,0,44.95412844036697,37.308868501529055,14.067278287461773,3.669724770642202,0,40.7563025210084,49.57983193277311,9.663865546218487,0,0,62.84722222222222,37.15277777777778,0,0,0
301900,787,0,5,2,6,502,50206,1,0,0,34,22,32,30,38,34,47,25,0,0,151,111,262,230,150,233,221,0,16.901408450704224,0,16.901408450704224,5.633802816901408,0,1.492537313432836,7.462686567164179,0,10.447761194029852,73.13432835820896,7.462686567164179,0,40.38461538461539,0,3.8461538461538463,3.8461538461538463,0,0,5,0,27.5,67.5,0,28.571428571428573,28.571428571428573,42.857142857142854,10.344827586206897,34.48275862068966,55.172413793103445,8,72,20,12.820512820512821,28.205128205128204,58.97435897435897,97.1830985915493,2.816901408450704,0,0,0,100,0,0,0,0,100,0,0,0,0,100,0,0,0,0,46.3768115942029,31.884057971014492,20.28985507246377,1.4492753623188406,0,91.52542372881356,6.779661016949152,0,0,1.694915254237288,28.30188679245283,71.69811320754717,0,0,0,35,65,0,0,0
302123,1056,0,5,8,8,508,50808,1,0,0,68,38,46,44,47,56,44,42,0,0,205,180,385,302,308,296,295,0,1.2345679012345678,1.2345679012345678,75.30864197530865,17.28395061728395,4.938271604938271,0,3.3333333333333335,2.2222222222222223,38.888888888888886,53.333333333333336,2.2222222222222223,0,12.987012987012987,0,35.064935064935064,51.94805194805195,0,1.8518518518518519,3.7037037037037037,3.7037037037037037,25.925925925925927,9.25925925925926,55.55555555555556,40.963855421686745,59.036144578313255,0,63.04347826086956,32.608695652173914,4.3478260869565215,30.76923076923077,67.94871794871794,1.2820512820512822,80,20,0,100,0,0,0,0,100,0,0,0,0,100,0,0,0,0,100,0,0,0,0,63.855421686746986,34.93975903614458,1.2048192771084338,0,0,83.95061728395062,14.814814814814815,1.2345679012345678,0,0,100,0,0,0,0,98.11320754716981,1.8867924528301887,0,0,0
309512,736,0,5,1,10,501,50110,1,0,0,24,12,43,38,41,32,30,42,0,0,138,124,262,247,86,247,245,2,4,22,0,0,0,1.2820512820512822,5.128205128205129,23.076923076923077,0,0,0,2.3255813953488373,4.651162790697675,32.55813953488372,0,0,0,0,7.894736842105263,13.157894736842104,0,0,0,16,40,44,0,21.73913043478261,78.26086956521739,5.882352941176471,5.882352941176471,88.23529411764706,9.523809523809524,42.857142857142854,47.61904761904762,90,10,0,0,0,98.71794871794872,1.2820512820512822,0,0,0,100,0,0,0,0,100,0,0,0,0,21.568627450980394,50.98039215686274,27.45098039215686,0,0,6.329113924050633,56.962025316455694,36.70886075949367,0,0,2.380952380952381,59.523809523809526,38.095238095238095,0,0,2.73972602739726,64.38356164383562,32.87671232876713,0,0
302284,1216,0,5,13,1,513,51301,1,0,0,96,69,101,95,82,85,84,85,0,0,363,334,697,684,644,684,675,3.867403314917127,2.2099447513812156,4.419889502762431,63.53591160220994,12.707182320441989,13.259668508287293,1.1111111111111112,7.777777777777778,4.444444444444445,35,24.444444444444443,27.22222222222222,13.245033112582782,11.920529801324504,1.3245033112582782,36.42384105960265,23.841059602649008,13.245033112582782,8.720930232558139,2.9069767441860463,1.1627906976744187,72.67441860465117,10.465116279069768,4.069767441860465,70.55555555555556,20,9.444444444444445,90.41095890410959,7.534246575342466,2.0547945205479454,71.62162162162163,17.56756756756757,10.81081081081081,96.47058823529412,3.5294117647058822,0,98.88888888888889,1.1111111111111112,0,0,0,100,0,0,0,0,99.33774834437087,0.6622516556291391,0,0,0,100,0,0,0,0,96.17486338797814,3.8251366120218577,0,0,0,100,0,0,0,0,99.3103448275862,0.6896551724137931,0,0,0,100,0,0,0,0
500034,616,0,5,8,19,508,50819,1,0,0,18,23,14,13,26,10,14,16,0,0,72,62,134,125,117,114,136,0,0,0,32.432432432432435,54.054054054054056,13.513513513513514,0,0,0,27.77777777777778,61.111111111111114,11.11111111111111,0,0,0,48.275862068965516,34.48275862068966,17.24137931034483,0,0,0,30.434782608695652,34.78260869565217,34.78260869565217,84.21052631578948,10.526315789473685,5.2631578947368425,83.33333333333333,14.285714285714286,2.380952380952381,96.875,3.125,0,50,50,0,76.3157894736842,23.68421052631579,0,0,0,90.47619047619048,9.523809523809524,0,0,0,100,0,0,0,0,100,0,0,0,0,67.56756756756756,18.91891891891892,13.513513513513514,0,0,48.83720930232558,32.55813953488372,18.6046511627907,0,0,21.875,53.125,25,0,0,12.5,58.333333333333336,29.166666666666668,0,0
302043,830,0,5,3,5,503,50305,1,0,0,115,123,143,126,141,99,137,110,0,0,536,458,994,767,743,779,693,10.7981220657277,7.042253521126761,2.816901408450704,8.92018779342723,25.35211267605634,45.070422535211264,24.731182795698924,13.978494623655914,5.376344086021505,10.21505376344086,16.129032258064516,25.806451612903224,12.92134831460674,14.044943820224718,11.235955056179776,7.865168539325842,19.662921348314608,28.651685393258425,18.42105263157895,17.894736842105264,17.894736842105264,12.105263157894736,6.315789473684211,19.473684210526315,58.68544600938967,35.2112676056338,6.103286384976526,47.8494623655914,40.86021505376344,11.290322580645162,33.97435897435897,35.256410256410255,30.76923076923077,13.297872340425531,58.51063829787234,28.19148936170213,97.3568281938326,2.643171806167401,0,0,0,97.1590909090909,2.840909090909091,0,0,0,100,0,0,0,0,98.4771573604061,1.5228426395939085,0,0,0,40,40,12,8,0,44,18,32.666666666666664,5.333333333333333,0,46.15384615384615,45.51282051282051,8.333333333333334,0,0,14.438502673796792,56.68449197860963,25.13368983957219,3.7433155080213902,0
302182,1155,0,5,11,7,511,51107,1,0,0,44,39,64,55,56,52,55,32,0,0,219,178,397,372,342,368,337,16.666666666666668,7.777777777777778,1.1111111111111112,48.888888888888886,15.555555555555555,10,30.526315789473685,7.368421052631579,1.0526315789473684,45.26315789473684,14.736842105263158,1.0526315789473684,10.227272727272727,6.818181818181818,1.1363636363636365,73.86363636363636,6.818181818181818,1.1363636363636365,22.22222222222222,5.05050505050505,0,70.70707070707071,1.0101010101010102,1.0101010101010102,21.951219512195124,48.78048780487805,29.26829268292683,32.95454545454545,38.63636363636363,28.40909090909091,35.714285714285715,36.904761904761905,27.38095238095238,32.95454545454545,32.95454545454545,34.09090909090909,79.54545454545455,18.181818181818183,2.272727272727273,0,0,89.36170212765957,10.638297872340425,0,0,0,96.55172413793103,3.4482758620689653,0,0,0,100,0,0,0,0,33.72093023255814,54.651162790697676,11.627906976744185,0,0,42.30769230769231,52.56410256410256,5.128205128205129,0,0,31.325301204819276,61.44578313253012,7.228915662650603,0,0,28.88888888888889,65.55555555555556,5.555555555555555,0,0
301986,989,0,5,3,34,503,50334,1,0,0,97,78,98,78,59,88,83,90,0,0,337,334,671,720,678,749,714,17.961165048543688,6.310679611650485,6.310679611650485,57.28155339805825,7.281553398058253,3.3980582524271843,29.050279329608937,1.1173184357541899,0,67.59776536312849,1.675977653631285,0.5586592178770949,7.18232044198895,13.259668508287293,6.077348066298343,59.11602209944751,12.154696132596685,1.6574585635359116,20.12987012987013,8.441558441558442,0,61.03896103896104,10.38961038961039,0,35.16483516483517,40.10989010989011,24.725274725274726,9.523809523809524,23.214285714285715,67.26190476190476,8.982035928143713,38.32335329341317,52.69461077844311,7.453416149068323,39.75155279503105,52.79503105590062,81.94444444444444,18.055555555555557,0,0,0,99.48453608247422,0.5154639175257731,0,0,0,99.43820224719101,0.5617977528089888,0,0,0,97.51552795031056,2.484472049689441,0,0,0,76.73267326732673,19.801980198019802,2.9702970297029703,0.49504950495049505,0,82.485875706214685,17.51412429378531,0,0,0,97.82608695652173,1.6304347826086956,0.5434782608695652,0,0,100,0,0,0,0
302109,1096,0,5,8,17,508,50817,1,0,0,109,114,144,133,113,130,132,128,0,0,498,505,1003,851,879,977,924,6.25,13.333333333333334,4.583333333333333,0,0,0,6.222222222222222,8.88888888888889,3.111111111111111,0,0,0,6.077348066298343,7.734806629834254,16.574585635359117,0,0,0,3.4146341463414633,3.902439024390244,6.829268292682927,0,0,0,88.75502008032129,9.63855421686747,1.606425702811245,80.49792531120332,19.08713692946058,0.4149377593360996,20.809248554913296,28.32369942196532,50.86705202312139,21.296296296296298,48.148148148148145,30.555555555555557,97.0909090909091,2.909090909090909,0,0,0,97.265625,2.734375,0,0,0,99.02912621359224,0.970873786407767,0,0,0,98.33333333333333,1.6666666666666667,0,0,0,66.53386454183267,21.51394422310757,10.358565737051793,1.593625498007968,0,65.4320987654321,30.45267489711934,4.11522633744856,0,0,74.61139896373057,12.435233160621761,6.217616580310881,4.1450777202072535,2.5906735751295336,27.0042194092827,64.13502109704642,3.3755274261603376,2.9535864978902953,2.5316455696202533
302061,862,0,5,3,11,503,50311,1,0,0,32,22,30,25,29,33,23,35,0,0,114,115,229,248,247,221,233,2.4390243902439024,7.317073170731708,18.29268292682927,8.536585365853659,37.80487804878049,23.170731707317074,3.125,3.125,10.9375,6.25,32.8125,40.625,8,18,20,6,20,20,3.8461538461538463,7.6923076923076925,19.23076923076923,3.8461538461538463,32.69230769230769,28.846153846153847,3.7037037037037037,20.987654320987655,75.30864197530865,0,16.39344262295082,83.60655737704919,3.8461538461538463,30.76923076923077,65.38461538461539,0,26.41509433962264,73.58490566037736,91.46341463414635,7.317073170731708,1.2195121951219512,0,0,88.37209302325581,6.976744186046512,4.651162790697675,0,0,92.5,7.5,0,0,0,100,0,0,0,0,5.063291139240507,24.050632911392405,54.43037974683544,11.39240506329114,5.063291139240507,6.896551724137931,18.96551724137931,55.172413793103445,12.068965517241379,6.896551724137931,11.11111111111111,17.77777777777778,42.22222222222222,24.444444444444443,4.444444444444445,0,21.568627450980394,54.90196078431372,13.72549019607843,9.803921568627452
309931,1026,0,5,8,2,508,50802,1,0,0,44,32,31,34,34,36,46,39,0,0,155,141,296,283,285,282,257,2.2988505747126435,3.4482758620689653,13.793103448275861,26.436781609195403,28.735632183908045,25.28735632183908,1.3333333333333333,2.6666666666666665,13.333333333333334,13.333333333333334,29.333333333333332,40,3.0303030303030303,4.545454545454546,12.121212121212121,22.727272727272727,18.181818181818183,39.39393939393939,20,5.454545454545454,9.090909090909092,12.727272727272727,12.727272727272727,40,48.275862068965516,40.229885057471265,11.494252873563218,40,49.333333333333336,10.666666666666666,53.84615384615385,32.30769230769231,13.846153846153847,44.827586206896555,43.10344827586207,12.068965517241379,98.85057471264368,1.1494252873563218,0,0,0,100,0,0,0,0,100,0,0,0,0,100,0,0,0,0,78.2051282051282,20.512820512820515,1.2820512820512822,0,0,77.77777777777777,19.444444444444443,2.7777777777777777,0,0,74.13793103448276,22.413793103448278,3.4482758620689653,0,0,71.42857142857143,24.489795918367346,4.081632653061225,0,0
301984,971,0,5,3,31,503,50331,1,0,0,101,93,106,102,102,110,97,125,0,0,406,430,836,778,726,774,752,2.6666666666666665,6.222222222222222,16.88888888888889,43.111111111111114,21.77777777777778,9.333333333333334,6.878306878306878,2.6455026455026456,1.5873015873015872,48.67724867724868,14.814814814814815,25.396825396825395,33.333333333333336,7.471264367816092,1.7241379310344827,48.85057471264368,4.597701149425287,4.022988505747127,8.421052631578947,5.2631578947368425,0.5263157894736842,74.21052631578948,11.052631578947368,0.5263157894736842,36.898395721925134,14.973262032085561,48.1283422459893,53.888888888888886,22.22222222222222,23.88888888888889,42.857142857142854,20.238095238095237,36.904761904761905,24.607329842931936,29.319371727748692,46.07329842931937,77.33333333333333,22.666666666666668,0,0,0,70.58823529411765,28.877005347593585,0,0,0.5347593582887701,98.26589595375722,1.7341040462427746,0,0,0,64.55026455026454,34.92063492063492,0.5291005291005291,0,0,29.09090909090909,40.90909090909091,29.09090909090909,0.9090909090909091,0,14.754098360655737,80.32786885245902,4.918032786885246,0,0,81.28654970760233,18.71345029239766,0,0,0,37.640449438202246,62.359550561797754,0,0,0
302156,1029,0,5,8,3,508,50803,1,0,0,62,53,58,55,59,53,39,40,0,0,218,201,419,401,400,395,395,16.831683168316832,50.495049504950494,32.67326732673267,0,0,0,0,40.56603773584906,59.43396226415094,0,0,0,68.42105263157895,21.05263157894737,10.526315789473685,0,0,0,31.31313131313131,28.282828282828284,35.35353535353536,0,0,5.05050505050505,7.8431372549019605,39.21568627450981,52.94117647058823,4.761904761904762,17.142857142857142,78.0952380952381,17.02127659574468,28.72340425531915,54.255319148936174,11.11111111111111,31.31313131313131,57.57575757575758,98.01980198019803,1.9801980198019802,0,0,0,99.00990099009901,0.9900990099009901,0,0,0,98.94736842105263,1.0526315789473684,0,0,0,100,0,0,0,0,7.6923076923076925,70.1923076923077,22.115384615384617,0,0,50,42.45283018867924,7.547169811320755,0,0,86.36363636363636,13.636363636363637,0,0,0,78.35051546391753,21.649484536082475,0,0,0
309705,968,0,5,3,30,503,50330,1,0,0,60,38,42,51,41,42,51,36,0,0,194,167,361,335,332,334,322,4.597701149425287,5.747126436781609,3.4482758620689653,71.26436781609195,11.494252873563218,3.4482758620689653,1.0869565217391304,0,2.1739130434782608,84.78260869565217,7.608695652173913,4.3478260869565215,10.81081081081081,2.7027027027027026,0,78.37837837837837,5.405405405405405,2.7027027027027026,19.51219512195122,0,0,71.95121951219512,8.536585365853659,0,58.62068965517241,25.28735632183908,16.091954022988507,83.14606741573034,11.235955056179776,5.617977528089888,71.05263157894737,13.157894736842104,15.789473684210526,72.5,16.25,11.25,9.195402298850574,88.50574712643679,2.2988505747126435,0,0,46.15384615384615,43.956043956043956,9.89010989010989,0,0,97.29729729729729,2.7027027027027026,0,0,0,100,0,0,0,0,36.04651162790697,61.627906976744185,2.3255813953488373,0,0,96.51162790697674,3.488372093023256,0,0,0,87.32394366197182,12.67605633802817,0,0,0,68.35443037974683,31.645569620253166,0,0,0
500165,603,0,5,8,4,508,50804,1,0,0,20,20,14,30,19,26,12,19,0,0,65,95,160,182,163,180,164,1.9607843137254901,1.9607843137254901,5.882352941176471,54.90196078431372,19.607843137254903,15.686274509803921,4.081632653061225,10.204081632653061,8.16326530612245,20.408163265306122,30.612244897959183,26.53061224489796,4.651162790697675,11.627906976744185,11.627906976744185,6.976744186046512,41.86046511627907,23.25581395348837,5.128205128205129,17.94871794871795,15.384615384615385,10.256410256410257,38.46153846153846,12.820512820512821,97.87234042553192,2.127659574468085,0,100,0,0,94.87179487179488,5.128205128205129,0,79.41176470588235,14.705882352941176,5.882352941176471,5.882352941176471,86.27450980392157,7.8431372549019605,0,0,54.166666666666664,33.333333333333336,12.5,0,0,35.714285714285715,47.61904761904762,16.666666666666668,0,0,43.58974358974359,23.076923076923077,33.333333333333336,0,0,33.333333333333336,31.25,22.916666666666668,12.5,0,48.83720930232558,25.58139534883721,20.930232558139537,4.651162790697675,0,35.8974358974359,46.15384615384615,10.256410256410257,7.6923076923076925,0,0,50,35.294117647058826,14.705882352941176,0
301930,955,0,5,3,28,503,50328,1,0,0,49,42,53,35,48,39,59,57,0,0,209,173,382,364,342,362,362,4.040404040404041,8.080808080808081,2.0202020202020203,76.76767676767676,8.080808080808081,1.0101010101010102,14.285714285714286,0,0,85.71428571428571,0,0,0,1.3333333333333333,0,81.33333333333333,14.666666666666666,2.6666666666666665,16.666666666666668,1.2820512820512822,0,74.35897435897436,7.6923076923076925,0,86.95652173913044,6.521739130434782,6.521739130434782,80.18867924528301,16.037735849056602,3.7735849056603774,85.91549295774648,0,14.084507042253522,75.34246575342466,9.58904109589041,15.068493150684931,93,7,0,0,0,100,0,0,0,0,100,0,0,0,0,100,0,0,0,0,92,8,0,0,0,100,0,0,0,0,98.63013698630137,1.36986301369863,0,0,0,100,0,0,0,0
302177,1042,0,5,8,6,508,50806,1,0,0,59,56,67,46,67,54,49,58,0,0,242,214,456,378,378,380,322,6.140350877192983,15.789473684210526,3.508771929824561,35.08771929824562,13.157894736842104,26.31578947368421,7.142857142857143,1.0204081632653061,0,75.51020408163265,11.224489795918368,5.1020408163265305,18.51851851851852,6.172839506172839,2.4691358024691357,55.55555555555556,17.28395061728395,0,20,0,0,80,0,0,14.912280701754385,66.66666666666667,18.42105263157895,11.224489795918368,63.265306122448976,25.510204081632654,1.2345679012345678,62.96296296296296,35.80246913580247,0,63.529411764705884,36.470588235294116,89.56521739130434,10.434782608695652,0,0,0,98.98989898989899,1.0101010101010102,0,0,0,100,0,0,0,0,100,0,0,0,0,72.4770642201835,24.770642201834864,2.7522935779816513,0,0,78.46153846153847,21.53846153846154,0,0,0,100,0,0,0,0,100,0,0,0,0
302282,1214,0,5,13,1,513,51301,1,0,0,172,125,142,166,181,151,134,148,0,0,629,590,1219,1259,1172,321,1114,6.097560975609756,13.71951219512195,5.182926829268292,9.451219512195122,43.59756097560975,21.646341463414632,14.168937329700272,29.97275204359673,11.989100817438691,5.449591280653951,31.607629427792915,6.8119891008174385,6.920415224913495,20.761245674740483,6.920415224913495,28.719723183391004,31.141868512110726,3.114186851211073,16.363636363636363,29.09090909090909,2.909090909090909,5.090909090909091,42.90909090909091,2.1818181818181817,6.293706293706293,47.55244755244755,46.15384615384615,2.2346368715083798,46.089385474860336,51.675977653631286,0.7662835249042146,27.96934865900383,71.26436781609195,0,51.68539325842696,48.31460674157304,NA,NA,NA,NA,NA,100,0,0,0,0,NA,NA,NA,NA,NA,95.32163742690058,4.678362573099415,0,0,0,31.70731707317073,65.50522648083624,2.7874564459930316,0,0,83.2089552238806,16.417910447761194,0.373134328358209,0,0,93.14079422382672,6.137184115523466,0.7220216606498195,0,0,36.87943262411348,57.4468085106383,5.673758865248227,0,0
502615,655,0,5,8,2,508,50802,1,0,0,11,8,0,0,0,0,0,0,0,0,11,8,19,56,3,56,53,9.090909090909092,4.545454545454546,9.090909090909092,77.27272727272727,0,0,31.818181818181817,9.090909090909092,4.545454545454546,22.727272727272727,18.181818181818183,13.636363636363637,25,8.333333333333334,0,41.666666666666664,25,0,NA,NA,NA,NA,NA,NA,66.66666666666667,33.333333333333336,0,NA,NA,NA,NA,NA,NA,NA,NA,NA,100,0,0,0,0,100,0,0,0,0,100,0,0,0,0,NA,NA,NA,NA,NA,14.285714285714286,61.904761904761905,23.80952380952381,0,0,85.71428571428571,0,14.285714285714286,0,0,90.9090909090909,9.090909090909092,0,0,0,NA,NA,NA,NA,NA
302263,1199,0,5,6,1,506,50601,1,0,0,31,36,55,36,44,30,53,44,0,0,183,146,329,307,279,307,295,15.151515151515152,3.0303030303030303,4.545454545454546,36.36363636363637,25.757575757575758,15.151515151515152,12.222222222222221,2.2222222222222223,0,55.55555555555556,17.77777777777778,11.11111111111111,29.508196721311474,13.114754098360656,1.639344262295082,54.09836065573771,1.639344262295082,0,66.66666666666667,10,0,5.555555555555555,0,0,26.229508196721312,40.98360655737705,32.78688524590164,28.571428571428573,34.523809523809526,36.904761904761905,45.16129032258065,37.096774193548384,17.741935483870968,27.77777777777778,38.888888888888886,33.333333333333336,95.45454545454545,4.545454545454546,0,0,0,98.88888888888889,1.1111111111111112,0,0,0,100,0,0,0,0,86.51685393258427,13.48314606741573,0,0,0,90.1639344262295,9.836065573770492,0,0,0,98.82352941176471,1.1764705882352942,0,0,0,54.83870967741935,45.16129032258065,0,0,0,42.52873563218391,57.47126436781609,0,0,0
301826,691,0,5,1,3,501,50103,1,0,0,26,11,23,13,20,21,16,20,0,0,85,65,150,173,173,35,174,5.357142857142857,8.928571428571429,3.5714285714285716,21.428571428571427,51.785714285714285,5.357142857142857,4.651162790697675,18.6046511627907,0,20.930232558139537,51.16279069767442,4.651162790697675,11.428571428571429,14.285714285714286,14.285714285714286,14.285714285714286,28.571428571428573,17.142857142857142,2.5641025641025643,2.5641025641025643,10.256410256410257,15.384615384615385,30.76923076923077,38.46153846153846,19.642857142857142,41.07142857142857,39.285714285714285,4.545454545454546,38.63636363636363,56.81818181818182,20.58823529411765,50,29.41176470588235,17.94871794871795,56.41025641025641,25.641025641025642,NA,NA,NA,NA,NA,60,40,0,0,0,91.66666666666667,8.333333333333334,0,0,0,61.53846153846154,38.46153846153846,0,0,0,87.5,12.5,0,0,0,32.55813953488372,67.44186046511628,0,0,0,42.857142857142854,48.57142857142857,5.714285714285714,2.857142857142857,0,32.5,55,10,2.5,0
305750,1220,0,5,13,1,513,51301,1,0,0,35,25,29,27,32,34,26,18,0,0,122,104,226,249,241,235,230,0,3.0303030303030303,3.0303030303030303,50,36.36363636363637,7.575757575757576,0,4.761904761904762,2.380952380952381,38.095238095238095,42.857142857142854,11.904761904761905,0,8.333333333333334,6.25,41.666666666666664,33.333333333333336,8.333333333333334,15.686274509803921,27.45098039215686,3.9215686274509802,23.529411764705884,29.41176470588235,0,36.36363636363637,45.45454545454545,18.181818181818183,24.050632911392405,41.77215189873418,34.177215189873415,35.416666666666664,22.916666666666668,41.666666666666664,20.833333333333332,50,29.166666666666668,95.23809523809524,4.761904761904762,0,0,0,88.60759493670886,11.39240506329114,0,0,0,100,0,0,0,0,100,0,0,0,0,75.38461538461539,24.615384615384617,0,0,0,73.41772151898734,18.9873417721519,7.594936708860759,0,0,100,0,0,0,0,51.16279069767442,46.51162790697674,2.3255813953488373,0,0
301870,731,0,5,1,10,501,50110,1,0,0,41,35,57,62,68,55,70,58,0,0,236,210,446,455,438,455,433,6.451612903225806,3.225806451612903,4.838709677419355,75.80645161290323,8.064516129032258,1.6129032258064515,22.972972972972972,6.081081081081081,2.027027027027027,47.972972972972975,12.162162162162161,6.756756756756757,0,8.955223880597014,10.447761194029852,20.895522388059703,46.26865671641791,13.432835820895523,9.482758620689655,6.896551724137931,13.793103448275861,55.172413793103445,10.344827586206897,4.310344827586207,40.98360655737705,38.52459016393443,20.491803278688526,14.788732394366198,43.66197183098591,41.54929577464789,1.5151515151515151,57.57575757575758,40.90909090909091,7.407407407407407,46.2962962962963,46.2962962962963,83.87096774193549,16.129032258064516,0,0,0,61.486486486486484,31.08108108108108,6.756756756756757,0.6756756756756757,0,91.04477611940298,8.955223880597014,0,0,0,90.51724137931035,9.482758620689655,0,0,0,0,13.709677419354838,73.38709677419355,12.903225806451612,0,1.4492753623188406,59.42028985507246,29.71014492753623,9.420289855072463,0,5.970149253731344,71.64179104477611,22.388059701492537,0,0,69.23076923076923,30.76923076923077,0,0,0
302039,881,0,5,3,16,503,50316,1,0,0,169,145,148,146,138,155,147,138,0,0,602,584,1186,1075,980,1161,1089,8.695652173913043,5.590062111801243,15.527950310559007,12.732919254658386,30.124223602484474,26.70807453416149,0,7.042253521126761,6.338028169014085,56.33802816901409,17.6056338028169,12.67605633802817,12.719298245614034,34.21052631578947,3.9473684210526314,39.03508771929825,10.087719298245615,0,10.78838174273859,17.012448132780083,11.203319502074688,10.78838174273859,24.481327800829874,25.726141078838175,10.702341137123746,53.17725752508361,36.12040133779264,4.918032786885246,60.65573770491803,34.42622950819672,12.91866028708134,76.55502392344498,10.526315789473685,3.0701754385964914,50.43859649122807,46.49122807017544,90.02770083102493,9.695290858725762,0.2770083102493075,0,0,98.31649831649831,1.6835016835016836,0,0,0,100,0,0,0,0,100,0,0,0,0,66.36363636363636,29.09090909090909,4.242424242424242,0.30303030303030304,0,52.397260273972606,38.6986301369863,8.904109589041095,0,0,75.64102564102564,24.358974358974358,0,0,0,86.69527896995709,13.304721030042918,0,0,0
301868,741,0,5,1,12,501,50112,1,0,0,96,80,130,120,121,111,134,113,0,0,481,424,905,878,873,827,878,4.405286343612334,1.3215859030837005,19.823788546255507,5.286343612334802,0.8810572687224669,5.726872246696035,2.4896265560165975,18.672199170124482,17.012448132780083,3.319502074688797,0.4149377593360996,0.4149377593360996,2.8735632183908044,0.5747126436781609,2.8735632183908044,1.1494252873563218,1.7241379310344827,1.1494252873563218,0.847457627118644,2.542372881355932,2.1186440677966103,1.271186440677966,0.423728813559322,0.423728813559322,8.05084745762712,29.23728813559322,62.71186440677966,7.053941908713693,28.21576763485477,64.73029045643153,2.3121387283236996,20.809248554913296,76.878612716763,0.8968609865470852,19.730941704035875,79.37219730941705,45.27363184079602,53.233830845771145,1.492537313432836,0,0,95.41666666666667,4.583333333333333,0,0,0,21.022727272727273,60.22727272727273,18.75,0,0,98.0952380952381,1.9047619047619047,0,0,0,9.090909090909092,4.329004329004329,86.58008658008659,0,0,0,52.32067510548523,47.67932489451477,0,0,0,92.52873563218391,7.471264367816092,0,0,0.423728813559322,17.796610169491526,77.11864406779661,4.661016949152542,0
301963,880,0,5,3,16,503,50316,1,0,0,88,86,71,84,104,94,112,78,0,0,375,342,717,741,729,743,790,5.0228310502283104,26.940639269406393,11.415525114155251,17.35159817351598,17.80821917808219,16.894977168949772,0,0,10.55045871559633,3.2110091743119265,27.06422018348624,58.71559633027523,48.717948717948715,27.564102564102566,0,23.076923076923077,0,0,1.3513513513513513,8.783783783783784,8.108108108108109,8.783783783783784,39.86486486486486,15.54054054054054,9.30232558139535,51.16279069767442,39.53488372093023,0.45662100456621,15.981735159817351,83.56164383561644,18.954248366013072,39.21568627450981,41.830065359477125,5.633802816901408,30.281690140845072,64.08450704225352,65.45454545454545,34.09090909090909,0.45454545454545453,0,0,95.41284403669725,4.587155963302752,0,0,0,64.96815286624204,35.031847133757964,0,0,0,87.83783783783784,12.162162162162161,0,0,0,35.426008968609864,62.33183856502242,2.242152466367713,0,0,51.14503816793893,36.6412213740458,10.687022900763358,1.5267175572519085,0,26.11464968152866,73.88535031847134,0,0,0,1.3513513513513513,97.97297297297297,0.6756756756756757,0,0
340567,2382,1,15,5,1,1505,150501,0,0,1,117,102,130,120,94,93,130,104,0,0,471,419,890,936,863,777,706,4.119850187265918,4.49438202247191,4.119850187265918,46.81647940074907,35.95505617977528,4.49438202247191,24.25531914893617,17.02127659574468,11.914893617021276,6.808510638297872,12.340425531914894,15.74468085106383,3.4146341463414633,12.682926829268293,40.97560975609756,2.926829268292683,10.731707317073171,23.902439024390244,8.733624454148472,28.38427947598253,34.06113537117904,4.366812227074236,8.733624454148472,14.847161572052402,14.634146341463415,27.642276422764226,57.72357723577236,5.9071729957805905,19.40928270042194,74.68354430379746,8.51063829787234,23.404255319148938,68.08510638297872,7.8125,11.458333333333334,80.72916666666667,89.3048128342246,10.16042780748663,0.5347593582887701,0,0,100,0,0,0,0,100,0,0,0,0,100,0,0,0,0,94.02985074626865,5.970149253731344,0,0,0,94.11764705882354,5.882352941176471,0,0,0,93.0379746835443,6.962025316455696,0,0,0,75.625,21.875,1.875,0.625,0
320606,2395,1,15,15,2,1515,151502,0,0,1,140,130,145,148,193,182,228,226,0,0,706,686,1392,1432,1408,1394,1325,9.206349206349206,26.349206349206348,13.65079365079365,19.682539682539684,18.73015873015873,9.841269841269842,11.347517730496454,16.548463356973997,10.638297872340425,16.78486997635934,21.98581560283688,21.98581560283688,22.52252252252252,24.324324324324323,8.70870870870871,21.92192192192192,14.114114114114114,6.006006006006006,21.883656509695292,8.033240997229917,8.310249307479225,36.28808864265928,19.667590027700832,4.43213296398892,20.521172638436482,51.465798045602604,28.01302931596091,12.380952380952381,26.904761904761905,60.714285714285715,16.307692307692307,42.46153846153846,41.23076923076923,24.15730337078652,47.752808988764045,28.089887640449437,54.54545454545455,43.83116883116883,1.6233766233766234,0,0,27.5609756097561,70.97560975609755,1.4634146341463414,0,0,27.051671732522795,72.94832826747721,0,0,0,24.495677233429394,75.50432276657061,0,0,0,4.605263157894737,26.644736842105264,59.86842105263158,8.881578947368421,0,1.2468827930174564,19.700748129675812,71.3216957605985,7.73067331670823,0,1.948051948051948,28.246753246753247,61.03896103896104,8.766233766233766,0,0.32051282051282054,22.756410256410255,66.34615384615384,10.576923076923077,0
320202,2429,1,15,11,1,1511,151101,0,0,1,78,57,70,59,113,90,113,95,0,0,374,301,675,572,539,603,535,12.422360248447205,6.211180124223603,2.484472049689441,22.36024844720497,31.055900621118013,25.46583850931677,6.134969325153374,4.294478527607362,14.723926380368098,18.404907975460123,30.67484662576687,24.539877300613497,12.068965517241379,13.793103448275861,19.82758620689655,14.655172413793103,15.517241379310345,13.793103448275861,3.787878787878788,8.333333333333334,11.363636363636363,14.393939393939394,25.757575757575758,36.36363636363637,53.333333333333336,44.666666666666664,2,39.85507246376812,40.57971014492754,19.565217391304348,23.846153846153847,53.84615384615385,22.307692307692307,35.53719008264463,44.62809917355372,19.834710743801654,95.65217391304348,4.3478260869565215,0,0,0,98.80952380952381,1.1904761904761905,0,0,0,100,0,0,0,0,99.24812030075188,0.7518796992481203,0,0,0,5.185185185185185,34.81481481481482,39.25925925925926,17.77777777777778,2.962962962962963,29.012345679012345,11.728395061728396,47.53086419753087,11.11111111111111,0.6172839506172839,35.51401869158879,58.87850467289719,4.672897196261682,0.9345794392523364,0,7.633587786259542,77.86259541984732,12.213740458015268,2.2900763358778624,0
305310,2313,1,15,7,3,1507,150703,0,0,1,123,107,91,93,97,112,162,158,0,0,473,470,943,1213,455,1155,1268,16.11842105263158,14.473684210526315,10.197368421052632,14.144736842105264,16.44736842105263,12.828947368421053,12.852664576802507,4.38871473354232,2.8213166144200628,3.4482758620689653,8.463949843260188,2.5078369905956115,6.354515050167224,7.6923076923076925,2.6755852842809364,3.0100334448160537,2.6755852842809364,3.678929765886288,13.058419243986254,5.498281786941581,2.4054982817869415,0,0.6872852233676976,5.154639175257732,4.761904761904762,30.735930735930737,64.5021645021645,7.142857142857143,48.80952380952381,44.04761904761905,16.129032258064516,69.35483870967742,14.516129032258064,5.128205128205129,55.12820512820513,39.743589743589745,87.5,11.85897435897436,0.6410256410256411,0,0,96.15384615384616,3.8461538461538463,0,0,0,100,0,0,0,0,97.66536964980544,2.3346303501945527,0,0,0,69.76744186046511,27.242524916943523,2.990033222591362,0,0,98.39142091152814,1.3404825737265416,0.2680965147453083,0,0,100,0,0,0,0,100,0,0,0,0
305418,2427,1,15,13,1,1513,151301,0,0,1,511,454,566,541,656,617,639,631,0,0,2372,2243,4615,4012,3746,4569,4406,8.535630383711824,10.493343774471418,27.721221613155834,29.99216914643696,13.07752545027408,8.692247454972591,25.550660792951543,15.198237885462555,4.405286343612334,15.52863436123348,28.19383259911894,10.352422907488986,19.875776397515526,15.424430641821946,16.873706004140786,29.81366459627329,7.763975155279503,2.277432712215321,43.43786295005807,15.447154471544716,2.5551684088269453,18.466898954703833,5.458768873403019,0.34843205574912894,26.997476871320437,37.510513036164845,35.49201009251472,10.256410256410257,39.50617283950617,50.237416904083574,37.775061124694375,47.06601466992665,15.158924205378973,42.71137026239067,37.17201166180758,20.11661807580175,81.4207650273224,14.754098360655737,2.966432474629196,0.468384074941452,0.39032006245121,95.47325102880659,4.362139917695473,0.1646090534979424,0,0,90.4320987654321,9.053497942386832,0.411522633744856,0.102880658436214,0,85.55858310626704,13.987284287011807,0.36330608537693004,0.09082652134423251,0,76.79870654810024,20.21018593371059,2.8294260307194827,0.16168148746968472,0,54.31425976385105,26.884650317892824,18.80108991825613,0,0,64.47916666666667,26.979166666666668,8.541666666666666,0,0,68.7725631768953,16.51624548736462,14.711191335740072,0,0
500565,2280,1,15,15,2,1515,151502,0,0,1,387,352,484,440,515,433,424,411,0,0,1810,1636,3446,3436,3068,3171,3157,10.876451953537487,13.199577613516368,14.361140443505807,37.59239704329462,17.634635691657866,5.279831045406547,14.675767918088738,17.861205915813425,6.484641638225256,32.99203640500569,12.059158134243459,12.627986348122867,30.7475317348378,17.63046544428773,5.6417489421720735,32.01692524682652,10.860366713681241,0.7052186177715092,3.995560488346282,22.97447280799112,15.64927857935627,9.100998890122087,19.533851276359602,7.769145394006659,5.936073059360731,54.45205479452055,39.61187214611872,4.796163069544365,52.278177458033575,42.92565947242206,3.2689450222882614,54.68053491827637,42.050520059435364,6.423357664233577,54.45255474452555,39.12408759124087,76.98598130841121,19.39252336448598,3.621495327102804,0,0,12.948717948717949,22.435897435897434,58.84615384615385,5.769230769230769,0,11.46589259796807,18.1422351233672,69.5210449927431,0.8708272859216255,0,53.90070921985816,15.36643026004728,29.905437352245862,0.8274231678486997,0,36.37440758293839,45.37914691943128,15.04739336492891,2.962085308056872,0.23696682464454977,1.0282776349614395,3.9845758354755785,65.68123393316195,28.920308483290487,0.3856041131105398,0.8708272859216255,10.159651669085632,74.1654571843251,14.223512336719883,0.5805515239477503,22.93144208037825,21.15839243498818,44.56264775413712,10.047281323877069,1.3002364066193854
301258,2606,1,4,13,8,413,41308,0,0,1,212,184,224,216,250,208,214,222,0,0,900,830,1730,1950,1868,1960,1917,16.05839416058394,14.416058394160585,22.81021897810219,17.51824817518248,8.941605839416058,16.05839416058394,12.86231884057971,11.41304347826087,6.884057971014493,36.231884057971016,12.86231884057971,19.384057971014492,37.95811518324607,14.136125654450261,8.638743455497382,13.612565445026178,6.282722513089006,17.277486910994764,42.94871794871795,27.136752136752136,5.3418803418803416,13.247863247863247,4.487179487179487,3.4188034188034186,32.553606237816766,62.96296296296296,4.483430799220273,50.559701492537314,45.52238805970149,3.917910447761194,20.980926430517712,67.84741144414168,11.1716621253406,10.619469026548673,69.46902654867256,19.911504424778762,71.42857142857143,26.373626373626372,2.197802197802198,0,0,80.36036036036036,18.55855855855856,0.9009009009009009,0.18018018018018017,0,95.8656330749354,4.134366925064599,0,0,0,92.16101694915254,7.627118644067797,0.211864406779661,0,0,28.171641791044777,50.93283582089552,17.53731343283582,2.985074626865672,0.373134328358209,46.3821892393321,42.67161410018553,10.38961038961039,0.5565862708719852,0,79.2,20.8,0,0,0,80.08565310492506,18.41541755888651,1.284796573875803,0,0.21413276231263384
301214,2654,1,4,11,1,411,41101,0,0,1,323,316,350,353,467,380,461,379,5,6,1606,1434,3040,2426,2238,2642,2642,0.6191950464396285,10.990712074303406,15.479876160990711,22.445820433436534,28.018575851393187,21.51702786377709,23.247863247863247,32.82051282051282,9.401709401709402,9.23076923076923,9.743589743589743,1.5384615384615385,4.492512479201331,12.312811980033278,7.653910149750416,30.782029950083196,19.633943427620633,13.643926788685524,15.993265993265993,17.845117845117844,5.555555555555555,36.53198653198653,16.4983164983165,2.356902356902357,15.9375,28.125,55.9375,11.133200795228628,35.387673956262425,53.47912524850894,7.142857142857143,44.3609022556391,48.49624060150376,6.039076376554174,55.41740674955595,38.54351687388988,5.116279069767442,87.28682170542636,7.131782945736434,0.46511627906976744,0,5.573248407643312,82.96178343949045,11.464968152866241,0,0,1.2232415902140672,80.73394495412845,6.72782874617737,8.256880733944953,3.058103975535168,2.797202797202797,96.64335664335664,0.5594405594405595,0,0,19.844961240310077,49.92248062015504,26.046511627906977,4.186046511627907,0,28.821656050955415,56.210191082802545,14.331210191082803,0.6369426751592356,0,0.3058103975535168,33.027522935779814,39.44954128440367,22.171253822629968,5.045871559633028,0.13986013986013987,10.62937062937063,60.13986013986014,23.356643356643357,5.734265734265734
301497,2635,1,4,14,1,414,41401,0,0,1,159,165,176,171,179,181,195,197,0,0,709,714,1423,1504,1348,1506,1443,6.531531531531532,19.81981981981982,6.306306306306307,23.873873873873872,31.98198198198198,10.585585585585585,4.533333333333333,17.866666666666667,4,26.666666666666668,33.6,12.533333333333333,5.487804878048781,21.951219512195124,13.414634146341463,12.804878048780488,25.304878048780488,9.451219512195122,1.680672268907563,15.126050420168067,17.366946778711483,11.764705882352942,32.49299719887955,18.76750700280112,5.10752688172043,44.89247311827957,50,1.6853932584269662,54.49438202247191,43.82022471910113,5.574912891986063,45.29616724738676,49.12891986062718,2.4024024024024024,58.55855855855856,39.03903903903904,65.3932584269663,28.53932584269663,5.842696629213483,0.2247191011235955,0,84.61538461538461,15.119363395225465,0.26525198938992045,0,0,96.64634146341463,3.3536585365853657,0,0,0,92.13483146067416,7.584269662921348,0.2808988764044944,0,0,68.39622641509433,25.70754716981132,5.188679245283019,0.7075471698113207,0,87.64044943820225,11.235955056179776,0.5617977528089888,0.5617977528089888,0,73.66771159874608,25.391849529780565,0.6269592476489029,0.31347962382445144,0,55.52325581395349,41.56976744186046,0.872093023255814,1.744186046511628,0.29069767441860467
305411,2387,1,15,15,2,1515,151502,0,0,1,509,479,605,590,699,660,693,670,41,28,2547,2427,4974,3377,3307,3257,2995,10.533910533910534,12.987012987012987,3.6075036075036073,10.1010101010101,18.037518037518037,5.05050505050505,10.74074074074074,7.901234567901234,7.530864197530864,5.308641975308642,17.037037037037038,8.765432098765432,7.109004739336493,15.165876777251185,4.85781990521327,10.42654028436019,17.298578199052134,8.175355450236967,3.3980582524271843,13.980582524271844,7.572815533980583,4.368932038834951,16.019417475728154,4.368932038834951,50,37.3134328358209,12.686567164179104,11.508951406649617,36.0613810741688,52.429667519181585,31.326781326781326,18.42751842751843,50.24570024570025,7.973102785782901,24.30355427473583,67.72334293948127,66.92073170731707,29.573170731707318,2.591463414634146,0.7621951219512195,0.1524390243902439,88.28828828828829,11.196911196911197,0.3861003861003861,0.1287001287001287,0,91.19047619047619,8.69047619047619,0.11904761904761904,0,0,80.08130081300813,19.51219512195122,0.3048780487804878,0,0.1016260162601626,26.89075630252101,54.285714285714285,16.470588235294116,1.5126050420168067,0.8403361344537815,52.7027027027027,28.22822822822823,16.366366366366368,2.4024024024024024,0.3003003003003003,64.37086092715232,35.496688741721854,0,0,0.13245033112582782,66.80286006128702,31.46067415730337,0.40858018386108275,0.5107252298263534,0.8171603677221655
305420,2355,1,15,13,1,1513,151301,0,0,1,622,568,685,647,787,713,784,759,0,0,2878,2687,5565,5201,4817,5195,5028,4.690831556503198,9.879175550817342,16.56005685856432,18.265813788201847,19.118692253020612,31.13006396588486,18.88412017167382,11.659513590844062,3.57653791130186,49.4277539341917,15.593705293276109,0.5007153075822603,29.840142095914743,20.603907637655418,4.7957371225577266,29.129662522202487,9.41385435168739,0.6216696269982238,35.511811023622045,16.062992125984252,2.5196850393700787,31.181102362204726,6.692913385826771,2.125984251968504,12.24188790560472,41.96165191740413,45.796460176991154,5.204460966542751,64.68401486988847,30.111524163568774,13.141683778234086,67.65913757700206,19.19917864476386,9.194395796847635,67.25043782837128,23.555166374781084,69.63015647226173,28.37837837837838,1.9203413940256044,0.07112375533428165,0,90.05722460658083,9.656652360515022,0.2861230329041488,0,0,96.10963748894784,3.801945181255526,0.08841732979664015,0,0,86.82539682539682,12.857142857142858,0.31746031746031744,0,0,11.324944485566247,18.43079200592154,19.467061435973353,12.21317542561066,38.5640266469282,22.888086642599276,35.74007220216607,27.00361010830325,11.191335740072201,3.1768953068592056,40.201465201465204,42.032967032967036,8.516483516483516,6.684981684981685,2.5641025641025643,30.75,42.833333333333336,9.666666666666666,6.333333333333333,10.416666666666666
301231,2604,0,4,13,2,413,41302,0,0,1,87,72,102,90,105,107,92,100,0,0,386,369,755,824,798,829,799,9.745762711864407,19.06779661016949,10.59322033898305,4.237288135593221,6.779661016949152,0,8.823529411764707,10.084033613445378,12.605042016806722,4.201680672268908,7.983193277310924,0,6.211180124223603,8.695652173913043,7.453416149068323,1.8633540372670807,1.2422360248447204,0,8.465608465608465,10.582010582010582,7.936507936507937,1.5873015873015872,3.7037037037037037,0,2.2222222222222223,45.77777777777778,52,2.1459227467811157,40.34334763948498,57.51072961373391,0.6369426751592356,29.29936305732484,70.06369426751593,0.546448087431694,29.508196721311474,69.94535519125684,92.76595744680851,7.23404255319149,0,0,0,100,0,0,0,0,77.71084337349397,22.289156626506024,0,0,0,95.78947368421052,4.2105263157894735,0,0,0,0,26.666666666666668,66.22222222222223,7.111111111111111,0,44.87179487179487,38.034188034188034,15.811965811965813,1.2820512820512822,0,23.56687898089172,53.503184713375795,13.375796178343949,7.643312101910828,1.910828025477707,15.300546448087431,52.459016393442624,17.48633879781421,7.6502732240437155,7.103825136612022
301188,2699,0,4,2,1,402,40201,0,0,1,376,327,351,339,368,332,341,331,0,0,1436,1329,2765,2650,2366,2210,2529,8.123249299719888,16.526610644257705,14.705882352941176,12.46498599439776,28.15126050420168,18.907563025210084,4.24597364568082,14.787701317715959,13.762811127379209,3.8067349926793557,26.793557833089313,24.15812591508053,2.9702970297029703,24.09240924092409,23.432343234323433,1.3201320132013201,16.006600660066006,12.871287128712872,1.545595054095827,28.12982998454405,36.78516228748068,0,0,0.46367851622874806,12.202852614896988,56.41838351822504,31.37876386687797,0.9950248756218906,54.06301824212272,44.94195688225539,14.388489208633093,65.46762589928058,20.14388489208633,5.381944444444445,74.13194444444444,20.48611111111111,92.51101321585904,7.048458149779735,0.44052863436123346,0,0,93.85245901639344,6.147540983606557,0,0,0,100,0,0,0,0,98.00918836140889,1.8376722817764166,0.15313935681470137,0,0,75.54269175108539,22.72069464544139,1.5918958031837915,0,0.1447178002894356,87.5195007800312,12.168486739469579,0.31201248049922,0,0,93.44262295081967,6.557377049180328,0,0,0,77.85349233390119,22.146507666098806,0,0,0
307913,2673,0,4,13,9,413,41309,0,0,1,133,119,134,158,175,155,161,170,3,2,606,604,1210,1235,1173,1212,1168,7.122507122507122,1.4245014245014245,0.2849002849002849,7.977207977207978,0,0,3.508771929824561,7.017543859649122,0,2.3391812865497075,0,0,2.8112449799196786,0,0,3.6144578313253013,0,0,1.023890784982935,3.0716723549488054,0,1.023890784982935,1.3651877133105803,0,1.1976047904191616,0,98.80239520958084,0.60790273556231,0,99.3920972644377,0,0,100,0,0,100,69.05444126074498,29.512893982808023,1.4326647564469914,0,0,72.07207207207207,26.126126126126128,1.8018018018018018,0,0,60,40,0,0,0,78.94736842105263,21.05263157894737,0,0,0,37.4251497005988,41.01796407185629,20.059880239520957,1.4970059880239521,0,2.769230769230769,89.84615384615384,7.384615384615385,0,0,1.2658227848101267,56.962025316455694,29.535864978902953,10.548523206751055,1.6877637130801688,0,99.26470588235294,0.36764705882352944,0.36764705882352944,0
500566,2292,0,15,7,10,1507,150710,0,0,1,442,381,461,411,432,451,436,396,0,0,1771,1639,3410,2717,2563,3000,2619,15.287517531556801,20.897615708274895,4.207573632538569,19.49509116409537,14.866760168302946,1.1220196353436185,4.513399153737659,8.885754583921015,7.3342736248236955,25.105782792665725,31.45275035260931,22.566995768688294,0,0,61.06060606060606,1.2121212121212122,0,33.03030303030303,9.133858267716535,9.133858267716535,13.858267716535433,40.62992125984252,13.700787401574804,9.921259842519685,20.428571428571427,39,40.57142857142857,39.21232876712329,41.60958904109589,19.17808219178082,6.369426751592357,59.71337579617835,33.9171974522293,3.8402457757296466,52.22734254992319,43.93241167434716,94.04309252217998,5.7034220532319395,0.2534854245880862,0,0,98.77216916780355,1.2278308321964528,0,0,0,99.42938659058488,0.5706134094151213,0,0,0,99.61389961389962,0.3861003861003861,0,0,0,64.03508771929825,25.730994152046783,7.16374269005848,2.9239766081871346,0.14619883040935672,86.87707641196013,12.790697674418604,0.33222591362126247,0,0,65,29.705882352941178,1.0294117647058822,1.911764705882353,2.3529411764705883,72.28177641653905,26.339969372128635,0.7656967840735069,0.45941807044410415,0.15313935681470137
305453,2295,0,15,10,1,1510,151001,0,0,1,438,398,343,411,461,429,464,471,0,0,1706,1709,3415,3304,1824,3273,3357,2.6936026936026938,16.4983164983165,1.0101010101010102,4.040404040404041,2.132435465768799,0,12.275449101796408,49.20159680638722,7.584830339321357,0.6986027944111777,7.584830339321357,0,12.253521126760564,54.36619718309859,1.267605633802817,4.647887323943662,4.084507042253521,0,1.4265335235378032,15.834522111269616,0,1.7118402282453637,3.9942938659058487,0,0,67.65799256505576,32.342007434944236,0,17.99746514575412,82.00253485424588,0,24.752475247524753,75.24752475247524,0,3.125,96.875,83.91356542617046,15.6062424969988,0.4801920768307323,0,0,95.47641963426372,4.523580365736285,0,0,0,97.7893368010403,2.210663198959688,0,0,0,88.13291139240506,11.867088607594937,0,0,0,0,0,53.587443946188344,27.242152466367713,19.170403587443946,0,0,55.02439024390244,25.365853658536587,19.609756097560975,0,0,49.68866749688667,27.521793275217934,22.789539227895393,0,0,53.68916797488226,24.80376766091052,21.50706436420722
305311,2301,0,15,7,2,1507,150702,0,0,1,130,137,174,160,183,192,180,209,0,0,667,698,1365,1172,1141,1154,1154,2.0833333333333335,9.375,6.597222222222222,47.916666666666664,19.444444444444443,14.23611111111111,6.484641638225256,3.4129692832764507,1.023890784982935,71.67235494880546,13.310580204778157,4.09556313993174,16.165413533834588,16.541353383458645,2.6315789473684212,51.50375939849624,10.150375939849624,1.5037593984962405,18.46153846153846,14.76923076923077,1.2307692307692308,39.69230769230769,24,0.9230769230769231,25.925925925925927,42.22222222222222,31.85185185185185,18.43971631205674,53.191489361702125,28.368794326241133,55.03597122302158,35.25179856115108,9.712230215827338,0.3215434083601286,81.02893890675242,18.64951768488746,95.50173010380622,4.498269896193771,0,0,0,99.64912280701755,0.3508771929824561,0,0,0,99.27797833935018,0.7220216606498195,0,0,0,99.66996699669967,0.33003300330033003,0,0,0,45.674740484429066,32.8719723183391,21.453287197231834,0,0,41.05263157894737,27.017543859649123,31.92982456140351,0,0,38.628158844765345,32.12996389891697,29.24187725631769,0,0,37.29372937293729,32.01320132013201,30.693069306930692,0,0
301425,2642,0,4,1,1,401,40101,0,0,1,414,418,455,417,525,512,549,453,0,0,1943,1800,3743,3703,3562,3754,3652,25.09505703422053,11.787072243346008,12.547528517110266,26.045627376425855,13.49809885931559,10.076045627376425,8.800773694390715,29.690522243713733,7.059961315280464,11.315280464216634,30.851063829787233,11.218568665377177,40.67164179104478,27.114427860696516,6.0945273631840795,18.53233830845771,2.487562189054726,0.12437810945273632,27.798277982779826,16.113161131611317,5.904059040590406,29.15129151291513,16.605166051660518,3.4440344403444034,57.2,28.2,14.6,36.318897637795274,43.20866141732284,20.47244094488189,23.862068965517242,60.275862068965516,15.862068965517242,12.058465286236297,65.6516443361754,22.289890377588307,89.68779564806054,10.21759697256386,0.0946073793755913,0,0,94.6205571565802,5.283381364073007,0.09606147934678194,0,0,99.25834363411619,0.7416563658838071,0,0,0,94.9232585596222,5.076741440377804,0,0,0,41.08527131782946,36.724806201550386,18.7984496124031,3.391472868217054,0,59.31372549019608,27.84313725490196,10.196078431372548,2.450980392156863,0.19607843137254902,52.19638242894057,34.10852713178294,8.527131782945736,3.746770025839793,1.421188630490956,45.157384987893465,53.753026634382564,1.089588377723971,0,0
301202,2600,0,4,8,12,408,40812,0,0,1,149,151,173,169,179,161,172,198,0,0,673,679,1352,1428,1388,1424,1389,2.314814814814815,5.555555555555555,17.36111111111111,39.81481481481482,23.37962962962963,11.11111111111111,0,6.63129973474801,24.6684350132626,23.872679045092838,23.342175066312997,21.485411140583555,24.579124579124578,36.7003367003367,0,10.437710437710438,22.895622895622896,1.6835016835016836,24.53416149068323,10.869565217391305,1.5527950310559007,17.080745341614907,22.981366459627328,22.67080745341615,13.25301204819277,74.6987951807229,12.048192771084338,11.08108108108108,49.729729729729726,39.189189189189186,0.35714285714285715,65,34.642857142857146,0,50.154798761609904,49.845201238390096,86.77494199535963,13.22505800464037,0,0,0,81.01604278074866,17.647058823529413,1.3368983957219251,0,0,78.59531772575251,19.06354515050167,2.3411371237458196,0,0,72.5,23.4375,4.0625,0,0,17.78846153846154,53.84615384615385,28.125,0.2403846153846154,0,38.77005347593583,32.085561497326204,18.181818181818183,9.090909090909092,1.8716577540106951,6.315789473684211,19.649122807017545,43.1578947368421,22.105263157894736,8.771929824561404,29.936305732484076,37.89808917197452,22.929936305732483,7.961783439490445,1.2738853503184713
305412,2388,0,15,15,2,1515,151502,0,0,1,600,554,569,554,722,688,709,711,0,0,2600,2507,5107,4272,4146,4134,4014,9.175084175084175,26.346801346801346,26.17845117845118,10.1010101010101,10.353535353535353,12.626262626262626,5.775862068965517,28.79310344827586,18.620689655172413,4.655172413793103,11.982758620689655,23.79310344827586,5.751765893037336,22.906155398587284,43.491422805247225,10.090817356205852,5.852674066599395,1.4127144298688195,6.002143622722401,33.97642015005359,31.618435155412648,4.180064308681672,11.789924973204716,8.038585209003216,14.627659574468085,33.86524822695036,51.50709219858156,15.816767502160761,50.475367329299914,33.70786516853933,9.564293304994687,47.60892667375133,42.82678002125399,2.0652173913043477,33.369565217391305,64.56521739130434,76.80140597539543,22.40773286467487,0.7908611599297012,0,0,84.71824259789877,14.899713467048711,0.38204393505253104,0,0,94.88188976377953,5.118110236220472,0,0,0,90.67524115755627,9.32475884244373,0,0,0,42.96160877513711,40.31078610603291,13.528336380255942,3.19926873857404,0,42.64569842738205,43.10823311748381,12.580943570767808,1.572617946345976,0.09250693802035152,67.62114537444934,31.938325991189426,0.44052863436123346,0,0,51.557465091299676,45.64983888292159,2.577873254564984,0.21482277121374865,0
308105,2575,0,4,17,3,417,41703,0,0,1,402,352,416,370,472,414,435,386,2,3,1727,1525,3252,3050,2055,3252,3212,4.635761589403973,12.362030905077262,9.381898454746137,26.600441501103752,35.8719646799117,10.596026490066226,4.457831325301205,34.69879518072289,8.55421686746988,24.698795180722893,20.72289156626506,5.0602409638554215,12.741935483870968,23.70967741935484,10,24.677419354838708,19.516129032258064,8.387096774193548,8.069164265129682,27.665706051873197,4.178674351585014,22.76657060518732,33.429394812680115,3.170028818443804,2.2801302931596092,45.11400651465798,52.60586319218241,11.931818181818182,43.371212121212125,44.696969696969695,41.13636363636363,31.59090909090909,27.272727272727273,10.14799154334038,37.84355179704017,52.00845665961945,49.41427050053248,38.65814696485623,9.478168264110757,2.4494142705005326,0,86.95150115473442,12.355658198614318,0.6928406466512702,0,0,60.05788712011577,39.94211287988423,0,0,0,43.51851851851852,55.55555555555556,0.9259259259259259,0,0,13.30603889457523,38.792221084953944,26.714431934493348,12.077789150460594,9.109518935516888,27.73972602739726,55.02283105022831,11.986301369863014,4.4520547945205475,0.7990867579908676,29.712460063897762,49.04153354632588,6.8690095846645365,5.9105431309904155,8.466453674121405,25.238744884038198,47.88540245566166,17.32605729877217,4.229195088676671,5.320600272851296
305341,2320,0,15,14,1,1514,151401,0,0,1,711,679,935,915,909,994,1002,981,0,0,3557,3569,7126,5058,5173,5927,5855,4.694835680751174,7.042253521126761,21.12676056338028,8.059467918622849,12.050078247261347,29.26447574334898,7.050796057619409,20.470053070507962,9.097801364670204,23.730098559514783,16.679302501895375,16.527672479150873,23.665893271461716,28.88631090487239,7.192575406032483,25.05800464037123,7.77262180974478,0.6960556844547564,16.135084427767353,17.010631644777988,6.1288305190744214,17.073170731707318,11.569731081926204,5.128205128205129,40.49650892164468,20.325833979829326,39.17765709852599,50.80336648814078,29.53328232593726,19.663351185921957,39.81042654028436,24.407582938388625,35.78199052132702,18.76430205949657,30.05339435545385,51.18230358504958,84.42513368983957,12.5,3.0080213903743314,0.06684491978609626,0,89.90641711229947,9.358288770053475,0.7352941176470589,0,0,92.0754716981132,7.773584905660377,0.07547169811320754,0.07547169811320754,0,93.6024844720497,6.39751552795031,0,0,0,45.63042028018679,34.2895263509006,17.81187458305537,2.134756504336224,0.133422281521014,69.73865199449794,23.59009628610729,4.6767537826685,1.5818431911966988,0.4126547455295736,71.90923317683881,26.291079812206572,0.8607198748043818,0.8607198748043818,0.0782472613458529,66.37931034482759,31.09605911330049,1.6009852216748768,0.8004926108374384,0.12315270935960591
319604,2338,0,15,12,1,1512,151201,0,0,1,184,171,184,167,208,202,207,207,0,0,783,747,1530,1366,219,1341,1270,4.050632911392405,5.063291139240507,4.050632911392405,0,1.7721518987341771,2.0253164556962027,0,14.626865671641792,9.850746268656716,8.059701492537313,14.925373134328359,0,0,4.105571847507331,3.225806451612903,1.466275659824047,1.466275659824047,1.466275659824047,3.0508474576271185,5.762711864406779,5.423728813559322,0.3389830508474576,4.406779661016949,0,0,23.18840579710145,76.81159420289855,0,47.88732394366197,52.11267605633803,0,42.028985507246375,57.971014492753625,0,0,100,88.83116883116882,11.168831168831169,0,0,0,100,0,0,0,0,98.76543209876543,1.2345679012345678,0,0,0,100,0,0,0,0,0,19.48051948051948,51.16883116883117,24.675324675324674,4.675324675324675,0,20.18633540372671,48.4472049689441,25.46583850931677,5.900621118012422,2.7777777777777777,22.916666666666668,37.84722222222222,31.59722222222222,4.861111111111111,0.7272727272727273,20,44.36363636363637,22.181818181818183,12.727272727272727
305568,2441,0,15,16,1,1516,151601,0,0,1,155,154,181,181,165,181,194,193,0,0,695,709,1404,1531,1584,1622,1592,12.366737739872068,10.021321961620469,26.652452025586353,22.81449893390192,12.793176972281449,12.793176972281449,15.873015873015873,20.8994708994709,6.878306878306878,20.8994708994709,15.079365079365079,20.37037037037037,24.913494809688583,22.837370242214533,15.916955017301039,23.529411764705884,9.688581314878892,1.0380622837370241,35.949367088607595,13.417721518987342,2.0253164556962027,29.367088607594937,14.936708860759493,2.278481012658228,16.27408993576017,28.693790149892934,55.03211991434689,9.925558312655086,40.1985111662531,49.87593052109181,7.619047619047619,52.698412698412696,39.682539682539684,35.58897243107769,42.35588972431078,22.05513784461153,89.1213389121339,10.878661087866108,0,0,0,98.78048780487805,0.975609756097561,0.24390243902439024,0,0,99.39024390243902,0.6097560975609756,0,0,0,99.75369458128078,0.24630541871921183,0,0,0,42.97872340425532,44.46808510638298,12.340425531914894,0.2127659574468085,0,64.69135802469135,26.419753086419753,8.641975308641975,0.24691358024691357,0,96.84542586750788,3.1545741324921135,0,0,0,91.75,7.75,0.5,0,0
305434,2437,0,15,3,1,1503,150301,0,0,1,374,378,405,420,378,431,449,375,0,0,1606,1604,3210,3283,1768,3205,2822,5.687693898655636,14.68459152016546,16.959669079627716,2.998965873836608,12.306101344364013,14.99482936918304,0.955794504181601,5.854241338112306,8.960573476702509,1.7921146953405018,5.734767025089606,21.14695340501792,3.0434782608695654,9.710144927536232,9.710144927536232,4.492753623188406,14.927536231884059,14.927536231884059,4.435994930291508,18.250950570342205,17.363751584283904,0.8871989860583016,11.913814955640051,16.730038022813687,1.155115511551155,38.77887788778878,60.06600660066007,1.694915254237288,30.508474576271187,67.79661016949153,1.6574585635359116,17.679558011049725,80.66298342541437,0,30.89108910891089,69.10891089108911,75.72916666666667,23.333333333333332,0.8333333333333334,0.10416666666666667,0,89.40149625935162,10.349127182044887,0.24937655860349128,0,0,95.98214285714286,4.017857142857143,0,0,0,95.07133592736706,4.9286640726329445,0,0,0,49.32515337423313,31.901840490797547,17.177914110429448,1.5950920245398772,0,68.70554765291607,29.445234708392604,1.8492176386913228,0,0,86.46864686468646,13.531353135313532,0,0,0,82.52148997134671,17.335243553008596,0.14326647564469913,0,0
301464,2684,0,4,17,10,417,41710,0,0,1,295,236,276,304,322,319,328,357,8,8,1229,1224,2453,2234,2008,2262,2131,4.45468509984639,18.740399385560675,20.89093701996928,3.225806451612903,36.25192012288787,2.457757296466974,6.296296296296297,13.703703703703704,20.925925925925927,3.7037037037037037,18.14814814814815,29.444444444444443,1.7964071856287425,28.942115768463072,32.13572854291417,1.996007984031936,14.171656686626747,10.379241516966069,1.6605166051660516,46.494464944649444,45.571955719557195,0,0,0,6.630824372759856,56.98924731182796,36.37992831541219,4.444444444444445,33.73737373737374,61.81818181818182,1.1185682326621924,46.75615212527964,52.12527964205817,0,47.83464566929134,52.16535433070866,88.77086494688922,10.622154779969652,0.6069802731411229,0,0,86.1878453038674,11.970534069981584,1.8416206261510129,0,0,87.54863813229572,12.256809338521402,0.19455252918287938,0,0,68.31501831501832,27.28937728937729,2.93040293040293,0.7326007326007326,0.7326007326007326,78.81619937694704,15.264797507788161,4.361370716510903,1.557632398753894,0,64.91596638655462,30.462184873949578,3.5714285714285716,0.6302521008403361,0.42016806722689076,77.06237424547284,13.279678068410464,7.847082494969819,1.8108651911468814,0,45.736434108527135,38.565891472868216,10.65891472868217,2.7131782945736433,2.3255813953488373
305461,2449,0,15,15,2,1515,151502,0,0,1,152,160,146,149,158,166,167,145,0,0,623,620,1243,1294,1255,1361,1296,63.608562691131496,31.804281345565748,2.140672782874618,0,0,0,70.4225352112676,22.535211267605632,6.572769953051643,0,0,0,77.5,14.285714285714286,2.857142857142857,0,0,0,57.47126436781609,31.800766283524904,5.363984674329502,0,0,0,2.5078369905956115,46.708463949843264,50.78369905956113,2.830188679245283,63.679245283018865,33.490566037735846,1.1320754716981132,28.67924528301887,70.18867924528301,0,14.17004048582996,85.82995951417004,87.1313672922252,11.796246648793566,1.0723860589812333,0,0,73.91304347826087,23.340961098398168,2.745995423340961,0,0,94.3609022556391,3.3834586466165413,1.5037593984962405,0.37593984962406013,0.37593984962406013,81.05263157894737,8.070175438596491,10.87719298245614,0,0,45.32163742690059,32.748538011695906,16.08187134502924,5.847953216374269,0,25.48076923076923,23.317307692307693,31.971153846153847,17.307692307692307,1.9230769230769231,81.50943396226415,18.11320754716981,0.37735849056603776,0,0,58.97435897435897,39.56043956043956,1.098901098901099,0.3663003663003663,0
305384,2414,0,15,1,1,1501,150101,0,0,1,265,203,274,269,364,312,315,306,0,0,1218,1090,2308,1877,955,2006,1762,2.4489795918367347,5.510204081632653,13.061224489795919,2.6530612244897958,17.551020408163264,42.857142857142854,5.019305019305019,8.687258687258687,13.8996138996139,4.44015444015444,18.53281853281853,40.54054054054054,1.674641148325359,7.177033492822966,22.48803827751196,0.9569377990430622,7.655502392344498,30.62200956937799,2.4390243902439024,6.873614190687362,29.046563192904657,2.882483370288248,5.986696230598669,24.390243902439025,0,0.9584664536741214,99.04153354632588,0,0,100,0,0.6097560975609756,99.39024390243902,0,0,100,89.35361216730038,9.505703422053232,1.1406844106463878,0,0,90.6086956521739,9.217391304347826,0.17391304347826086,0,0,95.73991031390135,4.260089686098655,0,0,0,95.42483660130719,4.57516339869281,0,0,0,10.59322033898305,32.41525423728814,51.059322033898304,5.932203389830509,0,10.077519379844961,28.68217054263566,46.70542635658915,14.147286821705427,0.3875968992248062,11.528150134048257,28.41823056300268,47.45308310991957,10.99195710455764,1.6085790884718498,9.72568578553616,27.18204488778055,48.12967581047381,11.72069825436409,3.2418952618453867
301143,2711,0,4,21,1,421,42101,0,0,1,463,441,570,585,698,631,614,629,0,0,2345,2286,4631,4396,4144,3954,3851,9.370199692780337,22.73425499231951,21.658986175115206,1.9201228878648233,2.9185867895545314,3.225806451612903,10.43859649122807,15.701754385964913,13.68421052631579,3.6842105263157894,4.912280701754386,6.578947368421052,11.382113821138212,24.390243902439025,25.667828106852497,0.5807200929152149,0.34843205574912894,1.3937282229965158,9.606587374199451,10.795974382433668,27.081427264409882,0.5489478499542544,1.3723696248856359,1.646843549862763,2.766135792120704,79.6311818943839,17.60268231349539,3.2169117647058822,56.43382352941177,40.349264705882355,1.2360939431396787,54.75896168108776,44.00494437577256,0,41.36622390891841,58.63377609108159,87.26833199033038,12.570507655116842,0.16116035455278002,0,0,95.41627689429373,4.490177736202058,0.09354536950420954,0,0,98.90859481582538,1.0914051841746248,0,0,0,93.41383095499451,5.70801317233809,0.8781558726673985,0,0,55.686988171064606,38.58052775250228,5.095541401273885,0.6369426751592356,0,81.55893536121673,17.490494296577946,0.8555133079847909,0.09505703422053231,0,93.15642458100558,6.70391061452514,0.13966480446927373,0,0,93.08943089430895,6.9105691056910565,0,0,0
305340,2321,0,15,14,1,1514,151401,0,0,1,605,575,801,722,859,836,715,737,0,0,2980,2870,5850,5077,4395,4280,4657,5.247813411078718,8.017492711370263,36.370262390670554,1.4577259475218658,4.154518950437318,36.44314868804665,7.0364238410596025,11.258278145695364,34.354304635761586,4.056291390728477,7.781456953642384,23.427152317880793,5.2304964539007095,8.865248226950355,24.645390070921987,4.787234042553192,5.673758865248227,33.156028368794324,7.6698319941563184,12.636961285609935,32.57852447041636,2.9218407596785974,6.428049671292914,21.47552958363769,2.305246422893482,23.44992050874404,74.24483306836248,2.824858757062147,8.851224105461393,88.32391713747646,0.6458557588805167,18.29924650161464,81.05489773950484,0.6980802792321117,18.06282722513089,81.239092495637,74.39655172413794,22.155172413793103,3.103448275862069,0.3448275862068966,0,60.25179856115108,36.06115107913669,3.41726618705036,0.2697841726618705,0,94.21487603305785,5.509641873278237,0.27548209366391185,0,0,96.73558215451578,3.264417845484222,0,0,0,30.295566502463053,47.454844006568145,17.4055829228243,4.597701149425287,0.24630541871921183,44.781445138269405,44.69223907225691,9.099018733273862,1.4272970561998215,0,72.67384916748286,26.738491674828598,0.5876591576885406,0,0,75.55898226676946,23.74710871241326,0.6168080185042406,0.07710100231303008,0
305302,2308,1,15,7,9,1507,150709,0,0,1,588,633,603,559,557,616,586,627,0,0,2334,2435,4769,4299,4046,4621,4383,9.683098591549296,7.394366197183099,16.637323943661972,34.41901408450704,17.253521126760564,13.556338028169014,6.23869801084991,11.030741410488245,2.2603978300180834,35.2622061482821,23.598553345388787,20.88607594936709,23.310479921645445,22.428991185112636,7.541625857002939,30.068560235063664,13.124387855044075,1.9588638589618022,19.111969111969113,22.393822393822393,1.0617760617760619,27.316602316602317,27.50965250965251,1.1583011583011582,22.447102115915364,40.38638454461822,37.16651333946642,20.28846153846154,48.26923076923077,31.442307692307693,42.01954397394137,53.74592833876221,4.234527687296417,8.016032064128256,86.97394789579158,5.01002004008016,92.53355704697987,7.046979865771812,0.41946308724832215,0,0,99.4097807757167,0.5902192242833052,0,0,0,99.82683982683983,0.17316017316017315,0,0,0,99.44852941176471,0.5514705882352942,0,0,0,0.8431703204047217,2.4451939291736933,18.21247892074199,51.68634064080944,26.81281618887015,74.3388834476004,18.8050930460333,4.211557296767874,1.9588638589618022,0.6856023506366308,74.0072202166065,25.902527075812273,0,0.09025270758122744,0,42.22846441947566,50,3.932584269662921,2.247191011235955,1.591760299625468
308103,2620,0,4,17,12,417,41712,0,0,1,147,133,151,150,206,196,160,157,0,0,664,636,1300,1299,1289,1298,1350,3.9408866995073892,18.7192118226601,11.822660098522167,14.532019704433498,49.01477832512315,1.477832512315271,0.554016620498615,10.803324099722992,9.695290858725762,13.850415512465373,58.72576177285318,6.371191135734072,2.18978102189781,28.1021897810219,30.291970802919707,5.109489051094891,27.73722627737226,4.014598540145985,1.1627906976744187,20.155038759689923,11.24031007751938,22.868217054263567,32.17054263565891,12.015503875968992,6.188118811881188,80.44554455445545,13.366336633663366,6.648199445983379,77.28531855955679,16.066481994459835,7.116104868913857,57.67790262172284,35.2059925093633,6.22568093385214,70.42801556420234,23.346303501945524,95.30864197530865,4.691358024691358,0,0,0,96.94444444444444,3.0555555555555554,0,0,0,96.73913043478261,3.260869565217391,0,0,0,96.88715953307393,3.11284046692607,0,0,0,83.13817330210773,10.304449648711945,6.557377049180328,0,0,70.61855670103093,21.90721649484536,7.474226804123711,0,0,44.24460431654676,37.05035971223022,13.66906474820144,2.8776978417266186,2.158273381294964,17.120622568093385,65.36964980544747,14.396887159533074,2.7237354085603114,0.38910505836575876
308130,2578,0,4,17,11,417,41711,0,0,1,75,53,96,71,96,80,111,82,0,0,378,286,664,588,579,626,559,15.76086956521739,36.95652173913044,4.3478260869565215,6.521739130434782,32.06521739130435,3.260869565217391,10.15625,38.28125,25.78125,7.03125,2.34375,3.125,15,28.333333333333332,9.166666666666666,10,25,4.166666666666667,6.410256410256411,41.666666666666664,39.1025641025641,3.2051282051282053,0,0,8.13953488372093,68.6046511627907,23.25581395348837,11.194029850746269,38.80597014925373,50,13.953488372093023,58.13953488372093,27.906976744186046,6.25,48.611111111111114,45.138888888888886,85.94594594594595,13.513513513513514,0.5405405405405406,0,0,92.46575342465754,6.164383561643835,1.36986301369863,0,0,98.49624060150376,1.5037593984962405,0,0,0,98.76543209876543,1.2345679012345678,0,0,0,93.54838709677419,3.225806451612903,3.225806451612903,0,0,74.80916030534351,17.557251908396946,7.633587786259542,0,0,89.0625,10.9375,0,0,0,95.17241379310344,4.827586206896552,0,0,0
301227,2649,0,4,20,1,420,42001,0,0,1,605,540,722,642,816,763,791,705,0,0,2934,2650,5584,5174,3530,5290,2979,0.9868421052631579,18.75,29.605263157894736,2.1710526315789473,6.7105263157894735,13.157894736842104,1.4326647564469914,7.163323782234957,25.07163323782235,1.5759312320916905,12.106017191977077,17.908309455587393,0.9699321047526673,8.729388942774007,9.893307468477207,2.521823472356935,3.297769156159069,11.833171677982541,1.466992665036675,4.88997555012225,16.299918500407497,0.8149959250203749,5.704971475142624,9.372453137734311,1.9211324570273003,28.109201213346815,69.96966632962588,1.6528925619834711,23.34710743801653,75,1.6344725111441307,13.37295690936107,84.9925705794948,0.5555555555555556,4.444444444444445,95,95.84644430459409,4.153555695405916,0,0,0,95.87412587412588,4.125874125874126,0,0,0,98.82583170254404,1.1741682974559686,0,0,0,99.51961569255404,0.4803843074459568,0,0,0,76.48514851485149,22.77227722772277,0.7425742574257426,0,0,84.70012239902081,14.443084455324357,0.8567931456548348,0,0,88.61209964412811,11.387900355871887,0,0,0,86.86868686868686,13.131313131313131,0,0,0
305334,2405,0,15,14,1,1514,151401,0,0,1,289,271,357,329,451,379,377,341,0,0,1474,1320,2794,2483,914,2480,2420,1.9834710743801653,3.8016528925619837,6.446280991735537,3.6363636363636362,6.6115702479338845,13.223140495867769,1.361573373676248,8.774583963691377,16.64145234493192,3.6308623298033282,6.8078668683812404,9.07715582450832,2.10896309314587,11.599297012302285,25.834797891036906,0.1757469244288225,10.193321616871705,5.448154657293498,1.2345679012345678,5.709876543209877,1.8518518518518519,1.6975308641975309,2.7777777777777777,2.4691358024691357,24.90118577075099,38.3399209486166,36.758893280632414,9.157509157509157,38.46153846153846,52.38095238095238,2.7027027027027026,47.2972972972973,50,1.0869565217391304,48.91304347826087,50,84.57711442786069,15.091210613598673,0.33167495854063017,0,0,97.12556732223904,2.8744326777609683,0,0,0,97.88359788359789,2.1164021164021163,0,0,0,97.84283513097073,2.157164869029276,0,0,0,31.552587646076795,40.73455759599332,21.368948247078464,6.176961602671119,0.1669449081803005,49.69230769230769,32.92307692307692,12.307692307692308,4.923076923076923,0.15384615384615385,61.4100185528757,36.36363636363637,1.484230055658627,0.7421150278293135,0,43.5126582278481,52.68987341772152,2.848101265822785,0.9493670886075949,0
305367,2339,0,15,12,1,1512,151201,0,0,1,484,479,515,498,580,543,551,477,0,0,2130,1997,4127,4083,3666,4204,3805,0,11.661073825503356,22.483221476510067,9.312080536912752,50.08389261744966,6.040268456375839,57.400379506641364,14.800759013282732,7.115749525616699,14.516129032258064,2.846299810246679,1.6129032258064515,7.658157602663707,24.972253052164262,19.866814650388456,11.542730299667037,25.41620421753607,2.108768035516093,68.37606837606837,6.303418803418803,3.952991452991453,7.371794871794871,11.752136752136753,1.7094017094017093,0,0.6517690875232774,99.34823091247672,0,1.2170385395537526,98.78296146044624,0,0.9421265141318977,99.0578734858681,0,0.5793742757821553,99.42062572421784,92.76094276094275,6.734006734006734,0.5050505050505051,0,0,99.37777777777778,0.6222222222222222,0,0,0,99.24487594390507,0.7551240560949298,0,0,0,97.19917012448133,2.800829875518672,0,0,0,0,0,22.859744990892533,66.48451730418944,10.655737704918034,0.09803921568627451,0,67.05882352941177,24.215686274509803,8.627450980392156,0,0,57.33662145499383,35.75832305795314,6.905055487053021,0,0,67.8082191780822,22.031963470319635,10.159817351598173
305635,2410,0,15,14,1,1514,151401,0,0,1,277,246,266,227,324,313,266,275,0,0,1133,1061,2194,1773,1781,1810,1727,11.067961165048544,25.24271844660194,20.776699029126213,6.407766990291262,12.427184466019417,5.436893203883495,12.770562770562771,24.025974025974026,22.07792207792208,6.0606060606060606,7.575757575757576,5.194805194805195,5.194805194805195,24.415584415584416,27.792207792207794,2.857142857142857,8.831168831168831,8.051948051948052,7.542579075425791,22.871046228710462,26.034063260340634,2.18978102189781,8.27250608272506,2.4330900243309004,1.338432122370937,10.516252390057362,88.14531548757171,1.0660980810234542,8.955223880597014,89.97867803837953,0.5128205128205128,9.487179487179487,90,0,7.017543859649122,92.98245614035088,89.71119133574007,9.566787003610107,0.7220216606498195,0,0,95.64220183486239,4.3577981651376145,0,0,0,98.00498753117208,1.9950124688279303,0,0,0,95.70405727923628,4.2959427207637235,0,0,0,38.945233265720084,30.425963488843813,30.02028397565923,0.6085192697768763,0,46.78492239467849,51.6629711751663,1.5521064301552105,0,0,59.114583333333336,40.625,0.2604166666666667,0,0,83.70927318295739,16.040100250626566,0.2506265664160401,0,0
301218,2602,0,4,8,14,408,40814,0,0,1,951,911,914,916,1033,1053,1064,1118,0,0,3962,3998,7960,8018,6398,8186,7866,0.9296148738379814,22.04515272244356,14.69676848162904,6.5958388667552015,39.132359451084554,11.598052235502434,0.5695301376364499,27.764594209776934,5.932605600379687,4.746084480303749,50.59326056003797,2.610346464167062,1.7647058823529411,28.128342245989305,13.101604278074866,4.171122994652406,21.60427807486631,2.5668449197860963,2.5813692480359145,26.767676767676768,9.764309764309765,5.780022446689113,19.58473625140292,1.739618406285073,2.756286266924565,55.802707930367504,41.44100580270793,1.1536444677503932,54.11641321447299,44.72994231777661,4.025256511444357,49.644830307813734,46.32991318074191,0,27.422145328719722,72.57785467128028,88.42832469775475,9.887737478411054,1.6407599309153713,0.04317789291882556,0,87.93900184842883,9.796672828096119,2.1256931608133085,0.13863216266173753,0,97.71640998406798,1.858736059479554,0.4248539564524695,0,0,93.69171695008228,6.1985737794843665,0.10970927043335162,0,0,85.3932584269663,12.9438202247191,1.5280898876404494,0.1348314606741573,0,74.3849493487699,13.989387361312108,5.161601543656537,4.82392667631452,1.6401350699469368,84.81994459833795,14.903047091412743,0.16620498614958448,0.11080332409972299,0,51.446398184912084,45.32047646057856,1.474758933635848,1.191151446398185,0.5672149744753261
308501,2637,0,4,15,1,415,41501,0,0,1,302,263,290,322,338,356,314,332,0,0,1244,1273,2517,2387,2399,2346,2210,2.9005524861878453,12.154696132596685,10.773480662983426,32.73480662983425,31.215469613259668,10.220994475138122,4.420731707317073,17.073170731707318,8.99390243902439,18.75,33.53658536585366,16.76829268292683,13.292433537832311,28.629856850715747,11.042944785276074,15.541922290388548,13.701431492842536,13.292433537832311,12.548262548262548,18.91891891891892,12.548262548262548,14.285714285714286,22.2007722007722,13.32046332046332,7.489597780859917,18.723994452149793,73.7864077669903,5.190839694656488,18.778625954198475,76.03053435114504,5.691056910569106,21.54471544715447,72.76422764227642,3.2015065913371,34.27495291902071,62.52354048964219,94.24460431654676,5.755395683453237,0,0,0,91.87898089171975,7.961783439490445,0.1592356687898089,0,0,99.6,0.4,0,0,0,99.4263862332696,0.5736137667304015,0,0,0,32.59911894273128,34.36123348017621,28.781204111600587,4.258443465491924,0,67.3202614379085,27.61437908496732,4.901960784313726,0.16339869281045752,0,64.8711943793911,32.78688524590164,1.873536299765808,0.468384074941452,0,71.63265306122449,27.755102040816325,0.6122448979591837,0,0
500332,2288,0,15,6,1,1506,150601,0,0,1,194,173,248,212,246,223,299,241,0,0,987,849,1836,1315,1191,1377,1330,12.025316455696203,17.72151898734177,16.772151898734176,31.645569620253166,11.075949367088608,9.49367088607595,12.074303405572756,11.764705882352942,12.38390092879257,24.458204334365327,13.622291021671826,11.455108359133128,31.294964028776977,4.316546762589928,0.3597122302158273,12.589928057553957,6.115107913669065,2.158273381294964,38.44221105527638,22.613065326633166,2.763819095477387,19.09547738693467,5.527638190954774,1.5075376884422111,4.778156996587031,34.81228668941979,60.40955631399317,5.923344947735192,80.48780487804878,13.588850174216027,4.867256637168142,6.6371681415929205,88.49557522123894,8.311688311688311,20.51948051948052,71.16883116883118,72.38095238095238,24.444444444444443,3.1746031746031744,0,0,76.59574468085107,20.66869300911854,2.127659574468085,0.60790273556231,0,97.5975975975976,2.4024024024024024,0,0,0,80.75,14.25,1.25,2.25,1.5,68.48874598070739,25.080385852090032,6.109324758842444,0,0.3215434083601286,64.63022508038586,30.225080385852092,4.501607717041801,0.6430868167202572,0,45.59748427672956,54.40251572327044,0,0,0,65.38461538461539,33.84615384615385,0.7692307692307693,0,0
305471,2453,0,15,9,1,1509,150901,0,0,1,375,423,343,300,363,376,385,381,0,0,1466,1480,2946,2950,1242,3091,2973,2.5742574257425743,15.841584158415841,3.9603960396039604,1.5841584158415842,4.455445544554456,8.811881188118813,4.114713216957606,8.229426433915211,5.860349127182045,2.119700748129676,4.738154613466334,11.970074812967582,8.079268292682928,28.8109756097561,16.00609756097561,1.0670731707317074,3.8109756097560976,7.164634146341464,2.6970954356846475,6.639004149377594,18.25726141078838,1.4522821576763485,3.5269709543568464,8.506224066390041,18.617021276595743,29.78723404255319,51.59574468085106,17.171717171717173,26.262626262626263,56.56565656565657,22.255192878338278,33.23442136498517,44.510385756676556,7.758620689655173,42.241379310344826,50,87.0935960591133,12.610837438423646,0.2955665024630542,0,0,98.95104895104895,1.048951048951049,0,0,0,95.10385756676558,4.896142433234421,0,0,0,91.54411764705883,8.272058823529411,0.18382352941176472,0,0,27.932405566600398,30.81510934393638,29.62226640159046,10.73558648111332,0.8946322067594433,36.0655737704918,52.711223203026485,9.331651954602775,1.8915510718789408,0,12.34375,67.8125,13.28125,5.46875,1.09375,27.153558052434455,66.85393258426966,4.119850187265918,1.3108614232209739,0.5617977528089888
305376,2344,1,15,1,1,1501,150101,0,0,1,402,404,408,397,480,418,466,459,0,0,1756,1678,3434,3293,1672,3235,3296,0.449438202247191,10.674157303370787,15.955056179775282,0,7.303370786516854,13.48314606741573,0,9.535160905840286,20.500595947556615,0,6.5554231227651965,13.3492252681764,0.25806451612903225,7.741935483870968,17.419354838709676,0,6.451612903225806,15.483870967741936,0.2534854245880862,6.717363751584284,20.278833967046896,0,5.069708491761724,14.702154626109,0,1.1415525114155252,98.85844748858447,0,1.0224948875255624,98.97750511247443,0,0.5347593582887701,99.46524064171123,0,0,100,90.56603773584905,7.547169811320755,1.8867924528301887,0,0,82.85356695869838,16.39549436795995,0.7509386733416771,0,0,96.23588456712673,3.764115432873275,0,0,0,92.66750948166877,7.206068268015171,0.1264222503160556,0,0,38.10597519729425,21.984216459977453,26.832018038331455,13.077790304396844,0,0,0.379746835443038,7.594936708860759,52.91139240506329,39.11392405063291,0,0.7547169811320755,35.34591194968554,43.77358490566038,20.12578616352201,14.684466019417476,30.703883495145632,19.902912621359224,17.718446601941746,16.990291262135923
301432,2623,0,4,17,5,417,41705,0,0,1,249,254,273,265,325,307,293,292,3,5,1143,1123,2266,2262,2089,2182,2049,11.63141993957704,13.293051359516616,20.241691842900302,14.350453172205437,19.939577039274923,17.522658610271904,10.174880763116057,8.267090620031796,14.308426073131956,31.63751987281399,23.370429252782195,11.128775834658187,9.751037344398341,25.726141078838175,12.240663900414937,15.767634854771785,29.04564315352697,3.112033195020747,1.4314928425357873,13.701431492842536,27.811860940695297,9.406952965235174,29.652351738241308,17.38241308793456,35.333333333333336,53.333333333333336,11.333333333333334,35.5108877721943,49.246231155778894,15.242881072026801,28.275862068965516,49.42528735632184,22.298850574712645,21.88183807439825,60.83150984682713,17.286652078774615,85.75949367088607,14.240506329113924,0,0,0,92.8082191780822,7.02054794520548,0.17123287671232876,0,0,98.95178197064989,1.0482180293501049,0,0,0,91.20654396728017,8.793456032719837,0,0,0,79.14614121510674,20.85385878489327,0,0,0,90.21739130434783,9.782608695652174,0,0,0,87.89237668161435,12.10762331838565,0,0,0,83.9366515837104,16.063348416289593,0,0,0
305459,2391,0,15,15,2,1515,151502,0,0,1,398,346,500,471,503,535,574,590,0,0,1975,1942,3917,3658,536,3662,3333,2.7083333333333335,10.104166666666666,16.25,12.083333333333334,47.916666666666664,9.583333333333334,8.061002178649238,17.320261437908496,4.139433551198257,29.847494553376908,27.995642701525053,10.021786492374728,22.593068035943517,23.36328626444159,14.762516046213094,18.741976893453145,14.762516046213094,3.465982028241335,30.46953046953047,14.085914085914085,9.090909090909092,20.17982017982018,11.688311688311689,2.2977022977022976,12.735849056603774,38.20754716981132,49.056603773584904,7.18562874251497,32.33532934131737,60.47904191616767,4.819277108433735,31.325301204819276,63.855421686746986,2.7027027027027026,47.2972972972973,50,96.1337513061651,3.5527690700104495,0.31347962382445144,0,0,98.16017316017316,1.8398268398268398,0,0,0,99.61832061068702,0.3816793893129771,0,0,0,98.09045226130654,1.9095477386934674,0,0,0,0,0,40,42.774566473988436,17.22543352601156,1.0922330097087378,5.097087378640777,34.83009708737864,40.53398058252427,18.446601941747574,0.14771048744460857,20.82717872968981,41.949778434268836,24.815361890694238,12.259970457902511,1.344364012409514,30.610134436401243,34.22957600827301,28.852119958634955,4.963805584281283
305313,2312,0,15,7,8,1507,150708,0,0,1,297,269,331,293,354,295,269,295,0,0,1251,1152,2403,2276,1356,2307,2396,17.76416539050536,24.042879019908117,15.007656967840735,5.206738131699847,11.485451761102603,8.116385911179172,11.222780569514239,20.435510887772196,12.56281407035176,6.867671691792295,10.887772194304858,13.06532663316583,16.901408450704224,20.925553319919516,17.907444668008047,4.225352112676056,7.2434607645875255,13.078470824949699,16.257088846880908,23.440453686200378,17.013232514177695,5.482041587901701,6.616257088846881,4.725897920604915,0.49382716049382713,29.382716049382715,70.12345679012346,1.1019283746556474,28.925619834710744,69.97245179063361,1.079136690647482,29.136690647482013,69.7841726618705,0.967741935483871,29.35483870967742,69.6774193548387,100,0,0,0,0,97.52321981424149,2.476780185758514,0,0,0,99.80314960629921,0.1968503937007874,0,0,0,99.644128113879,0.35587188612099646,0,0,0,9.720176730486008,43.59351988217968,36.81885125184094,9.867452135493373,0,0.15479876160990713,16.25386996904025,69.81424148606811,13.777089783281733,0,0,9.84251968503937,76.5748031496063,13.582677165354331,0,0,4.7957371225577266,61.81172291296625,32.5044404973357,0.8880994671403197
301186,2589,0,4,10,1,410,41001,0,0,1,818,784,852,869,959,965,1008,965,0,0,3637,3583,7220,7094,6825,7069,6637,1.177024482109228,10.922787193973635,16.902071563088512,16.148775894538606,34.792843691148775,15.536723163841808,7.07624794295118,21.886999451453647,7.240811848601207,12.013165112452002,31.212287438288534,11.24520021941854,7.597402597402597,30.51948051948052,24.285714285714285,9.415584415584416,15.519480519480519,4.545454545454546,2.551337896701929,27.878033602986932,16.67703795892968,3.4847542003733665,20.659614187927815,11.20099564405725,10.679611650485437,67.57281553398059,21.74757281553398,9.686609686609687,60.17094017094017,30.14245014245014,6.802721088435374,61.49659863945578,31.700680272108844,6.363636363636363,41.16883116883117,52.467532467532465,73.78731343283582,20.988805970149254,5.130597014925373,0.09328358208955224,0,72.11221122112211,22.332233223322334,5.5005500550055,0.05500550055005501,0,86.50065530799476,13.302752293577981,0.1965923984272608,0,0,84.88298545224542,13.978494623655914,0.8855154965211891,0.2530044275774826,0,18.933463796477493,30.82191780821918,26.07632093933464,16.87866927592955,7.289628180039139,14.962449451184286,21.9526285384171,23.223570190641247,25.88099364529174,13.980358174465627,24.965986394557824,23.401360544217688,21.292517006802722,16.122448979591837,14.217687074829932,22.198275862068964,31.53735632183908,21.623563218390803,12.14080459770115,12.5
301184,2656,0,4,10,1,410,41001,0,0,1,487,484,575,502,629,582,647,602,0,0,2338,2170,4508,4284,4286,4343,4060,0,17.830045523520486,69.11987860394537,11.077389984825492,0,0,0,29.270462633451956,34.786476868327405,34.69750889679715,0,0,0,53.420195439739416,13.463626492942455,31.487513572204126,0,0,0,30.18458197611292,4.7774158523344195,60.91205211726384,0,0,48.53395061728395,38.425925925925924,13.040123456790123,49.029982363315696,44.532627865961196,6.4373897707231045,21.29032258064516,64.19354838709677,14.516129032258064,8.74730021598272,36.93304535637149,54.31965442764579,90.73097211755841,8.967596081386587,0.30143180105501133,0,0,96.97777777777777,2.7555555555555555,0.17777777777777778,0.08888888888888889,0,99.0280777537797,0.9719222462203023,0,0,0,93.88601036269431,6.1139896373057,0,0,0,14.412955465587045,60.32388663967611,24.696356275303643,0.5668016194331984,0,4.3726235741444865,23.669201520912548,44.961977186311785,19.106463878326995,7.889733840304182,0,18.097447795823665,64.38515081206496,17.51740139211137,0,0,0,72.33809001097694,19.86827661909989,7.793633369923161
305295,2399,0,15,7,10,1507,150710,0,0,1,667,725,636,712,557,636,488,617,0,0,2348,2690,5038,5011,2119,5021,4794,2.973977695167286,6.691449814126394,23.79182156133829,3.345724907063197,8.178438661710038,16.356877323420075,2.9888983774551665,9.393680614859095,14.944491887275833,2.7327070879590094,6.746370623398804,8.9666951323655,2.4311183144246353,4.862236628849271,18.233387358184764,2.025931928687196,2.593192868719611,10.696920583468396,2.775574940523394,3.965107057890563,10.15067406819984,2.4583663758921492,2.775574940523394,9.674861221252973,3.0651340996168583,35.759897828863345,61.17496807151979,0.39215686274509803,44.90196078431372,54.705882352941174,0.2178649237472767,36.60130718954248,63.18082788671024,0.2724795640326976,42.50681198910082,57.22070844686648,81.9672131147541,17.73472429210134,0.29806259314456035,0,0,90.60913705583756,8.71404399323181,0.5922165820642978,0.08460236886632826,0,98.86178861788618,1.1382113821138211,0,0,0,96.60615627466456,3.393843725335438,0,0,0,31.428571428571427,41.38996138996139,22.934362934362934,3.7837837837837838,0.46332046332046334,36.42921550946799,44.36429215509468,12.894499549143372,3.69702434625789,2.6149684400360687,67.57215619694398,25.551782682512734,3.565365025466893,1.7826825127334465,1.5280135823429541,37.54125412541254,60.148514851485146,1.7326732673267327,0.41254125412541254,0.16501650165016502
301416,2651,0,4,22,1,422,42201,0,0,1,80,60,81,74,84,81,97,85,0,0,342,300,642,629,609,618,621,0,41.54589371980676,0,43.96135265700483,0,0,0,34.177215189873415,0,41.139240506329116,0,0,0,27.40740740740741,0,49.629629629629626,0,0,0,32.55813953488372,0,35.65891472868217,0,0,34.375,35.625,30,19.526627218934912,35.50295857988166,44.97041420118343,21.08843537414966,38.775510204081634,40.136054421768705,21.804511278195488,40.6015037593985,37.59398496240601,82.5,17,0.5,0,0,100,0,0,0,0,100,0,0,0,0,99.2,0.8,0,0,0,84.42211055276383,15.075376884422111,0.5025125628140703,0,0,90.06211180124224,9.937888198757763,0,0,0,97.77777777777777,2.2222222222222223,0,0,0,96.82539682539682,3.1746031746031744,0,0,0
305450,2381,1,15,5,1,1505,150501,0,0,1,208,162,190,211,188,213,246,215,0,0,832,801,1633,1703,1703,1716,1584,31.53526970954357,10.58091286307054,5.809128630705394,30.91286307053942,14.937759336099585,5.186721991701245,27.049180327868854,15.98360655737705,4.713114754098361,35.040983606557376,9.836065573770492,6.762295081967213,20,15.89041095890411,9.863013698630137,18.63013698630137,17.26027397260274,15.068493150684931,21.467391304347824,13.58695652173913,12.5,24.184782608695652,17.119565217391305,10.597826086956522,23.858921161825727,68.67219917012449,7.468879668049793,20.28688524590164,70.49180327868852,9.221311475409836,13.972602739726028,58.9041095890411,27.123287671232877,25.815217391304348,63.58695652173913,10.597826086956522,93.11663479923519,6.8833652007648185,0,0,0,100,0,0,0,0,98.9010989010989,1.098901098901099,0,0,0,100,0,0,0,0,1.2345679012345678,6.790123456790123,54.32098765432099,26.54320987654321,11.11111111111111,2.6315789473684212,5.2631578947368425,48.56459330143541,25.119617224880383,18.42105263157895,3.170028818443804,24.78386167146974,44.09221902017291,15.27377521613833,12.680115273775217,17.117117117117118,35.43543543543544,38.43843843843844,6.006006006006006,3.003003003003003
301403,2558,0,4,16,6,416,41606,0,0,1,211,194,257,227,254,277,251,264,3,3,976,965,1941,1907,1797,1637,1802,5.993150684931507,19.17808219178082,9.246575342465754,35.61643835616438,23.116438356164384,5.993150684931507,10.81081081081081,10.424710424710424,3.088803088803089,49.61389961389961,16.795366795366796,7.915057915057915,26.536312849162012,7.262569832402234,2.2346368715083798,53.63128491620112,8.100558659217876,1.3966480446927374,46.75615212527964,8.501118568232663,0.22371364653243847,33.333333333333336,9.395973154362416,0.44742729306487694,54.31192660550459,38.53211009174312,7.155963302752293,82.89205702647658,15.885947046843178,1.2219959266802445,82.63473053892216,17.365269461077844,0,82.903981264637,15.925058548009368,1.17096018735363,60.471976401179944,34.21828908554572,4.129793510324483,1.1799410029498525,0,91.82879377431907,7.976653696498055,0.19455252918287938,0,0,99.14285714285714,0.8571428571428571,0,0,0,91.47465437788019,8.294930875576037,0.2304147465437788,0,0,68.06569343065694,26.094890510948904,4.927007299270073,0.9124087591240876,0,79.59183673469387,18.163265306122447,1.836734693877551,0.40816326530612246,0,86.21700879765396,13.782991202346041,0,0,0,64.53900709219859,34.988179669030735,0.4728132387706856,0,0
301451,2581,0,4,17,8,417,41708,0,0,1,156,139,162,172,166,182,153,183,0,0,637,676,1313,1260,1270,1309,1266,8.108108108108109,3.5135135135135136,2.972972972972973,42.432432432432435,6.756756756756757,0.8108108108108109,6.571428571428571,10,2,29.714285714285715,22.285714285714285,1.1428571428571428,41.53846153846154,24.615384615384617,0.38461538461538464,15.76923076923077,3.076923076923077,0,42.5,14.285714285714286,1.4285714285714286,4.642857142857143,0.35714285714285715,0,13.550135501355014,58.53658536585366,27.913279132791327,1.6574585635359116,73.75690607734806,24.585635359116022,1.9305019305019304,56.37065637065637,41.6988416988417,0,28.571428571428573,71.42857142857143,66.84210526315789,25,8.157894736842104,0,0,47.82608695652174,27.17391304347826,24.456521739130434,0.5434782608695652,0,88.04347826086956,11.956521739130435,0,0,0,92.28070175438596,7.719298245614035,0,0,0,46.486486486486484,34.32432432432432,15.405405405405405,3.7837837837837838,0,37.569060773480665,32.59668508287293,25.414364640883978,4.419889502762431,0,19.68503937007874,51.574803149606296,24.409448818897637,4.330708661417323,0,29.285714285714285,60,7.5,3.2142857142857144,0
305338,2408,0,15,14,1,1514,151401,0,0,1,367,334,423,411,403,415,438,438,0,0,1631,1598,3229,3051,3019,3006,3007,9.929906542056075,11.448598130841122,18.10747663551402,36.6822429906542,16.121495327102803,6.892523364485982,1.3819095477386936,10.92964824120603,12.688442211055277,25,25.251256281407034,24.623115577889447,18.740399385560675,37.01996927803379,8.294930875576037,21.044546850998465,9.831029185867896,2.150537634408602,2.5401069518716577,35.160427807486634,8.0213903743315509,18.181818181818183,25.13368983957219,9.491978609625669,76.04651162790698,19.767441860465116,4.186046511627907,72.96620775969963,25.15644555694618,1.8773466833541927,32.802547770700635,48.56687898089172,18.630573248407643,48.224043715846996,43.71584699453552,8.060109289617486,89.20521945432978,9.134045077105576,1.66073546856465,0,0,91.03896103896103,7.922077922077922,0.7792207792207793,0.2597402597402597,0,95.75471698113208,4.245283018867925,0,0,0,86.65785997357992,12.549537648612946,0.7926023778071334,0,0,37.72032902467685,49.94124559341951,11.163337250293772,1.1750881316098707,0,58.673469387755105,37.11734693877551,3.5714285714285716,0.6377551020408163,0,81.67456556082149,16.587677725118482,1.7377567140600316,0,0,55.0744248985115,42.48985115020298,2.435723951285521,0,0
301257,2676,0,4,13,12,413,41312,0,0,1,868,865,955,971,860,1056,976,1143,0,0,3659,4035,7694,7881,7267,7574,7227,4.142857142857143,19.61904761904762,24.428571428571427,11.142857142857142,22.714285714285715,15.904761904761905,5.378391242265588,17.515468824369346,12.327463112803427,15.040456925273679,31.36601618277011,15.135649690623513,11.831626848691695,28.668941979522184,19.453924914675767,14.675767918088738,18.77133105802048,0.5119453924914675,3.3298647242455774,35.06763787721124,8.844953173777315,6.919875130072841,33.350676378772114,3.6940686784599377,20.35,55.2,24.45,23.87682988389702,27.41039878849066,48.712771327612316,8.83838383838384,36.111111111111114,55.05050505050505,21.445358401880142,30.08225616921269,48.47238542890717,67.78115501519757,27.25430597771023,4.711246200607903,0.25329280648429586,0,92.05630970336853,7.290095525389643,0.6535947712418301,0,0,97.38524113887274,2.6147588611272514,0,0,0,93.3862433862434,6.613756613756614,0,0,0,51.939989653388515,35.95447490946715,10.605276771857216,1.396792550439731,0.10346611484738748,73.08120133481647,22.469410456062292,3.6151279199110125,0.7230255839822024,0.11123470522803114,86.45895745955661,12.222887956860395,0.5991611743559018,0.5392450569203115,0.17974835230677053,73.07060755336617,26.108374384236452,0.6568144499178982,0.05473453749315818,0.10946907498631636
305416,2358,0,15,13,1,1513,151301,0,0,1,459,411,488,466,538,495,508,526,0,0,1993,1898,3891,3747,2994,3814,3807,6.936416184971098,12.716763005780347,16.28131021194605,16.76300578034682,9.922928709055876,16.95568400770713,11.122554067971164,8.753861997940268,4.94335736354274,19.25849639546859,28.11534500514933,11.740473738414007,10.739856801909308,28.281622911694512,13.365155131264917,14.200477326968974,11.813842482100238,10.978520286396181,12.222222222222221,23.22222222222222,10.777777777777779,9.11111111111111,21.555555555555557,9.333333333333334,2.509907529722589,51.78335535006605,45.70673712021136,2.1491782553729455,60.556257901390644,37.29456384323641,2.3415977961432506,53.03030303030303,44.62809917355372,2.0833333333333335,50,47.916666666666664,67.82690498588899,27.18720602069614,4.51552210724365,0.4703668861712135,0,85.52894211576846,14.071856287425149,0.3992015968063872,0,0,85.57919621749409,10.756501182033096,0.3546099290780142,0.4728132387706856,2.8368794326241136,88.92580287929125,10.741971207087486,0.11074197120708748,0.22148394241417496,0,12.998102466793169,28.462998102466795,51.51802656546489,6.925996204933586,0.09487666034155598,11.345381526104418,39.65863453815261,41.36546184738956,6.827309236947791,0.8032128514056225,22.11874272409779,43.07334109429569,30.50058207217695,4.074505238649593,0.23282887077997672,23.719376391982184,62.806236080178174,7.6837416481069045,4.8997772828507795,0.89086859688196
305337,2407,0,15,14,1,1514,151401,0,0,1,1051,957,1057,1071,1276,1350,1228,1197,0,0,4612,4575,9187,8670,8673,7844,8190,18.351169242964726,19.619500594530322,26.7538644470868,6.183115338882283,10.582639714625445,17.360285374554103,8.863025962399284,8.639212175470009,1.6562220232766338,45.971351835273055,24.619516562220234,4.610564010743062,20.12480499219969,9.620384815392615,2.9641185647425896,32.96931877275091,11.180447217888716,6.812272490899636,2.3618090452261304,23.91959798994975,4.57286432160804,0,55.678391959798994,3.869346733668342,25.44589774078478,61.39516448672216,13.158937772493063,32.36347358997314,46.01611459265891,21.62041181736795,31.149245969838795,38.63754550182007,30.213208528341134,6.422478675363773,54.089312594079274,39.48820873055695,97.4003466204506,2.5996533795493932,0,0,0,96.29990262901656,2.8237585199610518,0.8276533592989289,0.04868549172346641,0,99.94033412887828,0.059665871121718374,0,0,0,97.72978959025471,2.104097452934662,0.11074197120708748,0.05537098560354374,0,12.285223367697595,44.50171821305842,31.185567010309278,8.290378006872853,3.7371134020618557,54.11592791037506,31.563565513882125,12.372138334145154,1.7535314174378958,0.1948368241597662,68.94377299001576,29.74251182343668,1.3137151865475565,0,0,90.29380902413432,6.138509968520462,0.7869884575026233,2.0986358866736623,0.6820566631689402
305353,2332,0,15,14,1,1514,151401,0,0,1,258,210,295,276,329,279,258,257,0,0,1140,1022,2162,1773,1761,1663,1674,8.883248730964468,11.6751269035533,23.85786802030457,14.720812182741117,11.421319796954315,27.918781725888326,16.561844863731658,10.90146750524109,2.9350104821802936,38.15513626834382,14.255765199161425,16.561844863731658,19.8992443324937,17.12846347607053,12.846347607052897,31.738035264483628,12.34256926952141,3.7783375314861463,49.7029702970297,10.693069306930694,2.1782178217821784,21.980198019801982,5.544554455445544,1.188118811881188,40.29484029484029,54.2997542997543,5.405405405405405,50.21008403361345,39.705882352941174,10.084033613445378,35.80901856763926,52.785145888594165,11.405835543766578,36.72654690618762,46.10778443113772,17.16566866267465,77.47524752475248,21.782178217821784,0.7425742574257426,0,0,91.92825112107623,6.278026905829597,1.7937219730941705,0,0,99.74619289340102,0.25380710659898476,0,0,0,97.61336515513126,2.1479713603818618,0,0.2386634844868735,0,62.19178082191781,33.97260273972603,3.835616438356164,0,0,41.1764705882353,48.41628959276018,8.823529411764707,1.583710407239819,0,91.24668435013263,8.753315649867375,0,0,0,75.10204081632654,23.6734693877551,1.2244897959183674,0,0
301197,2666,0,4,8,12,408,40812,0,0,1,203,175,200,176,203,221,219,184,0,0,825,756,1581,1474,31,1485,1413,1.3574660633484164,14.253393665158372,24.660633484162897,4.751131221719457,8.597285067873303,2.48868778280543,2.43161094224924,5.47112462006079,8.51063829787234,10.030395136778116,11.854103343465045,6.079027355623101,0.5555555555555556,1.9444444444444444,2.2222222222222223,4.722222222222222,3.611111111111111,3.611111111111111,1.4577259475218658,5.247813411078718,7.871720116618076,2.3323615160349855,4.081632653061225,4.373177842565598,0,0,100,0,0,100,0,0,100,0,100,0,46.27539503386004,44.01805869074492,9.029345372460497,0.6772009029345373,0,80.95238095238095,16.071428571428573,2.9761904761904763,0,0,46.36871508379888,51.11731843575419,1.9553072625698324,0.5586592178770949,0,68.96551724137932,27.873563218390803,2.2988505747126435,0.8620689655172413,0,3.953488372093023,31.86046511627907,57.906976744186046,6.27906976744186,0,7.046979865771812,47.651006711409394,40.604026845637584,4.697986577181208,0,0.8620689655172413,0.28735632183908044,20.114942528735632,47.701149425287355,31.03448275862069,13.649851632047477,78.63501483679525,5.9347181008902075,1.7804154302670623,0
301236,2672,1,4,13,8,413,41308,0,0,1,142,135,133,128,161,173,157,134,0,0,593,570,1163,1171,1034,1181,1132,8.79765395894428,6.744868035190616,9.970674486803519,22.580645161290324,19.35483870967742,22.580645161290324,13.134328358208956,7.164179104477612,2.388059701492537,47.16417910447761,13.73134328358209,15.522388059701493,10.546875,9.765625,10.546875,23.828125,14.453125,8.984375,32.21757322175732,6.2761506276150625,0.41841004184100417,46.02510460251046,10.878661087866108,2.928870292887029,6.896551724137931,86.55172413793103,6.551724137931035,4.658385093167702,83.54037267080746,11.801242236024844,8.994708994708995,69.31216931216932,21.693121693121693,0,92.27467811158799,7.725321888412017,79.76878612716763,19.942196531791907,0.28901734104046245,0,0,94.06528189910979,5.9347181008902075,0,0,0,96.52509652509653,2.7027027027027026,0.3861003861003861,0.3861003861003861,0,98.32635983263599,1.6736401673640167,0,0,0,10.493827160493828,20.061728395061728,46.60493827160494,16.97530864197531,5.864197530864198,32.61538461538461,37.23076923076923,23.076923076923077,4,3.076923076923077,72.65306122448979,25.714285714285715,1.2244897959183674,0.40816326530612246,0,43.27731092436975,51.260504201680675,2.5210084033613445,2.5210084033613445,0.42016806722689076
305444,2378,0,15,16,1,1516,151601,0,0,1,182,154,182,196,218,172,168,190,17,6,767,718,1485,1481,494,1499,1462,19.22246220302376,14.038876889848812,14.254859611231101,9.719222462203025,19.65442764578834,6.911447084233261,19.302949061662197,20.64343163538874,5.361930294906166,14.20911528150134,24.396782841823057,3.753351206434316,29.01023890784983,21.501706484641637,2.04778156996587,24.573378839590443,19.795221843003414,1.3651877133105803,23.579545454545453,20.738636363636363,4.261363636363637,24.71590909090909,22.727272727272727,2.272727272727273,4.827586206896552,64.13793103448276,31.03448275862069,3.787878787878788,57.57575757575758,38.63636363636363,4.504504504504505,53.153153153153156,42.34234234234234,0,12.264150943396226,87.73584905660377,93.36188436830835,6.423982869379015,0.21413276231263384,0,0,90.68493150684931,8.493150684931507,0.821917808219178,0,0,96.6887417218543,3.3112582781456954,0,0,0,98.35616438356165,1.643835616438356,0,0,0,31.98198198198198,34.68468468468468,27.25225225225225,4.504504504504505,1.5765765765765767,60.215053763440864,20.967741935483872,8.870967741935484,5.913978494623656,4.032258064516129,72.16494845360825,27.835051546391753,0,0,0,87.32394366197182,12.67605633802817,0,0,0
320306,2439,0,15,3,1,1503,150301,0,0,1,409,340,424,380,395,385,411,448,0,0,1639,1553,3192,3194,3092,3185,3171,2.847380410022779,16.287015945330296,12.072892938496583,22.095671981776764,30.29612756264237,15.375854214123008,0.9070294784580499,16.55328798185941,7.142857142857143,12.698412698412698,38.662131519274375,23.696145124716555,6.195965417867435,30.69164265129683,9.510086455331413,31.844380403458214,18.011527377521613,0.57636887608069165,10.81081081081081,18.64864864864865,7.297297297297297,19.594594594594593,18.513513513513512,22.027027027027028,20.741599073001158,33.371958285052145,45.8864426419467,15.304948216340621,37.9746835443038,46.72036823935558,14.970059880239521,29.640718562874252,55.38922155688623,15.31791907514451,34.2485549132948,50.433526011560694,89.06605922551253,10.478359908883826,0.45558086560364464,0,0,97.8409090909091,2.0454545454545454,0.11363636363636363,0,0,99.71056439942113,0.2894356005788712,0,0,0,97.41847826086956,2.5815217391304346,0,0,0,75.88571428571429,23.65714285714286,0.45714285714285713,0,0,96.49321266968326,3.506787330316742,0,0,0,71.94767441860465,28.052325581395348,0,0,0,78.45303867403315,21.132596685082873,0.4143646408839779,0,0
301489,2631,0,4,14,1,414,41401,0,0,1,169,150,161,155,165,191,169,162,0,0,664,658,1322,1310,1244,1242,1276,5.2109181141439205,8.933002481389579,23.325062034739453,9.181141439205955,31.265508684863523,22.084367245657567,13.98176291793313,4.25531914893617,3.6474164133738602,6.079027355623101,38.90577507598784,33.130699088145896,4.2105263157894735,20,26.666666666666668,5.2631578947368425,23.859649122807017,19.29824561403509,12.627986348122867,6.484641638225256,25.59726962457338,12.969283276450511,19.795221843003414,22.525597269624573,9.090909090909092,61.298701298701296,29.61038961038961,5.660377358490566,55.34591194968554,38.9937106918239,5.454545454545454,54.18181818181818,40.36363636363637,0,54.51127819548872,45.48872180451128,82.76923076923077,17.23076923076923,0,0,0,84.68468468468468,15.015015015015015,0.3003003003003003,0,0,99.3103448275862,0.6896551724137931,0,0,0,97.61904761904762,2.380952380952381,0,0,0,85.94164456233422,12.20159151193634,1.856763925729443,0,0,65.60509554140127,28.662420382165607,4.777070063694268,0.9554140127388535,0,97.26027397260275,2.73972602739726,0,0,0,66.55290102389078,25.938566552901023,4.436860068259386,1.023890784982935,2.04778156996587
301507,2691,0,4,18,1,418,41801,0,0,1,71,64,69,82,78,68,67,57,0,0,285,271,556,504,512,506,474,6.153846153846154,15.384615384615385,8.461538461538462,12.307692307692308,51.53846153846154,6.153846153846154,3.252032520325203,7.317073170731708,6.504065040650406,2.4390243902439024,21.13821138211382,57.72357723577236,8.130081300813009,21.13821138211382,17.073170731707318,3.252032520325203,22.764227642276424,23.577235772357724,2.34375,28.90625,15.625,16.40625,32.8125,2.34375,7.1942446043165464,66.18705035971223,26.618705035971225,4.477611940298507,80.59701492537313,14.925373134328359,1.8018018018018018,75.67567567567568,22.52252252252252,7.03125,34.375,58.59375,100,0,0,0,0,99.1869918699187,0.8130081300813008,0,0,0,99.1869918699187,0.8130081300813008,0,0,0,99.23076923076923,0.7692307692307693,0,0,0,94.57364341085271,5.426356589147287,0,0,0,76.85950413223141,22.31404958677686,0.8264462809917356,0,0,93,7,0,0,0,65.3225806451613,34.67741935483871,0,0,0
301456,2628,0,4,17,10,417,41710,0,0,1,199,202,250,254,242,249,256,262,0,0,947,967,1914,2230,2237,2237,2200,12.277867528271406,14.054927302100161,13.08562197092084,7.915993537964459,12.439418416801292,16.63974151857835,15.109034267912772,6.074766355140187,1.8691588785046729,6.074766355140187,35.3582554517134,34.57943925233645,22.958057395143488,12.362030905077262,10.596026490066226,3.752759381898455,11.037527593818984,24.282560706401767,19.767441860465116,11.046511627906977,4.069767441860465,2.3255813953488373,21.124031007751938,39.34108527131783,0.9389671361502347,43.3489827856025,55.71205007824726,0.15748031496062992,61.25984251968504,38.58267716535433,0.672645739910314,48.20627802690583,51.12107623318386,0.9671179883945842,54.35203094777563,44.680851063829785,87.05148205928238,12.168486739469579,0.7800312012480499,0,0,20.637329286798177,30.652503793626707,46.585735963581186,2.12443095599393,0,97.75280898876404,2.247191011235955,0,0,0,80.48780487804878,9.146341463414634,6.504065040650406,3.048780487804878,0.8130081300813008,46.41744548286604,22.585669781931465,21.18380062305296,9.813084112149532,0,23.04,29.92,29.28,7.2,10.56,82.57918552036199,17.420814479638008,0,0,0,68.22810590631364,18.329938900203665,7.942973523421589,4.276985743380855,1.2219959266802445
301238,2670,0,4,13,3,413,41303,0,0,1,238,244,266,247,283,276,280,296,0,0,1067,1063,2130,2176,540,2244,2112,9.017713365539452,7.407407407407407,7.246376811594203,8.695652173913043,3.0595813204508855,2.737520128824477,31.040268456375838,10.570469798657719,3.523489932885906,21.97986577181208,3.523489932885906,3.0201342281879193,32.214765100671144,3.8031319910514543,0.6711409395973155,28.635346756152124,1.342281879194631,0,0.1953125,4.4921875,0,5.859375,4.296875,0,20.27027027027027,51.351351351351354,28.37837837837838,23.29113924050633,41.265822784810126,35.44303797468354,5.128205128205129,48.717948717948715,46.15384615384615,9.375,75,15.625,86.93009118541033,12.006079027355623,1.0638297872340425,0,0,89.04991948470209,10.466988727858293,0.4830917874396135,0,0,92.92035398230088,7.079646017699115,0,0,0,92.98245614035088,7.017543859649122,0,0,0,41.31455399061033,42.72300469483568,14.084507042253522,1.8779342723004695,0,65.01831501831502,29.12087912087912,5.4945054945054945,0.3663003663003663,0,70.52154195011337,28.571428571428573,0.6802721088435374,0.22675736961451248,0,71.39917695473251,28.395061728395063,0.205761316872428,0,0
305438,2274,0,15,16,1,1516,151601,0,0,1,477,454,497,497,460,494,510,519,0,0,1944,1964,3908,3486,3275,3602,3527,7.599118942731278,24.559471365638768,14.537444933920705,25.220264317180618,21.696035242290748,4.515418502202643,4.196642685851319,27.218225419664268,1.6786570743405276,17.74580335731415,36.69064748201439,11.510791366906474,18.772136953955137,38.13459268004723,4.368358913813459,19.598583234946872,14.049586776859504,0.1180637544273908,26.53288740245262,23.076923076923077,4.682274247491639,23.968784838350057,18.06020066889632,1.0033444816053512,18.654073199527744,79.22077922077922,2.125147579693034,8.260325406758447,80.10012515644556,11.639549436795996,7.863695937090433,86.23853211009174,5.897771952817824,2.3094688221709005,75.05773672055427,22.632794457274827,83.06709265175719,16.719914802981897,0.21299254526091588,0,0,95.80022701475596,3.745743473325766,0.340522133938706,0.11350737797956867,0,99.10213243546576,0.8978675645342312,0,0,0,97.75533108866442,2.244668911335578,0,0,0,81.6593886462882,17.903930131004365,0.4366812227074236,0,0,71.68037602820212,22.326674500587544,5.052878965922444,0.9400705052878966,0,78.34467120181407,21.31519274376417,0.22675736961451248,0.11337868480725624,0,89.86332574031891,10.136674259681094,0,0,0
305324,2404,0,15,14,1,1514,151401,0,0,1,159,156,162,170,181,163,173,173,0,0,675,662,1337,1170,345,1168,1151,13.703703703703704,21.48148148148148,1.4814814814814814,44.074074074074076,9.62962962962963,2.5925925925925926,21.612903225806452,6.129032258064516,1.6129032258064515,27.096774193548388,5.483870967741935,1.6129032258064515,31.164383561643834,1.7123287671232876,2.73972602739726,14.726027397260275,2.73972602739726,0.3424657534246575,17.449664429530202,5.704697986577181,3.0201342281879193,6.040268456375839,1.0067114093959733,0.33557046979865773,2.1052631578947367,34.73684210526316,63.1578947368421,2.3255813953488373,41.86046511627907,55.81395348837209,4.2105263157894735,5.2631578947368425,90.52631578947368,4.3478260869565215,10.144927536231885,85.5072463768116,86.9090909090909,13.090909090909092,0,0,0,92.45901639344262,7.540983606557377,0,0,0,96.93877551020408,3.061224489795918,0,0,0,90.47619047619048,9.523809523809524,0,0,0,5.7251908396946565,4.961832061068702,63.74045801526717,23.66412213740458,1.9083969465648856,10.491803278688524,21.639344262295083,56.0655737704918,11.475409836065573,0.32786885245901637,9.965635738831615,8.24742268041237,38.83161512027491,18.556701030927837,24.398625429553263,11.945392491467576,54.26621160409557,27.303754266211605,5.802047781569966,0.6825938566552902
305454,2296,0,15,10,1,1510,151001,0,0,1,54,75,89,65,87,88,89,96,0,0,319,324,643,566,542,567,506,1.4388489208633093,7.1942446043165464,14.388489208633093,9.352517985611511,38.1294964028777,28.776978417266186,5.58659217877095,22.3463687150838,34.63687150837989,5.027932960893855,23.463687150837988,8.938547486033519,0,3.3333333333333335,27.5,3.3333333333333335,39.166666666666664,26.666666666666668,0,33.59375,16.40625,0,46.09375,3.90625,0,50.72463768115942,49.27536231884058,0,34.969325153374236,65.03067484662577,0,50.86206896551724,49.13793103448276,0,56,44,97.84172661870504,2.158273381294964,0,0,0,74.03314917127072,24.30939226519337,1.6574585635359116,0,0,87.39495798319328,12.605042016806722,0,0,0,93.75,6.25,0,0,0,0,2.9411764705882355,77.94117647058823,19.11764705882353,0,0,0,75.3731343283582,24.62686567164179,0,0,0,73.10924369747899,21.84873949579832,5.042016806722689,0,0,74.35897435897436,16.23931623931624,9.401709401709402
308122,2583,0,4,17,8,417,41708,0,0,1,93,72,96,95,123,98,92,87,0,0,404,352,756,769,705,823,769,38.559322033898304,19.915254237288135,16.52542372881356,4.237288135593221,2.1186440677966103,2.1186440677966103,28.155339805825243,37.86407766990291,12.62135922330097,4.368932038834951,2.912621359223301,1.4563106796116505,20.689655172413794,34.48275862068966,17.93103448275862,3.4482758620689653,2.7586206896551726,2.7586206896551726,20.87912087912088,42.30769230769231,16.483516483516482,1.6483516483516483,1.098901098901099,1.098901098901099,57.711442786069654,30.845771144278608,11.442786069651742,52.525252525252526,30.80808080808081,16.666666666666668,54.83870967741935,36.29032258064516,8.870967741935484,34.61538461538461,54.395604395604394,10.989010989010989,67.41573033707866,28.089887640449437,4.49438202247191,0,0,83.64485981308411,15.88785046728972,0.4672897196261682,0,0,94.8051948051948,5.194805194805195,0,0,0,98.40425531914893,1.5957446808510638,0,0,0,39.55555555555556,28.444444444444443,25.77777777777778,6.222222222222222,0,4.245283018867925,55.660377358490564,35.37735849056604,4.716981132075472,0,42.567567567567565,52.027027027027025,5.405405405405405,0,0,80.97826086956522,9.23913043478261,9.782608695652174,0,0
301508,2639,0,4,18,1,418,41801,0,0,1,156,118,133,127,154,130,131,138,0,0,574,513,1087,1072,1133,1017,1017,21.221864951768488,7.717041800643087,4.180064308681672,37.29903536977492,22.186495176848876,6.109324758842444,11.486486486486486,5.743243243243243,3.0405405405405403,33.108108108108105,27.027027027027028,14.527027027027026,17.269076305220885,11.244979919678714,10.441767068273093,26.104417670682732,19.27710843373494,14.859437751004016,18.055555555555557,10.648148148148149,7.407407407407407,27.77777777777778,19.90740740740741,8.796296296296296,17.28395061728395,60.49382716049383,22.22222222222222,14.851485148514852,62.37623762376238,22.77227722772277,11.023622047244094,64.56692913385827,24.409448818897637,7.142857142857143,67.85714285714286,25,81.78294573643412,16.666666666666668,1.550387596899225,0,0,94.02985074626865,5.970149253731344,0,0,0,85.08064516129032,9.274193548387096,2.4193548387096775,3.225806451612903,0,93.82716049382717,6.172839506172839,0,0,0,57.36434108527132,29.45736434108527,11.24031007751938,1.937984496124031,0,54.57746478873239,38.028169014084504,7.042253521126761,0.352112676056338,0,35.950413223140494,57.02479338842975,6.6115702479338845,0,0.4132231404958678,1.7167381974248928,97.42489270386267,0.8583690987124464,0,0
305465,2396,0,15,15,2,1515,151502,0,0,1,408,369,409,415,527,465,538,506,0,0,1882,1755,3637,3415,2108,3397,3219,10.45510455104551,10.824108241082412,10.33210332103321,17.466174661746617,17.343173431734318,26.076260762607625,12.781186094069529,8.793456032719837,3.885480572597137,49.488752556237216,9.304703476482617,1.5337423312883436,13.717948717948717,9.743589743589743,2.051282051282051,21.025641025641026,4.615384615384615,0.5128205128205128,12.322274881516588,5.687203791469194,3.4360189573459716,6.042654028436019,4.62085308056872,2.4881516587677726,11.653116531165312,45.1219512195122,43.22493224932249,13.333333333333334,58.07692307692308,28.58974358974359,14.404432132963988,52.63157894736842,32.96398891966759,19.213973799126638,57.20524017467249,23.580786026200872,91.04294478527608,8.588957055214724,0.36809815950920244,0,0,95.24793388429752,4.75206611570248,0,0,0,99.47916666666667,0.5208333333333334,0,0,0,97.51773049645391,2.482269503546099,0,0,0,6.693440428380187,41.09772423025435,45.381526104417674,6.827309236947791,0,18.406889128094726,50.91496232508073,26.372443487621098,3.1216361679224973,1.1840688912809472,30.82099596231494,50.47106325706595,17.227456258411845,1.4804845222072678,0,31.125,41.25,25.375,2.25,0
305428,2360,0,15,11,1,1511,151101,0,0,1,181,188,173,205,233,242,315,368,0,0,902,1003,1905,1551,1451,1535,1564,0.7281553398058253,8.009708737864077,29.611650485436893,5.58252427184466,13.83495145631068,21.116504854368934,5.450236966824645,29.14691943127962,22.03791469194313,5.213270142180095,13.033175355450236,22.748815165876778,8.211143695014663,49.853372434017594,17.88856304985337,2.346041055718475,12.903225806451612,4.105571847507331,3.723404255319149,27.127659574468087,12.76595744680851,4.787234042553192,11.96808510638298,8.24468085106383,1.7094017094017093,19.08831908831909,79.2022792022792,2.4096385542168677,64.09638554216868,33.493975903614455,1.5197568389057752,53.191489361702125,45.2887537993921,1.1235955056179776,44.38202247191011,54.49438202247191,93.80053908355795,6.199460916442049,0,0,0,97.2027972027972,2.797202797202797,0,0,0,100,0,0,0,0,99.47089947089947,0.5291005291005291,0,0,0,6.862745098039215,11.764705882352942,34.55882352941177,35.049019607843135,11.764705882352942,23.294117647058822,30.11764705882353,33.1764705882353,11.058823529411764,2.3529411764705883,31.304347826086957,59.42028985507246,5.217391304347826,3.4782608695652173,0.5797101449275363,41.19170984455958,56.994818652849744,1.5544041450777202,0.25906735751295334,0
301175,2597,0,4,8,7,408,40807,0,0,1,267,231,275,299,258,288,299,298,0,0,1099,1116,2215,2335,2337,2320,2483,5.571428571428571,1.1428571428571428,14.571428571428571,8.285714285714286,7.714285714285714,14.857142857142858,2.443280977312391,23.56020942408377,33.1588132635253,6.108202443280978,2.6178010471204187,2.7923211169284468,12.745098039215685,17.254901960784313,21.96078431372549,5.490196078431373,8.431372549019608,18.03921568627451,31.159420289855074,12.318840579710145,7.065217391304348,18.47826086956522,9.96376811594203,3.8043478260869565,15.121255349500712,5.563480741797433,79.31526390870185,12.369337979094077,18.81533101045296,68.81533101045297,13.948919449901767,12.573673870333987,73.47740667976424,3.616636528028933,26.582278481012658,69.80108499095842,64.41893830703013,31.563845050215207,4.017216642754663,0,0,79.54144620811287,19.576719576719576,0.8818342151675485,0,0,80.4733727810651,19.526627218934912,0,0,0,56.466302367941715,40.43715846994535,3.096539162112933,0,0,4.538799414348462,1.610541727672035,21.669106881405565,68.81405563689604,3.3674963396778916,10.281517747858016,46.38922888616891,33.17013463892289,7.466340269277846,2.692778457772338,0,35.892116182572614,32.572614107883815,23.651452282157678,7.8838174273858925,0,29.540918163672654,32.13572854291417,18.962075848303392,19.36127744510978
301437,2677,0,4,17,4,417,41704,0,0,1,0,0,492,524,1048,987,882,842,0,0,2422,2353,4775,3989,3952,3941,3936,9.671179883945841,10.154738878143133,21.566731141199227,32.10831721470019,15.377176015473887,10.541586073500968,0.3552397868561279,5.506216696269982,18.117229129662523,41.119005328596806,13.232682060390763,19.982238010657195,20.087336244541486,15.174672489082969,3.2751091703056767,8.51528384279476,21.83406113537118,21.83406113537118,4.381161007667032,19.82475355969332,2.5191675794085433,1.642935377875137,16.757940854326396,14.895947426067908,15.518913676042677,29.776915615906887,54.704170708050434,20.915619389587075,30.52064631956912,48.563734290843804,14.364035087719298,33.00438596491228,52.63157894736842,2.793296089385475,22.122905027932962,75.08379888268156,82.6923076923077,14.326923076923077,2.7884615384615383,0.19230769230769232,0,84.54288407163054,14.326107445805844,1.1310084825636193,0,0,96.6304347826087,3.369565217391304,0,0,0,95.8695652173913,4.130434782608695,0,0,0,70.57692307692308,10.384615384615385,15.576923076923077,2.8846153846153846,0.5769230769230769,77.56833176248821,17.907634307257304,3.9585296889726673,0.3770028275212064,0.1885014137606032,73.12295973884657,26.550598476605007,0.2176278563656148,0.1088139281828074,0,54.47598253275109,36.68122270742358,5.676855895196507,2.7292576419213974,0.4366812227074236
320204,2364,0,15,11,1,1511,151101,0,0,1,301,295,265,244,363,296,296,302,0,0,1225,1137,2362,2163,2096,2173,2135,5.042016806722689,8.235294117647058,13.949579831932773,9.747899159663865,28.907563025210084,33.78151260504202,7.102803738317757,8.037383177570094,10.093457943925234,6.542056074766355,29.7196261682243,36.63551401869159,4.821428571428571,11.607142857142858,14.464285714285714,7.857142857142857,27.321428571428573,32.5,6.342494714587738,14.376321353065538,18.39323467230444,8.24524312896406,13.953488372093023,37.420718816067655,26.537785588752197,59.753954305799645,13.708260105448154,23.80952380952381,54.36507936507937,21.825396825396826,25.239005736137667,36.137667304015295,38.623326959847034,10.8,63.8,25.4,91.09947643979058,8.726003490401396,0.17452006980802792,0,0,99.63302752293578,0.3669724770642202,0,0,0,99.27797833935018,0.36101083032490977,0.36101083032490977,0,0,97.80439121756487,2.1956087824351296,0,0,0,14.788732394366198,75.35211267605634,9.683098591549296,0.176056338028169,0,54.7970479704797,41.14391143911439,4.059040590405904,0,0,83.33333333333333,10.326086956521738,3.9855072463768115,2.3550724637681157,0,82.8752642706131,16.27906976744186,0.8456659619450317,0,0
305447,2380,0,15,5,1,1505,150501,0,0,1,354,350,348,315,329,336,401,425,0,0,1432,1426,2858,2526,406,2856,2795,9.162303664921465,1.8324607329842932,1.5706806282722514,1.0471204188481675,0.13089005235602094,0.13089005235602094,15.297906602254429,7.890499194847021,2.0933977455716586,2.4154589371980677,0.644122383252818,1.1272141706924315,3.3043478260869565,0.34782608695652173,0.17391304347826086,0,0,0,12.36749116607774,3.1802120141342756,0.17667844522968199,1.0600706713780919,0,0,8.49056603773585,38.679245283018865,52.83018867924528,19.12568306010929,49.72677595628415,31.147540983606557,0,77.27272727272727,22.727272727272727,5.2631578947368425,33.68421052631579,61.05263157894737,78.62950058072009,20.673635307781648,0.6968641114982579,0,0,94.46640316205534,5.270092226613966,0.2635046113306983,0,0,95.44072948328268,4.5592705167173255,0,0,0,93.59861591695501,6.228373702422146,0,0,0.17301038062283736,0,5.109489051094891,15.693430656934307,54.13625304136253,25.060827250608273,0,0.9446693657219973,21.727395411605936,56.00539811066127,21.322537112010796,0,5.863708399366086,21.077654516640255,51.50554675118859,21.55309033280507,0,4.825291181364393,16.139767054908486,53.74376039933444,25.291181364392678
301438,2678,0,4,17,4,417,41704,0,0,1,256,223,251,244,253,278,259,249,0,0,1019,994,2013,1957,1917,1995,1916,7.434944237918216,5.5762081784386615,0.7434944237918215,76.39405204460967,8.921933085501859,0.5576208178438662,8.241758241758241,7.6923076923076925,3.1135531135531136,62.27106227106227,15.384615384615385,3.2967032967032965,45.687645687645684,6.526806526806527,0.4662004662004662,43.35664335664335,2.097902097902098,0,29.27927927927928,14.18918918918919,2.9279279279279278,47.072072072072075,5.18018018018018,0.22522522522522523,22.709923664122137,49.61832061068702,27.671755725190838,50,37.93774319066148,12.062256809338521,39.503386004514674,42.43792325056433,18.058690744920995,39.678899082568805,46.330275229357795,13.990825688073395,94.65930018416206,5.3406998158379375,0,0,0,92.67399267399267,7.326007326007326,0,0,0,96.05263157894737,3.9473684210526314,0,0,0,95.77777777777777,4.222222222222222,0,0,0,34.732824427480914,48.091603053435115,16.221374045801525,0.9541984732824428,0,56.809338521400775,36.96498054474708,6.22568093385214,0,0,30.69977426636569,66.36568848758465,1.3544018058690745,1.3544018058690745,0.22573363431151242,66.4367816091954,32.18390804597701,0.6896551724137931,0.22988505747126436,0.45977011494252873
308135,2687,0,4,17,8,417,41708,0,0,1,196,181,227,212,264,230,261,225,0,0,948,848,1796,1741,983,1733,1696,3.6885245901639343,3.4836065573770494,2.2540983606557377,29.098360655737704,22.33606557377049,8.60655737704918,23.404255319148938,12.127659574468085,1.0638297872340425,8.72340425531915,1.4893617021276595,0.2127659574468085,23.96694214876033,4.683195592286501,2.7548209366391183,9.090909090909092,8.539944903581267,6.6115702479338845,1.6666666666666667,13.80952380952381,19.285714285714285,2.380952380952381,10.714285714285714,11.19047619047619,8.562691131498472,66.97247706422019,24.464831804281346,12.037037037037036,81.48148148148148,6.481481481481482,5.729166666666667,71.35416666666667,22.916666666666668,3.225806451612903,44.75806451612903,52.016129032258064,65.71428571428571,27.346938775510203,6.938775510204081,0,0,46.46680942184154,40.471092077087796,13.062098501070663,0,0,36.53846153846154,63.46153846153846,0,0,0,56.310679611650485,43.689320388349515,0,0,0,41.52046783625731,40.93567251461988,15.009746588693957,2.53411306042885,0,24.64788732394366,43.42723004694836,30.985915492957748,0.9389671361502347,0,65.02890173410404,33.23699421965318,1.7341040462427746,0,0,18.248175182481752,72.01946472019465,9.489051094890511,0.24330900243309003,0
301418,2693,0,4,1,1,401,40101,0,0,1,1460,1377,1624,1535,1619,1453,1506,1564,0,0,6209,5929,12138,11809,11299,11786,10697,17.84579844065839,7.190297429974011,2.194628934449899,5.399942246606988,25.87352006930407,41.235922610453365,18.255776114546045,7.875040676863001,2.0175724048161405,11.975268467295802,23.52749755938822,36.25122030589001,27.314814814814813,20.60185185185185,10.91820987654321,3.433641975308642,8.950617283950617,27.083333333333332,26.631853785900784,13.651622528907124,4.625139873181649,8.877284595300262,10.704960835509139,33.71876165609847,14.169918943260281,65.77604323026118,20.054037826478535,14.588948787061994,66.94743935309972,18.463611859838274,12.443158329888384,51.92228193468375,35.634559735427864,7.12901975978303,56.218519953506394,36.65246028671058,92.35870818915802,7.497116493656286,0.14417531718569782,0,0,99.2483660130719,0.7516339869281046,0,0,0,99.8069498069498,0.19305019305019305,0,0,0,99.92503748125937,0.07496251874062969,0,0,0,54.5016077170418,37.266881028938904,7.909967845659164,0.28938906752411575,0.03215434083601286,53.285714285714285,38.285714285714285,8.285714285714286,0.14285714285714285,0,78.34782608695652,18.391304347826086,2.9565217391304346,0.2608695652173913,0.043478260869565216,62.002412545235224,36.67068757539204,1.0856453558504222,0.24125452352231605,0
305288,2303,0,15,7,10,1507,150710,0,0,1,313,303,357,345,354,369,344,343,0,0,1368,1360,2728,2891,2431,2641,2698,10.227272727272727,9.232954545454545,2.414772727272727,42.32954545454545,23.4375,11.505681818181818,11.126760563380282,13.23943661971831,2.535211267605634,61.83098591549296,10.140845070422536,0.9859154929577465,13.797814207650273,15.846994535519126,2.5956284153005464,41.939890710382514,12.158469945355192,6.557377049180328,11.275167785234899,26.040268456375838,7.651006711409396,26.040268456375838,16.51006711409396,8.322147651006711,0.9389671361502347,47.26134585289515,51.799687010954614,25.377643504531722,34.290030211480364,40.33232628398792,16.23134328358209,44.58955223880597,39.17910447761194,6.902356902356902,33.16498316498316,59.93265993265993,80.0925925925926,19.598765432098766,0.30864197530864196,0,0,98.0309423347398,1.969057665260197,0,0,0,99.09909909909909,0.9009009009009009,0,0,0,97.07792207792208,2.9220779220779223,0,0,0,53.64341085271318,12.4031007751938,30.697674418604652,3.10077519379845,0.15503875968992248,43.11649016641452,45.839636913767016,10.892586989409985,0.15128593040847202,0,53.3532041728763,45.007451564828614,1.3412816691505216,0.29806259314456035,0,16.08876560332871,46.18585298196949,30.374479889042995,4.715672676837725,2.635228848821082
301265,2603,0,4,13,1,413,41301,0,0,1,178,174,183,178,215,203,216,230,0,0,792,785,1577,1606,1561,1607,1559,11.16504854368932,6.553398058252427,14.320388349514563,53.398058252427184,7.524271844660194,2.912621359223301,15.333333333333334,12.88888888888889,10,14.88888888888889,12,10.88888888888889,18.96551724137931,24.71264367816092,0,21.264367816091955,31.32183908045977,2.0114942528735633,16.414141414141415,13.88888888888889,5.05050505050505,44.44444444444444,13.383838383838384,6.313131313131313,36.705882352941174,24.470588235294116,38.8235294117647,3.695150115473441,32.10161662817552,64.20323325635104,3.048780487804878,30.48780487804878,66.46341463414635,8,28.266666666666666,63.733333333333334,99.02912621359224,0.7281553398058253,0.24271844660194175,0,0,98.22616407982261,1.7738359201773837,0,0,0,99.42528735632185,0.5747126436781609,0,0,0,99.24242424242425,0.7575757575757576,0,0,0,0.7058823529411765,48,28.941176470588236,18.352941176470587,4,57.043879907621246,30.94688221709007,10.854503464203233,1.1547344110854503,0,56.707317073170735,35.670731707317074,7.621951219512195,0,0,73.45844504021447,25.737265415549597,0.2680965147453083,0.5361930294906166,0
305442,2376,0,15,16,1,1516,151601,0,0,1,134,138,156,140,161,132,150,144,0,0,601,554,1155,1092,963,1092,1028,17.77777777777778,7.777777777777778,16.666666666666668,20.74074074074074,23.703703703703702,12.592592592592593,10.469314079422382,16.967509025270758,19.494584837545126,12.635379061371841,16.24548736462094,24.187725631768952,8.363636363636363,12.363636363636363,25.818181818181817,4.363636363636363,20.727272727272727,28,4.444444444444445,11.481481481481481,34.81481481481482,4.814814814814815,14.444444444444445,30,75.1004016064257,20.080321285140563,4.819277108433735,86.61087866108787,13.389121338912133,0,66.37931034482759,29.74137931034483,3.8793103448275863,65.4320987654321,30.864197530864196,3.7037037037037037,87.13235294117646,12.867647058823529,0,0,0,95.65217391304348,4.3478260869565215,0,0,0,98.9051094890511,1.094890510948905,0,0,0,98.88888888888889,1.1111111111111112,0,0,0,20.224719101123597,38.951310861423224,33.70786516853933,6.741573033707865,0.37453183520599254,35.573122529644266,56.91699604743083,7.1146245059288535,0.3952569169960474,0,48.07692307692308,42.30769230769231,5.384615384615385,3.076923076923077,1.1538461538461537,34.274193548387096,65.3225806451613,0.4032258064516129,0,0
500339,2290,0,15,5,1,1505,150501,0,0,1,164,179,178,187,177,217,188,198,0,0,707,781,1488,1463,1390,1441,1400,13.279132791327914,14.634146341463415,16.802168021680217,37.94037940379404,12.195121951219512,2.710027100271003,18.67007672634271,8.695652173913043,3.3248081841432224,30.690537084398976,19.18158567774936,15.601023017902813,14.457831325301205,15.36144578313253,11.44578313253012,15.662650602409638,14.457831325301205,16.867469879518072,29.919137466307276,12.93800539083558,1.0781671159029649,43.66576819407008,8.625336927223719,0.5390835579514824,0.5747126436781609,17.528735632183906,81.89655172413794,1.0554089709762533,20.316622691292874,78.62796833773088,0.6369426751592356,10.509554140127388,88.85350318471338,0.5730659025787965,5.444126074498567,93.98280802292264,67.12328767123287,30.410958904109588,2.4657534246575343,0,0,93.6842105263158,6.315789473684211,0,0,0,97.59036144578313,2.4096385542168677,0,0,0,26.923076923076923,73.07692307692308,0,0,0,25.852272727272727,46.875,21.875,5.3977272727272725,0,56.03217158176944,43.96782841823056,0,0,0,65.27331189710611,32.79742765273312,1.607717041800643,0.3215434083601286,0,5.769230769230769,74.72527472527473,17.307692307692307,2.197802197802198,0
305435,2278,0,15,3,1,1503,150301,0,0,1,203,170,194,237,196,197,214,234,0,0,807,838,1645,1700,729,1684,1684,6.540084388185654,9.49367088607595,17.932489451476794,22.573839662447256,16.666666666666668,25.10548523206751,17.084282460136674,12.528473804100228,3.8724373576309796,29.612756264236904,18.223234624145785,18.678815489749432,28.571428571428573,13.186813186813186,5.769230769230769,32.69230769230769,10.714285714285714,1.9230769230769231,17.257683215130022,11.11111111111111,5.4373522458628845,45.8628841607565,14.657210401891254,1.6548463356973995,41.732283464566926,19.68503937007874,38.58267716535433,25.806451612903224,15.053763440860216,59.13978494623656,49.16201117318436,7.82122905027933,43.01675977653631,21.09704641350211,5.063291139240507,73.83966244725738,38.47780126849894,45.243128964059196,16.27906976744186,0,0,79.19463087248322,20.80536912751678,0,0,0,96.14243323442136,3.857566765578635,0,0,0,74.23887587822014,25.526932084309134,0.234192037470726,0,0,7.28051391862955,34.261241970021416,41.97002141327623,16.059957173447536,0.4282655246252677,10.561797752808989,36.40449438202247,45.61797752808989,7.191011235955056,0.2247191011235955,36.7816091954023,39.367816091954026,22.701149425287355,1.1494252873563218,0,7.783018867924528,86.79245283018868,5.4245283018867925,0,0
308134,2584,0,4,17,8,417,41708,0,0,1,266,214,298,302,331,298,291,307,0,0,1186,1121,2307,2103,2103,2335,2226,1.244167962674961,8.398133748055988,21.46189735614308,15.707620528771384,32.50388802488336,18.351477449455675,17.26078799249531,23.827392120075046,4.315196998123827,4.315196998123827,28.705440900562852,20.45028142589118,34.94252873563219,37.701149425287355,4.367816091954023,3.218390804597701,7.35632183908046,4.367816091954023,20.121951219512194,19.10569105691057,12.601626016260163,16.869918699186993,14.227642276422765,7.520325203252033,7.776049766718507,53.6547433903577,38.5692068429238,3.0018761726078798,37.5234521575985,59.47467166979362,0,32.41379310344828,67.58620689655173,0,40.447154471544714,59.552845528455286,67.51054852320675,29.957805907172997,2.5316455696202533,0,0,89.02027027027027,10.304054054054054,0.6756756756756757,0,0,93.125,6.875,0,0,0,61.594202898550726,38.04347826086956,0.36231884057971014,0,0,59.17496443812233,38.26458036984353,2.5604551920341394,0,0,72.23230490018149,23.95644283121597,3.629764065335753,0.18148820326678766,0,91.4798206278027,8.52017937219731,0,0,0,46.38783269961977,52.661596958174904,0.5703422053231939,0.38022813688212925,0
305452,2385,0,15,5,1,1505,150501,0,0,1,342,327,342,345,378,342,366,390,0,0,1428,1404,2832,2548,1916,2653,2608,3.6075036075036073,19.19191919191919,8.658008658008658,11.3997113997114,34.343434343434346,1.443001443001443,3.84,21.76,10.4,8.8,19.2,11.84,3.389830508474576,18.983050847457626,12.711864406779661,7.966101694915254,9.491525423728813,13.898305084745763,2.8125,14.0625,16.71875,3.59375,5.3125,20.625,11.183144246353322,20.097244732576986,68.7196110210697,5.996131528046422,38.297872340425535,55.705996131528046,3.7688442211055277,21.85929648241206,74.37185929648241,3.125,16.40625,80.46875,86.68478260869566,12.63586956521739,0.6793478260869565,0,0,88.93805309734513,10.47197640117994,0.5899705014749262,0,0,91.88741721854305,8.112582781456954,0,0,0,96.06299212598425,3.937007874015748,0,0,0,0.5298013245033113,3.576158940397351,38.145695364238414,41.854304635761586,15.894039735099337,3.7037037037037037,24.382716049382715,43.364197530864196,22.993827160493826,5.555555555555555,1.5177065767284992,10.961214165261383,31.534569983136592,36.930860033726816,19.05564924114671,1.9607843137254901,34.31372549019608,47.712418300653596,10.457516339869281,5.555555555555555
312330,1763,1,7,3,8,703,70308,0,1,0,25,29,43,46,57,52,54,65,0,0,179,192,371,352,343,354,334,0,6.818181818181818,4.545454545454546,11.363636363636363,54.54545454545455,22.727272727272727,5.833333333333333,10.833333333333334,5.833333333333333,35.833333333333336,23.333333333333332,18.333333333333332,0,12.5,12.5,8.928571428571429,42.857142857142854,21.428571428571427,0,15.909090909090908,25,4.545454545454546,48.86363636363637,5.681818181818182,4.651162790697675,60.46511627906977,34.883720930232556,8.695652173913043,43.47826086956522,47.82608695652174,3.6363636363636362,60,36.36363636363637,2.2988505747126435,66.66666666666667,31.03448275862069,100,0,0,0,0,100,0,0,0,0,100,0,0,0,0,98.86363636363636,1.1363636363636365,0,0,0,61.904761904761905,29.761904761904763,8.333333333333334,0,0,75,24.137931034482758,0.8620689655172413,0,0,91.66666666666667,8.333333333333334,0,0,0,65.11627906976744,33.72093023255814,0,1.1627906976744187,0
305710,1756,1,7,3,2,703,70302,0,1,0,39,31,50,43,40,36,43,46,0,0,172,156,328,303,299,303,299,27.906976744186046,26.74418604651163,17.441860465116278,1.1627906976744187,10.465116279069768,12.790697674418604,18.309859154929576,18.309859154929576,14.084507042253522,7.042253521126761,9.859154929577464,21.12676056338028,13.235294117647058,19.11764705882353,20.58823529411765,2.9411764705882355,8.823529411764707,19.11764705882353,8.974358974358974,16.666666666666668,19.23076923076923,7.6923076923076925,14.102564102564102,11.538461538461538,3.6144578313253013,80.72289156626506,15.662650602409638,2.9411764705882355,26.470588235294116,70.58823529411765,7.462686567164179,52.23880597014925,40.298507462686565,2.4691358024691357,55.55555555555556,41.97530864197531,93.02325581395348,6.976744186046512,0,0,0,100,0,0,0,0,100,0,0,0,0,100,0,0,0,0,69.87951807228916,20.481927710843372,9.63855421686747,0,0,63.23529411764706,35.294117647058826,1.4705882352941178,0,0,95.5223880597015,4.477611940298507,0,0,0,97.53086419753086,2.4691358024691357,0,0,0
305655,2059,1,11,1,1,1101,110101,0,1,0,5,10,14,11,8,11,4,13,0,0,31,45,76,100,93,101,93,0,37.03703703703704,11.11111111111111,7.407407407407407,40.74074074074074,0,3.5714285714285716,32.142857142857146,14.285714285714286,3.5714285714285716,39.285714285714285,0,0,40,10,10,30,0,0,32,16,4,32,0,3.8461538461538463,42.30769230769231,53.84615384615385,4,36,60,6.25,37.5,56.25,0,38.46153846153846,61.53846153846154,62.96296296296296,29.62962962962963,7.407407407407407,0,0,46.42857142857143,42.857142857142854,10.714285714285714,0,0,66.66666666666667,14.285714285714286,19.047619047619047,0,0,44,32,24,0,0,15.384615384615385,38.46153846153846,42.30769230769231,3.8461538461538463,0,15.384615384615385,42.30769230769231,26.923076923076923,15.384615384615385,0,14.285714285714286,50,28.571428571428573,7.142857142857143,0,18.51851851851852,29.62962962962963,37.03703703703704,14.814814814814815,0
305581,1757,1,7,3,3,703,70303,0,1,0,13,17,20,19,16,20,25,17,0,0,74,73,147,164,160,163,163,15.217391304347826,4.3478260869565215,4.3478260869565215,10.869565217391305,41.30434782608695,19.565217391304348,4.3478260869565215,4.3478260869565215,2.1739130434782608,8.695652173913043,54.34782608695652,26.08695652173913,0,0,0,32.25806451612903,54.83870967741935,12.903225806451612,2.4390243902439024,0,0,58.53658536585366,31.70731707317073,7.317073170731708,19.148936170212767,61.702127659574465,19.148936170212767,22.22222222222222,77.77777777777777,0,28.571428571428573,71.42857142857143,0,20,80,0,78.26086956521739,17.391304347826086,4.3478260869565215,0,0,97.82608695652173,2.1739130434782608,0,0,0,90.3225806451613,9.67741935483871,0,0,0,97.5,2.5,0,0,0,34.69387755102041,51.02040816326531,10.204081632653061,2.0408163265306123,2.0408163265306123,77.77777777777777,22.22222222222222,0,0,0,96.55172413793103,3.4482758620689653,0,0,0,97.5,2.5,0,0,0
303130,1764,1,7,3,9,703,70309,0,1,0,55,61,110,85,98,84,94,98,0,0,357,328,685,735,689,730,687,3.5714285714285716,2.0408163265306123,2.5510204081632653,73.9795918367347,8.16326530612245,9.693877551020408,2.5906735751295336,4.66321243523316,0.5181347150259067,72.02072538860104,16.06217616580311,4.1450777202072535,16.666666666666668,3.6231884057971016,1.4492753623188406,55.79710144927536,21.014492753623188,1.4492753623188406,11.057692307692308,2.8846153846153846,0.4807692307692308,70.1923076923077,12.98076923076923,2.4038461538461537,58.69565217391305,29.347826086956523,11.956521739130435,86.44067796610169,9.6045197740113,3.9548022598870056,78.94736842105263,18.045112781954888,3.007518796992481,28.205128205128204,66.66666666666667,5.128205128205129,79.79274611398964,20.207253886010363,0,0,0,96.3157894736842,3.6842105263157894,0,0,0,100,0,0,0,0,72.59615384615384,27.403846153846153,0,0,0,56.59340659340659,38.46153846153846,4.945054945054945,0,0,92.65536723163842,6.779661016949152,0.5649717514124294,0,0,98.49624060150376,1.5037593984962405,0,0,0,86.66666666666667,13.333333333333334,0,0,0
312354,1765,1,7,3,9,703,70309,0,1,0,4,13,12,8,9,12,12,18,0,0,37,51,88,113,103,112,103,7.142857142857143,17.857142857142858,21.428571428571427,3.5714285714285716,7.142857142857143,7.142857142857143,5.128205128205129,12.820512820512821,25.641025641025642,5.128205128205129,5.128205128205129,7.6923076923076925,0,9.090909090909092,13.636363636363637,4.545454545454546,4.545454545454546,4.545454545454546,0,12.5,12.5,0,4.166666666666667,4.166666666666667,7.407407407407407,51.851851851851855,40.74074074074074,5.405405405405405,40.54054054054054,54.054054054054056,5.2631578947368425,36.8421052631579,57.89473684210526,0,25,75,96.42857142857143,3.5714285714285716,0,0,0,100,0,0,0,0,100,0,0,0,0,100,0,0,0,0,85.18518518518519,14.814814814814815,0,0,0,100,0,0,0,0,100,0,0,0,0,100,0,0,0,0
305849,2103,1,11,5,3,1105,110503,0,1,0,18,22,19,14,19,11,13,14,0,0,69,61,130,112,88,110,97,10.81081081081081,35.13513513513514,24.324324324324323,2.7027027027027026,5.405405405405405,8.108108108108109,10.344827586206897,27.586206896551722,24.137931034482758,10.344827586206897,13.793103448275861,6.896551724137931,0,36,44,0,0,4,0,61.904761904761905,28.571428571428573,0,0,4.761904761904762,35.714285714285715,60.714285714285715,3.5714285714285716,23.80952380952381,71.42857142857143,4.761904761904762,21.73913043478261,73.91304347826087,4.3478260869565215,31.25,56.25,12.5,97.36842105263158,2.6315789473684212,0,0,0,100,0,0,0,0,100,0,0,0,0,100,0,0,0,0,62.5,34.375,3.125,0,0,61.53846153846154,38.46153846153846,0,0,0,95.65217391304348,4.3478260869565215,0,0,0,100,0,0,0,0
305500,2055,1,11,1,1,1101,110101,0,1,0,10,11,20,13,12,11,12,7,0,0,54,42,96,119,123,117,123,0,2.7777777777777777,5.555555555555555,47.22222222222222,44.44444444444444,0,0,5.882352941176471,0,52.94117647058823,35.294117647058826,5.882352941176471,15,25,0,45,15,0,0,24.137931034482758,0,48.275862068965516,27.586206896551722,0,16.666666666666668,69.44444444444444,13.88888888888889,17.142857142857142,68.57142857142857,14.285714285714286,13.043478260869565,78.26086956521739,8.695652173913043,20.689655172413794,68.96551724137932,10.344827586206897,88.88888888888889,11.11111111111111,0,0,0,100,0,0,0,0,100,0,0,0,0,93.10344827586206,6.896551724137931,0,0,0,88.88888888888889,11.11111111111111,0,0,0,88.57142857142857,11.428571428571429,0,0,0,100,0,0,0,0,93.10344827586206,6.896551724137931,0,0,0
312355,1759,1,7,3,4,703,70304,0,1,0,15,17,27,22,28,29,23,17,0,0,93,85,178,153,147,154,145,0,15.789473684210526,7.894736842105263,21.05263157894737,50,5.2631578947368425,0,8.108108108108109,10.81081081081081,16.216216216216218,48.648648648648646,16.216216216216218,0,11.764705882352942,5.882352941176471,2.9411764705882355,64.70588235294117,14.705882352941176,6.818181818181818,18.181818181818183,15.909090909090908,15.909090909090908,43.18181818181818,0,0,73.6842105263158,26.31578947368421,0,57.89473684210526,42.10526315789474,0,60,40,0,68.29268292682927,31.70731707317073,87.17948717948718,12.820512820512821,0,0,0,100,0,0,0,0,100,0,0,0,0,100,0,0,0,0,86.84210526315789,13.157894736842104,0,0,0,97.36842105263158,2.6315789473684212,0,0,0,96.42857142857143,3.5714285714285716,0,0,0,97.5609756097561,2.4390243902439024,0,0,0
501903,2095,1,11,10,1,1110,111001,0,1,0,25,20,24,21,16,13,22,11,0,0,87,65,152,110,110,110,107,0,13.333333333333334,3.3333333333333335,50,26.666666666666668,6.666666666666667,0,2.5,2.5,67.5,25,2.5,0,0,5.882352941176471,64.70588235294117,17.647058823529413,11.764705882352942,8.695652173913043,8.695652173913043,4.3478260869565215,21.73913043478261,52.17391304347826,4.3478260869565215,38.70967741935484,54.83870967741935,6.451612903225806,48.648648648648646,43.24324324324324,8.108108108108109,47.05882352941177,35.294117647058826,17.647058823529413,20,60,20,83.33333333333333,16.666666666666668,0,0,0,95,5,0,0,0,100,0,0,0,0,91.30434782608695,8.695652173913043,0,0,0,45.16129032258065,51.61290322580645,3.225806451612903,0,0,68.57142857142857,22.857142857142858,8.571428571428571,0,0,93.75,6.25,0,0,0,84,16,0,0,0
500665,1808,0,7,5,27,705,70527,0,1,0,32,33,32,52,33,49,57,52,0,0,154,186,340,337,322,338,330,3.7383177570093458,6.542056074766355,5.607476635514018,39.25233644859813,22.429906542056074,21.49532710280374,4.3478260869565215,4.3478260869565215,6.521739130434782,60.869565217391305,18.47826086956522,5.434782608695652,19.047619047619047,4.761904761904762,12.698412698412698,49.20634920634921,11.11111111111111,3.1746031746031744,5.333333333333333,8,6.666666666666667,28,26.666666666666668,24,96.07843137254902,2.9411764705882355,0.9803921568627451,91.86046511627907,5.813953488372093,2.3255813953488373,83.87096774193549,14.516129032258064,1.6129032258064515,73.61111111111111,23.61111111111111,2.7777777777777777,100,0,0,0,0,97.82608695652173,2.1739130434782608,0,0,0,100,0,0,0,0,98.7012987012987,1.2987012987012987,0,0,0,100,0,0,0,0,100,0,0,0,0,100,0,0,0,0,100,0,0,0,0
312462,1782,0,7,5,20,705,70520,0,1,0,13,12,9,12,15,13,13,8,0,0,50,45,95,71,79,83,76,18.75,6.25,6.25,18.75,31.25,18.75,11.11111111111111,0,0,50,22.22222222222222,16.666666666666668,26.08695652173913,8.695652173913043,4.3478260869565215,60.869565217391305,0,0,14.285714285714286,0,7.142857142857143,50,21.428571428571427,7.142857142857143,5.555555555555555,16.666666666666668,77.77777777777777,5,10,85,7.6923076923076925,15.384615384615385,76.92307692307692,0,20,80,77.77777777777777,22.22222222222222,0,0,0,80,20,0,0,0,89.65517241379311,10.344827586206897,0,0,0,100,0,0,0,0,76.47058823529412,23.529411764705884,0,0,0,80,20,0,0,0,72,28,0,0,0,64.28571428571429,35.714285714285715,0,0,0
306038,2023,0,11,2,2,1102,110202,0,1,0,11,12,13,20,11,8,7,12,0,0,42,52,94,115,116,115,111,3.0303030303030303,0,21.21212121212121,30.303030303030305,21.21212121212121,24.242424242424242,0,3.5714285714285716,7.142857142857143,35.714285714285715,32.142857142857146,21.428571428571427,4,4,24,8,36,24,6.896551724137931,6.896551724137931,10.344827586206897,20.689655172413794,20.689655172413794,34.48275862068966,11.764705882352942,67.6470588235294,20.58823529411765,6.896551724137931,48.275862068965516,44.827586206896555,8.333333333333334,58.333333333333336,33.333333333333336,0,58.62068965517241,41.37931034482759,42.42424242424242,54.54545454545455,3.0303030303030303,0,0,96.42857142857143,3.5714285714285716,0,0,0,100,0,0,0,0,93.10344827586206,6.896551724137931,0,0,0,0,57.57575757575758,24.242424242424242,18.181818181818183,0,0,89.28571428571429,7.142857142857143,3.5714285714285716,0,0,61.904761904761905,19.047619047619047,19.047619047619047,0,0,58.62068965517241,20.689655172413794,20.689655172413794,0
500221,1807,0,7,5,27,705,70527,0,1,0,16,10,19,25,20,21,11,12,0,0,66,68,134,96,92,107,108,22.727272727272727,18.181818181818183,9.090909090909092,31.818181818181817,4.545454545454546,9.090909090909092,4,8,24,36,16,12,22.22222222222222,16.666666666666668,16.666666666666668,27.77777777777778,0,11.11111111111111,12.903225806451612,9.67741935483871,9.67741935483871,22.580645161290324,22.580645161290324,19.35483870967742,95.83333333333333,4.166666666666667,0,84,12,4,90,10,0,73.91304347826087,21.73913043478261,4.3478260869565215,96.875,3.125,0,0,0,66.66666666666667,33.333333333333336,0,0,0,90,10,0,0,0,100,0,0,0,0,88.46153846153847,11.538461538461538,0,0,0,61.53846153846154,34.61538461538461,3.8461538461538463,0,0,86.36363636363636,13.636363636363637,0,0,0,88.23529411764706,11.764705882352942,0,0,0
500744,1843,0,7,8,1,708,70801,0,1,0,17,15,25,22,19,19,23,20,0,0,84,76,160,170,167,170,166,9.090909090909092,16.363636363636363,36.36363636363637,7.2727272727272725,3.6363636363636362,12.727272727272727,5,15,30,2.5,7.5,10,5.882352941176471,11.764705882352942,29.41176470588235,2.9411764705882355,5.882352941176471,14.705882352941176,2.4390243902439024,2.4390243902439024,24.390243902439025,0,2.4390243902439024,9.75609756097561,1.7857142857142858,1.7857142857142858,96.42857142857143,0,2.5641025641025643,97.43589743589743,2.9411764705882355,2.9411764705882355,94.11764705882354,2.6315789473684212,0,97.36842105263158,98.18181818181819,1.8181818181818181,0,0,0,100,0,0,0,0,100,0,0,0,0,100,0,0,0,0,90.9090909090909,9.090909090909092,0,0,0,92.3076923076923,7.6923076923076925,0,0,0,91.17647058823529,8.823529411764707,0,0,0,100,0,0,0,0
305884,2054,0,11,1,1,1101,110101,0,1,0,45,28,61,48,51,43,31,46,1,1,189,166,355,402,402,402,400,12.8,34.4,14.4,1.6,15.2,17.6,13.861386138613861,40.59405940594059,19.801980198019802,0.9900990099009901,7.920792079207921,12.871287128712872,23.376623376623378,24.675324675324674,14.285714285714286,0,14.285714285714286,20.77922077922078,28.282828282828284,26.262626262626263,13.131313131313131,0,4.040404040404041,24.242424242424242,12.396694214876034,40.49586776859504,47.107438016528924,9.615384615384615,41.34615384615385,49.03846153846154,14.102564102564102,44.87179487179487,41.02564102564103,8.080808080808081,34.343434343434346,57.57575757575758,0,7.2,84,8.8,0,0,6.930693069306931,76.23762376237623,16.831683168316832,0,0,14.285714285714286,83.11688311688312,2.5974025974025974,0,0,13.131313131313131,84.84848484848484,2.0202020202020203,0,0,12.711864406779661,68.64406779661017,17.796610169491526,0.847457627118644,0,5.714285714285714,63.80952380952381,30.476190476190474,0,0,7.792207792207792,79.22077922077922,12.987012987012987,0,0,6,79,15,0
303170,1827,0,7,9,1,709,70901,0,1,0,24,15,34,33,36,28,28,25,0,0,122,101,223,202,183,201,187,0,9.803921568627452,43.13725490196079,3.9215686274509802,19.607843137254903,23.529411764705884,0,13.636363636363637,9.090909090909092,27.272727272727273,34.84848484848485,15.151515151515152,11.764705882352942,14.705882352941176,23.529411764705884,17.647058823529413,23.529411764705884,5.882352941176471,9.803921568627452,21.568627450980394,29.41176470588235,9.803921568627452,19.607843137254903,9.803921568627452,11.11111111111111,48.888888888888886,40,24.615384615384617,52.30769230769231,23.076923076923077,19.35483870967742,32.25806451612903,48.38709677419355,14.285714285714286,30.952380952380953,54.76190476190476,78.84615384615384,21.153846153846153,0,0,0,96.92307692307692,3.076923076923077,0,0,0,100,0,0,0,0,100,0,0,0,0,13.333333333333334,75.55555555555556,6.666666666666667,4.444444444444445,0,68.33333333333333,31.666666666666668,0,0,0,100,0,0,0,0,97.95918367346938,2.0408163265306123,0,0,0
500787,1848,0,7,8,1,708,70801,0,1,0,22,17,27,28,27,27,17,20,0,0,93,92,185,197,196,195,197,2.0408163265306123,10.204081632653061,32.6530612244898,24.489795918367346,16.3265306122449,14.285714285714286,8.771929824561404,17.54385964912281,12.280701754385966,7.017543859649122,29.82456140350877,17.54385964912281,11.904761904761905,21.428571428571427,16.666666666666668,11.904761904761905,19.047619047619047,11.904761904761905,0,34.69387755102041,14.285714285714286,0,12.244897959183673,24.489795918367346,3.9215686274509802,47.05882352941177,49.01960784313726,0,51.851851851851855,48.148148148148145,0,61.904761904761905,38.095238095238095,0,40.816326530612244,59.183673469387756,95.91836734693878,4.081632653061225,0,0,0,100,0,0,0,0,100,0,0,0,0,100,0,0,0,0,30.612244897959183,53.06122448979592,14.285714285714286,2.0408163265306123,0,43.85964912280702,56.14035087719298,0,0,0,57.142857142857146,40.476190476190474,2.380952380952381,0,0,38.775510204081634,57.142857142857146,4.081632653061225,0,0
500667,1810,0,7,5,28,705,70528,0,1,0,16,20,37,27,34,35,22,23,0,0,109,105,214,204,200,204,189,0,19.444444444444443,6.944444444444445,8.333333333333334,41.666666666666664,23.61111111111111,0,32,20,12,20,16,0,15.625,31.25,0,37.5,15.625,0,30,16,10,24,20,2.857142857142857,61.42857142857143,35.714285714285715,8.333333333333334,60.416666666666664,31.25,9.67741935483871,58.064516129032256,32.25806451612903,0,58.8235294117647,41.1764705882353,84.72222222222223,11.11111111111111,4.166666666666667,0,0,96,4,0,0,0,100,0,0,0,0,100,0,0,0,0,72.88135593220339,16.949152542372882,10.169491525423728,0,0,79.16666666666667,14.583333333333334,6.25,0,0,70.96774193548387,19.35483870967742,9.67741935483871,0,0,72.54901960784314,15.686274509803921,11.764705882352942,0,0
501071,2057,0,11,1,1,1101,110101,0,1,0,10,9,14,16,13,10,10,7,0,0,47,42,89,91,71,91,94,0,4,32,8,16,36,0,7.142857142857143,0,28.571428571428573,50,0,0,25,0,12.5,62.5,0,4.545454545454546,13.636363636363637,0,27.272727272727273,54.54545454545455,0,14.285714285714286,35.714285714285715,50,8.333333333333334,41.666666666666664,50,0,6.25,93.75,17.647058823529413,52.94117647058823,29.41176470588235,44,56,0,0,0,100,0,0,0,0,100,0,0,0,0,100,0,0,0,0,24,64,12,0,0,58.62068965517241,24.137931034482758,17.24137931034483,0,0,87.5,12.5,0,0,0,79.16666666666667,8.333333333333334,12.5,0,0
303046,1802,0,7,5,27,705,70527,0,1,0,48,36,62,49,55,52,66,43,0,0,231,180,411,371,355,363,367,1.1904761904761905,33.333333333333336,19.047619047619047,2.380952380952381,32.142857142857146,11.904761904761905,5.357142857142857,30.357142857142858,2.6785714285714284,10.714285714285714,16.071428571428573,31.25,0,0,5,12.5,61.25,21.25,0,0,5.2631578947368425,15.789473684210526,56.8421052631579,21.05263157894737,10.465116279069768,62.7906976744186,26.74418604651163,29.906542056074766,64.48598130841121,5.607476635514018,21.73913043478261,78.26086956521739,0,24.731182795698924,75.26881720430107,0,100,0,0,0,0,100,0,0,0,0,100,0,0,0,0,94.68085106382979,5.319148936170213,0,0,0,95.34883720930233,4.651162790697675,0,0,0,97.32142857142857,2.6785714285714284,0,0,0,96,4,0,0,0,86.17021276595744,13.829787234042554,0,0,0
325303,1863,0,7,7,1,707,70701,0,1,0,33,29,54,50,45,49,43,40,0,0,175,168,343,292,267,296,101,9.411764705882353,3.5294117647058822,1.1764705882352942,76.47058823529412,9.411764705882353,0,31.666666666666668,35,0,21.666666666666668,6.666666666666667,3.3333333333333335,25.925925925925927,12.962962962962964,5.555555555555555,18.51851851851852,20.37037037037037,11.11111111111111,27.956989247311828,20.43010752688172,1.075268817204301,27.956989247311828,18.27956989247312,3.225806451612903,22.07792207792208,55.84415584415584,22.07792207792208,48.214285714285715,39.285714285714285,12.5,9.615384615384615,63.46153846153846,26.923076923076923,36.58536585365854,39.02439024390244,24.390243902439025,10.465116279069768,68.6046511627907,19.767441860465116,1.1627906976744187,0,49.152542372881356,47.45762711864407,3.389830508474576,0,0,9.090909090909092,81.81818181818181,9.090909090909092,0,0,12.5,73.95833333333333,10.416666666666666,3.125,0,58.333333333333336,41.666666666666664,0,0,0,11.538461538461538,73.07692307692308,15.384615384615385,0,0,28,68,4,0,0,76.92307692307692,23.076923076923077,0,0,0
500208,1760,0,7,3,5,703,70305,0,1,0,4,8,9,4,17,5,11,6,0,0,41,23,64,60,62,59,62,0,21.05263157894737,15.789473684210526,26.31578947368421,26.31578947368421,10.526315789473685,0,15.384615384615385,15.384615384615385,23.076923076923077,46.15384615384615,0,7.142857142857143,0,28.571428571428573,21.428571428571427,42.857142857142854,0,21.428571428571427,0,42.857142857142854,14.285714285714286,0,21.428571428571427,15.789473684210526,73.6842105263158,10.526315789473685,7.6923076923076925,38.46153846153846,53.84615384615385,0,13.333333333333334,86.66666666666667,0,20,80,31.57894736842105,68.42105263157895,0,0,0,69.23076923076923,30.76923076923077,0,0,0,92.85714285714286,7.142857142857143,0,0,0,84.61538461538461,15.384615384615385,0,0,0,94.73684210526316,5.2631578947368425,0,0,0,100,0,0,0,0,100,0,0,0,0,100,0,0,0,0
312401,1796,0,7,5,25,705,70525,0,1,0,71,49,55,48,68,57,42,50,0,0,236,204,440,332,324,471,467,0,0,0,100,0,0,0,0,0,100,0,0,0,0,0,100,0,0,0,0,0,100,0,0,31.03448275862069,39.6551724137931,29.310344827586206,9.89010989010989,45.05494505494506,45.05494505494506,22.80701754385965,10.526315789473685,66.66666666666667,28.333333333333332,55,16.666666666666668,92.91338582677166,7.086614173228346,0,0,0,97.52066115702479,2.479338842975207,0,0,0,100,0,0,0,0,95,5,0,0,0,89.68253968253968,10.317460317460318,0,0,0,99.15966386554622,0.8403361344537815,0,0,0,98.03921568627452,1.9607843137254901,0,0,0,84.16666666666667,15.833333333333334,0,0,0
303136,1817,0,7,6,1,706,70601,0,1,0,26,27,34,39,44,34,47,39,0,0,151,139,290,312,298,308,298,17.117117117117118,11.711711711711711,7.207207207207207,31.53153153153153,20.72072072072072,10.81081081081081,6.25,7.5,6.25,38.75,35,6.25,12.727272727272727,9.090909090909092,10.909090909090908,30.90909090909091,20,16.363636363636363,3.0303030303030303,7.575757575757576,21.21212121212121,34.84848484848485,21.21212121212121,10.606060606060606,48.148148148148145,35.18518518518518,16.666666666666668,39.473684210526315,35.526315789473685,25,44.89795918367347,38.775510204081634,16.3265306122449,15.384615384615385,44.61538461538461,40,97.24770642201835,2.7522935779816513,0,0,0,96.20253164556962,3.7974683544303796,0,0,0,100,0,0,0,0,100,0,0,0,0,76.14678899082568,22.01834862385321,1.834862385321101,0,0,68.42105263157895,27.63157894736842,3.9473684210526314,0,0,70.83333333333333,29.166666666666668,0,0,0,41.53846153846154,0,33.84615384615385,24.615384615384617,0
312435,1862,0,7,7,1,707,70701,0,1,0,23,14,19,18,29,23,24,26,0,0,95,81,176,165,163,165,0,42.592592592592595,1.8518518518518519,3.7037037037037037,35.18518518518518,12.962962962962964,3.7037037037037037,18,0,0,72,8,2,37.03703703703704,7.407407407407407,0,44.44444444444444,7.407407407407407,0,29.41176470588235,0,0,55.88235294117647,5.882352941176471,0,60.37735849056604,28.30188679245283,11.320754716981131,61.224489795918366,20.408163265306122,18.367346938775512,11.11111111111111,40.74074074074074,48.148148148148145,85.29411764705883,14.705882352941176,0,44.44444444444444,55.55555555555556,0,0,0,56,32,12,0,0,81.48148148148148,18.51851851851852,0,0,0,61.76470588235294,38.23529411764706,0,0,0,NA,NA,NA,NA,NA,NA,NA,NA,NA,NA,NA,NA,NA,NA,NA,NA,NA,NA,NA,NA
502186,2076,0,11,1,1,1101,110101,0,1,0,7,5,6,12,7,12,4,3,0,0,24,32,56,60,59,61,60,0,0,10.526315789473685,31.57894736842105,26.31578947368421,31.57894736842105,0,0,0,26.31578947368421,31.57894736842105,42.10526315789474,0,12.5,12.5,50,0,25,7.142857142857143,7.142857142857143,14.285714285714286,28.571428571428573,21.428571428571427,21.428571428571427,36.8421052631579,26.31578947368421,36.8421052631579,44.44444444444444,22.22222222222222,33.333333333333336,37.5,25,37.5,35.714285714285715,28.571428571428573,35.714285714285715,100,0,0,0,0,100,0,0,0,0,100,0,0,0,0,100,0,0,0,0,23.80952380952381,76.19047619047619,0,0,0,64.70588235294117,29.41176470588235,5.882352941176471,0,0,87.5,12.5,0,0,0,92.85714285714286,7.142857142857143,0,0,0
500782,1850,0,7,8,1,708,70801,0,1,0,94,101,102,114,105,121,119,129,0,0,420,465,885,950,931,955,942,2.7491408934707904,10.309278350515465,31.95876288659794,13.058419243986254,20.274914089347078,20.61855670103093,0.4048582995951417,6.477732793522267,36.43724696356275,1.6194331983805668,21.86234817813765,31.983805668016196,3.6649214659685865,34.55497382198953,34.55497382198953,4.712041884816754,14.659685863874346,7.329842931937173,0.45248868778280543,14.479638009049774,35.74660633484163,1.8099547511312217,19.457013574660632,25.339366515837103,3.4965034965034967,34.61538461538461,61.88811188811189,1.639344262295082,50.40983606557377,47.950819672131146,1.0638297872340425,39.361702127659576,59.57446808510638,0.4694835680751174,25.35211267605634,74.17840375586854,89.15254237288136,10.508474576271187,0.3389830508474576,0,0,99.19354838709677,0.8064516129032258,0,0,0,100,0,0,0,0,97.28506787330316,2.7149321266968327,0,0,0,29.72027972027972,34.96503496503497,32.16783216783217,3.1468531468531467,0,22.267206477732792,38.46153846153846,33.60323886639676,5.668016194331984,0,13.829787234042554,75.53191489361703,4.25531914893617,5.319148936170213,1.0638297872340425,23.981900452488688,70.13574660633485,4.072398190045249,0.9049773755656109,0.9049773755656109
306086,2044,0,11,6,6,1106,110606,0,1,0,9,11,12,11,0,0,0,0,0,0,21,22,43,69,73,79,79,22.22222222222222,16.666666666666668,5.555555555555555,44.44444444444444,11.11111111111111,0,4.761904761904762,4.761904761904762,9.523809523809524,42.857142857142854,23.80952380952381,14.285714285714286,36.36363636363637,0,0,54.54545454545455,9.090909090909092,0,57.89473684210526,5.2631578947368425,0,15.789473684210526,0,0,90.47619047619048,9.523809523809524,0,85.71428571428571,9.523809523809524,4.761904761904762,92.85714285714286,7.142857142857143,0,94.11764705882354,5.882352941176471,0,86.95652173913044,13.043478260869565,0,0,0,100,0,0,0,0,100,0,0,0,0,100,0,0,0,0,79.16666666666667,20.833333333333332,0,0,0,100,0,0,0,0,100,0,0,0,0,76.47058823529412,23.529411764705884,0,0,0
305755,1812,0,7,5,29,705,70529,0,1,0,68,54,60,53,69,76,58,74,0,0,255,257,512,488,438,487,468,33.333333333333336,13.043478260869565,5.797101449275362,42.028985507246375,5.072463768115942,0,25.974025974025974,21.428571428571427,7.792207792207792,24.025974025974026,13.636363636363637,4.545454545454546,37.5,20.192307692307693,0.9615384615384616,23.076923076923077,11.538461538461538,1.9230769230769231,28.26086956521739,21.73913043478261,1.0869565217391304,23.91304347826087,19.565217391304348,4.3478260869565215,1.6,42.4,56,1.3333333333333333,8.666666666666666,90,1.0526315789473684,28.42105263157895,70.52631578947368,0,36.76470588235294,63.23529411764706,86.95652173913044,13.043478260869565,0,0,0,99.35064935064935,0.6493506493506493,0,0,0,100,0,0,0,0,97.82608695652173,2.1739130434782608,0,0,0,78.94736842105263,21.05263157894737,0,0,0,90.78947368421052,9.210526315789474,0,0,0,94.73684210526316,4.2105263157894735,1.0526315789473684,0,0,93.18181818181819,6.818181818181818,0,0,0
305665,2065,0,11,1,1,1101,110101,0,1,0,7,14,11,16,13,16,10,5,0,0,41,51,92,71,73,71,72,0,0,0,68,16,0,0,0,0,68.75,0,0,6.666666666666667,0,0,60,6.666666666666667,0,0,0,0,73.33333333333333,6.666666666666667,0,0,42.857142857142854,57.142857142857146,0,50,50,0,69.23076923076923,30.76923076923077,0,43.75,56.25,20.833333333333332,79.16666666666667,0,0,0,12.5,62.5,25,0,0,23.529411764705884,47.05882352941177,29.41176470588235,0,0,0,71.42857142857143,28.571428571428573,0,0,0,57.142857142857146,32.142857142857146,10.714285714285714,0,0,40,46.666666666666664,13.333333333333334,0,0,53.84615384615385,38.46153846153846,7.6923076923076925,0,0,62.5,18.75,18.75,0
501635,1754,0,7,3,1,703,70301,0,1,0,34,24,30,33,23,33,27,28,0,0,114,118,232,252,265,270,265,9.67741935483871,29.032258064516128,16.129032258064516,1.6129032258064515,1.6129032258064515,11.290322580645162,10,16.25,17.5,6.25,13.75,18.75,19.23076923076923,40.38461538461539,15.384615384615385,0,1.9230769230769231,0,17.24137931034483,36.206896551724135,15.517241379310345,0,1.7241379310344827,0,2.5974025974025974,63.63636363636363,33.76623376623377,56.578947368421055,31.57894736842105,11.842105263157896,17.307692307692307,63.46153846153846,19.23076923076923,1.6666666666666667,45,53.333333333333336,81.0126582278481,18.9873417721519,0,0,0,98.73417721518987,1.2658227848101267,0,0,0,100,0,0,0,0,100,0,0,0,0,100,0,0,0,0,100,0,0,0,0,94.23076923076923,5.769230769230769,0,0,0,100,0,0,0,0
305843,2090,0,11,10,1,1110,111001,0,1,0,22,19,27,22,25,24,22,21,0,0,96,86,182,168,141,178,170,6.666666666666667,3.3333333333333335,6.666666666666667,63.333333333333336,15,5,5.555555555555555,5.555555555555555,5.555555555555555,38.888888888888886,22.22222222222222,22.22222222222222,8.333333333333334,2.7777777777777777,0,50,33.333333333333336,2.7777777777777777,22.22222222222222,13.88888888888889,0,30.555555555555557,19.444444444444443,13.88888888888889,21.428571428571427,35.714285714285715,42.857142857142854,15.625,21.875,62.5,11.538461538461538,50,38.46153846153846,11.11111111111111,51.851851851851855,37.03703703703704,92.1875,7.8125,0,0,0,94.73684210526316,5.2631578947368425,0,0,0,100,0,0,0,0,81.57894736842105,18.42105263157895,0,0,0,9.836065573770492,27.868852459016395,55.73770491803279,6.557377049180328,0,24.324324324324323,35.13513513513514,29.72972972972973,8.108108108108109,2.7027027027027026,19.444444444444443,72.22222222222223,5.555555555555555,2.7777777777777777,0,19.444444444444443,52.77777777777778,13.88888888888889,5.555555555555555,8.333333333333334
500894,1780,0,7,5,17,705,70517,0,1,0,46,48,53,41,46,49,54,46,0,0,199,184,383,401,380,401,368,26.73267326732673,15.841584158415841,6.930693069306931,22.77227722772277,4.9504950495049505,6.930693069306931,21.666666666666668,10,8.333333333333334,10.833333333333334,2.5,4.166666666666667,21.27659574468085,13.829787234042554,9.574468085106384,27.659574468085108,9.574468085106384,5.319148936170213,22.093023255813954,25.58139534883721,12.790697674418604,18.6046511627907,11.627906976744185,0,45.09803921568628,38.23529411764706,16.666666666666668,34.48275862068966,43.96551724137931,21.551724137931036,37.5,34.09090909090909,28.40909090909091,40.54054054054054,39.189189189189186,20.27027027027027,92.07920792079207,7.920792079207921,0,0,0,98.36065573770492,1.639344262295082,0,0,0,94.6236559139785,5.376344086021505,0,0,0,100,0,0,0,0,61.458333333333336,37.5,1.0416666666666667,0,0,83.33333333333333,14.035087719298245,2.6315789473684212,0,0,97.53086419753086,2.4691358024691357,0,0,0,94.8051948051948,5.194805194805195,0,0,0
500671,1769,0,7,5,6,705,70506,0,1,0,23,5,30,13,23,22,14,14,0,0,90,54,144,126,120,125,125,35.714285714285715,10.714285714285714,14.285714285714286,21.428571428571427,7.142857142857143,10.714285714285714,48.484848484848484,9.090909090909092,15.151515151515152,21.21212121212121,3.0303030303030303,3.0303030303030303,56.666666666666664,16.666666666666668,6.666666666666667,13.333333333333334,3.3333333333333335,3.3333333333333335,5.714285714285714,22.857142857142858,0,37.142857142857146,17.142857142857142,14.285714285714286,11.11111111111111,18.51851851851852,70.37037037037037,26.470588235294116,35.294117647058826,38.23529411764706,40,28,32,26.470588235294116,29.41176470588235,44.11764705882353,75,25,0,0,0,82.3529411764706,17.647058823529413,0,0,0,100,0,0,0,0,100,0,0,0,0,55.55555555555556,44.44444444444444,0,0,0,73.52941176470588,26.470588235294116,0,0,0,84,16,0,0,0,94.87179487179488,5.128205128205129,0,0,0
305847,2100,0,11,5,3,1105,110503,0,1,0,33,24,14,30,34,44,22,31,0,0,103,129,232,180,155,154,118,6.666666666666667,15,16.666666666666668,1.6666666666666667,26.666666666666668,11.666666666666666,5,11.666666666666666,18.333333333333332,3.3333333333333335,13.333333333333334,21.666666666666668,6.0606060606060606,9.090909090909092,18.181818181818183,6.0606060606060606,12.121212121212121,21.21212121212121,7.407407407407407,11.11111111111111,18.51851851851852,0,14.814814814814815,22.22222222222222,10.204081632653061,38.775510204081634,51.02040816326531,15.09433962264151,50.943396226415096,33.9622641509434,10.714285714285714,53.57142857142857,35.714285714285715,4,52,44,85.71428571428571,14.285714285714286,0,0,0,100,0,0,0,0,100,0,0,0,0,100,0,0,0,0,91.66666666666667,8.333333333333334,0,0,0,100,0,0,0,0,100,0,0,0,0,100,0,0,0,0
500784,1847,0,7,8,1,708,70801,0,1,0,11,6,8,12,15,15,8,10,0,0,42,43,85,60,57,63,57,0,16.666666666666668,4.166666666666667,41.666666666666664,37.5,0,0,0,5.2631578947368425,47.36842105263158,42.10526315789474,5.2631578947368425,14.285714285714286,0,28.571428571428573,14.285714285714286,42.857142857142854,0,40,20,20,10,10,0,28.571428571428573,52.38095238095238,19.047619047619047,17.647058823529413,64.70588235294117,17.647058823529413,11.11111111111111,66.66666666666667,22.22222222222222,10,70,20,91.66666666666667,8.333333333333334,0,0,0,95,5,0,0,0,100,0,0,0,0,100,0,0,0,0,14.285714285714286,61.904761904761905,23.80952380952381,0,0,35.294117647058826,35.294117647058826,29.41176470588235,0,0,66.66666666666667,33.333333333333336,0,0,0,70,30,0,0,0
501267,1798,0,7,5,25,705,70525,0,1,0,17,8,18,19,11,12,17,19,0,0,63,58,121,122,53,123,113,0,14.285714285714286,9.523809523809524,9.523809523809524,16.666666666666668,23.80952380952381,0,25,3.125,3.125,21.875,12.5,0,0,36.36363636363637,4.545454545454546,4.545454545454546,36.36363636363637,0,0,23.076923076923077,0,7.6923076923076925,30.76923076923077,0,33.333333333333336,66.66666666666667,7.6923076923076925,46.15384615384615,46.15384615384615,7.142857142857143,35.714285714285715,57.142857142857146,7.142857142857143,35.714285714285715,57.142857142857146,90.47619047619048,9.523809523809524,0,0,0,100,0,0,0,0,100,0,0,0,0,100,0,0,0,0,91.89189189189189,8.108108108108109,0,0,0,96.55172413793103,3.4482758620689653,0,0,0,100,0,0,0,0,80.76923076923077,19.23076923076923,0,0,0
306000,1795,0,7,5,25,705,70525,0,1,0,16,13,12,17,0,0,0,0,0,0,28,30,58,157,122,156,156,7.936507936507937,26.984126984126984,14.285714285714286,7.936507936507937,25.396825396825395,1.5873015873015872,5,45,15,7.5,10,0,11.538461538461538,38.46153846153846,15.384615384615385,0,7.6923076923076925,0,0,32.142857142857146,7.142857142857143,7.142857142857143,14.285714285714286,10.714285714285714,5.660377358490566,66.0377358490566,28.30188679245283,12.5,62.5,25,17.647058823529413,47.05882352941177,35.294117647058826,15,50,35,88.88888888888889,11.11111111111111,0,0,0,100,0,0,0,0,100,0,0,0,0,100,0,0,0,0,100,0,0,0,0,100,0,0,0,0,100,0,0,0,0,96.42857142857143,3.5714285714285716,0,0,0
305517,2043,0,11,6,8,1106,110608,0,1,0,23,25,19,25,23,27,20,18,0,0,85,95,180,180,165,180,164,13.20754716981132,3.7735849056603774,7.547169811320755,18.867924528301888,30.18867924528302,24.528301886792452,9.803921568627452,5.882352941176471,0,76.47058823529412,5.882352941176471,0,34.146341463414636,12.195121951219512,0,51.21951219512195,2.4390243902439024,0,25.714285714285715,8.571428571428571,0,62.857142857142854,2.857142857142857,0,65.9090909090909,20.454545454545453,13.636363636363637,86.95652173913044,8.695652173913043,4.3478260869565215,63.41463414634146,34.146341463414636,2.4390243902439024,88.23529411764706,11.764705882352942,0,56.60377358490566,43.39622641509434,0,0,0,100,0,0,0,0,100,0,0,0,0,100,0,0,0,0,66.66666666666667,17.77777777777778,15.555555555555555,0,0,62.22222222222222,20,17.77777777777778,0,0,51.21951219512195,39.02439024390244,9.75609756097561,0,0,42.42424242424242,21.21212121212121,36.36363636363637,0,0
305713,1853,0,7,10,1,710,71001,0,1,0,20,33,11,18,19,26,14,24,0,0,64,101,165,181,152,190,196,1.5384615384615385,0,0,1.5384615384615385,0,0,2.0408163265306123,0,0,2.0408163265306123,0,0,0,0,0,0,0,0,0,0,0,0,0,0,72.05882352941177,27.941176470588236,0,55.81395348837209,44.18604651162791,0,0,92.6829268292683,7.317073170731708,NA,NA,NA,2.4390243902439024,47.5609756097561,50,0,0,1.8518518518518519,46.2962962962963,51.851851851851855,0,0,0,100,0,0,0,3.7037037037037037,96.29629629629629,0,0,0,0,17.80821917808219,78.08219178082192,4.109589041095891,0,0,6,94,0,0,0,27.659574468085108,17.02127659574468,10.638297872340425,44.680851063829785,0,30.76923076923077,23.076923076923077,46.15384615384615,0
500768,1785,0,7,5,21,705,70521,0,1,0,31,22,41,39,44,27,29,32,0,0,145,120,265,323,114,322,308,26.50602409638554,7.228915662650603,0,2.4096385542168677,6.024096385542169,0,19.318181818181817,10.227272727272727,1.1363636363636365,2.272727272727273,1.1363636363636365,0,14.705882352941176,8.823529411764707,2.9411764705882355,1.4705882352941178,0,0,0,25,3.5714285714285716,1.1904761904761905,5.9523809523809526,1.1904761904761905,0,86.66666666666667,13.333333333333334,3.0303030303030303,69.6969696969697,27.272727272727273,16.666666666666668,50,33.333333333333336,0,24.242424242424242,75.75757575757575,85.36585365853658,14.634146341463415,0,0,0,100,0,0,0,0,100,0,0,0,0,100,0,0,0,0,73.6842105263158,26.31578947368421,0,0,0,100,0,0,0,0,100,0,0,0,0,90.2439024390244,4.878048780487805,4.878048780487805,0,0
316303,2086,0,11,7,1,1107,110701,0,1,0,26,28,26,30,25,25,32,22,0,0,109,105,214,212,155,234,220,23.943661971830984,21.12676056338028,18.309859154929576,1.408450704225352,9.859154929577464,12.67605633802817,15.555555555555555,20,17.77777777777778,0,8.88888888888889,15.555555555555555,17.77777777777778,24.444444444444443,20,0,2.2222222222222223,20,11.764705882352942,15.686274509803921,21.568627450980394,0,9.803921568627452,15.686274509803921,0,18.181818181818183,81.81818181818181,0,27.272727272727273,72.72727272727273,2.9411764705882355,29.41176470588235,67.6470588235294,0,24.242424242424242,75.75757575757575,83.33333333333333,15.384615384615385,1.2820512820512822,0,0,97.91666666666667,2.0833333333333335,0,0,0,100,0,0,0,0,100,0,0,0,0,54.054054054054056,39.189189189189186,6.756756756756757,0,0,82.92682926829268,17.073170731707318,0,0,0,81.81818181818181,18.181818181818183,0,0,0,68,32,0,0,0
316304,2088,0,11,7,1,1107,110701,0,1,0,32,37,37,41,38,37,31,36,0,0,138,151,289,327,311,323,263,12.871287128712872,19.801980198019802,1.9801980198019802,52.475247524752476,7.920792079207921,4.9504950495049505,44.329896907216494,14.43298969072165,0,8.24742268041237,23.711340206185568,9.278350515463918,20.967741935483872,30.64516129032258,0,32.25806451612903,16.129032258064516,0,23.880597014925375,32.83582089552239,0,5.970149253731344,16.417910447761194,0,26.881720430107528,30.107526881720432,43.01075268817204,5.319148936170213,59.57446808510638,35.1063829787234,14.545454545454545,54.54545454545455,30.90909090909091,4.3478260869565215,69.56521739130434,26.08695652173913,100,0,0,0,0,96.7741935483871,3.225806451612903,0,0,0,98.52941176470588,1.4705882352941178,0,0,0,100,0,0,0,0,61.1764705882353,21.176470588235293,17.647058823529413,0,0,66.25,20,13.75,0,0,53.84615384615385,25.641025641025642,20.512820512820515,0,0,76.27118644067797,10.169491525423728,13.559322033898304,0,0
305506,2070,0,11,1,1,1101,110101,0,1,0,8,14,8,8,12,12,7,12,0,0,35,46,81,70,61,79,79,40.90909090909091,13.636363636363637,9.090909090909092,9.090909090909092,22.727272727272727,4.545454545454546,14.285714285714286,28.571428571428573,4.761904761904762,19.047619047619047,28.571428571428573,4.761904761904762,18.75,31.25,6.25,6.25,25,12.5,27.272727272727273,9.090909090909092,9.090909090909092,18.181818181818183,27.272727272727273,9.090909090909092,15,40,45,15.789473684210526,42.10526315789474,42.10526315789474,15.384615384615385,46.15384615384615,38.46153846153846,11.11111111111111,44.44444444444444,44.44444444444444,8,56,36,0,0,0,38.46153846153846,46.15384615384615,15.384615384615385,0,5.882352941176471,41.1764705882353,47.05882352941177,5.882352941176471,0,9.090909090909092,36.36363636363637,54.54545454545455,0,0,8,44,48,0,0,0,38.46153846153846,46.15384615384615,15.384615384615385,0,5.882352941176471,35.294117647058826,52.94117647058823,5.882352941176471,0,0,45.45454545454545,54.54545454545455,0,0
500421,1771,0,7,5,7,705,70507,0,1,0,54,42,62,65,53,47,53,56,0,0,222,210,432,430,313,431,427,1.7699115044247788,11.504424778761061,8.849557522123893,23.893805309734514,9.734513274336283,8.849557522123893,3.5398230088495577,10.619469026548673,16.8141592920354,25.663716814159294,11.504424778761061,11.504424778761061,3.75,35,17.5,27.5,16.25,0,8.064516129032258,9.67741935483871,6.451612903225806,34.67741935483871,13.709677419354838,27.419354838709676,81.81818181818181,15.584415584415584,2.5974025974025974,64,21.333333333333332,14.666666666666666,95.91836734693878,4.081632653061225,0,63.392857142857146,3.5714285714285716,33.035714285714285,55.932203389830505,44.067796610169495,0,0,0,98.21428571428571,1.7857142857142858,0,0,0,100,0,0,0,0,100,0,0,0,0,63.1578947368421,32.45614035087719,4.385964912280702,0,0,92.98245614035088,7.017543859649122,0,0,0,100,0,0,0,0,97.43589743589743,2.5641025641025643,0,0,0
305681,2089,0,11,10,1,1110,111001,0,1,0,105,89,93,90,85,89,90,61,0,0,373,329,702,723,750,746,744,37.391304347826086,19.565217391304348,7.826086956521739,10,9.565217391304348,15.217391304347826,57.83132530120482,6.626506024096385,1.8072289156626506,15.060240963855422,3.6144578313253013,15.060240963855422,53.6144578313253,20.481927710843372,3.6144578313253013,2.4096385542168677,7.228915662650603,12.048192771084338,27.950310559006212,9.937888198757763,6.211180124223603,8.695652173913043,9.316770186335404,34.78260869565217,7.860262008733624,45.851528384279476,46.2882096069869,3.0150753768844223,38.69346733668342,58.29145728643216,3.6363636363636362,38.18181818181818,58.18181818181818,3.1847133757961785,25.477707006369428,71.3375796178344,91.2280701754386,8.771929824561404,0,0,0,95.81151832460733,4.18848167539267,0,0,0,98.80239520958084,1.1976047904191616,0,0,0,98.125,1.875,0,0,0,39.48339483394834,49.07749077490775,11.439114391143912,0,0,32.666666666666664,48,19.333333333333332,0,0,42.94478527607362,46.012269938650306,11.042944785276074,0,0,28.75,40.625,26.875,3.75,0
303186,1830,0,7,11,1,711,71101,0,1,0,78,47,56,60,61,65,56,58,0,0,251,230,481,485,483,485,0,4.827586206896552,2.0689655172413794,5.517241379310345,0.6896551724137931,33.793103448275865,46.89655172413793,3.5460992907801416,4.25531914893617,9.929078014184396,1.4184397163120568,20.56737588652482,46.09929078014184,3.669724770642202,7.339449541284404,15.596330275229358,0,4.587155963302752,23.853211009174313,10,5.555555555555555,14.444444444444445,0,10,31.11111111111111,0.6896551724137931,6.206896551724138,93.10344827586206,0.7142857142857143,4.285714285714286,95,0,4.545454545454546,95.45454545454545,0,0,100,87.58620689655173,12.413793103448276,0,0,0,92.90780141843972,7.092198581560283,0,0,0,100,0,0,0,0,88.76404494382022,11.235955056179776,0,0,0,NA,NA,NA,NA,NA,NA,NA,NA,NA,NA,NA,NA,NA,NA,NA,NA,NA,NA,NA,NA
501429,1839,0,7,14,2,714,71402,0,1,0,35,23,44,30,44,40,45,25,0,0,168,118,286,241,238,245,244,31.57894736842105,14.035087719298245,5.2631578947368425,24.56140350877193,15.789473684210526,5.2631578947368425,30.64516129032258,11.290322580645162,6.451612903225806,27.419354838709676,12.903225806451612,4.838709677419355,33.92857142857143,8.928571428571429,8.928571428571429,23.214285714285715,14.285714285714286,3.5714285714285716,28.78787878787879,13.636363636363637,7.575757575757576,24.242424242424242,13.636363636363637,4.545454545454546,13.333333333333334,40,46.666666666666664,8.771929824561404,38.59649122807018,52.63157894736842,10.909090909090908,30.90909090909091,58.18181818181818,6.0606060606060606,25.757575757575758,68.18181818181819,100,0,0,0,0,91.80327868852459,8.19672131147541,0,0,0,96.49122807017544,3.508771929824561,0,0,0,64.70588235294117,35.294117647058826,0,0,0,73.33333333333333,25,1.6666666666666667,0,0,3.278688524590164,55.73770491803279,40.98360655737705,0,0,78.18181818181819,21.818181818181817,0,0,0,11.764705882352942,64.70588235294117,17.647058823529413,5.882352941176471,0
305844,2038,0,11,3,3,1103,110303,0,1,0,28,20,24,31,30,29,33,31,0,0,115,111,226,205,199,207,207,5.2631578947368425,8.771929824561404,12.280701754385966,43.85964912280702,24.56140350877193,5.2631578947368425,1.7543859649122806,10.526315789473685,0,52.63157894736842,31.57894736842105,3.508771929824561,10.869565217391305,6.521739130434782,2.1739130434782608,65.21739130434783,15.217391304347826,0,22.22222222222222,4.444444444444445,0,60,8.88888888888889,4.444444444444445,16.666666666666668,48.148148148148145,35.18518518518518,25.423728813559322,42.3728813559322,32.20338983050848,23.80952380952381,61.904761904761905,14.285714285714286,15.909090909090908,54.54545454545455,29.545454545454547,85.96491228070175,14.035087719298245,0,0,0,92.98245614035088,7.017543859649122,0,0,0,100,0,0,0,0,97.82608695652173,2.1739130434782608,0,0,0,8.771929824561404,45.6140350877193,38.59649122807018,7.017543859649122,0,7.017543859649122,40.35087719298246,26.31578947368421,26.31578947368421,0,0,57.4468085106383,31.914893617021278,10.638297872340425,0,2.1739130434782608,52.17391304347826,15.217391304347826,19.565217391304348,10.869565217391305
305965,2091,0,11,10,1,1110,111001,0,1,0,46,25,34,24,24,22,33,22,0,0,137,93,230,323,194,298,279,0,42.10526315789474,28.94736842105263,0,8.771929824561404,20.17543859649123,4.938271604938271,28.395061728395063,45.67901234567901,2.4691358024691357,6.172839506172839,12.345679012345679,0,10.447761194029852,46.26865671641791,0,10.447761194029852,29.850746268656717,3.278688524590164,19.672131147540984,26.229508196721312,3.278688524590164,18.0327868852459,29.508196721311474,4.918032786885246,27.868852459016395,67.21311475409836,14.285714285714286,52.38095238095238,33.333333333333336,4.878048780487805,24.390243902439025,70.73170731707317,3.4482758620689653,48.275862068965516,48.275862068965516,98.91304347826087,1.0869565217391304,0,0,0,100,0,0,0,0,100,0,0,0,0,100,0,0,0,0,87.09677419354838,12.903225806451612,0,0,0,41.333333333333336,52,6.666666666666667,0,0,89.28571428571429,7.142857142857143,3.5714285714285716,0,0,67.27272727272727,32.72727272727273,0,0,0
501076,2039,0,11,3,5,1103,110305,0,1,0,5,4,8,10,11,7,2,7,0,0,26,28,54,49,42,58,50,0,0,0,92.3076923076923,7.6923076923076925,0,8.333333333333334,0,0,91.66666666666667,0,0,0,0,0,100,0,0,7.6923076923076925,0,0,84.61538461538461,0,7.6923076923076925,50,42.857142857142854,7.142857142857143,40,60,0,75,25,0,40,50,10,100,0,0,0,0,100,0,0,0,0,100,0,0,0,0,100,0,0,0,0,72.22222222222223,11.11111111111111,16.666666666666668,0,0,91.66666666666667,8.333333333333334,0,0,0,100,0,0,0,0,75,25,0,0,0
305889,2066,0,11,1,1,1101,110101,0,1,0,25,23,26,17,28,23,16,8,0,0,95,71,166,200,203,200,176,0,0,13.114754098360656,0,4.918032786885246,78.68852459016394,0,0,39.130434782608695,0,4.3478260869565215,56.52173913043478,0,0,23.80952380952381,0,4.761904761904762,71.42857142857143,0,0,17.647058823529413,1.9607843137254901,0,80.3921568627451,14.516129032258064,22.580645161290324,62.903225806451616,18.75,18.75,62.5,16.666666666666668,23.80952380952381,59.523809523809526,0,31.372549019607842,68.62745098039215,19.672131147540984,77.04918032786885,3.278688524590164,0,0,2.0408163265306123,97.95918367346938,0,0,0,16.666666666666668,83.33333333333333,0,0,0,8.333333333333334,91.66666666666667,0,0,0,20.754716981132077,58.490566037735846,20.754716981132077,0,0,25,47.72727272727273,27.272727272727273,0,0,5.882352941176471,55.88235294117647,38.23529411764706,0,0,15.555555555555555,68.88888888888889,15.555555555555555,0,0
501074,2041,0,11,3,6,1103,110306,0,1,0,24,26,28,28,20,19,14,18,0,0,86,91,177,170,225,131,233,22.413793103448278,1.7241379310344827,0,72.41379310344827,3.4482758620689653,0,7.6923076923076925,2.5641025641025643,5.128205128205129,76.92307692307692,7.6923076923076925,0,3.125,6.25,0,56.25,31.25,3.125,12.195121951219512,0,0,63.41463414634146,17.073170731707318,2.4390243902439024,80.82191780821918,15.068493150684931,4.109589041095891,73.84615384615384,18.46153846153846,7.6923076923076925,51.21951219512195,36.58536585365854,12.195121951219512,39.130434782608695,43.47826086956522,17.391304347826086,93.61702127659575,6.382978723404255,0,0,0,97.22222222222223,2.7777777777777777,0,0,0,100,0,0,0,0,100,0,0,0,0,96.29629629629629,3.7037037037037037,0,0,0,98.48484848484848,1.5151515151515151,0,0,0,95,5,0,0,0,97.82608695652173,2.1739130434782608,0,0,0
312408,1813,0,7,5,30,705,70530,0,1,0,23,34,30,28,37,36,37,25,0,0,127,123,250,265,222,240,250,24.050632911392405,22.78481012658228,13.924050632911392,1.2658227848101267,20.253164556962027,11.39240506329114,14.102564102564102,32.05128205128205,6.410256410256411,2.5641025641025643,17.94871794871795,5.128205128205129,18,16,10,4,22,8,10.344827586206897,24.137931034482758,17.24137931034483,8.620689655172415,8.620689655172415,13.793103448275861,25,31.944444444444443,43.05555555555556,19.672131147540984,27.868852459016395,52.459016393442624,9.75609756097561,56.09756097560975,34.146341463414636,4.166666666666667,45.833333333333336,50,61.03896103896104,38.96103896103896,0,0,0,98.63013698630137,1.36986301369863,0,0,0,100,0,0,0,0,100,0,0,0,0,100,0,0,0,0,92,8,0,0,0,95.74468085106383,4.25531914893617,0,0,0,98.14814814814815,1.8518518518518519,0,0,0
501351,1790,0,7,5,22,705,70522,0,1,0,27,33,40,36,42,32,39,37,0,0,148,138,286,256,235,252,0,10.126582278481013,12.658227848101266,10.126582278481013,12.658227848101266,31.645569620253166,22.78481012658228,14.285714285714286,12.698412698412698,7.936507936507937,14.285714285714286,28.571428571428573,22.22222222222222,9.803921568627452,9.803921568627452,7.8431372549019605,11.764705882352942,35.294117647058826,23.529411764705884,11.11111111111111,7.936507936507937,6.349206349206349,14.285714285714286,30.158730158730158,23.80952380952381,0,22.972972972972972,77.02702702702703,0,27.586206896551722,72.41379310344827,0,8.16326530612245,91.83673469387755,0,7.407407407407407,92.5925925925926,5.128205128205129,38.46153846153846,39.743589743589745,10.256410256410257,6.410256410256411,9.836065573770492,40.98360655737705,27.868852459016395,14.754098360655737,6.557377049180328,4,36,30,18,12,6.349206349206349,34.92063492063492,38.095238095238095,12.698412698412698,7.936507936507937,NA,NA,NA,NA,NA,NA,NA,NA,NA,NA,NA,NA,NA,NA,NA,NA,NA,NA,NA,NA
501404,2074,0,11,1,1,1101,110101,0,1,0,15,13,5,14,19,15,14,14,0,0,53,56,109,94,79,92,87,11.11111111111111,27.77777777777778,16.666666666666668,5.555555555555555,22.22222222222222,5.555555555555555,12.121212121212121,21.21212121212121,12.121212121212121,0,15.151515151515152,24.242424242424242,3.5714285714285716,28.571428571428573,17.857142857142858,0,10.714285714285714,25,0,26.666666666666668,33.333333333333336,0,0,20,12.5,12.5,75,21.428571428571427,7.142857142857143,71.42857142857143,4.166666666666667,25,70.83333333333333,9.090909090909092,27.272727272727273,63.63636363636363,88.88888888888889,11.11111111111111,0,0,0,96.875,3.125,0,0,0,96.29629629629629,3.7037037037037037,0,0,0,93.33333333333333,6.666666666666667,0,0,0,52.94117647058823,47.05882352941177,0,0,0,45.16129032258065,32.25806451612903,22.580645161290324,0,0,65.38461538461539,34.61538461538461,0,0,0,38.46153846153846,61.53846153846154,0,0,0
305660,2061,0,11,1,1,1101,110101,0,1,0,21,25,16,22,25,18,14,16,0,0,76,81,157,162,155,152,142,0,15.555555555555555,11.11111111111111,11.11111111111111,44.44444444444444,17.77777777777778,0,9.75609756097561,7.317073170731708,24.390243902439025,34.146341463414636,24.390243902439025,0,23.25581395348837,11.627906976744185,11.627906976744185,34.883720930232556,18.6046511627907,0,12.121212121212121,9.090909090909092,15.151515151515152,45.45454545454545,18.181818181818183,15.555555555555555,55.55555555555556,28.88888888888889,7.6923076923076925,64.1025641025641,28.205128205128204,5.2631578947368425,68.42105263157895,26.31578947368421,6.0606060606060606,63.63636363636363,30.303030303030305,31.11111111111111,68.88888888888889,0,0,0,95,5,0,0,0,97.29729729729729,2.7027027027027026,0,0,0,96.66666666666667,3.3333333333333335,0,0,0,97.43589743589743,2.5641025641025643,0,0,0,94.44444444444444,5.555555555555555,0,0,0,91.66666666666667,8.333333333333334,0,0,0,29.032258064516128,70.96774193548387,0,0,0
303219,1840,0,7,1,1,701,70101,0,1,0,62,57,70,59,54,51,51,73,0,0,237,240,477,468,511,464,414,2.8368794326241136,24.822695035460992,20.56737588652482,2.8368794326241136,15.602836879432624,20.56737588652482,1.8867924528301887,19.81132075471698,21.69811320754717,1.8867924528301887,21.69811320754717,17.92452830188679,1.8518518518518519,25.925925925925927,25.925925925925927,1.8518518518518519,11.11111111111111,17.59259259259259,0.8849557522123894,24.778761061946902,23.893805309734514,1.7699115044247788,12.389380530973451,18.58407079646018,2.0689655172413794,40,57.93103448275862,1.7391304347826086,46.08695652173913,52.17391304347826,1.6,42.4,56,0.7936507936507936,33.333333333333336,65.87301587301587,100,0,0,0,0,100,0,0,0,0,100,0,0,0,0,100,0,0,0,0,56.779661016949156,33.898305084745765,9.322033898305085,0,0,60.638297872340424,26.595744680851062,12.76595744680851,0,0,60.95238095238095,20.952380952380953,17.142857142857142,0.9523809523809523,0,45.36082474226804,24.742268041237114,20.61855670103093,9.278350515463918,0
312450,1788,0,7,5,22,705,70522,0,1,0,32,33,53,38,66,47,44,51,0,0,195,169,364,387,337,345,391,20.161290322580644,11.290322580645162,5.645161290322581,0,18.548387096774192,40.32258064516129,0,30.208333333333332,21.875,1.0416666666666667,27.083333333333332,19.791666666666668,9.722222222222221,26.38888888888889,16.666666666666668,2.7777777777777777,15.277777777777779,22.22222222222222,0,30.526315789473685,21.05263157894737,5.2631578947368425,15.789473684210526,18.94736842105263,23.75,46.25,30,53.125,34.375,12.5,17.80821917808219,32.87671232876713,49.31506849315068,53.40909090909091,38.63636363636363,7.954545454545454,12.307692307692308,56.92307692307692,23.076923076923077,7.6923076923076925,0,12.380952380952381,40.95238095238095,37.142857142857146,9.523809523809524,0,9.58904109589041,60.273972602739725,17.80821917808219,12.32876712328767,0,15.686274509803921,50,23.529411764705884,10.784313725490197,0,68.0672268907563,31.932773109243698,0,0,0,54.73684210526316,45.26315789473684,0,0,0,66.66666666666667,33.333333333333336,0,0,0,40,60,0,0,0
324903,1859,0,7,4,1,704,70401,0,1,0,9,12,13,19,17,10,16,15,0,0,55,56,111,126,123,124,123,36.36363636363637,2.272727272727273,20.454545454545453,29.545454545454547,4.545454545454546,2.272727272727273,3.0303030303030303,9.090909090909092,0,45.45454545454545,24.242424242424242,18.181818181818183,14.285714285714286,9.523809523809524,0,66.66666666666667,9.523809523809524,0,17.857142857142858,7.142857142857143,3.5714285714285716,71.42857142857143,0,0,58.53658536585366,41.46341463414634,0,43.75,53.125,3.125,60.869565217391305,39.130434782608695,0,37.03703703703704,62.96296296296296,0,75,25,0,0,0,100,0,0,0,0,100,0,0,0,0,100,0,0,0,0,100,0,0,0,0,100,0,0,0,0,100,0,0,0,0,96.29629629629629,3.7037037037037037,0,0,0
501065,2051,0,11,1,1,1101,110101,0,1,0,63,55,58,49,63,55,39,56,0,0,223,215,438,488,451,494,479,2.8368794326241136,16.31205673758865,22.69503546099291,14.893617021276595,29.78723404255319,10.638297872340425,0,11.475409836065573,39.34426229508197,8.19672131147541,13.114754098360656,27.049180327868854,2.608695652173913,11.304347826086957,58.26086956521739,0,8.695652173913043,11.304347826086957,1.8181818181818181,14.545454545454545,48.18181818181818,0.9090909090909091,0.9090909090909091,12.727272727272727,7.299270072992701,9.489051094890511,83.21167883211679,4.132231404958677,8.264462809917354,87.60330578512396,2.830188679245283,0,97.16981132075472,0,0,100,96.52777777777777,3.4722222222222223,0,0,0,99.19354838709677,0.8064516129032258,0,0,0,100,0,0,0,0,100,0,0,0,0,27.33812949640288,45.32374100719424,21.58273381294964,5.755395683453237,0,33.04347826086956,46.95652173913044,16.52173913043478,2.608695652173913,0.8695652173913043,35.51401869158879,2.803738317757009,48.598130841121495,12.149532710280374,0.9345794392523364,13.559322033898304,0.847457627118644,0,76.27118644067797,9.322033898305085
312451,1815,0,7,5,32,705,70532,0,1,0,34,20,33,28,43,37,41,42,0,0,151,127,278,276,251,285,234,5.681818181818182,11.363636363636363,2.272727272727273,4.545454545454546,5.681818181818182,2.272727272727273,11.627906976744185,8.13953488372093,1.1627906976744187,2.3255813953488373,1.1627906976744187,0,13.333333333333334,11.11111111111111,2.2222222222222223,4.444444444444445,2.2222222222222223,0,8.771929824561404,3.508771929824561,1.7543859649122806,5.2631578947368425,1.7543859649122806,0,33.333333333333336,60,6.666666666666667,31.16883116883117,59.74025974025974,9.090909090909092,40.90909090909091,52.27272727272727,6.818181818181818,40,49.09090909090909,10.909090909090908,51.61290322580645,39.784946236559136,8.602150537634408,0,0,58.8235294117647,29.41176470588235,11.764705882352942,0,0,56.52173913043478,28.26086956521739,15.217391304347826,0,0,50.81967213114754,34.42622950819672,14.754098360655737,0,0,19.48051948051948,66.23376623376623,12.987012987012987,1.2987012987012987,0,32.83582089552239,47.76119402985075,17.91044776119403,1.492537313432836,0,21.428571428571427,61.904761904761905,9.523809523809524,7.142857142857143,0,18.75,62.5,16.666666666666668,2.0833333333333335,0
501763,2040,0,11,3,5,1103,110305,0,1,0,20,20,9,21,12,17,10,10,0,0,51,68,119,144,143,131,140,0,0,0,48.888888888888886,31.11111111111111,20,0,0,0,23.214285714285715,35.714285714285715,41.07142857142857,0,0,0,25,29.166666666666668,45.833333333333336,0,0,0,21.05263157894737,42.10526315789474,36.8421052631579,11.363636363636363,65.9090909090909,22.727272727272727,12.280701754385966,56.14035087719298,31.57894736842105,13.043478260869565,65.21739130434783,21.73913043478261,10.526315789473685,52.63157894736842,36.8421052631579,97.61904761904762,2.380952380952381,0,0,0,96.42857142857143,3.5714285714285716,0,0,0,91.66666666666667,8.333333333333334,0,0,0,88.88888888888889,11.11111111111111,0,0,0,40.476190476190474,52.38095238095238,7.142857142857143,0,0,42.857142857142854,44.642857142857146,12.5,0,0,41.666666666666664,50,8.333333333333334,0,0,33.333333333333336,55.55555555555556,11.11111111111111,0,0
316405,2092,0,11,10,1,1110,111001,0,1,0,45,41,48,66,76,69,64,62,0,0,233,238,471,529,527,497,501,8.433734939759036,7.831325301204819,4.819277108433735,12.048192771084338,43.975903614457835,22.89156626506024,2.4390243902439024,5.487804878048781,6.7073170731707314,20.121951219512194,39.63414634146341,25.609756097560975,6.666666666666667,10,7.777777777777778,12.222222222222221,23.333333333333332,37.77777777777778,10.091743119266056,22.01834862385321,16.513761467889907,11.926605504587156,11.009174311926605,25.68807339449541,63.25301204819277,27.710843373493976,9.036144578313253,60.869565217391305,26.70807453416149,12.422360248447205,29.545454545454547,55.68181818181818,14.772727272727273,32.142857142857146,41.07142857142857,26.785714285714285,100,0,0,0,0,100,0,0,0,0,86.66666666666667,13.333333333333334,0,0,0,79.6116504854369,19.41747572815534,0.970873786407767,0,0,64.23841059602648,27.1523178807947,7.947019867549669,0.6622516556291391,0,77.70700636942675,20.38216560509554,1.910828025477707,0,0,45.78313253012048,50.602409638554214,3.6144578313253013,0,0,54.54545454545455,33.63636363636363,9.090909090909092,2.727272727272727,0
316404,2094,0,11,10,1,1110,111001,0,1,0,28,35,38,22,38,24,21,27,0,0,125,108,233,213,209,208,189,9.523809523809524,1.5873015873015872,0,25.396825396825395,39.682539682539684,23.80952380952381,30,5,0,3.3333333333333335,25,36.666666666666664,14.545454545454545,18.181818181818183,1.8181818181818181,7.2727272727272725,32.72727272727273,25.454545454545453,14.285714285714286,20,0,20,22.857142857142858,22.857142857142858,23.80952380952381,41.26984126984127,34.92063492063492,14.285714285714286,44.642857142857146,41.07142857142857,3.5714285714285716,62.5,33.92857142857143,5.882352941176471,41.1764705882353,52.94117647058823,93.54838709677419,6.451612903225806,0,0,0,100,0,0,0,0,100,0,0,0,0,100,0,0,0,0,25,51.785714285714285,23.214285714285715,0,0,28.30188679245283,47.16981132075472,24.528301886792452,0,0,18.367346938775512,81.63265306122449,0,0,0,74.19354838709677,22.580645161290324,3.225806451612903,0,0
316301,2087,0,11,7,1,1107,110701,0,1,0,86,62,88,89,78,90,72,83,0,0,324,324,648,634,600,646,676,0,0,59.5959595959596,0,0,23.232323232323232,0,0,67.41573033707866,0,0,20.786516853932586,0,0,39.416058394160586,0,0,59.12408759124087,0,0,69.42148760330579,0,0,17.355371900826448,9.67741935483871,54.30107526881721,36.02150537634409,11.320754716981131,54.716981132075475,33.9622641509434,15,62.857142857142854,22.142857142857142,4.3478260869565215,43.47826086956522,52.17391304347826,99.51923076923077,0.4807692307692308,0,0,0,100,0,0,0,0,97.10144927536231,2.898550724637681,0,0,0,91.73553719008264,2.479338842975207,4.132231404958677,1.6528925619834711,0,26.267281105990783,54.83870967741935,18.89400921658986,0,0,40.98360655737705,18.579234972677597,24.043715846994534,12.568306010928962,3.8251366120218577,27.333333333333332,42,20.666666666666668,10,0,26.984126984126984,42.06349206349206,21.428571428571427,6.349206349206349,3.1746031746031744
312910,1854,0,7,10,1,710,71001,0,1,0,75,62,48,59,61,77,56,70,0,0,240,268,508,519,492,520,495,17.010309278350515,12.371134020618557,7.731958762886598,18.04123711340206,24.742268041237114,5.670103092783505,7.4324324324324325,3.3783783783783785,3.3783783783783785,52.7027027027027,16.216216216216218,5.405405405405405,21.782178217821784,14.851485148514852,12.871287128712872,26.73267326732673,6.930693069306931,4.9504950495049505,18.42105263157895,15.789473684210526,13.157894736842104,5.2631578947368425,10.526315789473685,11.842105263157896,28.571428571428573,47.8021978021978,23.626373626373628,27.659574468085108,45.39007092198582,26.95035460992908,35.05154639175258,38.144329896907216,26.804123711340207,20.833333333333332,27.77777777777778,51.388888888888886,96.93877551020408,3.061224489795918,0,0,0,100,0,0,0,0,100,0,0,0,0,100,0,0,0,0,96.15384615384616,3.8461538461538463,0,0,0,96.40287769784173,3.5971223021582732,0,0,0,98.03921568627452,1.9607843137254901,0,0,0,95.83333333333333,4.166666666666667,0,0,0
303011,1776,0,7,5,12,705,70512,0,1,0,15,19,18,18,35,30,28,20,0,0,96,87,183,169,146,172,170,10.169491525423728,13.559322033898304,16.949152542372882,16.949152542372882,16.949152542372882,16.949152542372882,11.627906976744185,13.953488372093023,18.6046511627907,11.627906976744185,11.627906976744185,9.30232558139535,6.25,6.25,18.75,6.25,6.25,12.5,14.285714285714286,17.142857142857142,17.142857142857142,0,5.714285714285714,11.428571428571429,44,40,16,30,45,25,30.76923076923077,34.61538461538461,34.61538461538461,20,43.333333333333336,36.666666666666664,89.83050847457628,10.169491525423728,0,0,0,100,0,0,0,0,100,0,0,0,0,100,0,0,0,0,61.666666666666664,38.333333333333336,0,0,0,95.45454545454545,4.545454545454546,0,0,0,96.66666666666667,3.3333333333333335,0,0,0,100,0,0,0,0
305651,2073,0,11,1,1,1101,110101,0,1,0,16,14,24,13,25,22,19,8,0,0,84,57,141,127,124,126,123,0,22.857142857142858,0,77.14285714285714,0,0,0,5.714285714285714,0,94.28571428571429,0,0,0,20.689655172413794,0,79.3103448275862,0,0,0,10.714285714285714,0,89.28571428571429,0,0,2.857142857142857,11.428571428571429,85.71428571428571,14.705882352941176,50,35.294117647058826,11.11111111111111,44.44444444444444,44.44444444444444,14.285714285714286,50,35.714285714285715,0,14.705882352941176,64.70588235294117,20.58823529411765,0,0,11.428571428571429,54.285714285714285,31.428571428571427,2.857142857142857,0,44.827586206896555,55.172413793103445,0,0,0,35.714285714285715,28.571428571428573,25,10.714285714285714,0,38.23529411764706,32.35294117647059,29.41176470588235,0,11.764705882352942,32.35294117647059,26.470588235294116,29.41176470588235,0,0,51.851851851851855,40.74074074074074,7.407407407407407,0,7.142857142857143,57.142857142857146,25,10.714285714285714,0
305662,2063,0,11,1,1,1101,110101,0,1,0,28,26,22,18,15,22,13,16,0,0,78,82,160,158,151,153,139,28.846153846153847,7.6923076923076925,5.769230769230769,19.23076923076923,25,9.615384615384615,16.27906976744186,6.976744186046512,4.651162790697675,13.953488372093023,37.2093023255814,18.6046511627907,13.157894736842104,7.894736842105263,5.2631578947368425,13.157894736842104,39.473684210526315,18.42105263157895,8,12,8,20,16,32,32,42,26,26.829268292682926,53.65853658536585,19.51219512195122,19.444444444444443,44.44444444444444,36.111111111111114,25,33.333333333333336,41.666666666666664,94.33962264150944,5.660377358490566,0,0,0,100,0,0,0,0,100,0,0,0,0,100,0,0,0,0,92,8,0,0,0,97.05882352941177,2.9411764705882355,0,0,0,87.09677419354838,12.903225806451612,0,0,0,95.83333333333333,4.166666666666667,0,0,0
305850,2104,0,11,5,3,1105,110503,0,1,0,11,21,7,26,13,14,13,16,0,0,44,77,121,106,107,102,100,15.625,31.25,0,9.375,21.875,15.625,10.344827586206897,17.24137931034483,3.4482758620689653,20.689655172413794,31.03448275862069,10.344827586206897,6.666666666666667,23.333333333333332,6.666666666666667,13.333333333333334,30,10,13.333333333333334,13.333333333333334,13.333333333333334,6.666666666666667,20,13.333333333333334,21.875,46.875,31.25,13.793103448275861,24.137931034482758,62.06896551724138,9.67741935483871,25.806451612903224,64.51612903225806,6.666666666666667,40,53.333333333333336,90.3225806451613,9.67741935483871,0,0,0,100,0,0,0,0,100,0,0,0,0,100,0,0,0,0,85.18518518518519,14.814814814814815,0,0,0,93.10344827586206,6.896551724137931,0,0,0,100,0,0,0,0,100,0,0,0,0
312481,1781,0,7,5,18,705,70518,0,1,0,102,78,87,88,110,77,91,84,0,0,390,327,717,727,704,722,710,10.050251256281408,23.618090452261306,21.608040201005025,3.5175879396984926,9.045226130653266,12.56281407035176,8.88888888888889,11.666666666666666,16.11111111111111,16.11111111111111,15.555555555555555,20.555555555555557,6.32183908045977,14.367816091954023,14.367816091954023,10.919540229885058,14.367816091954023,21.264367816091955,6.896551724137931,14.367816091954023,16.091954022988507,9.195402298850574,12.64367816091954,20.689655172413794,2.512562814070352,27.63819095477387,69.84924623115577,15,41.111111111111114,43.888888888888886,15.428571428571429,38.857142857142854,45.714285714285715,8,36,56,93.03482587064677,6.965174129353234,0,0,0,92.77777777777777,7.222222222222222,0,0,0,94.0828402366864,5.9171597633136095,0,0,0,94.18604651162791,5.813953488372093,0,0,0,36.78756476683938,58.031088082901555,5.181347150259067,0,0,21.022727272727273,57.95454545454545,18.75,2.272727272727273,0,24.85207100591716,69.23076923076923,4.1420118343195265,1.7751479289940828,0,65.69767441860465,29.651162790697676,4.651162790697675,0,0
304409,2093,0,11,10,1,1110,111001,0,1,0,52,60,52,37,50,54,45,46,0,0,199,197,396,453,463,441,438,8.870967741935484,21.774193548387096,2.4193548387096775,10.483870967741936,52.41935483870968,4.032258064516129,2.962962962962963,14.074074074074074,5.925925925925926,7.407407407407407,66.66666666666667,2.962962962962963,1.9801980198019802,18.81188118811881,5.9405940594059405,2.9702970297029703,62.37623762376238,6.930693069306931,2.150537634408602,31.182795698924732,5.376344086021505,2.150537634408602,51.61290322580645,6.451612903225806,93.75,6.25,0,84.67153284671532,14.598540145985401,0.7299270072992701,78.89908256880734,21.10091743119266,0,67.41573033707866,32.58426966292135,0,97.52066115702479,2.479338842975207,0,0,0,98.46153846153847,0.7692307692307693,0.7692307692307693,0,0,68.62745098039215,17.647058823529413,13.72549019607843,0,0,69.31818181818181,14.772727272727273,14.772727272727273,1.1363636363636365,0,38.84297520661157,60.33057851239669,0.8264462809917356,0,0,61.53846153846154,37.69230769230769,0.7692307692307693,0,0,62.62626262626262,23.232323232323232,14.141414141414142,0,0,67.04545454545455,19.318181818181817,12.5,1.1363636363636365,0
303246,1833,0,7,13,3,713,71303,0,1,0,62,59,46,52,59,63,53,67,0,0,220,241,461,514,482,509,489,10.92896174863388,9.836065573770492,6.557377049180328,26.775956284153004,26.229508196721312,18.579234972677597,8.695652173913043,22.463768115942027,15.942028985507246,6.521739130434782,28.26086956521739,15.217391304347826,7.339449541284404,20.18348623853211,23.853211009174313,12.844036697247706,22.01834862385321,9.174311926605505,19.047619047619047,13.095238095238095,4.761904761904762,27.38095238095238,20.238095238095237,15.476190476190476,20.11173184357542,53.63128491620112,26.256983240223462,5.6,52.8,41.6,5.9405940594059405,51.48514851485149,42.57425742574257,18.181818181818183,45.45454545454545,36.36363636363637,89.0625,10.9375,0,0,0,97.05882352941177,2.9411764705882355,0,0,0,92.63157894736842,7.368421052631579,0,0,0,100,0,0,0,0,71.8232044198895,27.07182320441989,1.1049723756906078,0,0,82.17054263565892,17.05426356589147,0.7751937984496124,0,0,67.6470588235294,31.372549019607842,0.9803921568627451,0,0,53.246753246753244,40.25974025974026,6.4935064935064934,0,0
501405,2049,0,11,1,1,1101,110101,0,1,0,30,15,23,31,28,20,19,19,0,0,100,85,185,225,223,216,223,9.23076923076923,15.384615384615385,21.53846153846154,18.46153846153846,20,13.846153846153847,6.666666666666667,21.333333333333332,28,13.333333333333334,20,2.6666666666666665,2.6315789473684212,15.789473684210526,31.57894736842105,21.05263157894737,18.42105263157895,0,0,29.78723404255319,55.319148936170215,0,8.51063829787234,6.382978723404255,9.23076923076923,35.38461538461539,55.38461538461539,9.333333333333334,13.333333333333334,77.33333333333333,10.81081081081081,37.83783783783784,51.351351351351354,0,15.217391304347826,84.78260869565217,100,0,0,0,0,97.22222222222223,2.7777777777777777,0,0,0,97.36842105263158,2.6315789473684212,0,0,0,97.91666666666667,2.0833333333333335,0,0,0,7.6923076923076925,9.23076923076923,23.076923076923077,23.076923076923077,36.92307692307692,6.666666666666667,5.333333333333333,22.666666666666668,28,37.333333333333336,5.405405405405405,10.81081081081081,21.62162162162162,29.72972972972973,32.432432432432435,0,6.521739130434782,26.08695652173913,32.608695652173914,34.78260869565217
305677,2101,0,11,5,3,1105,110503,0,1,0,39,29,25,34,30,23,33,25,0,0,127,111,238,188,196,201,201,0,6.779661016949152,5.084745762711864,25.423728813559322,42.3728813559322,20.338983050847457,0,2.0408163265306123,0,42.857142857142854,32.6530612244898,22.448979591836736,16.666666666666668,14.583333333333334,10.416666666666666,25,16.666666666666668,16.666666666666668,28.125,9.375,15.625,21.875,12.5,12.5,17.54385964912281,57.89473684210526,24.56140350877193,22,46,32,16,52,32,20.512820512820515,35.8974358974359,43.58974358974359,96.82539682539682,3.1746031746031744,0,0,0,97.87234042553192,2.127659574468085,0,0,0,98.03921568627452,1.9607843137254901,0,0,0,100,0,0,0,0,37.704918032786885,42.622950819672134,11.475409836065573,4.918032786885246,3.278688524590164,94.11764705882354,5.882352941176471,0,0,0,88,8,4,0,0,84.61538461538461,15.384615384615385,0,0,0
500447,1849,0,7,8,1,708,70801,0,1,0,22,33,26,24,29,21,35,22,0,0,112,100,212,226,169,235,224,18.055555555555557,5.555555555555555,4.166666666666667,51.388888888888886,15.277777777777779,2.7777777777777777,4.6875,7.8125,3.125,51.5625,18.75,14.0625,46.666666666666664,15.555555555555555,0,22.22222222222222,13.333333333333334,0,35.55555555555556,2.2222222222222223,0,55.55555555555556,6.666666666666667,0,20.37037037037037,25.925925925925927,53.7037037037037,16.666666666666668,25,58.333333333333336,25,16.666666666666668,58.333333333333336,12.903225806451612,25.806451612903224,61.29032258064516,93.24324324324324,5.405405405405405,1.3513513513513513,0,0,94.28571428571429,5.714285714285714,0,0,0,97.87234042553192,2.127659574468085,0,0,0,100,0,0,0,0,76.05633802816901,21.12676056338028,2.816901408450704,0,0,90.76923076923077,7.6923076923076925,1.5384615384615385,0,0,86.66666666666667,13.333333333333334,0,0,0,97.67441860465117,2.3255813953488373,0,0,0
501305,1844,0,7,8,1,708,70801,0,1,0,17,12,22,14,12,11,18,20,0,0,69,57,126,125,122,125,113,3.225806451612903,12.903225806451612,12.903225806451612,32.25806451612903,35.483870967741936,3.225806451612903,0,0,14.705882352941176,8.823529411764707,76.47058823529412,0,3.5714285714285716,42.857142857142854,10.714285714285714,7.142857142857143,35.714285714285715,0,15.625,31.25,0,0,0,0,0,12.903225806451612,87.09677419354838,0,9.375,90.625,0,7.142857142857143,92.85714285714286,0,16.129032258064516,83.87096774193549,74.19354838709677,25.806451612903224,0,0,0,100,0,0,0,0,100,0,0,0,0,96.875,3.125,0,0,0,60,30,10,0,0,83.87096774193549,16.129032258064516,0,0,0,92,8,0,0,0,85.18518518518519,14.814814814814815,0,0,0
305917,1841,0,7,8,1,708,70801,0,1,0,17,15,16,9,12,11,19,11,0,0,64,46,110,110,108,111,108,33.333333333333336,8.333333333333334,8.333333333333334,25,8.333333333333334,8.333333333333334,19.35483870967742,22.580645161290324,9.67741935483871,22.580645161290324,6.451612903225806,6.451612903225806,10.344827586206897,10.344827586206897,13.793103448275861,17.24137931034483,13.793103448275861,17.24137931034483,11.538461538461538,11.538461538461538,19.23076923076923,7.6923076923076925,15.384615384615385,19.23076923076923,54.166666666666664,37.5,8.333333333333334,46.666666666666664,50,3.3333333333333335,32.142857142857146,50,17.857142857142858,26.923076923076923,61.53846153846154,11.538461538461538,66.66666666666667,33.333333333333336,0,0,0,96.875,3.125,0,0,0,100,0,0,0,0,100,0,0,0,0,41.666666666666664,54.166666666666664,4.166666666666667,0,0,73.33333333333333,26.666666666666668,0,0,0,92.85714285714286,7.142857142857143,0,0,0,84.61538461538461,15.384615384615385,0,0,0
305722,1758,0,7,3,4,703,70304,0,1,0,33,21,22,28,31,21,32,23,0,0,118,93,211,225,123,223,215,0,20,0,30,50,0,0,11.764705882352942,36.76470588235294,0,5.882352941176471,44.11764705882353,1.9230769230769231,7.6923076923076925,19.23076923076923,5.769230769230769,17.307692307692307,38.46153846153846,6.666666666666667,13.333333333333334,33.333333333333336,6.666666666666667,0,22.22222222222222,20,14.285714285714286,65.71428571428571,20,20,60,0,30.434782608695652,69.56521739130434,0,35,65,80,20,0,0,0,100,0,0,0,0,100,0,0,0,0,100,0,0,0,0,75.86206896551724,22.413793103448278,1.7241379310344827,0,0,98.48484848484848,1.5151515151515151,0,0,0,100,0,0,0,0,100,0,0,0,0
312953,1835,0,7,13,6,713,71306,0,1,0,8,10,18,15,24,21,18,21,0,0,68,67,135,129,110,136,112,4.3478260869565215,13.043478260869565,26.08695652173913,0,6.521739130434782,8.695652173913043,0,13.636363636363637,0,0,0,0,0,8.695652173913043,17.391304347826086,0,0,0,0,7.894736842105263,0,0,0,0,7.6923076923076925,43.58974358974359,48.717948717948715,10.526315789473685,42.10526315789474,47.36842105263158,0,33.333333333333336,66.66666666666667,0,26.470588235294116,73.52941176470588,60,40,0,0,0,95.45454545454545,4.545454545454546,0,0,0,100,0,0,0,0,97.36842105263158,2.6315789473684212,0,0,0,32.432432432432435,54.054054054054056,13.513513513513514,0,0,73.6842105263158,26.31578947368421,0,0,0,100,0,0,0,0,82.3529411764706,17.647058823529413,0,0,0
305498,2045,0,11,1,1,1101,110101,0,1,0,25,18,20,16,30,37,42,28,0,0,117,99,216,255,267,256,260,0,0,2.6666666666666665,60,17.333333333333332,20,2.6315789473684212,9.210526315789474,2.6315789473684212,53.94736842105263,22.36842105263158,9.210526315789474,5.769230769230769,5.769230769230769,1.9230769230769231,51.92307692307692,26.923076923076923,1.9230769230769231,0,3.8461538461538463,1.9230769230769231,42.30769230769231,30.76923076923077,21.153846153846153,83.75,6.25,10,48.19277108433735,45.78313253012048,6.024096385542169,50.98039215686274,45.09803921568628,3.9215686274509802,50.943396226415096,30.18867924528302,18.867924528301888,85.8974358974359,14.102564102564102,0,0,0,80,20,0,0,0,91.66666666666667,8.333333333333334,0,0,0,88,12,0,0,0,62.33766233766234,37.66233766233766,0,0,0,93.97590361445783,6.024096385542169,0,0,0,97.87234042553192,2.127659574468085,0,0,0,100,0,0,0,0
305669,2048,0,11,1,1,1101,110101,0,1,0,15,9,15,22,16,20,20,18,0,0,66,69,135,129,130,129,129,2.5641025641025643,2.5641025641025643,5.128205128205129,56.41025641025641,20.512820512820515,12.820512820512821,3.225806451612903,3.225806451612903,3.225806451612903,35.483870967741936,22.580645161290324,32.25806451612903,28.571428571428573,19.047619047619047,4.761904761904762,28.571428571428573,19.047619047619047,0,23.68421052631579,7.894736842105263,0,63.1578947368421,5.2631578947368425,0,7.6923076923076925,0,92.3076923076923,3.225806451612903,12.903225806451612,83.87096774193549,0,0,100,5.128205128205129,12.820512820512821,82.05128205128206,0,0,34.21052631578947,65.78947368421052,0,0,0,50,50,0,0,0,85.71428571428571,14.285714285714286,0,0,39.473684210526315,55.26315789473684,5.2631578947368425,0,0,0,35.8974358974359,64.1025641025641,0,0,0,48.38709677419355,51.61290322580645,0,0,100,0,0,0,0,39.473684210526315,52.63157894736842,7.894736842105263,0
312960,1856,0,7,10,2,710,71002,0,1,0,42,50,31,22,22,39,33,44,0,0,128,155,283,250,218,251,217,2.816901408450704,2.816901408450704,1.408450704225352,60.563380281690144,21.12676056338028,5.633802816901408,3.278688524590164,1.639344262295082,1.639344262295082,52.459016393442624,24.59016393442623,4.918032786885246,2.6315789473684212,3.9473684210526314,2.6315789473684212,48.68421052631579,23.68421052631579,7.894736842105263,2.380952380952381,2.380952380952381,2.380952380952381,50,23.80952380952381,4.761904761904762,30,46.666666666666664,23.333333333333332,18.181818181818183,54.54545454545455,27.272727272727273,18.571428571428573,52.857142857142854,28.571428571428573,18.181818181818183,54.54545454545455,27.272727272727273,100,0,0,0,0,100,0,0,0,0,98.6842105263158,1.3157894736842106,0,0,0,100,0,0,0,0,81.9672131147541,18.0327868852459,0,0,0,75,25,0,0,0,72.46376811594203,27.536231884057973,0,0,0,70.96774193548387,29.032258064516128,0,0,0
