school_id,region_code,full_division_code,full_municipality_code,treatment_status,time_point,grade,proficiency_group,student_count,assessed_count,percent_of_assessed
309906,5,508,50811,Treatment,BoSY,Grade 7,not proficient,124,128,96.875
309934,5,508,50806,Treatment,BoSY,Grade 7,not proficient,21,43,48.83720930232558
301871,5,501,50107,Treatment,BoSY,Grade 7,not proficient,29,73,39.726027397260275
302134,5,508,50804,Treatment,BoSY,Grade 7,not proficient,162,168,96.42857142857143
302117,5,508,50803,Treatment,BoSY,Grade 7,not proficient,84,93,90.3225806451613
309909,5,508,50801,Treatment,BoSY,Grade 7,not proficient,123,126,97.61904761904762
309915,5,508,50801,Treatment,BoSY,Grade 7,not proficient,33,51,64.70588235294117
501544,5,508,50815,Treatment,BoSY,Grade 7,not proficient,51,72,70.83333333333333
301887,5,502,50205,Treatment,BoSY,Grade 7,not proficient,88,101,87.12871287128714
302175,5,508,50820,Treatment,BoSY,Grade 7,not proficient,132,132,100
302146,5,508,50812,Treatment,BoSY,Grade 7,not proficient,149,160,93.125
309921,5,508,50805,Treatment,BoSY,Grade 7,not proficient,89,97,91.75257731958763
302254,5,505,50501,Control,BoSY,Grade 7,not proficient,87,93,93.54838709677419
309513,5,501,50112,Control,BoSY,Grade 7,not proficient,118,122,96.72131147540983
500163,5,508,50801,Control,BoSY,Grade 7,not proficient,53,76,69.73684210526316
302058,5,503,50333,Control,BoSY,Grade 7,not proficient,134,138,97.10144927536231
302192,5,511,51103,Control,BoSY,Grade 7,not proficient,213,287,74.21602787456446
302227,5,511,51105,Control,BoSY,Grade 7,not proficient,88,98,89.79591836734694
302252,5,505,50501,Control,BoSY,Grade 7,not proficient,68,99,68.68686868686869
309914,5,508,50806,Control,BoSY,Grade 7,not proficient,180,229,78.60262008733625
309711,5,503,50317,Control,BoSY,Grade 7,not proficient,64,65,98.46153846153847
301817,5,507,50701,Control,BoSY,Grade 7,not proficient,111,114,97.36842105263158
302165,5,508,50816,Control,BoSY,Grade 7,not proficient,77,92,83.69565217391305
301974,5,503,50311,Treatment,BoSY,Grade 7,not proficient,84,87,96.55172413793103
302256,5,505,50501,Control,BoSY,Grade 7,not proficient,88,114,77.19298245614036
301834,5,501,50106,Control,BoSY,Grade 7,not proficient,135,163,82.82208588957056
309760,5,503,50306,Control,BoSY,Grade 7,not proficient,12,34,35.294117647058826
309936,5,508,50819,Control,BoSY,Grade 7,not proficient,51,59,86.44067796610169
302203,5,511,51102,Control,BoSY,Grade 7,not proficient,71,80,88.75
302011,5,503,50314,Control,BoSY,Grade 7,not proficient,173,244,70.90163934426229
500168,5,505,50501,Control,BoSY,Grade 7,not proficient,84,90,93.33333333333333
301947,5,503,50306,Control,BoSY,Grade 7,not proficient,150,365,41.0958904109589
309941,5,508,50812,Control,BoSY,Grade 7,not proficient,232,232,100
301839,5,501,50111,Control,BoSY,Grade 7,not proficient,4,90,4.444444444444445
501843,5,508,50818,Treatment,BoSY,Grade 7,not proficient,5,40,12.5
302111,5,508,50801,Control,BoSY,Grade 7,not proficient,284,540,52.592592592592595
302133,5,509,50901,Control,BoSY,Grade 7,not proficient,97,190,51.05263157894737
301990,5,503,50317,Control,BoSY,Grade 7,not proficient,20,21,95.23809523809524
309937,5,508,50819,Control,BoSY,Grade 7,not proficient,78,80,97.5
302241,5,511,51105,Control,BoSY,Grade 7,not proficient,79,169,46.74556213017752
500167,5,505,50501,Control,BoSY,Grade 7,not proficient,64,69,92.7536231884058
309764,5,503,50320,Control,BoSY,Grade 7,not proficient,34,40,85
302205,5,511,51106,Control,BoSY,Grade 7,not proficient,109,136,80.1470588235294
302014,5,503,50302,Control,BoSY,Grade 7,not proficient,142,165,86.06060606060606
309740,5,503,50315,Control,BoSY,Grade 7,not proficient,73,73,100
309741,5,503,50315,Control,BoSY,Grade 7,not proficient,102,110,92.72727272727273
302161,5,508,50803,Treatment,BoSY,Grade 7,not proficient,95,99,95.95959595959596
302113,5,508,50818,Treatment,BoSY,Grade 7,not proficient,95,99,95.95959595959596
302127,5,508,50817,Control,BoSY,Grade 7,not proficient,45,48,93.75
301899,5,502,50205,Control,BoSY,Grade 7,not proficient,125,132,94.6969696969697
309509,5,501,50113,Control,BoSY,Grade 7,not proficient,45,96,46.875
309903,5,508,50816,Control,BoSY,Grade 7,not proficient,98,101,97.02970297029702
301995,5,503,50310,Control,BoSY,Grade 7,not proficient,13,62,20.967741935483872
309702,5,503,50325,Control,BoSY,Grade 7,not proficient,248,257,96.49805447470817
501020,5,503,50310,Control,BoSY,Grade 7,not proficient,31,33,93.93939393939394
309743,5,503,50332,Control,BoSY,Grade 7,not proficient,91,116,78.44827586206897
301816,5,501,50101,Control,BoSY,Grade 7,not proficient,84,99,84.84848484848484
302054,5,503,50315,Control,BoSY,Grade 7,not proficient,111,114,97.36842105263158
301862,5,507,50701,Control,BoSY,Grade 7,not proficient,218,247,88.25910931174089
502477,5,501,50108,Control,BoSY,Grade 7,not proficient,26,26,100
302283,5,513,51301,Control,BoSY,Grade 7,not proficient,321,332,96.6867469879518
301900,5,502,50206,Control,BoSY,Grade 7,not proficient,69,71,97.1830985915493
302123,5,508,50808,Control,BoSY,Grade 7,not proficient,81,81,100
309512,5,501,50110,Control,BoSY,Grade 7,not proficient,45,50,90
302284,5,513,51301,Control,BoSY,Grade 7,not proficient,178,180,98.88888888888889
500034,5,508,50819,Control,BoSY,Grade 7,not proficient,29,38,76.3157894736842
302043,5,503,50305,Control,BoSY,Grade 7,not proficient,221,227,97.3568281938326
302182,5,511,51107,Control,BoSY,Grade 7,not proficient,70,88,79.54545454545455
301986,5,503,50334,Control,BoSY,Grade 7,not proficient,177,216,81.94444444444444
302109,5,508,50817,Control,BoSY,Grade 7,not proficient,267,275,97.0909090909091
302061,5,503,50311,Control,BoSY,Grade 7,not proficient,75,82,91.46341463414635
309931,5,508,50802,Control,BoSY,Grade 7,not proficient,86,87,98.85057471264368
301984,5,503,50331,Control,BoSY,Grade 7,not proficient,174,225,77.33333333333333
302156,5,508,50803,Control,BoSY,Grade 7,not proficient,99,101,98.01980198019803
309705,5,503,50330,Control,BoSY,Grade 7,not proficient,8,87,9.195402298850574
500165,5,508,50804,Control,BoSY,Grade 7,not proficient,3,51,5.882352941176471
301930,5,503,50328,Control,BoSY,Grade 7,not proficient,93,100,93
302177,5,508,50806,Control,BoSY,Grade 7,not proficient,103,115,89.56521739130434
302282,5,513,51301,Control,BoSY,Grade 7,not proficient,0,0,NA
502615,5,508,50802,Control,BoSY,Grade 7,not proficient,22,22,100
302263,5,506,50601,Control,BoSY,Grade 7,not proficient,63,66,95.45454545454545
301826,5,501,50103,Control,BoSY,Grade 7,not proficient,0,0,NA
305750,5,513,51301,Control,BoSY,Grade 7,not proficient,60,63,95.23809523809524
301870,5,501,50110,Control,BoSY,Grade 7,not proficient,104,124,83.87096774193549
302039,5,503,50316,Control,BoSY,Grade 7,not proficient,325,361,90.02770083102493
301868,5,501,50112,Control,BoSY,Grade 7,not proficient,91,201,45.27363184079602
301963,5,503,50316,Control,BoSY,Grade 7,not proficient,144,220,65.45454545454545
340567,15,1505,150501,Treatment,BoSY,Grade 7,not proficient,167,187,89.3048128342246
320606,15,1515,151502,Treatment,BoSY,Grade 7,not proficient,168,308,54.54545454545455
320202,15,1511,151101,Treatment,BoSY,Grade 7,not proficient,154,161,95.65217391304348
305310,15,1507,150703,Treatment,BoSY,Grade 7,not proficient,273,312,87.5
305418,15,1513,151301,Treatment,BoSY,Grade 7,not proficient,1043,1281,81.4207650273224
500565,15,1515,151502,Treatment,BoSY,Grade 7,not proficient,659,856,76.98598130841121
301258,4,413,41308,Treatment,BoSY,Grade 7,not proficient,390,546,71.42857142857143
301214,4,411,41101,Treatment,BoSY,Grade 7,not proficient,33,645,5.116279069767442
301497,4,414,41401,Treatment,BoSY,Grade 7,not proficient,291,445,65.3932584269663
305411,15,1515,151502,Treatment,BoSY,Grade 7,not proficient,439,656,66.92073170731707
305420,15,1513,151301,Treatment,BoSY,Grade 7,not proficient,979,1406,69.63015647226173
301231,4,413,41302,Control,BoSY,Grade 7,not proficient,218,235,92.76595744680851
301188,4,402,40201,Control,BoSY,Grade 7,not proficient,420,454,92.51101321585904
307913,4,413,41309,Control,BoSY,Grade 7,not proficient,241,349,69.05444126074498
500566,15,1507,150710,Control,BoSY,Grade 7,not proficient,742,789,94.04309252217998
305453,15,1510,151001,Control,BoSY,Grade 7,not proficient,699,833,83.91356542617046
305311,15,1507,150702,Control,BoSY,Grade 7,not proficient,276,289,95.50173010380622
301425,4,401,40101,Control,BoSY,Grade 7,not proficient,948,1057,89.68779564806054
301202,4,408,40812,Control,BoSY,Grade 7,not proficient,374,431,86.77494199535963
305412,15,1515,151502,Control,BoSY,Grade 7,not proficient,874,1138,76.80140597539543
308105,4,417,41703,Control,BoSY,Grade 7,not proficient,464,939,49.41427050053248
305341,15,1514,151401,Control,BoSY,Grade 7,not proficient,1263,1496,84.42513368983957
319604,15,1512,151201,Control,BoSY,Grade 7,not proficient,342,385,88.83116883116882
305568,15,1516,151601,Control,BoSY,Grade 7,not proficient,426,478,89.1213389121339
305434,15,1503,150301,Control,BoSY,Grade 7,not proficient,727,960,75.72916666666667
301464,4,417,41710,Control,BoSY,Grade 7,not proficient,585,659,88.77086494688922
305461,15,1515,151502,Control,BoSY,Grade 7,not proficient,325,373,87.1313672922252
305384,15,1501,150101,Control,BoSY,Grade 7,not proficient,470,526,89.35361216730038
301143,4,421,42101,Control,BoSY,Grade 7,not proficient,1083,1241,87.26833199033038
305340,15,1514,151401,Control,BoSY,Grade 7,not proficient,863,1160,74.39655172413794
305302,15,1507,150709,Treatment,BoSY,Grade 7,not proficient,1103,1192,92.53355704697987
308103,4,417,41712,Control,BoSY,Grade 7,not proficient,386,405,95.30864197530865
308130,4,417,41711,Control,BoSY,Grade 7,not proficient,159,185,85.94594594594595
301227,4,420,42001,Control,BoSY,Grade 7,not proficient,1523,1589,95.84644430459409
305334,15,1514,151401,Control,BoSY,Grade 7,not proficient,510,603,84.57711442786069
305367,15,1512,151201,Control,BoSY,Grade 7,not proficient,1102,1188,92.76094276094275
305635,15,1514,151401,Control,BoSY,Grade 7,not proficient,497,554,89.71119133574007
301218,4,408,40814,Control,BoSY,Grade 7,not proficient,2048,2316,88.42832469775475
308501,4,415,41501,Control,BoSY,Grade 7,not proficient,655,695,94.24460431654676
500332,15,1506,150601,Control,BoSY,Grade 7,not proficient,228,315,72.38095238095238
305471,15,1509,150901,Control,BoSY,Grade 7,not proficient,884,1015,87.0935960591133
305376,15,1501,150101,Treatment,BoSY,Grade 7,not proficient,768,848,90.56603773584905
301432,4,417,41705,Control,BoSY,Grade 7,not proficient,542,632,85.75949367088607
305459,15,1515,151502,Control,BoSY,Grade 7,not proficient,920,957,96.1337513061651
305313,15,1507,150708,Control,BoSY,Grade 7,not proficient,591,591,100
301186,4,410,41001,Control,BoSY,Grade 7,not proficient,1582,2144,73.78731343283582
301184,4,410,41001,Control,BoSY,Grade 7,not proficient,1204,1327,90.73097211755841
305295,15,1507,150710,Control,BoSY,Grade 7,not proficient,1100,1342,81.9672131147541
301416,4,422,42201,Control,BoSY,Grade 7,not proficient,165,200,82.5
305450,15,1505,150501,Treatment,BoSY,Grade 7,not proficient,487,523,93.11663479923519
301403,4,416,41606,Control,BoSY,Grade 7,not proficient,205,339,60.471976401179944
301451,4,417,41708,Control,BoSY,Grade 7,not proficient,254,380,66.84210526315789
305338,15,1514,151401,Control,BoSY,Grade 7,not proficient,752,843,89.20521945432978
301257,4,413,41312,Control,BoSY,Grade 7,not proficient,1338,1974,67.78115501519757
305416,15,1513,151301,Control,BoSY,Grade 7,not proficient,721,1063,67.82690498588899
305337,15,1514,151401,Control,BoSY,Grade 7,not proficient,2248,2308,97.4003466204506
305353,15,1514,151401,Control,BoSY,Grade 7,not proficient,313,404,77.47524752475248
301197,4,408,40812,Control,BoSY,Grade 7,not proficient,205,443,46.27539503386004
301236,4,413,41308,Treatment,BoSY,Grade 7,not proficient,276,346,79.76878612716763
305444,15,1516,151601,Control,BoSY,Grade 7,not proficient,436,467,93.36188436830835
320306,15,1503,150301,Control,BoSY,Grade 7,not proficient,782,878,89.06605922551253
301489,4,414,41401,Control,BoSY,Grade 7,not proficient,269,325,82.76923076923077
301507,4,418,41801,Control,BoSY,Grade 7,not proficient,130,130,100
301456,4,417,41710,Control,BoSY,Grade 7,not proficient,558,641,87.05148205928238
301238,4,413,41303,Control,BoSY,Grade 7,not proficient,572,658,86.93009118541033
305438,15,1516,151601,Control,BoSY,Grade 7,not proficient,780,939,83.06709265175719
305324,15,1514,151401,Control,BoSY,Grade 7,not proficient,239,275,86.9090909090909
305454,15,1510,151001,Control,BoSY,Grade 7,not proficient,136,139,97.84172661870504
308122,4,417,41708,Control,BoSY,Grade 7,not proficient,180,267,67.41573033707866
301508,4,418,41801,Control,BoSY,Grade 7,not proficient,211,258,81.78294573643412
305465,15,1515,151502,Control,BoSY,Grade 7,not proficient,742,815,91.04294478527608
305428,15,1511,151101,Control,BoSY,Grade 7,not proficient,348,371,93.80053908355795
301175,4,408,40807,Control,BoSY,Grade 7,not proficient,449,697,64.41893830703013
301437,4,417,41704,Control,BoSY,Grade 7,not proficient,860,1040,82.6923076923077
320204,15,1511,151101,Control,BoSY,Grade 7,not proficient,522,573,91.09947643979058
305447,15,1505,150501,Control,BoSY,Grade 7,not proficient,677,861,78.62950058072009
301438,4,417,41704,Control,BoSY,Grade 7,not proficient,514,543,94.65930018416206
308135,4,417,41708,Control,BoSY,Grade 7,not proficient,322,490,65.71428571428571
301418,4,401,40101,Control,BoSY,Grade 7,not proficient,3203,3468,92.35870818915802
305288,15,1507,150710,Control,BoSY,Grade 7,not proficient,519,648,80.0925925925926
301265,4,413,41301,Control,BoSY,Grade 7,not proficient,408,412,99.02912621359224
305442,15,1516,151601,Control,BoSY,Grade 7,not proficient,237,272,87.13235294117646
500339,15,1505,150501,Control,BoSY,Grade 7,not proficient,245,365,67.12328767123287
305435,15,1503,150301,Control,BoSY,Grade 7,not proficient,182,473,38.47780126849894
308134,4,417,41708,Control,BoSY,Grade 7,not proficient,480,711,67.51054852320675
305452,15,1505,150501,Control,BoSY,Grade 7,not proficient,638,736,86.68478260869566
312330,7,703,70308,Treatment,BoSY,Grade 7,not proficient,89,89,100
305710,7,703,70302,Treatment,BoSY,Grade 7,not proficient,80,86,93.02325581395348
305655,11,1101,110101,Treatment,BoSY,Grade 7,not proficient,17,27,62.96296296296296
305581,7,703,70303,Treatment,BoSY,Grade 7,not proficient,36,46,78.26086956521739
303130,7,703,70309,Treatment,BoSY,Grade 7,not proficient,154,193,79.79274611398964
312354,7,703,70309,Treatment,BoSY,Grade 7,not proficient,27,28,96.42857142857143
305849,11,1105,110503,Treatment,BoSY,Grade 7,not proficient,37,38,97.36842105263158
305500,11,1101,110101,Treatment,BoSY,Grade 7,not proficient,32,36,88.88888888888889
312355,7,703,70304,Treatment,BoSY,Grade 7,not proficient,34,39,87.17948717948718
501903,11,1110,111001,Treatment,BoSY,Grade 7,not proficient,25,30,83.33333333333333
500665,7,705,70527,Control,BoSY,Grade 7,not proficient,107,107,100
312462,7,705,70520,Control,BoSY,Grade 7,not proficient,14,18,77.77777777777777
306038,11,1102,110202,Control,BoSY,Grade 7,not proficient,14,33,42.42424242424242
500221,7,705,70527,Control,BoSY,Grade 7,not proficient,31,32,96.875
500744,7,708,70801,Control,BoSY,Grade 7,not proficient,54,55,98.18181818181819
305884,11,1101,110101,Control,BoSY,Grade 7,not proficient,0,125,0
303170,7,709,70901,Control,BoSY,Grade 7,not proficient,41,52,78.84615384615384
500787,7,708,70801,Control,BoSY,Grade 7,not proficient,47,49,95.91836734693878
500667,7,705,70528,Control,BoSY,Grade 7,not proficient,61,72,84.72222222222223
501071,11,1101,110101,Control,BoSY,Grade 7,not proficient,11,25,44
303046,7,705,70527,Control,BoSY,Grade 7,not proficient,81,81,100
325303,7,707,70701,Control,BoSY,Grade 7,not proficient,9,86,10.465116279069768
500208,7,703,70305,Control,BoSY,Grade 7,not proficient,6,19,31.57894736842105
312401,7,705,70525,Control,BoSY,Grade 7,not proficient,118,127,92.91338582677166
303136,7,706,70601,Control,BoSY,Grade 7,not proficient,106,109,97.24770642201835
312435,7,707,70701,Control,BoSY,Grade 7,not proficient,24,54,44.44444444444444
502186,11,1101,110101,Control,BoSY,Grade 7,not proficient,20,20,100
500782,7,708,70801,Control,BoSY,Grade 7,not proficient,263,295,89.15254237288136
306086,11,1106,110606,Control,BoSY,Grade 7,not proficient,20,23,86.95652173913044
305755,7,705,70529,Control,BoSY,Grade 7,not proficient,120,138,86.95652173913044
305665,11,1101,110101,Control,BoSY,Grade 7,not proficient,5,24,20.833333333333332
501635,7,703,70301,Control,BoSY,Grade 7,not proficient,64,79,81.0126582278481
305843,11,1110,111001,Control,BoSY,Grade 7,not proficient,59,64,92.1875
500894,7,705,70517,Control,BoSY,Grade 7,not proficient,93,101,92.07920792079207
500671,7,705,70506,Control,BoSY,Grade 7,not proficient,21,28,75
305847,11,1105,110503,Control,BoSY,Grade 7,not proficient,42,49,85.71428571428571
500784,7,708,70801,Control,BoSY,Grade 7,not proficient,22,24,91.66666666666667
501267,7,705,70525,Control,BoSY,Grade 7,not proficient,38,42,90.47619047619048
306000,7,705,70525,Control,BoSY,Grade 7,not proficient,56,63,88.88888888888889
305517,11,1106,110608,Control,BoSY,Grade 7,not proficient,30,53,56.60377358490566
305713,7,710,71001,Control,BoSY,Grade 7,not proficient,2,82,2.4390243902439024
500768,7,705,70521,Control,BoSY,Grade 7,not proficient,70,82,85.36585365853658
316303,11,1107,110701,Control,BoSY,Grade 7,not proficient,65,78,83.33333333333333
316304,11,1107,110701,Control,BoSY,Grade 7,not proficient,94,94,100
305506,11,1101,110101,Control,BoSY,Grade 7,not proficient,2,25,8
500421,7,705,70507,Control,BoSY,Grade 7,not proficient,66,118,55.932203389830505
305681,11,1110,111001,Control,BoSY,Grade 7,not proficient,208,228,91.2280701754386
303186,7,711,71101,Control,BoSY,Grade 7,not proficient,127,145,87.58620689655173
501429,7,714,71402,Control,BoSY,Grade 7,not proficient,59,59,100
305844,11,1103,110303,Control,BoSY,Grade 7,not proficient,49,57,85.96491228070175
305965,11,1110,111001,Control,BoSY,Grade 7,not proficient,91,92,98.91304347826087
501076,11,1103,110305,Control,BoSY,Grade 7,not proficient,18,18,100
305889,11,1101,110101,Control,BoSY,Grade 7,not proficient,12,61,19.672131147540984
501074,11,1103,110306,Control,BoSY,Grade 7,not proficient,44,47,93.61702127659575
312408,7,705,70530,Control,BoSY,Grade 7,not proficient,47,77,61.03896103896104
501351,7,705,70522,Control,BoSY,Grade 7,not proficient,4,78,5.128205128205129
501404,11,1101,110101,Control,BoSY,Grade 7,not proficient,16,18,88.88888888888889
305660,11,1101,110101,Control,BoSY,Grade 7,not proficient,14,45,31.11111111111111
303219,7,701,70101,Control,BoSY,Grade 7,not proficient,140,140,100
312450,7,705,70522,Control,BoSY,Grade 7,not proficient,8,65,12.307692307692308
324903,7,704,70401,Control,BoSY,Grade 7,not proficient,33,44,75
501065,11,1101,110101,Control,BoSY,Grade 7,not proficient,139,144,96.52777777777777
312451,7,705,70532,Control,BoSY,Grade 7,not proficient,48,93,51.61290322580645
501763,11,1103,110305,Control,BoSY,Grade 7,not proficient,41,42,97.61904761904762
316405,11,1110,111001,Control,BoSY,Grade 7,not proficient,152,152,100
316404,11,1110,111001,Control,BoSY,Grade 7,not proficient,58,62,93.54838709677419
316301,11,1107,110701,Control,BoSY,Grade 7,not proficient,207,208,99.51923076923077
312910,7,710,71001,Control,BoSY,Grade 7,not proficient,190,196,96.93877551020408
303011,7,705,70512,Control,BoSY,Grade 7,not proficient,53,59,89.83050847457628
305651,11,1101,110101,Control,BoSY,Grade 7,not proficient,0,34,0
305662,11,1101,110101,Control,BoSY,Grade 7,not proficient,50,53,94.33962264150944
305850,11,1105,110503,Control,BoSY,Grade 7,not proficient,28,31,90.3225806451613
312481,7,705,70518,Control,BoSY,Grade 7,not proficient,187,201,93.03482587064677
304409,11,1110,111001,Control,BoSY,Grade 7,not proficient,118,121,97.52066115702479
303246,7,713,71303,Control,BoSY,Grade 7,not proficient,171,192,89.0625
501405,11,1101,110101,Control,BoSY,Grade 7,not proficient,58,58,100
305677,11,1105,110503,Control,BoSY,Grade 7,not proficient,61,63,96.82539682539682
500447,7,708,70801,Control,BoSY,Grade 7,not proficient,69,74,93.24324324324324
501305,7,708,70801,Control,BoSY,Grade 7,not proficient,23,31,74.19354838709677
305917,7,708,70801,Control,BoSY,Grade 7,not proficient,16,24,66.66666666666667
305722,7,703,70304,Control,BoSY,Grade 7,not proficient,48,60,80
312953,7,713,71306,Control,BoSY,Grade 7,not proficient,30,50,60
305498,11,1101,110101,Control,BoSY,Grade 7,not proficient,67,78,85.8974358974359
305669,11,1101,110101,Control,BoSY,Grade 7,not proficient,0,38,0
312960,7,710,71002,Control,BoSY,Grade 7,not proficient,71,71,100
309906,5,508,50811,Treatment,BoSY,Grade 7,low proficient,4,128,3.125
309934,5,508,50806,Treatment,BoSY,Grade 7,low proficient,18,43,41.86046511627907
301871,5,501,50107,Treatment,BoSY,Grade 7,low proficient,41,73,56.16438356164384
302134,5,508,50804,Treatment,BoSY,Grade 7,low proficient,6,168,3.5714285714285716
302117,5,508,50803,Treatment,BoSY,Grade 7,low proficient,9,93,9.67741935483871
309909,5,508,50801,Treatment,BoSY,Grade 7,low proficient,3,126,2.380952380952381
309915,5,508,50801,Treatment,BoSY,Grade 7,low proficient,16,51,31.372549019607842
501544,5,508,50815,Treatment,BoSY,Grade 7,low proficient,21,72,29.166666666666668
301887,5,502,50205,Treatment,BoSY,Grade 7,low proficient,13,101,12.871287128712872
302175,5,508,50820,Treatment,BoSY,Grade 7,low proficient,0,132,0
302146,5,508,50812,Treatment,BoSY,Grade 7,low proficient,11,160,6.875
309921,5,508,50805,Treatment,BoSY,Grade 7,low proficient,8,97,8.24742268041237
302254,5,505,50501,Control,BoSY,Grade 7,low proficient,6,93,6.451612903225806
309513,5,501,50112,Control,BoSY,Grade 7,low proficient,3,122,2.459016393442623
500163,5,508,50801,Control,BoSY,Grade 7,low proficient,23,76,30.263157894736842
302058,5,503,50333,Control,BoSY,Grade 7,low proficient,4,138,2.898550724637681
302192,5,511,51103,Control,BoSY,Grade 7,low proficient,73,287,25.43554006968641
302227,5,511,51105,Control,BoSY,Grade 7,low proficient,10,98,10.204081632653061
302252,5,505,50501,Control,BoSY,Grade 7,low proficient,31,99,31.31313131313131
309914,5,508,50806,Control,BoSY,Grade 7,low proficient,49,229,21.397379912663755
309711,5,503,50317,Control,BoSY,Grade 7,low proficient,1,65,1.5384615384615385
301817,5,507,50701,Control,BoSY,Grade 7,low proficient,3,114,2.6315789473684212
302165,5,508,50816,Control,BoSY,Grade 7,low proficient,14,92,15.217391304347826
301974,5,503,50311,Treatment,BoSY,Grade 7,low proficient,3,87,3.4482758620689653
302256,5,505,50501,Control,BoSY,Grade 7,low proficient,23,114,20.17543859649123
301834,5,501,50106,Control,BoSY,Grade 7,low proficient,28,163,17.177914110429448
309760,5,503,50306,Control,BoSY,Grade 7,low proficient,20,34,58.8235294117647
309936,5,508,50819,Control,BoSY,Grade 7,low proficient,8,59,13.559322033898304
302203,5,511,51102,Control,BoSY,Grade 7,low proficient,9,80,11.25
302011,5,503,50314,Control,BoSY,Grade 7,low proficient,68,244,27.868852459016395
500168,5,505,50501,Control,BoSY,Grade 7,low proficient,6,90,6.666666666666667
301947,5,503,50306,Control,BoSY,Grade 7,low proficient,186,365,50.95890410958904
309941,5,508,50812,Control,BoSY,Grade 7,low proficient,0,232,0
301839,5,501,50111,Control,BoSY,Grade 7,low proficient,65,90,72.22222222222223
501843,5,508,50818,Treatment,BoSY,Grade 7,low proficient,23,40,57.5
302111,5,508,50801,Control,BoSY,Grade 7,low proficient,234,540,43.333333333333336
302133,5,509,50901,Control,BoSY,Grade 7,low proficient,93,190,48.94736842105263
301990,5,503,50317,Control,BoSY,Grade 7,low proficient,1,21,4.761904761904762
309937,5,508,50819,Control,BoSY,Grade 7,low proficient,2,80,2.5
302241,5,511,51105,Control,BoSY,Grade 7,low proficient,90,169,53.25443786982248
500167,5,505,50501,Control,BoSY,Grade 7,low proficient,5,69,7.246376811594203
309764,5,503,50320,Control,BoSY,Grade 7,low proficient,5,40,12.5
302205,5,511,51106,Control,BoSY,Grade 7,low proficient,27,136,19.852941176470587
302014,5,503,50302,Control,BoSY,Grade 7,low proficient,19,165,11.515151515151516
309740,5,503,50315,Control,BoSY,Grade 7,low proficient,0,73,0
309741,5,503,50315,Control,BoSY,Grade 7,low proficient,8,110,7.2727272727272725
302161,5,508,50803,Treatment,BoSY,Grade 7,low proficient,4,99,4.040404040404041
302113,5,508,50818,Treatment,BoSY,Grade 7,low proficient,4,99,4.040404040404041
302127,5,508,50817,Control,BoSY,Grade 7,low proficient,3,48,6.25
301899,5,502,50205,Control,BoSY,Grade 7,low proficient,7,132,5.303030303030303
309509,5,501,50113,Control,BoSY,Grade 7,low proficient,51,96,53.125
309903,5,508,50816,Control,BoSY,Grade 7,low proficient,3,101,2.9702970297029703
301995,5,503,50310,Control,BoSY,Grade 7,low proficient,41,62,66.12903225806451
309702,5,503,50325,Control,BoSY,Grade 7,low proficient,9,257,3.501945525291829
501020,5,503,50310,Control,BoSY,Grade 7,low proficient,2,33,6.0606060606060606
309743,5,503,50332,Control,BoSY,Grade 7,low proficient,23,116,19.82758620689655
301816,5,501,50101,Control,BoSY,Grade 7,low proficient,12,99,12.121212121212121
302054,5,503,50315,Control,BoSY,Grade 7,low proficient,3,114,2.6315789473684212
301862,5,507,50701,Control,BoSY,Grade 7,low proficient,25,247,10.121457489878543
502477,5,501,50108,Control,BoSY,Grade 7,low proficient,0,26,0
302283,5,513,51301,Control,BoSY,Grade 7,low proficient,10,332,3.0120481927710845
301900,5,502,50206,Control,BoSY,Grade 7,low proficient,2,71,2.816901408450704
302123,5,508,50808,Control,BoSY,Grade 7,low proficient,0,81,0
309512,5,501,50110,Control,BoSY,Grade 7,low proficient,5,50,10
302284,5,513,51301,Control,BoSY,Grade 7,low proficient,2,180,1.1111111111111112
500034,5,508,50819,Control,BoSY,Grade 7,low proficient,9,38,23.68421052631579
302043,5,503,50305,Control,BoSY,Grade 7,low proficient,6,227,2.643171806167401
302182,5,511,51107,Control,BoSY,Grade 7,low proficient,16,88,18.181818181818183
301986,5,503,50334,Control,BoSY,Grade 7,low proficient,39,216,18.055555555555557
302109,5,508,50817,Control,BoSY,Grade 7,low proficient,8,275,2.909090909090909
302061,5,503,50311,Control,BoSY,Grade 7,low proficient,6,82,7.317073170731708
309931,5,508,50802,Control,BoSY,Grade 7,low proficient,1,87,1.1494252873563218
301984,5,503,50331,Control,BoSY,Grade 7,low proficient,51,225,22.666666666666668
302156,5,508,50803,Control,BoSY,Grade 7,low proficient,2,101,1.9801980198019802
309705,5,503,50330,Control,BoSY,Grade 7,low proficient,77,87,88.50574712643679
500165,5,508,50804,Control,BoSY,Grade 7,low proficient,44,51,86.27450980392157
301930,5,503,50328,Control,BoSY,Grade 7,low proficient,7,100,7
302177,5,508,50806,Control,BoSY,Grade 7,low proficient,12,115,10.434782608695652
302282,5,513,51301,Control,BoSY,Grade 7,low proficient,0,0,NA
502615,5,508,50802,Control,BoSY,Grade 7,low proficient,0,22,0
302263,5,506,50601,Control,BoSY,Grade 7,low proficient,3,66,4.545454545454546
301826,5,501,50103,Control,BoSY,Grade 7,low proficient,0,0,NA
305750,5,513,51301,Control,BoSY,Grade 7,low proficient,3,63,4.761904761904762
301870,5,501,50110,Control,BoSY,Grade 7,low proficient,20,124,16.129032258064516
302039,5,503,50316,Control,BoSY,Grade 7,low proficient,35,361,9.695290858725762
301868,5,501,50112,Control,BoSY,Grade 7,low proficient,107,201,53.233830845771145
301963,5,503,50316,Control,BoSY,Grade 7,low proficient,75,220,34.09090909090909
340567,15,1505,150501,Treatment,BoSY,Grade 7,low proficient,19,187,10.16042780748663
320606,15,1515,151502,Treatment,BoSY,Grade 7,low proficient,135,308,43.83116883116883
320202,15,1511,151101,Treatment,BoSY,Grade 7,low proficient,7,161,4.3478260869565215
305310,15,1507,150703,Treatment,BoSY,Grade 7,low proficient,37,312,11.85897435897436
305418,15,1513,151301,Treatment,BoSY,Grade 7,low proficient,189,1281,14.754098360655737
500565,15,1515,151502,Treatment,BoSY,Grade 7,low proficient,166,856,19.39252336448598
301258,4,413,41308,Treatment,BoSY,Grade 7,low proficient,144,546,26.373626373626372
301214,4,411,41101,Treatment,BoSY,Grade 7,low proficient,563,645,87.28682170542636
301497,4,414,41401,Treatment,BoSY,Grade 7,low proficient,127,445,28.53932584269663
305411,15,1515,151502,Treatment,BoSY,Grade 7,low proficient,194,656,29.573170731707318
305420,15,1513,151301,Treatment,BoSY,Grade 7,low proficient,399,1406,28.37837837837838
301231,4,413,41302,Control,BoSY,Grade 7,low proficient,17,235,7.23404255319149
301188,4,402,40201,Control,BoSY,Grade 7,low proficient,32,454,7.048458149779735
307913,4,413,41309,Control,BoSY,Grade 7,low proficient,103,349,29.512893982808023
500566,15,1507,150710,Control,BoSY,Grade 7,low proficient,45,789,5.7034220532319395
305453,15,1510,151001,Control,BoSY,Grade 7,low proficient,130,833,15.6062424969988
305311,15,1507,150702,Control,BoSY,Grade 7,low proficient,13,289,4.498269896193771
301425,4,401,40101,Control,BoSY,Grade 7,low proficient,108,1057,10.21759697256386
301202,4,408,40812,Control,BoSY,Grade 7,low proficient,57,431,13.22505800464037
305412,15,1515,151502,Control,BoSY,Grade 7,low proficient,255,1138,22.40773286467487
308105,4,417,41703,Control,BoSY,Grade 7,low proficient,363,939,38.65814696485623
305341,15,1514,151401,Control,BoSY,Grade 7,low proficient,187,1496,12.5
319604,15,1512,151201,Control,BoSY,Grade 7,low proficient,43,385,11.168831168831169
305568,15,1516,151601,Control,BoSY,Grade 7,low proficient,52,478,10.878661087866108
305434,15,1503,150301,Control,BoSY,Grade 7,low proficient,224,960,23.333333333333332
301464,4,417,41710,Control,BoSY,Grade 7,low proficient,70,659,10.622154779969652
305461,15,1515,151502,Control,BoSY,Grade 7,low proficient,44,373,11.796246648793566
305384,15,1501,150101,Control,BoSY,Grade 7,low proficient,50,526,9.505703422053232
301143,4,421,42101,Control,BoSY,Grade 7,low proficient,156,1241,12.570507655116842
305340,15,1514,151401,Control,BoSY,Grade 7,low proficient,257,1160,22.155172413793103
305302,15,1507,150709,Treatment,BoSY,Grade 7,low proficient,84,1192,7.046979865771812
308103,4,417,41712,Control,BoSY,Grade 7,low proficient,19,405,4.691358024691358
308130,4,417,41711,Control,BoSY,Grade 7,low proficient,25,185,13.513513513513514
301227,4,420,42001,Control,BoSY,Grade 7,low proficient,66,1589,4.153555695405916
305334,15,1514,151401,Control,BoSY,Grade 7,low proficient,91,603,15.091210613598673
305367,15,1512,151201,Control,BoSY,Grade 7,low proficient,80,1188,6.734006734006734
305635,15,1514,151401,Control,BoSY,Grade 7,low proficient,53,554,9.566787003610107
301218,4,408,40814,Control,BoSY,Grade 7,low proficient,229,2316,9.887737478411054
308501,4,415,41501,Control,BoSY,Grade 7,low proficient,40,695,5.755395683453237
500332,15,1506,150601,Control,BoSY,Grade 7,low proficient,77,315,24.444444444444443
305471,15,1509,150901,Control,BoSY,Grade 7,low proficient,128,1015,12.610837438423646
305376,15,1501,150101,Treatment,BoSY,Grade 7,low proficient,64,848,7.547169811320755
301432,4,417,41705,Control,BoSY,Grade 7,low proficient,90,632,14.240506329113924
305459,15,1515,151502,Control,BoSY,Grade 7,low proficient,34,957,3.5527690700104495
305313,15,1507,150708,Control,BoSY,Grade 7,low proficient,0,591,0
301186,4,410,41001,Control,BoSY,Grade 7,low proficient,450,2144,20.988805970149254
301184,4,410,41001,Control,BoSY,Grade 7,low proficient,119,1327,8.967596081386587
305295,15,1507,150710,Control,BoSY,Grade 7,low proficient,238,1342,17.73472429210134
301416,4,422,42201,Control,BoSY,Grade 7,low proficient,34,200,17
305450,15,1505,150501,Treatment,BoSY,Grade 7,low proficient,36,523,6.8833652007648185
301403,4,416,41606,Control,BoSY,Grade 7,low proficient,116,339,34.21828908554572
301451,4,417,41708,Control,BoSY,Grade 7,low proficient,95,380,25
305338,15,1514,151401,Control,BoSY,Grade 7,low proficient,77,843,9.134045077105576
301257,4,413,41312,Control,BoSY,Grade 7,low proficient,538,1974,27.25430597771023
305416,15,1513,151301,Control,BoSY,Grade 7,low proficient,289,1063,27.18720602069614
305337,15,1514,151401,Control,BoSY,Grade 7,low proficient,60,2308,2.5996533795493932
305353,15,1514,151401,Control,BoSY,Grade 7,low proficient,88,404,21.782178217821784
301197,4,408,40812,Control,BoSY,Grade 7,low proficient,195,443,44.01805869074492
301236,4,413,41308,Treatment,BoSY,Grade 7,low proficient,69,346,19.942196531791907
305444,15,1516,151601,Control,BoSY,Grade 7,low proficient,30,467,6.423982869379015
320306,15,1503,150301,Control,BoSY,Grade 7,low proficient,92,878,10.478359908883826
301489,4,414,41401,Control,BoSY,Grade 7,low proficient,56,325,17.23076923076923
301507,4,418,41801,Control,BoSY,Grade 7,low proficient,0,130,0
301456,4,417,41710,Control,BoSY,Grade 7,low proficient,78,641,12.168486739469579
301238,4,413,41303,Control,BoSY,Grade 7,low proficient,79,658,12.006079027355623
305438,15,1516,151601,Control,BoSY,Grade 7,low proficient,157,939,16.719914802981897
305324,15,1514,151401,Control,BoSY,Grade 7,low proficient,36,275,13.090909090909092
305454,15,1510,151001,Control,BoSY,Grade 7,low proficient,3,139,2.158273381294964
308122,4,417,41708,Control,BoSY,Grade 7,low proficient,75,267,28.089887640449437
301508,4,418,41801,Control,BoSY,Grade 7,low proficient,43,258,16.666666666666668
305465,15,1515,151502,Control,BoSY,Grade 7,low proficient,70,815,8.588957055214724
305428,15,1511,151101,Control,BoSY,Grade 7,low proficient,23,371,6.199460916442049
301175,4,408,40807,Control,BoSY,Grade 7,low proficient,220,697,31.563845050215207
301437,4,417,41704,Control,BoSY,Grade 7,low proficient,149,1040,14.326923076923077
320204,15,1511,151101,Control,BoSY,Grade 7,low proficient,50,573,8.726003490401396
305447,15,1505,150501,Control,BoSY,Grade 7,low proficient,178,861,20.673635307781648
301438,4,417,41704,Control,BoSY,Grade 7,low proficient,29,543,5.3406998158379375
308135,4,417,41708,Control,BoSY,Grade 7,low proficient,134,490,27.346938775510203
301418,4,401,40101,Control,BoSY,Grade 7,low proficient,260,3468,7.497116493656286
305288,15,1507,150710,Control,BoSY,Grade 7,low proficient,127,648,19.598765432098766
301265,4,413,41301,Control,BoSY,Grade 7,low proficient,3,412,0.7281553398058253
305442,15,1516,151601,Control,BoSY,Grade 7,low proficient,35,272,12.867647058823529
500339,15,1505,150501,Control,BoSY,Grade 7,low proficient,111,365,30.410958904109588
305435,15,1503,150301,Control,BoSY,Grade 7,low proficient,214,473,45.243128964059196
308134,4,417,41708,Control,BoSY,Grade 7,low proficient,213,711,29.957805907172997
305452,15,1505,150501,Control,BoSY,Grade 7,low proficient,93,736,12.63586956521739
312330,7,703,70308,Treatment,BoSY,Grade 7,low proficient,0,89,0
305710,7,703,70302,Treatment,BoSY,Grade 7,low proficient,6,86,6.976744186046512
305655,11,1101,110101,Treatment,BoSY,Grade 7,low proficient,8,27,29.62962962962963
305581,7,703,70303,Treatment,BoSY,Grade 7,low proficient,8,46,17.391304347826086
303130,7,703,70309,Treatment,BoSY,Grade 7,low proficient,39,193,20.207253886010363
312354,7,703,70309,Treatment,BoSY,Grade 7,low proficient,1,28,3.5714285714285716
305849,11,1105,110503,Treatment,BoSY,Grade 7,low proficient,1,38,2.6315789473684212
305500,11,1101,110101,Treatment,BoSY,Grade 7,low proficient,4,36,11.11111111111111
312355,7,703,70304,Treatment,BoSY,Grade 7,low proficient,5,39,12.820512820512821
501903,11,1110,111001,Treatment,BoSY,Grade 7,low proficient,5,30,16.666666666666668
500665,7,705,70527,Control,BoSY,Grade 7,low proficient,0,107,0
312462,7,705,70520,Control,BoSY,Grade 7,low proficient,4,18,22.22222222222222
306038,11,1102,110202,Control,BoSY,Grade 7,low proficient,18,33,54.54545454545455
500221,7,705,70527,Control,BoSY,Grade 7,low proficient,1,32,3.125
500744,7,708,70801,Control,BoSY,Grade 7,low proficient,1,55,1.8181818181818181
305884,11,1101,110101,Control,BoSY,Grade 7,low proficient,9,125,7.2
303170,7,709,70901,Control,BoSY,Grade 7,low proficient,11,52,21.153846153846153
500787,7,708,70801,Control,BoSY,Grade 7,low proficient,2,49,4.081632653061225
500667,7,705,70528,Control,BoSY,Grade 7,low proficient,8,72,11.11111111111111
501071,11,1101,110101,Control,BoSY,Grade 7,low proficient,14,25,56
303046,7,705,70527,Control,BoSY,Grade 7,low proficient,0,81,0
325303,7,707,70701,Control,BoSY,Grade 7,low proficient,59,86,68.6046511627907
500208,7,703,70305,Control,BoSY,Grade 7,low proficient,13,19,68.42105263157895
312401,7,705,70525,Control,BoSY,Grade 7,low proficient,9,127,7.086614173228346
303136,7,706,70601,Control,BoSY,Grade 7,low proficient,3,109,2.7522935779816513
312435,7,707,70701,Control,BoSY,Grade 7,low proficient,30,54,55.55555555555556
502186,11,1101,110101,Control,BoSY,Grade 7,low proficient,0,20,0
500782,7,708,70801,Control,BoSY,Grade 7,low proficient,31,295,10.508474576271187
306086,11,1106,110606,Control,BoSY,Grade 7,low proficient,3,23,13.043478260869565
305755,7,705,70529,Control,BoSY,Grade 7,low proficient,18,138,13.043478260869565
305665,11,1101,110101,Control,BoSY,Grade 7,low proficient,19,24,79.16666666666667
501635,7,703,70301,Control,BoSY,Grade 7,low proficient,15,79,18.9873417721519
305843,11,1110,111001,Control,BoSY,Grade 7,low proficient,5,64,7.8125
500894,7,705,70517,Control,BoSY,Grade 7,low proficient,8,101,7.920792079207921
500671,7,705,70506,Control,BoSY,Grade 7,low proficient,7,28,25
305847,11,1105,110503,Control,BoSY,Grade 7,low proficient,7,49,14.285714285714286
500784,7,708,70801,Control,BoSY,Grade 7,low proficient,2,24,8.333333333333334
501267,7,705,70525,Control,BoSY,Grade 7,low proficient,4,42,9.523809523809524
306000,7,705,70525,Control,BoSY,Grade 7,low proficient,7,63,11.11111111111111
305517,11,1106,110608,Control,BoSY,Grade 7,low proficient,23,53,43.39622641509434
305713,7,710,71001,Control,BoSY,Grade 7,low proficient,39,82,47.5609756097561
500768,7,705,70521,Control,BoSY,Grade 7,low proficient,12,82,14.634146341463415
316303,11,1107,110701,Control,BoSY,Grade 7,low proficient,12,78,15.384615384615385
316304,11,1107,110701,Control,BoSY,Grade 7,low proficient,0,94,0
305506,11,1101,110101,Control,BoSY,Grade 7,low proficient,14,25,56
500421,7,705,70507,Control,BoSY,Grade 7,low proficient,52,118,44.067796610169495
305681,11,1110,111001,Control,BoSY,Grade 7,low proficient,20,228,8.771929824561404
303186,7,711,71101,Control,BoSY,Grade 7,low proficient,18,145,12.413793103448276
501429,7,714,71402,Control,BoSY,Grade 7,low proficient,0,59,0
305844,11,1103,110303,Control,BoSY,Grade 7,low proficient,8,57,14.035087719298245
305965,11,1110,111001,Control,BoSY,Grade 7,low proficient,1,92,1.0869565217391304
501076,11,1103,110305,Control,BoSY,Grade 7,low proficient,0,18,0
305889,11,1101,110101,Control,BoSY,Grade 7,low proficient,47,61,77.04918032786885
501074,11,1103,110306,Control,BoSY,Grade 7,low proficient,3,47,6.382978723404255
312408,7,705,70530,Control,BoSY,Grade 7,low proficient,30,77,38.96103896103896
501351,7,705,70522,Control,BoSY,Grade 7,low proficient,30,78,38.46153846153846
501404,11,1101,110101,Control,BoSY,Grade 7,low proficient,2,18,11.11111111111111
305660,11,1101,110101,Control,BoSY,Grade 7,low proficient,31,45,68.88888888888889
303219,7,701,70101,Control,BoSY,Grade 7,low proficient,0,140,0
312450,7,705,70522,Control,BoSY,Grade 7,low proficient,37,65,56.92307692307692
324903,7,704,70401,Control,BoSY,Grade 7,low proficient,11,44,25
501065,11,1101,110101,Control,BoSY,Grade 7,low proficient,5,144,3.4722222222222223
312451,7,705,70532,Control,BoSY,Grade 7,low proficient,37,93,39.784946236559136
501763,11,1103,110305,Control,BoSY,Grade 7,low proficient,1,42,2.380952380952381
316405,11,1110,111001,Control,BoSY,Grade 7,low proficient,0,152,0
316404,11,1110,111001,Control,BoSY,Grade 7,low proficient,4,62,6.451612903225806
316301,11,1107,110701,Control,BoSY,Grade 7,low proficient,1,208,0.4807692307692308
312910,7,710,71001,Control,BoSY,Grade 7,low proficient,6,196,3.061224489795918
303011,7,705,70512,Control,BoSY,Grade 7,low proficient,6,59,10.169491525423728
305651,11,1101,110101,Control,BoSY,Grade 7,low proficient,5,34,14.705882352941176
305662,11,1101,110101,Control,BoSY,Grade 7,low proficient,3,53,5.660377358490566
305850,11,1105,110503,Control,BoSY,Grade 7,low proficient,3,31,9.67741935483871
312481,7,705,70518,Control,BoSY,Grade 7,low proficient,14,201,6.965174129353234
304409,11,1110,111001,Control,BoSY,Grade 7,low proficient,3,121,2.479338842975207
303246,7,713,71303,Control,BoSY,Grade 7,low proficient,21,192,10.9375
501405,11,1101,110101,Control,BoSY,Grade 7,low proficient,0,58,0
305677,11,1105,110503,Control,BoSY,Grade 7,low proficient,2,63,3.1746031746031744
500447,7,708,70801,Control,BoSY,Grade 7,low proficient,4,74,5.405405405405405
501305,7,708,70801,Control,BoSY,Grade 7,low proficient,8,31,25.806451612903224
305917,7,708,70801,Control,BoSY,Grade 7,low proficient,8,24,33.333333333333336
305722,7,703,70304,Control,BoSY,Grade 7,low proficient,12,60,20
312953,7,713,71306,Control,BoSY,Grade 7,low proficient,20,50,40
305498,11,1101,110101,Control,BoSY,Grade 7,low proficient,11,78,14.102564102564102
305669,11,1101,110101,Control,BoSY,Grade 7,low proficient,0,38,0
312960,7,710,71002,Control,BoSY,Grade 7,low proficient,0,71,0
309906,5,508,50811,Treatment,BoSY,Grade 7,nearly proficient,0,128,0
309934,5,508,50806,Treatment,BoSY,Grade 7,nearly proficient,4,43,9.30232558139535
301871,5,501,50107,Treatment,BoSY,Grade 7,nearly proficient,3,73,4.109589041095891
302134,5,508,50804,Treatment,BoSY,Grade 7,nearly proficient,0,168,0
302117,5,508,50803,Treatment,BoSY,Grade 7,nearly proficient,0,93,0
309909,5,508,50801,Treatment,BoSY,Grade 7,nearly proficient,0,126,0
309915,5,508,50801,Treatment,BoSY,Grade 7,nearly proficient,1,51,1.9607843137254901
501544,5,508,50815,Treatment,BoSY,Grade 7,nearly proficient,0,72,0
301887,5,502,50205,Treatment,BoSY,Grade 7,nearly proficient,0,101,0
302175,5,508,50820,Treatment,BoSY,Grade 7,nearly proficient,0,132,0
302146,5,508,50812,Treatment,BoSY,Grade 7,nearly proficient,0,160,0
309921,5,508,50805,Treatment,BoSY,Grade 7,nearly proficient,0,97,0
302254,5,505,50501,Control,BoSY,Grade 7,nearly proficient,0,93,0
309513,5,501,50112,Control,BoSY,Grade 7,nearly proficient,1,122,0.819672131147541
500163,5,508,50801,Control,BoSY,Grade 7,nearly proficient,0,76,0
302058,5,503,50333,Control,BoSY,Grade 7,nearly proficient,0,138,0
302192,5,511,51103,Control,BoSY,Grade 7,nearly proficient,1,287,0.34843205574912894
302227,5,511,51105,Control,BoSY,Grade 7,nearly proficient,0,98,0
302252,5,505,50501,Control,BoSY,Grade 7,nearly proficient,0,99,0
309914,5,508,50806,Control,BoSY,Grade 7,nearly proficient,0,229,0
309711,5,503,50317,Control,BoSY,Grade 7,nearly proficient,0,65,0
301817,5,507,50701,Control,BoSY,Grade 7,nearly proficient,0,114,0
302165,5,508,50816,Control,BoSY,Grade 7,nearly proficient,1,92,1.0869565217391304
301974,5,503,50311,Treatment,BoSY,Grade 7,nearly proficient,0,87,0
302256,5,505,50501,Control,BoSY,Grade 7,nearly proficient,3,114,2.6315789473684212
301834,5,501,50106,Control,BoSY,Grade 7,nearly proficient,0,163,0
309760,5,503,50306,Control,BoSY,Grade 7,nearly proficient,2,34,5.882352941176471
309936,5,508,50819,Control,BoSY,Grade 7,nearly proficient,0,59,0
302203,5,511,51102,Control,BoSY,Grade 7,nearly proficient,0,80,0
302011,5,503,50314,Control,BoSY,Grade 7,nearly proficient,3,244,1.2295081967213115
500168,5,505,50501,Control,BoSY,Grade 7,nearly proficient,0,90,0
301947,5,503,50306,Control,BoSY,Grade 7,nearly proficient,29,365,7.945205479452055
309941,5,508,50812,Control,BoSY,Grade 7,nearly proficient,0,232,0
301839,5,501,50111,Control,BoSY,Grade 7,nearly proficient,21,90,23.333333333333332
501843,5,508,50818,Treatment,BoSY,Grade 7,nearly proficient,8,40,20
302111,5,508,50801,Control,BoSY,Grade 7,nearly proficient,21,540,3.888888888888889
302133,5,509,50901,Control,BoSY,Grade 7,nearly proficient,0,190,0
301990,5,503,50317,Control,BoSY,Grade 7,nearly proficient,0,21,0
309937,5,508,50819,Control,BoSY,Grade 7,nearly proficient,0,80,0
302241,5,511,51105,Control,BoSY,Grade 7,nearly proficient,0,169,0
500167,5,505,50501,Control,BoSY,Grade 7,nearly proficient,0,69,0
309764,5,503,50320,Control,BoSY,Grade 7,nearly proficient,1,40,2.5
302205,5,511,51106,Control,BoSY,Grade 7,nearly proficient,0,136,0
302014,5,503,50302,Control,BoSY,Grade 7,nearly proficient,4,165,2.4242424242424243
309740,5,503,50315,Control,BoSY,Grade 7,nearly proficient,0,73,0
309741,5,503,50315,Control,BoSY,Grade 7,nearly proficient,0,110,0
302161,5,508,50803,Treatment,BoSY,Grade 7,nearly proficient,0,99,0
302113,5,508,50818,Treatment,BoSY,Grade 7,nearly proficient,0,99,0
302127,5,508,50817,Control,BoSY,Grade 7,nearly proficient,0,48,0
301899,5,502,50205,Control,BoSY,Grade 7,nearly proficient,0,132,0
309509,5,501,50113,Control,BoSY,Grade 7,nearly proficient,0,96,0
309903,5,508,50816,Control,BoSY,Grade 7,nearly proficient,0,101,0
301995,5,503,50310,Control,BoSY,Grade 7,nearly proficient,8,62,12.903225806451612
309702,5,503,50325,Control,BoSY,Grade 7,nearly proficient,0,257,0
501020,5,503,50310,Control,BoSY,Grade 7,nearly proficient,0,33,0
309743,5,503,50332,Control,BoSY,Grade 7,nearly proficient,2,116,1.7241379310344827
301816,5,501,50101,Control,BoSY,Grade 7,nearly proficient,3,99,3.0303030303030303
302054,5,503,50315,Control,BoSY,Grade 7,nearly proficient,0,114,0
301862,5,507,50701,Control,BoSY,Grade 7,nearly proficient,4,247,1.6194331983805668
502477,5,501,50108,Control,BoSY,Grade 7,nearly proficient,0,26,0
302283,5,513,51301,Control,BoSY,Grade 7,nearly proficient,1,332,0.30120481927710846
301900,5,502,50206,Control,BoSY,Grade 7,nearly proficient,0,71,0
302123,5,508,50808,Control,BoSY,Grade 7,nearly proficient,0,81,0
309512,5,501,50110,Control,BoSY,Grade 7,nearly proficient,0,50,0
302284,5,513,51301,Control,BoSY,Grade 7,nearly proficient,0,180,0
500034,5,508,50819,Control,BoSY,Grade 7,nearly proficient,0,38,0
302043,5,503,50305,Control,BoSY,Grade 7,nearly proficient,0,227,0
302182,5,511,51107,Control,BoSY,Grade 7,nearly proficient,2,88,2.272727272727273
301986,5,503,50334,Control,BoSY,Grade 7,nearly proficient,0,216,0
302109,5,508,50817,Control,BoSY,Grade 7,nearly proficient,0,275,0
302061,5,503,50311,Control,BoSY,Grade 7,nearly proficient,1,82,1.2195121951219512
309931,5,508,50802,Control,BoSY,Grade 7,nearly proficient,0,87,0
301984,5,503,50331,Control,BoSY,Grade 7,nearly proficient,0,225,0
302156,5,508,50803,Control,BoSY,Grade 7,nearly proficient,0,101,0
309705,5,503,50330,Control,BoSY,Grade 7,nearly proficient,2,87,2.2988505747126435
500165,5,508,50804,Control,BoSY,Grade 7,nearly proficient,4,51,7.8431372549019605
301930,5,503,50328,Control,BoSY,Grade 7,nearly proficient,0,100,0
302177,5,508,50806,Control,BoSY,Grade 7,nearly proficient,0,115,0
302282,5,513,51301,Control,BoSY,Grade 7,nearly proficient,0,0,NA
502615,5,508,50802,Control,BoSY,Grade 7,nearly proficient,0,22,0
302263,5,506,50601,Control,BoSY,Grade 7,nearly proficient,0,66,0
301826,5,501,50103,Control,BoSY,Grade 7,nearly proficient,0,0,NA
305750,5,513,51301,Control,BoSY,Grade 7,nearly proficient,0,63,0
301870,5,501,50110,Control,BoSY,Grade 7,nearly proficient,0,124,0
302039,5,503,50316,Control,BoSY,Grade 7,nearly proficient,1,361,0.2770083102493075
301868,5,501,50112,Control,BoSY,Grade 7,nearly proficient,3,201,1.492537313432836
301963,5,503,50316,Control,BoSY,Grade 7,nearly proficient,1,220,0.45454545454545453
340567,15,1505,150501,Treatment,BoSY,Grade 7,nearly proficient,1,187,0.5347593582887701
320606,15,1515,151502,Treatment,BoSY,Grade 7,nearly proficient,5,308,1.6233766233766234
320202,15,1511,151101,Treatment,BoSY,Grade 7,nearly proficient,0,161,0
305310,15,1507,150703,Treatment,BoSY,Grade 7,nearly proficient,2,312,0.6410256410256411
305418,15,1513,151301,Treatment,BoSY,Grade 7,nearly proficient,38,1281,2.966432474629196
500565,15,1515,151502,Treatment,BoSY,Grade 7,nearly proficient,31,856,3.621495327102804
301258,4,413,41308,Treatment,BoSY,Grade 7,nearly proficient,12,546,2.197802197802198
301214,4,411,41101,Treatment,BoSY,Grade 7,nearly proficient,46,645,7.131782945736434
301497,4,414,41401,Treatment,BoSY,Grade 7,nearly proficient,26,445,5.842696629213483
305411,15,1515,151502,Treatment,BoSY,Grade 7,nearly proficient,17,656,2.591463414634146
305420,15,1513,151301,Treatment,BoSY,Grade 7,nearly proficient,27,1406,1.9203413940256044
301231,4,413,41302,Control,BoSY,Grade 7,nearly proficient,0,235,0
301188,4,402,40201,Control,BoSY,Grade 7,nearly proficient,2,454,0.44052863436123346
307913,4,413,41309,Control,BoSY,Grade 7,nearly proficient,5,349,1.4326647564469914
500566,15,1507,150710,Control,BoSY,Grade 7,nearly proficient,2,789,0.2534854245880862
305453,15,1510,151001,Control,BoSY,Grade 7,nearly proficient,4,833,0.4801920768307323
305311,15,1507,150702,Control,BoSY,Grade 7,nearly proficient,0,289,0
301425,4,401,40101,Control,BoSY,Grade 7,nearly proficient,1,1057,0.0946073793755913
301202,4,408,40812,Control,BoSY,Grade 7,nearly proficient,0,431,0
305412,15,1515,151502,Control,BoSY,Grade 7,nearly proficient,9,1138,0.7908611599297012
308105,4,417,41703,Control,BoSY,Grade 7,nearly proficient,89,939,9.478168264110757
305341,15,1514,151401,Control,BoSY,Grade 7,nearly proficient,45,1496,3.0080213903743314
319604,15,1512,151201,Control,BoSY,Grade 7,nearly proficient,0,385,0
305568,15,1516,151601,Control,BoSY,Grade 7,nearly proficient,0,478,0
305434,15,1503,150301,Control,BoSY,Grade 7,nearly proficient,8,960,0.8333333333333334
301464,4,417,41710,Control,BoSY,Grade 7,nearly proficient,4,659,0.6069802731411229
305461,15,1515,151502,Control,BoSY,Grade 7,nearly proficient,4,373,1.0723860589812333
305384,15,1501,150101,Control,BoSY,Grade 7,nearly proficient,6,526,1.1406844106463878
301143,4,421,42101,Control,BoSY,Grade 7,nearly proficient,2,1241,0.16116035455278002
305340,15,1514,151401,Control,BoSY,Grade 7,nearly proficient,36,1160,3.103448275862069
305302,15,1507,150709,Treatment,BoSY,Grade 7,nearly proficient,5,1192,0.41946308724832215
308103,4,417,41712,Control,BoSY,Grade 7,nearly proficient,0,405,0
308130,4,417,41711,Control,BoSY,Grade 7,nearly proficient,1,185,0.5405405405405406
301227,4,420,42001,Control,BoSY,Grade 7,nearly proficient,0,1589,0
305334,15,1514,151401,Control,BoSY,Grade 7,nearly proficient,2,603,0.33167495854063017
305367,15,1512,151201,Control,BoSY,Grade 7,nearly proficient,6,1188,0.5050505050505051
305635,15,1514,151401,Control,BoSY,Grade 7,nearly proficient,4,554,0.7220216606498195
301218,4,408,40814,Control,BoSY,Grade 7,nearly proficient,38,2316,1.6407599309153713
308501,4,415,41501,Control,BoSY,Grade 7,nearly proficient,0,695,0
500332,15,1506,150601,Control,BoSY,Grade 7,nearly proficient,10,315,3.1746031746031744
305471,15,1509,150901,Control,BoSY,Grade 7,nearly proficient,3,1015,0.2955665024630542
305376,15,1501,150101,Treatment,BoSY,Grade 7,nearly proficient,16,848,1.8867924528301887
301432,4,417,41705,Control,BoSY,Grade 7,nearly proficient,0,632,0
305459,15,1515,151502,Control,BoSY,Grade 7,nearly proficient,3,957,0.31347962382445144
305313,15,1507,150708,Control,BoSY,Grade 7,nearly proficient,0,591,0
301186,4,410,41001,Control,BoSY,Grade 7,nearly proficient,110,2144,5.130597014925373
301184,4,410,41001,Control,BoSY,Grade 7,nearly proficient,4,1327,0.30143180105501133
305295,15,1507,150710,Control,BoSY,Grade 7,nearly proficient,4,1342,0.29806259314456035
301416,4,422,42201,Control,BoSY,Grade 7,nearly proficient,1,200,0.5
305450,15,1505,150501,Treatment,BoSY,Grade 7,nearly proficient,0,523,0
301403,4,416,41606,Control,BoSY,Grade 7,nearly proficient,14,339,4.129793510324483
301451,4,417,41708,Control,BoSY,Grade 7,nearly proficient,31,380,8.157894736842104
305338,15,1514,151401,Control,BoSY,Grade 7,nearly proficient,14,843,1.66073546856465
301257,4,413,41312,Control,BoSY,Grade 7,nearly proficient,93,1974,4.711246200607903
305416,15,1513,151301,Control,BoSY,Grade 7,nearly proficient,48,1063,4.51552210724365
305337,15,1514,151401,Control,BoSY,Grade 7,nearly proficient,0,2308,0
305353,15,1514,151401,Control,BoSY,Grade 7,nearly proficient,3,404,0.7425742574257426
301197,4,408,40812,Control,BoSY,Grade 7,nearly proficient,40,443,9.029345372460497
301236,4,413,41308,Treatment,BoSY,Grade 7,nearly proficient,1,346,0.28901734104046245
305444,15,1516,151601,Control,BoSY,Grade 7,nearly proficient,1,467,0.21413276231263384
320306,15,1503,150301,Control,BoSY,Grade 7,nearly proficient,4,878,0.45558086560364464
301489,4,414,41401,Control,BoSY,Grade 7,nearly proficient,0,325,0
301507,4,418,41801,Control,BoSY,Grade 7,nearly proficient,0,130,0
301456,4,417,41710,Control,BoSY,Grade 7,nearly proficient,5,641,0.7800312012480499
301238,4,413,41303,Control,BoSY,Grade 7,nearly proficient,7,658,1.0638297872340425
305438,15,1516,151601,Control,BoSY,Grade 7,nearly proficient,2,939,0.21299254526091588
305324,15,1514,151401,Control,BoSY,Grade 7,nearly proficient,0,275,0
305454,15,1510,151001,Control,BoSY,Grade 7,nearly proficient,0,139,0
308122,4,417,41708,Control,BoSY,Grade 7,nearly proficient,12,267,4.49438202247191
301508,4,418,41801,Control,BoSY,Grade 7,nearly proficient,4,258,1.550387596899225
305465,15,1515,151502,Control,BoSY,Grade 7,nearly proficient,3,815,0.36809815950920244
305428,15,1511,151101,Control,BoSY,Grade 7,nearly proficient,0,371,0
301175,4,408,40807,Control,BoSY,Grade 7,nearly proficient,28,697,4.017216642754663
301437,4,417,41704,Control,BoSY,Grade 7,nearly proficient,29,1040,2.7884615384615383
320204,15,1511,151101,Control,BoSY,Grade 7,nearly proficient,1,573,0.17452006980802792
305447,15,1505,150501,Control,BoSY,Grade 7,nearly proficient,6,861,0.6968641114982579
301438,4,417,41704,Control,BoSY,Grade 7,nearly proficient,0,543,0
308135,4,417,41708,Control,BoSY,Grade 7,nearly proficient,34,490,6.938775510204081
301418,4,401,40101,Control,BoSY,Grade 7,nearly proficient,5,3468,0.14417531718569782
305288,15,1507,150710,Control,BoSY,Grade 7,nearly proficient,2,648,0.30864197530864196
301265,4,413,41301,Control,BoSY,Grade 7,nearly proficient,1,412,0.24271844660194175
305442,15,1516,151601,Control,BoSY,Grade 7,nearly proficient,0,272,0
500339,15,1505,150501,Control,BoSY,Grade 7,nearly proficient,9,365,2.4657534246575343
305435,15,1503,150301,Control,BoSY,Grade 7,nearly proficient,77,473,16.27906976744186
308134,4,417,41708,Control,BoSY,Grade 7,nearly proficient,18,711,2.5316455696202533
305452,15,1505,150501,Control,BoSY,Grade 7,nearly proficient,5,736,0.6793478260869565
312330,7,703,70308,Treatment,BoSY,Grade 7,nearly proficient,0,89,0
305710,7,703,70302,Treatment,BoSY,Grade 7,nearly proficient,0,86,0
305655,11,1101,110101,Treatment,BoSY,Grade 7,nearly proficient,2,27,7.407407407407407
305581,7,703,70303,Treatment,BoSY,Grade 7,nearly proficient,2,46,4.3478260869565215
303130,7,703,70309,Treatment,BoSY,Grade 7,nearly proficient,0,193,0
312354,7,703,70309,Treatment,BoSY,Grade 7,nearly proficient,0,28,0
305849,11,1105,110503,Treatment,BoSY,Grade 7,nearly proficient,0,38,0
305500,11,1101,110101,Treatment,BoSY,Grade 7,nearly proficient,0,36,0
312355,7,703,70304,Treatment,BoSY,Grade 7,nearly proficient,0,39,0
501903,11,1110,111001,Treatment,BoSY,Grade 7,nearly proficient,0,30,0
500665,7,705,70527,Control,BoSY,Grade 7,nearly proficient,0,107,0
312462,7,705,70520,Control,BoSY,Grade 7,nearly proficient,0,18,0
306038,11,1102,110202,Control,BoSY,Grade 7,nearly proficient,1,33,3.0303030303030303
500221,7,705,70527,Control,BoSY,Grade 7,nearly proficient,0,32,0
500744,7,708,70801,Control,BoSY,Grade 7,nearly proficient,0,55,0
305884,11,1101,110101,Control,BoSY,Grade 7,nearly proficient,105,125,84
303170,7,709,70901,Control,BoSY,Grade 7,nearly proficient,0,52,0
500787,7,708,70801,Control,BoSY,Grade 7,nearly proficient,0,49,0
500667,7,705,70528,Control,BoSY,Grade 7,nearly proficient,3,72,4.166666666666667
501071,11,1101,110101,Control,BoSY,Grade 7,nearly proficient,0,25,0
303046,7,705,70527,Control,BoSY,Grade 7,nearly proficient,0,81,0
325303,7,707,70701,Control,BoSY,Grade 7,nearly proficient,17,86,19.767441860465116
500208,7,703,70305,Control,BoSY,Grade 7,nearly proficient,0,19,0
312401,7,705,70525,Control,BoSY,Grade 7,nearly proficient,0,127,0
303136,7,706,70601,Control,BoSY,Grade 7,nearly proficient,0,109,0
312435,7,707,70701,Control,BoSY,Grade 7,nearly proficient,0,54,0
502186,11,1101,110101,Control,BoSY,Grade 7,nearly proficient,0,20,0
500782,7,708,70801,Control,BoSY,Grade 7,nearly proficient,1,295,0.3389830508474576
306086,11,1106,110606,Control,BoSY,Grade 7,nearly proficient,0,23,0
305755,7,705,70529,Control,BoSY,Grade 7,nearly proficient,0,138,0
305665,11,1101,110101,Control,BoSY,Grade 7,nearly proficient,0,24,0
501635,7,703,70301,Control,BoSY,Grade 7,nearly proficient,0,79,0
305843,11,1110,111001,Control,BoSY,Grade 7,nearly proficient,0,64,0
500894,7,705,70517,Control,BoSY,Grade 7,nearly proficient,0,101,0
500671,7,705,70506,Control,BoSY,Grade 7,nearly proficient,0,28,0
305847,11,1105,110503,Control,BoSY,Grade 7,nearly proficient,0,49,0
500784,7,708,70801,Control,BoSY,Grade 7,nearly proficient,0,24,0
501267,7,705,70525,Control,BoSY,Grade 7,nearly proficient,0,42,0
306000,7,705,70525,Control,BoSY,Grade 7,nearly proficient,0,63,0
305517,11,1106,110608,Control,BoSY,Grade 7,nearly proficient,0,53,0
305713,7,710,71001,Control,BoSY,Grade 7,nearly proficient,41,82,50
500768,7,705,70521,Control,BoSY,Grade 7,nearly proficient,0,82,0
316303,11,1107,110701,Control,BoSY,Grade 7,nearly proficient,1,78,1.2820512820512822
316304,11,1107,110701,Control,BoSY,Grade 7,nearly proficient,0,94,0
305506,11,1101,110101,Control,BoSY,Grade 7,nearly proficient,9,25,36
500421,7,705,70507,Control,BoSY,Grade 7,nearly proficient,0,118,0
305681,11,1110,111001,Control,BoSY,Grade 7,nearly proficient,0,228,0
303186,7,711,71101,Control,BoSY,Grade 7,nearly proficient,0,145,0
501429,7,714,71402,Control,BoSY,Grade 7,nearly proficient,0,59,0
305844,11,1103,110303,Control,BoSY,Grade 7,nearly proficient,0,57,0
305965,11,1110,111001,Control,BoSY,Grade 7,nearly proficient,0,92,0
501076,11,1103,110305,Control,BoSY,Grade 7,nearly proficient,0,18,0
305889,11,1101,110101,Control,BoSY,Grade 7,nearly proficient,2,61,3.278688524590164
501074,11,1103,110306,Control,BoSY,Grade 7,nearly proficient,0,47,0
312408,7,705,70530,Control,BoSY,Grade 7,nearly proficient,0,77,0
501351,7,705,70522,Control,BoSY,Grade 7,nearly proficient,31,78,39.743589743589745
501404,11,1101,110101,Control,BoSY,Grade 7,nearly proficient,0,18,0
305660,11,1101,110101,Control,BoSY,Grade 7,nearly proficient,0,45,0
303219,7,701,70101,Control,BoSY,Grade 7,nearly proficient,0,140,0
312450,7,705,70522,Control,BoSY,Grade 7,nearly proficient,15,65,23.076923076923077
324903,7,704,70401,Control,BoSY,Grade 7,nearly proficient,0,44,0
501065,11,1101,110101,Control,BoSY,Grade 7,nearly proficient,0,144,0
312451,7,705,70532,Control,BoSY,Grade 7,nearly proficient,8,93,8.602150537634408
501763,11,1103,110305,Control,BoSY,Grade 7,nearly proficient,0,42,0
316405,11,1110,111001,Control,BoSY,Grade 7,nearly proficient,0,152,0
316404,11,1110,111001,Control,BoSY,Grade 7,nearly proficient,0,62,0
316301,11,1107,110701,Control,BoSY,Grade 7,nearly proficient,0,208,0
312910,7,710,71001,Control,BoSY,Grade 7,nearly proficient,0,196,0
303011,7,705,70512,Control,BoSY,Grade 7,nearly proficient,0,59,0
305651,11,1101,110101,Control,BoSY,Grade 7,nearly proficient,22,34,64.70588235294117
305662,11,1101,110101,Control,BoSY,Grade 7,nearly proficient,0,53,0
305850,11,1105,110503,Control,BoSY,Grade 7,nearly proficient,0,31,0
312481,7,705,70518,Control,BoSY,Grade 7,nearly proficient,0,201,0
304409,11,1110,111001,Control,BoSY,Grade 7,nearly proficient,0,121,0
303246,7,713,71303,Control,BoSY,Grade 7,nearly proficient,0,192,0
501405,11,1101,110101,Control,BoSY,Grade 7,nearly proficient,0,58,0
305677,11,1105,110503,Control,BoSY,Grade 7,nearly proficient,0,63,0
500447,7,708,70801,Control,BoSY,Grade 7,nearly proficient,1,74,1.3513513513513513
501305,7,708,70801,Control,BoSY,Grade 7,nearly proficient,0,31,0
305917,7,708,70801,Control,BoSY,Grade 7,nearly proficient,0,24,0
305722,7,703,70304,Control,BoSY,Grade 7,nearly proficient,0,60,0
312953,7,713,71306,Control,BoSY,Grade 7,nearly proficient,0,50,0
305498,11,1101,110101,Control,BoSY,Grade 7,nearly proficient,0,78,0
305669,11,1101,110101,Control,BoSY,Grade 7,nearly proficient,13,38,34.21052631578947
312960,7,710,71002,Control,BoSY,Grade 7,nearly proficient,0,71,0
309906,5,508,50811,Treatment,BoSY,Grade 7,proficient,0,128,0
309934,5,508,50806,Treatment,BoSY,Grade 7,proficient,0,43,0
301871,5,501,50107,Treatment,BoSY,Grade 7,proficient,0,73,0
302134,5,508,50804,Treatment,BoSY,Grade 7,proficient,0,168,0
302117,5,508,50803,Treatment,BoSY,Grade 7,proficient,0,93,0
309909,5,508,50801,Treatment,BoSY,Grade 7,proficient,0,126,0
309915,5,508,50801,Treatment,BoSY,Grade 7,proficient,1,51,1.9607843137254901
501544,5,508,50815,Treatment,BoSY,Grade 7,proficient,0,72,0
301887,5,502,50205,Treatment,BoSY,Grade 7,proficient,0,101,0
302175,5,508,50820,Treatment,BoSY,Grade 7,proficient,0,132,0
302146,5,508,50812,Treatment,BoSY,Grade 7,proficient,0,160,0
309921,5,508,50805,Treatment,BoSY,Grade 7,proficient,0,97,0
302254,5,505,50501,Control,BoSY,Grade 7,proficient,0,93,0
309513,5,501,50112,Control,BoSY,Grade 7,proficient,0,122,0
500163,5,508,50801,Control,BoSY,Grade 7,proficient,0,76,0
302058,5,503,50333,Control,BoSY,Grade 7,proficient,0,138,0
302192,5,511,51103,Control,BoSY,Grade 7,proficient,0,287,0
302227,5,511,51105,Control,BoSY,Grade 7,proficient,0,98,0
302252,5,505,50501,Control,BoSY,Grade 7,proficient,0,99,0
309914,5,508,50806,Control,BoSY,Grade 7,proficient,0,229,0
309711,5,503,50317,Control,BoSY,Grade 7,proficient,0,65,0
301817,5,507,50701,Control,BoSY,Grade 7,proficient,0,114,0
302165,5,508,50816,Control,BoSY,Grade 7,proficient,0,92,0
301974,5,503,50311,Treatment,BoSY,Grade 7,proficient,0,87,0
302256,5,505,50501,Control,BoSY,Grade 7,proficient,0,114,0
301834,5,501,50106,Control,BoSY,Grade 7,proficient,0,163,0
309760,5,503,50306,Control,BoSY,Grade 7,proficient,0,34,0
309936,5,508,50819,Control,BoSY,Grade 7,proficient,0,59,0
302203,5,511,51102,Control,BoSY,Grade 7,proficient,0,80,0
302011,5,503,50314,Control,BoSY,Grade 7,proficient,0,244,0
500168,5,505,50501,Control,BoSY,Grade 7,proficient,0,90,0
301947,5,503,50306,Control,BoSY,Grade 7,proficient,0,365,0
309941,5,508,50812,Control,BoSY,Grade 7,proficient,0,232,0
301839,5,501,50111,Control,BoSY,Grade 7,proficient,0,90,0
501843,5,508,50818,Treatment,BoSY,Grade 7,proficient,4,40,10
302111,5,508,50801,Control,BoSY,Grade 7,proficient,1,540,0.18518518518518517
302133,5,509,50901,Control,BoSY,Grade 7,proficient,0,190,0
301990,5,503,50317,Control,BoSY,Grade 7,proficient,0,21,0
309937,5,508,50819,Control,BoSY,Grade 7,proficient,0,80,0
302241,5,511,51105,Control,BoSY,Grade 7,proficient,0,169,0
500167,5,505,50501,Control,BoSY,Grade 7,proficient,0,69,0
309764,5,503,50320,Control,BoSY,Grade 7,proficient,0,40,0
302205,5,511,51106,Control,BoSY,Grade 7,proficient,0,136,0
302014,5,503,50302,Control,BoSY,Grade 7,proficient,0,165,0
309740,5,503,50315,Control,BoSY,Grade 7,proficient,0,73,0
309741,5,503,50315,Control,BoSY,Grade 7,proficient,0,110,0
302161,5,508,50803,Treatment,BoSY,Grade 7,proficient,0,99,0
302113,5,508,50818,Treatment,BoSY,Grade 7,proficient,0,99,0
302127,5,508,50817,Control,BoSY,Grade 7,proficient,0,48,0
301899,5,502,50205,Control,BoSY,Grade 7,proficient,0,132,0
309509,5,501,50113,Control,BoSY,Grade 7,proficient,0,96,0
309903,5,508,50816,Control,BoSY,Grade 7,proficient,0,101,0
301995,5,503,50310,Control,BoSY,Grade 7,proficient,0,62,0
309702,5,503,50325,Control,BoSY,Grade 7,proficient,0,257,0
501020,5,503,50310,Control,BoSY,Grade 7,proficient,0,33,0
309743,5,503,50332,Control,BoSY,Grade 7,proficient,0,116,0
301816,5,501,50101,Control,BoSY,Grade 7,proficient,0,99,0
302054,5,503,50315,Control,BoSY,Grade 7,proficient,0,114,0
301862,5,507,50701,Control,BoSY,Grade 7,proficient,0,247,0
502477,5,501,50108,Control,BoSY,Grade 7,proficient,0,26,0
302283,5,513,51301,Control,BoSY,Grade 7,proficient,0,332,0
301900,5,502,50206,Control,BoSY,Grade 7,proficient,0,71,0
302123,5,508,50808,Control,BoSY,Grade 7,proficient,0,81,0
309512,5,501,50110,Control,BoSY,Grade 7,proficient,0,50,0
302284,5,513,51301,Control,BoSY,Grade 7,proficient,0,180,0
500034,5,508,50819,Control,BoSY,Grade 7,proficient,0,38,0
302043,5,503,50305,Control,BoSY,Grade 7,proficient,0,227,0
302182,5,511,51107,Control,BoSY,Grade 7,proficient,0,88,0
301986,5,503,50334,Control,BoSY,Grade 7,proficient,0,216,0
302109,5,508,50817,Control,BoSY,Grade 7,proficient,0,275,0
302061,5,503,50311,Control,BoSY,Grade 7,proficient,0,82,0
309931,5,508,50802,Control,BoSY,Grade 7,proficient,0,87,0
301984,5,503,50331,Control,BoSY,Grade 7,proficient,0,225,0
302156,5,508,50803,Control,BoSY,Grade 7,proficient,0,101,0
309705,5,503,50330,Control,BoSY,Grade 7,proficient,0,87,0
500165,5,508,50804,Control,BoSY,Grade 7,proficient,0,51,0
301930,5,503,50328,Control,BoSY,Grade 7,proficient,0,100,0
302177,5,508,50806,Control,BoSY,Grade 7,proficient,0,115,0
302282,5,513,51301,Control,BoSY,Grade 7,proficient,0,0,NA
502615,5,508,50802,Control,BoSY,Grade 7,proficient,0,22,0
302263,5,506,50601,Control,BoSY,Grade 7,proficient,0,66,0
301826,5,501,50103,Control,BoSY,Grade 7,proficient,0,0,NA
305750,5,513,51301,Control,BoSY,Grade 7,proficient,0,63,0
301870,5,501,50110,Control,BoSY,Grade 7,proficient,0,124,0
302039,5,503,50316,Control,BoSY,Grade 7,proficient,0,361,0
301868,5,501,50112,Control,BoSY,Grade 7,proficient,0,201,0
301963,5,503,50316,Control,BoSY,Grade 7,proficient,0,220,0
340567,15,1505,150501,Treatment,BoSY,Grade 7,proficient,0,187,0
320606,15,1515,151502,Treatment,BoSY,Grade 7,proficient,0,308,0
320202,15,1511,151101,Treatment,BoSY,Grade 7,proficient,0,161,0
305310,15,1507,150703,Treatment,BoSY,Grade 7,proficient,0,312,0
305418,15,1513,151301,Treatment,BoSY,Grade 7,proficient,6,1281,0.468384074941452
500565,15,1515,151502,Treatment,BoSY,Grade 7,proficient,0,856,0
301258,4,413,41308,Treatment,BoSY,Grade 7,proficient,0,546,0
301214,4,411,41101,Treatment,BoSY,Grade 7,proficient,3,645,0.46511627906976744
301497,4,414,41401,Treatment,BoSY,Grade 7,proficient,1,445,0.2247191011235955
305411,15,1515,151502,Treatment,BoSY,Grade 7,proficient,5,656,0.7621951219512195
305420,15,1513,151301,Treatment,BoSY,Grade 7,proficient,1,1406,0.07112375533428165
301231,4,413,41302,Control,BoSY,Grade 7,proficient,0,235,0
301188,4,402,40201,Control,BoSY,Grade 7,proficient,0,454,0
307913,4,413,41309,Control,BoSY,Grade 7,proficient,0,349,0
500566,15,1507,150710,Control,BoSY,Grade 7,proficient,0,789,0
305453,15,1510,151001,Control,BoSY,Grade 7,proficient,0,833,0
305311,15,1507,150702,Control,BoSY,Grade 7,proficient,0,289,0
301425,4,401,40101,Control,BoSY,Grade 7,proficient,0,1057,0
301202,4,408,40812,Control,BoSY,Grade 7,proficient,0,431,0
305412,15,1515,151502,Control,BoSY,Grade 7,proficient,0,1138,0
308105,4,417,41703,Control,BoSY,Grade 7,proficient,23,939,2.4494142705005326
305341,15,1514,151401,Control,BoSY,Grade 7,proficient,1,1496,0.06684491978609626
319604,15,1512,151201,Control,BoSY,Grade 7,proficient,0,385,0
305568,15,1516,151601,Control,BoSY,Grade 7,proficient,0,478,0
305434,15,1503,150301,Control,BoSY,Grade 7,proficient,1,960,0.10416666666666667
301464,4,417,41710,Control,BoSY,Grade 7,proficient,0,659,0
305461,15,1515,151502,Control,BoSY,Grade 7,proficient,0,373,0
305384,15,1501,150101,Control,BoSY,Grade 7,proficient,0,526,0
301143,4,421,42101,Control,BoSY,Grade 7,proficient,0,1241,0
305340,15,1514,151401,Control,BoSY,Grade 7,proficient,4,1160,0.3448275862068966
305302,15,1507,150709,Treatment,BoSY,Grade 7,proficient,0,1192,0
308103,4,417,41712,Control,BoSY,Grade 7,proficient,0,405,0
308130,4,417,41711,Control,BoSY,Grade 7,proficient,0,185,0
301227,4,420,42001,Control,BoSY,Grade 7,proficient,0,1589,0
305334,15,1514,151401,Control,BoSY,Grade 7,proficient,0,603,0
305367,15,1512,151201,Control,BoSY,Grade 7,proficient,0,1188,0
305635,15,1514,151401,Control,BoSY,Grade 7,proficient,0,554,0
301218,4,408,40814,Control,BoSY,Grade 7,proficient,1,2316,0.04317789291882556
308501,4,415,41501,Control,BoSY,Grade 7,proficient,0,695,0
500332,15,1506,150601,Control,BoSY,Grade 7,proficient,0,315,0
305471,15,1509,150901,Control,BoSY,Grade 7,proficient,0,1015,0
305376,15,1501,150101,Treatment,BoSY,Grade 7,proficient,0,848,0
301432,4,417,41705,Control,BoSY,Grade 7,proficient,0,632,0
305459,15,1515,151502,Control,BoSY,Grade 7,proficient,0,957,0
305313,15,1507,150708,Control,BoSY,Grade 7,proficient,0,591,0
301186,4,410,41001,Control,BoSY,Grade 7,proficient,2,2144,0.09328358208955224
301184,4,410,41001,Control,BoSY,Grade 7,proficient,0,1327,0
305295,15,1507,150710,Control,BoSY,Grade 7,proficient,0,1342,0
301416,4,422,42201,Control,BoSY,Grade 7,proficient,0,200,0
305450,15,1505,150501,Treatment,BoSY,Grade 7,proficient,0,523,0
301403,4,416,41606,Control,BoSY,Grade 7,proficient,4,339,1.1799410029498525
301451,4,417,41708,Control,BoSY,Grade 7,proficient,0,380,0
305338,15,1514,151401,Control,BoSY,Grade 7,proficient,0,843,0
301257,4,413,41312,Control,BoSY,Grade 7,proficient,5,1974,0.25329280648429586
305416,15,1513,151301,Control,BoSY,Grade 7,proficient,5,1063,0.4703668861712135
305337,15,1514,151401,Control,BoSY,Grade 7,proficient,0,2308,0
305353,15,1514,151401,Control,BoSY,Grade 7,proficient,0,404,0
301197,4,408,40812,Control,BoSY,Grade 7,proficient,3,443,0.6772009029345373
301236,4,413,41308,Treatment,BoSY,Grade 7,proficient,0,346,0
305444,15,1516,151601,Control,BoSY,Grade 7,proficient,0,467,0
320306,15,1503,150301,Control,BoSY,Grade 7,proficient,0,878,0
301489,4,414,41401,Control,BoSY,Grade 7,proficient,0,325,0
301507,4,418,41801,Control,BoSY,Grade 7,proficient,0,130,0
301456,4,417,41710,Control,BoSY,Grade 7,proficient,0,641,0
301238,4,413,41303,Control,BoSY,Grade 7,proficient,0,658,0
305438,15,1516,151601,Control,BoSY,Grade 7,proficient,0,939,0
305324,15,1514,151401,Control,BoSY,Grade 7,proficient,0,275,0
305454,15,1510,151001,Control,BoSY,Grade 7,proficient,0,139,0
308122,4,417,41708,Control,BoSY,Grade 7,proficient,0,267,0
301508,4,418,41801,Control,BoSY,Grade 7,proficient,0,258,0
305465,15,1515,151502,Control,BoSY,Grade 7,proficient,0,815,0
305428,15,1511,151101,Control,BoSY,Grade 7,proficient,0,371,0
301175,4,408,40807,Control,BoSY,Grade 7,proficient,0,697,0
301437,4,417,41704,Control,BoSY,Grade 7,proficient,2,1040,0.19230769230769232
320204,15,1511,151101,Control,BoSY,Grade 7,proficient,0,573,0
305447,15,1505,150501,Control,BoSY,Grade 7,proficient,0,861,0
301438,4,417,41704,Control,BoSY,Grade 7,proficient,0,543,0
308135,4,417,41708,Control,BoSY,Grade 7,proficient,0,490,0
301418,4,401,40101,Control,BoSY,Grade 7,proficient,0,3468,0
305288,15,1507,150710,Control,BoSY,Grade 7,proficient,0,648,0
301265,4,413,41301,Control,BoSY,Grade 7,proficient,0,412,0
305442,15,1516,151601,Control,BoSY,Grade 7,proficient,0,272,0
500339,15,1505,150501,Control,BoSY,Grade 7,proficient,0,365,0
305435,15,1503,150301,Control,BoSY,Grade 7,proficient,0,473,0
308134,4,417,41708,Control,BoSY,Grade 7,proficient,0,711,0
305452,15,1505,150501,Control,BoSY,Grade 7,proficient,0,736,0
312330,7,703,70308,Treatment,BoSY,Grade 7,proficient,0,89,0
305710,7,703,70302,Treatment,BoSY,Grade 7,proficient,0,86,0
305655,11,1101,110101,Treatment,BoSY,Grade 7,proficient,0,27,0
305581,7,703,70303,Treatment,BoSY,Grade 7,proficient,0,46,0
303130,7,703,70309,Treatment,BoSY,Grade 7,proficient,0,193,0
312354,7,703,70309,Treatment,BoSY,Grade 7,proficient,0,28,0
305849,11,1105,110503,Treatment,BoSY,Grade 7,proficient,0,38,0
305500,11,1101,110101,Treatment,BoSY,Grade 7,proficient,0,36,0
312355,7,703,70304,Treatment,BoSY,Grade 7,proficient,0,39,0
501903,11,1110,111001,Treatment,BoSY,Grade 7,proficient,0,30,0
500665,7,705,70527,Control,BoSY,Grade 7,proficient,0,107,0
312462,7,705,70520,Control,BoSY,Grade 7,proficient,0,18,0
306038,11,1102,110202,Control,BoSY,Grade 7,proficient,0,33,0
500221,7,705,70527,Control,BoSY,Grade 7,proficient,0,32,0
500744,7,708,70801,Control,BoSY,Grade 7,proficient,0,55,0
305884,11,1101,110101,Control,BoSY,Grade 7,proficient,11,125,8.8
303170,7,709,70901,Control,BoSY,Grade 7,proficient,0,52,0
500787,7,708,70801,Control,BoSY,Grade 7,proficient,0,49,0
500667,7,705,70528,Control,BoSY,Grade 7,proficient,0,72,0
501071,11,1101,110101,Control,BoSY,Grade 7,proficient,0,25,0
303046,7,705,70527,Control,BoSY,Grade 7,proficient,0,81,0
325303,7,707,70701,Control,BoSY,Grade 7,proficient,1,86,1.1627906976744187
500208,7,703,70305,Control,BoSY,Grade 7,proficient,0,19,0
312401,7,705,70525,Control,BoSY,Grade 7,proficient,0,127,0
303136,7,706,70601,Control,BoSY,Grade 7,proficient,0,109,0
312435,7,707,70701,Control,BoSY,Grade 7,proficient,0,54,0
502186,11,1101,110101,Control,BoSY,Grade 7,proficient,0,20,0
500782,7,708,70801,Control,BoSY,Grade 7,proficient,0,295,0
306086,11,1106,110606,Control,BoSY,Grade 7,proficient,0,23,0
305755,7,705,70529,Control,BoSY,Grade 7,proficient,0,138,0
305665,11,1101,110101,Control,BoSY,Grade 7,proficient,0,24,0
501635,7,703,70301,Control,BoSY,Grade 7,proficient,0,79,0
305843,11,1110,111001,Control,BoSY,Grade 7,proficient,0,64,0
500894,7,705,70517,Control,BoSY,Grade 7,proficient,0,101,0
500671,7,705,70506,Control,BoSY,Grade 7,proficient,0,28,0
305847,11,1105,110503,Control,BoSY,Grade 7,proficient,0,49,0
500784,7,708,70801,Control,BoSY,Grade 7,proficient,0,24,0
501267,7,705,70525,Control,BoSY,Grade 7,proficient,0,42,0
306000,7,705,70525,Control,BoSY,Grade 7,proficient,0,63,0
305517,11,1106,110608,Control,BoSY,Grade 7,proficient,0,53,0
305713,7,710,71001,Control,BoSY,Grade 7,proficient,0,82,0
500768,7,705,70521,Control,BoSY,Grade 7,proficient,0,82,0
316303,11,1107,110701,Control,BoSY,Grade 7,proficient,0,78,0
316304,11,1107,110701,Control,BoSY,Grade 7,proficient,0,94,0
305506,11,1101,110101,Control,BoSY,Grade 7,proficient,0,25,0
500421,7,705,70507,Control,BoSY,Grade 7,proficient,0,118,0
305681,11,1110,111001,Control,BoSY,Grade 7,proficient,0,228,0
303186,7,711,71101,Control,BoSY,Grade 7,proficient,0,145,0
501429,7,714,71402,Control,BoSY,Grade 7,proficient,0,59,0
305844,11,1103,110303,Control,BoSY,Grade 7,proficient,0,57,0
305965,11,1110,111001,Control,BoSY,Grade 7,proficient,0,92,0
501076,11,1103,110305,Control,BoSY,Grade 7,proficient,0,18,0
305889,11,1101,110101,Control,BoSY,Grade 7,proficient,0,61,0
501074,11,1103,110306,Control,BoSY,Grade 7,proficient,0,47,0
312408,7,705,70530,Control,BoSY,Grade 7,proficient,0,77,0
501351,7,705,70522,Control,BoSY,Grade 7,proficient,8,78,10.256410256410257
501404,11,1101,110101,Control,BoSY,Grade 7,proficient,0,18,0
305660,11,1101,110101,Control,BoSY,Grade 7,proficient,0,45,0
303219,7,701,70101,Control,BoSY,Grade 7,proficient,0,140,0
312450,7,705,70522,Control,BoSY,Grade 7,proficient,5,65,7.6923076923076925
324903,7,704,70401,Control,BoSY,Grade 7,proficient,0,44,0
501065,11,1101,110101,Control,BoSY,Grade 7,proficient,0,144,0
312451,7,705,70532,Control,BoSY,Grade 7,proficient,0,93,0
501763,11,1103,110305,Control,BoSY,Grade 7,proficient,0,42,0
316405,11,1110,111001,Control,BoSY,Grade 7,proficient,0,152,0
316404,11,1110,111001,Control,BoSY,Grade 7,proficient,0,62,0
316301,11,1107,110701,Control,BoSY,Grade 7,proficient,0,208,0
312910,7,710,71001,Control,BoSY,Grade 7,proficient,0,196,0
303011,7,705,70512,Control,BoSY,Grade 7,proficient,0,59,0
305651,11,1101,110101,Control,BoSY,Grade 7,proficient,7,34,20.58823529411765
305662,11,1101,110101,Control,BoSY,Grade 7,proficient,0,53,0
305850,11,1105,110503,Control,BoSY,Grade 7,proficient,0,31,0
312481,7,705,70518,Control,BoSY,Grade 7,proficient,0,201,0
304409,11,1110,111001,Control,BoSY,Grade 7,proficient,0,121,0
303246,7,713,71303,Control,BoSY,Grade 7,proficient,0,192,0
501405,11,1101,110101,Control,BoSY,Grade 7,proficient,0,58,0
305677,11,1105,110503,Control,BoSY,Grade 7,proficient,0,63,0
500447,7,708,70801,Control,BoSY,Grade 7,proficient,0,74,0
501305,7,708,70801,Control,BoSY,Grade 7,proficient,0,31,0
305917,7,708,70801,Control,BoSY,Grade 7,proficient,0,24,0
305722,7,703,70304,Control,BoSY,Grade 7,proficient,0,60,0
312953,7,713,71306,Control,BoSY,Grade 7,proficient,0,50,0
305498,11,1101,110101,Control,BoSY,Grade 7,proficient,0,78,0
305669,11,1101,110101,Control,BoSY,Grade 7,proficient,25,38,65.78947368421052
312960,7,710,71002,Control,BoSY,Grade 7,proficient,0,71,0
309906,5,508,50811,Treatment,BoSY,Grade 7,high proficient,0,128,0
309934,5,508,50806,Treatment,BoSY,Grade 7,high proficient,0,43,0
301871,5,501,50107,Treatment,BoSY,Grade 7,high proficient,0,73,0
302134,5,508,50804,Treatment,BoSY,Grade 7,high proficient,0,168,0
302117,5,508,50803,Treatment,BoSY,Grade 7,high proficient,0,93,0
309909,5,508,50801,Treatment,BoSY,Grade 7,high proficient,0,126,0
309915,5,508,50801,Treatment,BoSY,Grade 7,high proficient,0,51,0
501544,5,508,50815,Treatment,BoSY,Grade 7,high proficient,0,72,0
301887,5,502,50205,Treatment,BoSY,Grade 7,high proficient,0,101,0
302175,5,508,50820,Treatment,BoSY,Grade 7,high proficient,0,132,0
302146,5,508,50812,Treatment,BoSY,Grade 7,high proficient,0,160,0
309921,5,508,50805,Treatment,BoSY,Grade 7,high proficient,0,97,0
302254,5,505,50501,Control,BoSY,Grade 7,high proficient,0,93,0
309513,5,501,50112,Control,BoSY,Grade 7,high proficient,0,122,0
500163,5,508,50801,Control,BoSY,Grade 7,high proficient,0,76,0
302058,5,503,50333,Control,BoSY,Grade 7,high proficient,0,138,0
302192,5,511,51103,Control,BoSY,Grade 7,high proficient,0,287,0
302227,5,511,51105,Control,BoSY,Grade 7,high proficient,0,98,0
302252,5,505,50501,Control,BoSY,Grade 7,high proficient,0,99,0
309914,5,508,50806,Control,BoSY,Grade 7,high proficient,0,229,0
309711,5,503,50317,Control,BoSY,Grade 7,high proficient,0,65,0
301817,5,507,50701,Control,BoSY,Grade 7,high proficient,0,114,0
302165,5,508,50816,Control,BoSY,Grade 7,high proficient,0,92,0
301974,5,503,50311,Treatment,BoSY,Grade 7,high proficient,0,87,0
302256,5,505,50501,Control,BoSY,Grade 7,high proficient,0,114,0
301834,5,501,50106,Control,BoSY,Grade 7,high proficient,0,163,0
309760,5,503,50306,Control,BoSY,Grade 7,high proficient,0,34,0
309936,5,508,50819,Control,BoSY,Grade 7,high proficient,0,59,0
302203,5,511,51102,Control,BoSY,Grade 7,high proficient,0,80,0
302011,5,503,50314,Control,BoSY,Grade 7,high proficient,0,244,0
500168,5,505,50501,Control,BoSY,Grade 7,high proficient,0,90,0
301947,5,503,50306,Control,BoSY,Grade 7,high proficient,0,365,0
309941,5,508,50812,Control,BoSY,Grade 7,high proficient,0,232,0
301839,5,501,50111,Control,BoSY,Grade 7,high proficient,0,90,0
501843,5,508,50818,Treatment,BoSY,Grade 7,high proficient,0,40,0
302111,5,508,50801,Control,BoSY,Grade 7,high proficient,0,540,0
302133,5,509,50901,Control,BoSY,Grade 7,high proficient,0,190,0
301990,5,503,50317,Control,BoSY,Grade 7,high proficient,0,21,0
309937,5,508,50819,Control,BoSY,Grade 7,high proficient,0,80,0
302241,5,511,51105,Control,BoSY,Grade 7,high proficient,0,169,0
500167,5,505,50501,Control,BoSY,Grade 7,high proficient,0,69,0
309764,5,503,50320,Control,BoSY,Grade 7,high proficient,0,40,0
302205,5,511,51106,Control,BoSY,Grade 7,high proficient,0,136,0
302014,5,503,50302,Control,BoSY,Grade 7,high proficient,0,165,0
309740,5,503,50315,Control,BoSY,Grade 7,high proficient,0,73,0
309741,5,503,50315,Control,BoSY,Grade 7,high proficient,0,110,0
302161,5,508,50803,Treatment,BoSY,Grade 7,high proficient,0,99,0
302113,5,508,50818,Treatment,BoSY,Grade 7,high proficient,0,99,0
302127,5,508,50817,Control,BoSY,Grade 7,high proficient,0,48,0
301899,5,502,50205,Control,BoSY,Grade 7,high proficient,0,132,0
309509,5,501,50113,Control,BoSY,Grade 7,high proficient,0,96,0
309903,5,508,50816,Control,BoSY,Grade 7,high proficient,0,101,0
301995,5,503,50310,Control,BoSY,Grade 7,high proficient,0,62,0
309702,5,503,50325,Control,BoSY,Grade 7,high proficient,0,257,0
501020,5,503,50310,Control,BoSY,Grade 7,high proficient,0,33,0
309743,5,503,50332,Control,BoSY,Grade 7,high proficient,0,116,0
301816,5,501,50101,Control,BoSY,Grade 7,high proficient,0,99,0
302054,5,503,50315,Control,BoSY,Grade 7,high proficient,0,114,0
301862,5,507,50701,Control,BoSY,Grade 7,high proficient,0,247,0
502477,5,501,50108,Control,BoSY,Grade 7,high proficient,0,26,0
302283,5,513,51301,Control,BoSY,Grade 7,high proficient,0,332,0
301900,5,502,50206,Control,BoSY,Grade 7,high proficient,0,71,0
302123,5,508,50808,Control,BoSY,Grade 7,high proficient,0,81,0
309512,5,501,50110,Control,BoSY,Grade 7,high proficient,0,50,0
302284,5,513,51301,Control,BoSY,Grade 7,high proficient,0,180,0
500034,5,508,50819,Control,BoSY,Grade 7,high proficient,0,38,0
302043,5,503,50305,Control,BoSY,Grade 7,high proficient,0,227,0
302182,5,511,51107,Control,BoSY,Grade 7,high proficient,0,88,0
301986,5,503,50334,Control,BoSY,Grade 7,high proficient,0,216,0
302109,5,508,50817,Control,BoSY,Grade 7,high proficient,0,275,0
302061,5,503,50311,Control,BoSY,Grade 7,high proficient,0,82,0
309931,5,508,50802,Control,BoSY,Grade 7,high proficient,0,87,0
301984,5,503,50331,Control,BoSY,Grade 7,high proficient,0,225,0
302156,5,508,50803,Control,BoSY,Grade 7,high proficient,0,101,0
309705,5,503,50330,Control,BoSY,Grade 7,high proficient,0,87,0
500165,5,508,50804,Control,BoSY,Grade 7,high proficient,0,51,0
301930,5,503,50328,Control,BoSY,Grade 7,high proficient,0,100,0
302177,5,508,50806,Control,BoSY,Grade 7,high proficient,0,115,0
302282,5,513,51301,Control,BoSY,Grade 7,high proficient,0,0,NA
502615,5,508,50802,Control,BoSY,Grade 7,high proficient,0,22,0
302263,5,506,50601,Control,BoSY,Grade 7,high proficient,0,66,0
301826,5,501,50103,Control,BoSY,Grade 7,high proficient,0,0,NA
305750,5,513,51301,Control,BoSY,Grade 7,high proficient,0,63,0
301870,5,501,50110,Control,BoSY,Grade 7,high proficient,0,124,0
302039,5,503,50316,Control,BoSY,Grade 7,high proficient,0,361,0
301868,5,501,50112,Control,BoSY,Grade 7,high proficient,0,201,0
301963,5,503,50316,Control,BoSY,Grade 7,high proficient,0,220,0
340567,15,1505,150501,Treatment,BoSY,Grade 7,high proficient,0,187,0
320606,15,1515,151502,Treatment,BoSY,Grade 7,high proficient,0,308,0
320202,15,1511,151101,Treatment,BoSY,Grade 7,high proficient,0,161,0
305310,15,1507,150703,Treatment,BoSY,Grade 7,high proficient,0,312,0
305418,15,1513,151301,Treatment,BoSY,Grade 7,high proficient,5,1281,0.39032006245121
500565,15,1515,151502,Treatment,BoSY,Grade 7,high proficient,0,856,0
301258,4,413,41308,Treatment,BoSY,Grade 7,high proficient,0,546,0
301214,4,411,41101,Treatment,BoSY,Grade 7,high proficient,0,645,0
301497,4,414,41401,Treatment,BoSY,Grade 7,high proficient,0,445,0
305411,15,1515,151502,Treatment,BoSY,Grade 7,high proficient,1,656,0.1524390243902439
305420,15,1513,151301,Treatment,BoSY,Grade 7,high proficient,0,1406,0
301231,4,413,41302,Control,BoSY,Grade 7,high proficient,0,235,0
301188,4,402,40201,Control,BoSY,Grade 7,high proficient,0,454,0
307913,4,413,41309,Control,BoSY,Grade 7,high proficient,0,349,0
500566,15,1507,150710,Control,BoSY,Grade 7,high proficient,0,789,0
305453,15,1510,151001,Control,BoSY,Grade 7,high proficient,0,833,0
305311,15,1507,150702,Control,BoSY,Grade 7,high proficient,0,289,0
301425,4,401,40101,Control,BoSY,Grade 7,high proficient,0,1057,0
301202,4,408,40812,Control,BoSY,Grade 7,high proficient,0,431,0
305412,15,1515,151502,Control,BoSY,Grade 7,high proficient,0,1138,0
308105,4,417,41703,Control,BoSY,Grade 7,high proficient,0,939,0
305341,15,1514,151401,Control,BoSY,Grade 7,high proficient,0,1496,0
319604,15,1512,151201,Control,BoSY,Grade 7,high proficient,0,385,0
305568,15,1516,151601,Control,BoSY,Grade 7,high proficient,0,478,0
305434,15,1503,150301,Control,BoSY,Grade 7,high proficient,0,960,0
301464,4,417,41710,Control,BoSY,Grade 7,high proficient,0,659,0
305461,15,1515,151502,Control,BoSY,Grade 7,high proficient,0,373,0
305384,15,1501,150101,Control,BoSY,Grade 7,high proficient,0,526,0
301143,4,421,42101,Control,BoSY,Grade 7,high proficient,0,1241,0
305340,15,1514,151401,Control,BoSY,Grade 7,high proficient,0,1160,0
305302,15,1507,150709,Treatment,BoSY,Grade 7,high proficient,0,1192,0
308103,4,417,41712,Control,BoSY,Grade 7,high proficient,0,405,0
308130,4,417,41711,Control,BoSY,Grade 7,high proficient,0,185,0
301227,4,420,42001,Control,BoSY,Grade 7,high proficient,0,1589,0
305334,15,1514,151401,Control,BoSY,Grade 7,high proficient,0,603,0
305367,15,1512,151201,Control,BoSY,Grade 7,high proficient,0,1188,0
305635,15,1514,151401,Control,BoSY,Grade 7,high proficient,0,554,0
301218,4,408,40814,Control,BoSY,Grade 7,high proficient,0,2316,0
308501,4,415,41501,Control,BoSY,Grade 7,high proficient,0,695,0
500332,15,1506,150601,Control,BoSY,Grade 7,high proficient,0,315,0
305471,15,1509,150901,Control,BoSY,Grade 7,high proficient,0,1015,0
305376,15,1501,150101,Treatment,BoSY,Grade 7,high proficient,0,848,0
301432,4,417,41705,Control,BoSY,Grade 7,high proficient,0,632,0
305459,15,1515,151502,Control,BoSY,Grade 7,high proficient,0,957,0
305313,15,1507,150708,Control,BoSY,Grade 7,high proficient,0,591,0
301186,4,410,41001,Control,BoSY,Grade 7,high proficient,0,2144,0
301184,4,410,41001,Control,BoSY,Grade 7,high proficient,0,1327,0
305295,15,1507,150710,Control,BoSY,Grade 7,high proficient,0,1342,0
301416,4,422,42201,Control,BoSY,Grade 7,high proficient,0,200,0
305450,15,1505,150501,Treatment,BoSY,Grade 7,high proficient,0,523,0
301403,4,416,41606,Control,BoSY,Grade 7,high proficient,0,339,0
301451,4,417,41708,Control,BoSY,Grade 7,high proficient,0,380,0
305338,15,1514,151401,Control,BoSY,Grade 7,high proficient,0,843,0
301257,4,413,41312,Control,BoSY,Grade 7,high proficient,0,1974,0
305416,15,1513,151301,Control,BoSY,Grade 7,high proficient,0,1063,0
305337,15,1514,151401,Control,BoSY,Grade 7,high proficient,0,2308,0
305353,15,1514,151401,Control,BoSY,Grade 7,high proficient,0,404,0
301197,4,408,40812,Control,BoSY,Grade 7,high proficient,0,443,0
301236,4,413,41308,Treatment,BoSY,Grade 7,high proficient,0,346,0
305444,15,1516,151601,Control,BoSY,Grade 7,high proficient,0,467,0
320306,15,1503,150301,Control,BoSY,Grade 7,high proficient,0,878,0
301489,4,414,41401,Control,BoSY,Grade 7,high proficient,0,325,0
301507,4,418,41801,Control,BoSY,Grade 7,high proficient,0,130,0
301456,4,417,41710,Control,BoSY,Grade 7,high proficient,0,641,0
301238,4,413,41303,Control,BoSY,Grade 7,high proficient,0,658,0
305438,15,1516,151601,Control,BoSY,Grade 7,high proficient,0,939,0
305324,15,1514,151401,Control,BoSY,Grade 7,high proficient,0,275,0
305454,15,1510,151001,Control,BoSY,Grade 7,high proficient,0,139,0
308122,4,417,41708,Control,BoSY,Grade 7,high proficient,0,267,0
301508,4,418,41801,Control,BoSY,Grade 7,high proficient,0,258,0
305465,15,1515,151502,Control,BoSY,Grade 7,high proficient,0,815,0
305428,15,1511,151101,Control,BoSY,Grade 7,high proficient,0,371,0
301175,4,408,40807,Control,BoSY,Grade 7,high proficient,0,697,0
301437,4,417,41704,Control,BoSY,Grade 7,high proficient,0,1040,0
320204,15,1511,151101,Control,BoSY,Grade 7,high proficient,0,573,0
305447,15,1505,150501,Control,BoSY,Grade 7,high proficient,0,861,0
301438,4,417,41704,Control,BoSY,Grade 7,high proficient,0,543,0
308135,4,417,41708,Control,BoSY,Grade 7,high proficient,0,490,0
301418,4,401,40101,Control,BoSY,Grade 7,high proficient,0,3468,0
305288,15,1507,150710,Control,BoSY,Grade 7,high proficient,0,648,0
301265,4,413,41301,Control,BoSY,Grade 7,high proficient,0,412,0
305442,15,1516,151601,Control,BoSY,Grade 7,high proficient,0,272,0
500339,15,1505,150501,Control,BoSY,Grade 7,high proficient,0,365,0
305435,15,1503,150301,Control,BoSY,Grade 7,high proficient,0,473,0
308134,4,417,41708,Control,BoSY,Grade 7,high proficient,0,711,0
305452,15,1505,150501,Control,BoSY,Grade 7,high proficient,0,736,0
312330,7,703,70308,Treatment,BoSY,Grade 7,high proficient,0,89,0
305710,7,703,70302,Treatment,BoSY,Grade 7,high proficient,0,86,0
305655,11,1101,110101,Treatment,BoSY,Grade 7,high proficient,0,27,0
305581,7,703,70303,Treatment,BoSY,Grade 7,high proficient,0,46,0
303130,7,703,70309,Treatment,BoSY,Grade 7,high proficient,0,193,0
312354,7,703,70309,Treatment,BoSY,Grade 7,high proficient,0,28,0
305849,11,1105,110503,Treatment,BoSY,Grade 7,high proficient,0,38,0
305500,11,1101,110101,Treatment,BoSY,Grade 7,high proficient,0,36,0
312355,7,703,70304,Treatment,BoSY,Grade 7,high proficient,0,39,0
501903,11,1110,111001,Treatment,BoSY,Grade 7,high proficient,0,30,0
500665,7,705,70527,Control,BoSY,Grade 7,high proficient,0,107,0
312462,7,705,70520,Control,BoSY,Grade 7,high proficient,0,18,0
306038,11,1102,110202,Control,BoSY,Grade 7,high proficient,0,33,0
500221,7,705,70527,Control,BoSY,Grade 7,high proficient,0,32,0
500744,7,708,70801,Control,BoSY,Grade 7,high proficient,0,55,0
305884,11,1101,110101,Control,BoSY,Grade 7,high proficient,0,125,0
303170,7,709,70901,Control,BoSY,Grade 7,high proficient,0,52,0
500787,7,708,70801,Control,BoSY,Grade 7,high proficient,0,49,0
500667,7,705,70528,Control,BoSY,Grade 7,high proficient,0,72,0
501071,11,1101,110101,Control,BoSY,Grade 7,high proficient,0,25,0
303046,7,705,70527,Control,BoSY,Grade 7,high proficient,0,81,0
325303,7,707,70701,Control,BoSY,Grade 7,high proficient,0,86,0
500208,7,703,70305,Control,BoSY,Grade 7,high proficient,0,19,0
312401,7,705,70525,Control,BoSY,Grade 7,high proficient,0,127,0
303136,7,706,70601,Control,BoSY,Grade 7,high proficient,0,109,0
312435,7,707,70701,Control,BoSY,Grade 7,high proficient,0,54,0
502186,11,1101,110101,Control,BoSY,Grade 7,high proficient,0,20,0
500782,7,708,70801,Control,BoSY,Grade 7,high proficient,0,295,0
306086,11,1106,110606,Control,BoSY,Grade 7,high proficient,0,23,0
305755,7,705,70529,Control,BoSY,Grade 7,high proficient,0,138,0
305665,11,1101,110101,Control,BoSY,Grade 7,high proficient,0,24,0
501635,7,703,70301,Control,BoSY,Grade 7,high proficient,0,79,0
305843,11,1110,111001,Control,BoSY,Grade 7,high proficient,0,64,0
500894,7,705,70517,Control,BoSY,Grade 7,high proficient,0,101,0
500671,7,705,70506,Control,BoSY,Grade 7,high proficient,0,28,0
305847,11,1105,110503,Control,BoSY,Grade 7,high proficient,0,49,0
500784,7,708,70801,Control,BoSY,Grade 7,high proficient,0,24,0
501267,7,705,70525,Control,BoSY,Grade 7,high proficient,0,42,0
306000,7,705,70525,Control,BoSY,Grade 7,high proficient,0,63,0
305517,11,1106,110608,Control,BoSY,Grade 7,high proficient,0,53,0
305713,7,710,71001,Control,BoSY,Grade 7,high proficient,0,82,0
500768,7,705,70521,Control,BoSY,Grade 7,high proficient,0,82,0
316303,11,1107,110701,Control,BoSY,Grade 7,high proficient,0,78,0
316304,11,1107,110701,Control,BoSY,Grade 7,high proficient,0,94,0
305506,11,1101,110101,Control,BoSY,Grade 7,high proficient,0,25,0
500421,7,705,70507,Control,BoSY,Grade 7,high proficient,0,118,0
305681,11,1110,111001,Control,BoSY,Grade 7,high proficient,0,228,0
303186,7,711,71101,Control,BoSY,Grade 7,high proficient,0,145,0
501429,7,714,71402,Control,BoSY,Grade 7,high proficient,0,59,0
305844,11,1103,110303,Control,BoSY,Grade 7,high proficient,0,57,0
305965,11,1110,111001,Control,BoSY,Grade 7,high proficient,0,92,0
501076,11,1103,110305,Control,BoSY,Grade 7,high proficient,0,18,0
305889,11,1101,110101,Control,BoSY,Grade 7,high proficient,0,61,0
501074,11,1103,110306,Control,BoSY,Grade 7,high proficient,0,47,0
312408,7,705,70530,Control,BoSY,Grade 7,high proficient,0,77,0
501351,7,705,70522,Control,BoSY,Grade 7,high proficient,5,78,6.410256410256411
501404,11,1101,110101,Control,BoSY,Grade 7,high proficient,0,18,0
305660,11,1101,110101,Control,BoSY,Grade 7,high proficient,0,45,0
303219,7,701,70101,Control,BoSY,Grade 7,high proficient,0,140,0
312450,7,705,70522,Control,BoSY,Grade 7,high proficient,0,65,0
324903,7,704,70401,Control,BoSY,Grade 7,high proficient,0,44,0
501065,11,1101,110101,Control,BoSY,Grade 7,high proficient,0,144,0
312451,7,705,70532,Control,BoSY,Grade 7,high proficient,0,93,0
501763,11,1103,110305,Control,BoSY,Grade 7,high proficient,0,42,0
316405,11,1110,111001,Control,BoSY,Grade 7,high proficient,0,152,0
316404,11,1110,111001,Control,BoSY,Grade 7,high proficient,0,62,0
316301,11,1107,110701,Control,BoSY,Grade 7,high proficient,0,208,0
312910,7,710,71001,Control,BoSY,Grade 7,high proficient,0,196,0
303011,7,705,70512,Control,BoSY,Grade 7,high proficient,0,59,0
305651,11,1101,110101,Control,BoSY,Grade 7,high proficient,0,34,0
305662,11,1101,110101,Control,BoSY,Grade 7,high proficient,0,53,0
305850,11,1105,110503,Control,BoSY,Grade 7,high proficient,0,31,0
312481,7,705,70518,Control,BoSY,Grade 7,high proficient,0,201,0
304409,11,1110,111001,Control,BoSY,Grade 7,high proficient,0,121,0
303246,7,713,71303,Control,BoSY,Grade 7,high proficient,0,192,0
501405,11,1101,110101,Control,BoSY,Grade 7,high proficient,0,58,0
305677,11,1105,110503,Control,BoSY,Grade 7,high proficient,0,63,0
500447,7,708,70801,Control,BoSY,Grade 7,high proficient,0,74,0
501305,7,708,70801,Control,BoSY,Grade 7,high proficient,0,31,0
305917,7,708,70801,Control,BoSY,Grade 7,high proficient,0,24,0
305722,7,703,70304,Control,BoSY,Grade 7,high proficient,0,60,0
312953,7,713,71306,Control,BoSY,Grade 7,high proficient,0,50,0
305498,11,1101,110101,Control,BoSY,Grade 7,high proficient,0,78,0
305669,11,1101,110101,Control,BoSY,Grade 7,high proficient,0,38,0
312960,7,710,71002,Control,BoSY,Grade 7,high proficient,0,71,0
309906,5,508,50811,Treatment,BoSY,Grade 8,not proficient,156,156,100
309934,5,508,50806,Treatment,BoSY,Grade 8,not proficient,36,39,92.3076923076923
301871,5,501,50107,Treatment,BoSY,Grade 8,not proficient,52,91,57.142857142857146
302134,5,508,50804,Treatment,BoSY,Grade 8,not proficient,124,127,97.63779527559055
302117,5,508,50803,Treatment,BoSY,Grade 8,not proficient,67,67,100
309909,5,508,50801,Treatment,BoSY,Grade 8,not proficient,101,107,94.39252336448598
309915,5,508,50801,Treatment,BoSY,Grade 8,not proficient,32,38,84.21052631578948
501544,5,508,50815,Treatment,BoSY,Grade 8,not proficient,51,68,75
301887,5,502,50205,Treatment,BoSY,Grade 8,not proficient,63,72,87.5
302175,5,508,50820,Treatment,BoSY,Grade 8,not proficient,93,101,92.07920792079207
302146,5,508,50812,Treatment,BoSY,Grade 8,not proficient,121,121,100
309921,5,508,50805,Treatment,BoSY,Grade 8,not proficient,71,71,100
302254,5,505,50501,Control,BoSY,Grade 8,not proficient,89,94,94.68085106382979
309513,5,501,50112,Control,BoSY,Grade 8,not proficient,109,109,100
500163,5,508,50801,Control,BoSY,Grade 8,not proficient,76,78,97.43589743589743
302058,5,503,50333,Control,BoSY,Grade 8,not proficient,111,112,99.10714285714286
302192,5,511,51103,Control,BoSY,Grade 8,not proficient,258,287,89.89547038327527
302227,5,511,51105,Control,BoSY,Grade 8,not proficient,75,75,100
302252,5,505,50501,Control,BoSY,Grade 8,not proficient,39,90,43.333333333333336
309914,5,508,50806,Control,BoSY,Grade 8,not proficient,187,201,93.03482587064677
309711,5,503,50317,Control,BoSY,Grade 8,not proficient,66,67,98.50746268656717
301817,5,507,50701,Control,BoSY,Grade 8,not proficient,110,113,97.34513274336283
302165,5,508,50816,Control,BoSY,Grade 8,not proficient,67,70,95.71428571428571
301974,5,503,50311,Treatment,BoSY,Grade 8,not proficient,85,85,100
302256,5,505,50501,Control,BoSY,Grade 8,not proficient,97,110,88.18181818181819
301834,5,501,50106,Control,BoSY,Grade 8,not proficient,150,178,84.26966292134831
309760,5,503,50306,Control,BoSY,Grade 8,not proficient,40,57,70.17543859649123
309936,5,508,50819,Control,BoSY,Grade 8,not proficient,27,49,55.10204081632653
302203,5,511,51102,Control,BoSY,Grade 8,not proficient,39,39,100
302011,5,503,50314,Control,BoSY,Grade 8,not proficient,196,214,91.58878504672897
500168,5,505,50501,Control,BoSY,Grade 8,not proficient,69,75,92
301947,5,503,50306,Control,BoSY,Grade 8,not proficient,302,355,85.07042253521126
309941,5,508,50812,Control,BoSY,Grade 8,not proficient,219,222,98.64864864864865
301839,5,501,50111,Control,BoSY,Grade 8,not proficient,31,85,36.470588235294116
501843,5,508,50818,Treatment,BoSY,Grade 8,not proficient,0,45,0
302111,5,508,50801,Control,BoSY,Grade 8,not proficient,371,465,79.78494623655914
302133,5,509,50901,Control,BoSY,Grade 8,not proficient,55,194,28.350515463917525
301990,5,503,50317,Control,BoSY,Grade 8,not proficient,39,40,97.5
309937,5,508,50819,Control,BoSY,Grade 8,not proficient,79,79,100
302241,5,511,51105,Control,BoSY,Grade 8,not proficient,62,121,51.239669421487605
500167,5,505,50501,Control,BoSY,Grade 8,not proficient,66,66,100
309764,5,503,50320,Control,BoSY,Grade 8,not proficient,59,59,100
302205,5,511,51106,Control,BoSY,Grade 8,not proficient,99,102,97.05882352941177
302014,5,503,50302,Control,BoSY,Grade 8,not proficient,58,134,43.28358208955224
309740,5,503,50315,Control,BoSY,Grade 8,not proficient,43,43,100
309741,5,503,50315,Control,BoSY,Grade 8,not proficient,95,97,97.9381443298969
302161,5,508,50803,Treatment,BoSY,Grade 8,not proficient,72,74,97.29729729729729
302113,5,508,50818,Treatment,BoSY,Grade 8,not proficient,108,108,100
302127,5,508,50817,Control,BoSY,Grade 8,not proficient,52,53,98.11320754716981
301899,5,502,50205,Control,BoSY,Grade 8,not proficient,143,143,100
309509,5,501,50113,Control,BoSY,Grade 8,not proficient,82,82,100
309903,5,508,50816,Control,BoSY,Grade 8,not proficient,54,70,77.14285714285714
301995,5,503,50310,Control,BoSY,Grade 8,not proficient,6,22,27.272727272727273
309702,5,503,50325,Control,BoSY,Grade 8,not proficient,261,277,94.22382671480145
501020,5,503,50310,Control,BoSY,Grade 8,not proficient,28,28,100
309743,5,503,50332,Control,BoSY,Grade 8,not proficient,106,106,100
301816,5,501,50101,Control,BoSY,Grade 8,not proficient,140,141,99.29078014184397
302054,5,503,50315,Control,BoSY,Grade 8,not proficient,87,119,73.10924369747899
301862,5,507,50701,Control,BoSY,Grade 8,not proficient,224,227,98.6784140969163
502477,5,501,50108,Control,BoSY,Grade 8,not proficient,35,35,100
302283,5,513,51301,Control,BoSY,Grade 8,not proficient,309,344,89.82558139534883
301900,5,502,50206,Control,BoSY,Grade 8,not proficient,70,70,100
302123,5,508,50808,Control,BoSY,Grade 8,not proficient,84,84,100
309512,5,501,50110,Control,BoSY,Grade 8,not proficient,77,78,98.71794871794872
302284,5,513,51301,Control,BoSY,Grade 8,not proficient,178,178,100
500034,5,508,50819,Control,BoSY,Grade 8,not proficient,19,21,90.47619047619048
302043,5,503,50305,Control,BoSY,Grade 8,not proficient,171,176,97.1590909090909
302182,5,511,51107,Control,BoSY,Grade 8,not proficient,84,94,89.36170212765957
301986,5,503,50334,Control,BoSY,Grade 8,not proficient,193,194,99.48453608247422
302109,5,508,50817,Control,BoSY,Grade 8,not proficient,249,256,97.265625
302061,5,503,50311,Control,BoSY,Grade 8,not proficient,38,43,88.37209302325581
309931,5,508,50802,Control,BoSY,Grade 8,not proficient,75,75,100
301984,5,503,50331,Control,BoSY,Grade 8,not proficient,132,187,70.58823529411765
302156,5,508,50803,Control,BoSY,Grade 8,not proficient,100,101,99.00990099009901
309705,5,503,50330,Control,BoSY,Grade 8,not proficient,42,91,46.15384615384615
500165,5,508,50804,Control,BoSY,Grade 8,not proficient,26,48,54.166666666666664
301930,5,503,50328,Control,BoSY,Grade 8,not proficient,111,111,100
302177,5,508,50806,Control,BoSY,Grade 8,not proficient,98,99,98.98989898989899
302282,5,513,51301,Control,BoSY,Grade 8,not proficient,150,150,100
502615,5,508,50802,Control,BoSY,Grade 8,not proficient,22,22,100
302263,5,506,50601,Control,BoSY,Grade 8,not proficient,89,90,98.88888888888889
301826,5,501,50103,Control,BoSY,Grade 8,not proficient,6,10,60
305750,5,513,51301,Control,BoSY,Grade 8,not proficient,70,79,88.60759493670886
301870,5,501,50110,Control,BoSY,Grade 8,not proficient,91,148,61.486486486486484
302039,5,503,50316,Control,BoSY,Grade 8,not proficient,292,297,98.31649831649831
301868,5,501,50112,Control,BoSY,Grade 8,not proficient,229,240,95.41666666666667
301963,5,503,50316,Control,BoSY,Grade 8,not proficient,208,218,95.41284403669725
340567,15,1505,150501,Treatment,BoSY,Grade 8,not proficient,232,232,100
320606,15,1515,151502,Treatment,BoSY,Grade 8,not proficient,113,410,27.5609756097561
320202,15,1511,151101,Treatment,BoSY,Grade 8,not proficient,166,168,98.80952380952381
305310,15,1507,150703,Treatment,BoSY,Grade 8,not proficient,275,286,96.15384615384616
305418,15,1513,151301,Treatment,BoSY,Grade 8,not proficient,1160,1215,95.47325102880659
500565,15,1515,151502,Treatment,BoSY,Grade 8,not proficient,101,780,12.948717948717949
301258,4,413,41308,Treatment,BoSY,Grade 8,not proficient,446,555,80.36036036036036
301214,4,411,41101,Treatment,BoSY,Grade 8,not proficient,35,628,5.573248407643312
301497,4,414,41401,Treatment,BoSY,Grade 8,not proficient,319,377,84.61538461538461
305411,15,1515,151502,Treatment,BoSY,Grade 8,not proficient,686,777,88.28828828828829
305420,15,1513,151301,Treatment,BoSY,Grade 8,not proficient,1259,1398,90.05722460658083
301231,4,413,41302,Control,BoSY,Grade 8,not proficient,238,238,100
301188,4,402,40201,Control,BoSY,Grade 8,not proficient,458,488,93.85245901639344
307913,4,413,41309,Control,BoSY,Grade 8,not proficient,240,333,72.07207207207207
500566,15,1507,150710,Control,BoSY,Grade 8,not proficient,724,733,98.77216916780355
305453,15,1510,151001,Control,BoSY,Grade 8,not proficient,992,1039,95.47641963426372
305311,15,1507,150702,Control,BoSY,Grade 8,not proficient,284,285,99.64912280701755
301425,4,401,40101,Control,BoSY,Grade 8,not proficient,985,1041,94.6205571565802
301202,4,408,40812,Control,BoSY,Grade 8,not proficient,303,374,81.01604278074866
305412,15,1515,151502,Control,BoSY,Grade 8,not proficient,887,1047,84.71824259789877
308105,4,417,41703,Control,BoSY,Grade 8,not proficient,753,866,86.95150115473442
305341,15,1514,151401,Control,BoSY,Grade 8,not proficient,1345,1496,89.90641711229947
319604,15,1512,151201,Control,BoSY,Grade 8,not proficient,336,336,100
305568,15,1516,151601,Control,BoSY,Grade 8,not proficient,405,410,98.78048780487805
305434,15,1503,150301,Control,BoSY,Grade 8,not proficient,717,802,89.40149625935162
301464,4,417,41710,Control,BoSY,Grade 8,not proficient,468,543,86.1878453038674
305461,15,1515,151502,Control,BoSY,Grade 8,not proficient,323,437,73.91304347826087
305384,15,1501,150101,Control,BoSY,Grade 8,not proficient,521,575,90.6086956521739
301143,4,421,42101,Control,BoSY,Grade 8,not proficient,1020,1069,95.41627689429373
305340,15,1514,151401,Control,BoSY,Grade 8,not proficient,670,1112,60.25179856115108
305302,15,1507,150709,Treatment,BoSY,Grade 8,not proficient,1179,1186,99.4097807757167
308103,4,417,41712,Control,BoSY,Grade 8,not proficient,349,360,96.94444444444444
308130,4,417,41711,Control,BoSY,Grade 8,not proficient,135,146,92.46575342465754
301227,4,420,42001,Control,BoSY,Grade 8,not proficient,1371,1430,95.87412587412588
305334,15,1514,151401,Control,BoSY,Grade 8,not proficient,642,661,97.12556732223904
305367,15,1512,151201,Control,BoSY,Grade 8,not proficient,1118,1125,99.37777777777778
305635,15,1514,151401,Control,BoSY,Grade 8,not proficient,417,436,95.64220183486239
301218,4,408,40814,Control,BoSY,Grade 8,not proficient,1903,2164,87.93900184842883
308501,4,415,41501,Control,BoSY,Grade 8,not proficient,577,628,91.87898089171975
500332,15,1506,150601,Control,BoSY,Grade 8,not proficient,252,329,76.59574468085107
305471,15,1509,150901,Control,BoSY,Grade 8,not proficient,849,858,98.95104895104895
305376,15,1501,150101,Treatment,BoSY,Grade 8,not proficient,662,799,82.85356695869838
301432,4,417,41705,Control,BoSY,Grade 8,not proficient,542,584,92.8082191780822
305459,15,1515,151502,Control,BoSY,Grade 8,not proficient,907,924,98.16017316017316
305313,15,1507,150708,Control,BoSY,Grade 8,not proficient,630,646,97.52321981424149
301186,4,410,41001,Control,BoSY,Grade 8,not proficient,1311,1818,72.11221122112211
301184,4,410,41001,Control,BoSY,Grade 8,not proficient,1091,1125,96.97777777777777
305295,15,1507,150710,Control,BoSY,Grade 8,not proficient,1071,1182,90.60913705583756
301416,4,422,42201,Control,BoSY,Grade 8,not proficient,158,158,100
305450,15,1505,150501,Treatment,BoSY,Grade 8,not proficient,459,459,100
301403,4,416,41606,Control,BoSY,Grade 8,not proficient,472,514,91.82879377431907
301451,4,417,41708,Control,BoSY,Grade 8,not proficient,176,368,47.82608695652174
305338,15,1514,151401,Control,BoSY,Grade 8,not proficient,701,770,91.03896103896103
301257,4,413,41312,Control,BoSY,Grade 8,not proficient,1831,1989,92.05630970336853
305416,15,1513,151301,Control,BoSY,Grade 8,not proficient,857,1002,85.52894211576846
305337,15,1514,151401,Control,BoSY,Grade 8,not proficient,1978,2054,96.29990262901656
305353,15,1514,151401,Control,BoSY,Grade 8,not proficient,410,446,91.92825112107623
301197,4,408,40812,Control,BoSY,Grade 8,not proficient,272,336,80.95238095238095
301236,4,413,41308,Treatment,BoSY,Grade 8,not proficient,317,337,94.06528189910979
305444,15,1516,151601,Control,BoSY,Grade 8,not proficient,331,365,90.68493150684931
320306,15,1503,150301,Control,BoSY,Grade 8,not proficient,861,880,97.8409090909091
301489,4,414,41401,Control,BoSY,Grade 8,not proficient,282,333,84.68468468468468
301507,4,418,41801,Control,BoSY,Grade 8,not proficient,122,123,99.1869918699187
301456,4,417,41710,Control,BoSY,Grade 8,not proficient,136,659,20.637329286798177
301238,4,413,41303,Control,BoSY,Grade 8,not proficient,553,621,89.04991948470209
305438,15,1516,151601,Control,BoSY,Grade 8,not proficient,844,881,95.80022701475596
305324,15,1514,151401,Control,BoSY,Grade 8,not proficient,282,305,92.45901639344262
305454,15,1510,151001,Control,BoSY,Grade 8,not proficient,134,181,74.03314917127072
308122,4,417,41708,Control,BoSY,Grade 8,not proficient,179,214,83.64485981308411
301508,4,418,41801,Control,BoSY,Grade 8,not proficient,252,268,94.02985074626865
305465,15,1515,151502,Control,BoSY,Grade 8,not proficient,922,968,95.24793388429752
305428,15,1511,151101,Control,BoSY,Grade 8,not proficient,417,429,97.2027972027972
301175,4,408,40807,Control,BoSY,Grade 8,not proficient,451,567,79.54144620811287
301437,4,417,41704,Control,BoSY,Grade 8,not proficient,897,1061,84.54288407163054
320204,15,1511,151101,Control,BoSY,Grade 8,not proficient,543,545,99.63302752293578
305447,15,1505,150501,Control,BoSY,Grade 8,not proficient,717,759,94.46640316205534
301438,4,417,41704,Control,BoSY,Grade 8,not proficient,506,546,92.67399267399267
308135,4,417,41708,Control,BoSY,Grade 8,not proficient,217,467,46.46680942184154
301418,4,401,40101,Control,BoSY,Grade 8,not proficient,3037,3060,99.2483660130719
305288,15,1507,150710,Control,BoSY,Grade 8,not proficient,697,711,98.0309423347398
301265,4,413,41301,Control,BoSY,Grade 8,not proficient,443,451,98.22616407982261
305442,15,1516,151601,Control,BoSY,Grade 8,not proficient,264,276,95.65217391304348
500339,15,1505,150501,Control,BoSY,Grade 8,not proficient,356,380,93.6842105263158
305435,15,1503,150301,Control,BoSY,Grade 8,not proficient,354,447,79.19463087248322
308134,4,417,41708,Control,BoSY,Grade 8,not proficient,527,592,89.02027027027027
305452,15,1505,150501,Control,BoSY,Grade 8,not proficient,603,678,88.93805309734513
312330,7,703,70308,Treatment,BoSY,Grade 8,not proficient,120,120,100
305710,7,703,70302,Treatment,BoSY,Grade 8,not proficient,71,71,100
305655,11,1101,110101,Treatment,BoSY,Grade 8,not proficient,13,28,46.42857142857143
305581,7,703,70303,Treatment,BoSY,Grade 8,not proficient,45,46,97.82608695652173
303130,7,703,70309,Treatment,BoSY,Grade 8,not proficient,183,190,96.3157894736842
312354,7,703,70309,Treatment,BoSY,Grade 8,not proficient,38,38,100
305849,11,1105,110503,Treatment,BoSY,Grade 8,not proficient,29,29,100
305500,11,1101,110101,Treatment,BoSY,Grade 8,not proficient,32,32,100
312355,7,703,70304,Treatment,BoSY,Grade 8,not proficient,37,37,100
501903,11,1110,111001,Treatment,BoSY,Grade 8,not proficient,38,40,95
500665,7,705,70527,Control,BoSY,Grade 8,not proficient,90,92,97.82608695652173
312462,7,705,70520,Control,BoSY,Grade 8,not proficient,16,20,80
306038,11,1102,110202,Control,BoSY,Grade 8,not proficient,27,28,96.42857142857143
500221,7,705,70527,Control,BoSY,Grade 8,not proficient,18,27,66.66666666666667
500744,7,708,70801,Control,BoSY,Grade 8,not proficient,40,40,100
305884,11,1101,110101,Control,BoSY,Grade 8,not proficient,0,101,0
303170,7,709,70901,Control,BoSY,Grade 8,not proficient,63,65,96.92307692307692
500787,7,708,70801,Control,BoSY,Grade 8,not proficient,55,55,100
500667,7,705,70528,Control,BoSY,Grade 8,not proficient,48,50,96
501071,11,1101,110101,Control,BoSY,Grade 8,not proficient,28,28,100
303046,7,705,70527,Control,BoSY,Grade 8,not proficient,109,109,100
325303,7,707,70701,Control,BoSY,Grade 8,not proficient,29,59,49.152542372881356
500208,7,703,70305,Control,BoSY,Grade 8,not proficient,9,13,69.23076923076923
312401,7,705,70525,Control,BoSY,Grade 8,not proficient,118,121,97.52066115702479
303136,7,706,70601,Control,BoSY,Grade 8,not proficient,76,79,96.20253164556962
312435,7,707,70701,Control,BoSY,Grade 8,not proficient,28,50,56
502186,11,1101,110101,Control,BoSY,Grade 8,not proficient,19,19,100
500782,7,708,70801,Control,BoSY,Grade 8,not proficient,246,248,99.19354838709677
306086,11,1106,110606,Control,BoSY,Grade 8,not proficient,22,22,100
305755,7,705,70529,Control,BoSY,Grade 8,not proficient,153,154,99.35064935064935
305665,11,1101,110101,Control,BoSY,Grade 8,not proficient,2,16,12.5
501635,7,703,70301,Control,BoSY,Grade 8,not proficient,78,79,98.73417721518987
305843,11,1110,111001,Control,BoSY,Grade 8,not proficient,36,38,94.73684210526316
500894,7,705,70517,Control,BoSY,Grade 8,not proficient,120,122,98.36065573770492
500671,7,705,70506,Control,BoSY,Grade 8,not proficient,28,34,82.3529411764706
305847,11,1105,110503,Control,BoSY,Grade 8,not proficient,49,49,100
500784,7,708,70801,Control,BoSY,Grade 8,not proficient,19,20,95
501267,7,705,70525,Control,BoSY,Grade 8,not proficient,33,33,100
306000,7,705,70525,Control,BoSY,Grade 8,not proficient,39,39,100
305517,11,1106,110608,Control,BoSY,Grade 8,not proficient,51,51,100
305713,7,710,71001,Control,BoSY,Grade 8,not proficient,1,54,1.8518518518518519
500768,7,705,70521,Control,BoSY,Grade 8,not proficient,88,88,100
316303,11,1107,110701,Control,BoSY,Grade 8,not proficient,47,48,97.91666666666667
316304,11,1107,110701,Control,BoSY,Grade 8,not proficient,90,93,96.7741935483871
305506,11,1101,110101,Control,BoSY,Grade 8,not proficient,0,26,0
500421,7,705,70507,Control,BoSY,Grade 8,not proficient,110,112,98.21428571428571
305681,11,1110,111001,Control,BoSY,Grade 8,not proficient,183,191,95.81151832460733
303186,7,711,71101,Control,BoSY,Grade 8,not proficient,131,141,92.90780141843972
501429,7,714,71402,Control,BoSY,Grade 8,not proficient,56,61,91.80327868852459
305844,11,1103,110303,Control,BoSY,Grade 8,not proficient,53,57,92.98245614035088
305965,11,1110,111001,Control,BoSY,Grade 8,not proficient,82,82,100
501076,11,1103,110305,Control,BoSY,Grade 8,not proficient,14,14,100
305889,11,1101,110101,Control,BoSY,Grade 8,not proficient,1,49,2.0408163265306123
501074,11,1103,110306,Control,BoSY,Grade 8,not proficient,35,36,97.22222222222223
312408,7,705,70530,Control,BoSY,Grade 8,not proficient,72,73,98.63013698630137
501351,7,705,70522,Control,BoSY,Grade 8,not proficient,6,61,9.836065573770492
501404,11,1101,110101,Control,BoSY,Grade 8,not proficient,31,32,96.875
305660,11,1101,110101,Control,BoSY,Grade 8,not proficient,38,40,95
303219,7,701,70101,Control,BoSY,Grade 8,not proficient,106,106,100
312450,7,705,70522,Control,BoSY,Grade 8,not proficient,13,105,12.380952380952381
324903,7,704,70401,Control,BoSY,Grade 8,not proficient,32,32,100
501065,11,1101,110101,Control,BoSY,Grade 8,not proficient,123,124,99.19354838709677
312451,7,705,70532,Control,BoSY,Grade 8,not proficient,50,85,58.8235294117647
501763,11,1103,110305,Control,BoSY,Grade 8,not proficient,54,56,96.42857142857143
316405,11,1110,111001,Control,BoSY,Grade 8,not proficient,152,152,100
316404,11,1110,111001,Control,BoSY,Grade 8,not proficient,57,57,100
316301,11,1107,110701,Control,BoSY,Grade 8,not proficient,179,179,100
312910,7,710,71001,Control,BoSY,Grade 8,not proficient,148,148,100
303011,7,705,70512,Control,BoSY,Grade 8,not proficient,45,45,100
305651,11,1101,110101,Control,BoSY,Grade 8,not proficient,0,35,0
305662,11,1101,110101,Control,BoSY,Grade 8,not proficient,39,39,100
305850,11,1105,110503,Control,BoSY,Grade 8,not proficient,27,27,100
312481,7,705,70518,Control,BoSY,Grade 8,not proficient,167,180,92.77777777777777
304409,11,1110,111001,Control,BoSY,Grade 8,not proficient,128,130,98.46153846153847
303246,7,713,71303,Control,BoSY,Grade 8,not proficient,132,136,97.05882352941177
501405,11,1101,110101,Control,BoSY,Grade 8,not proficient,70,72,97.22222222222223
305677,11,1105,110503,Control,BoSY,Grade 8,not proficient,46,47,97.87234042553192
500447,7,708,70801,Control,BoSY,Grade 8,not proficient,66,70,94.28571428571429
501305,7,708,70801,Control,BoSY,Grade 8,not proficient,34,34,100
305917,7,708,70801,Control,BoSY,Grade 8,not proficient,31,32,96.875
305722,7,703,70304,Control,BoSY,Grade 8,not proficient,67,67,100
312953,7,713,71306,Control,BoSY,Grade 8,not proficient,21,22,95.45454545454545
305498,11,1101,110101,Control,BoSY,Grade 8,not proficient,64,80,80
305669,11,1101,110101,Control,BoSY,Grade 8,not proficient,0,32,0
312960,7,710,71002,Control,BoSY,Grade 8,not proficient,62,62,100
309906,5,508,50811,Treatment,BoSY,Grade 8,low proficient,0,156,0
309934,5,508,50806,Treatment,BoSY,Grade 8,low proficient,3,39,7.6923076923076925
301871,5,501,50107,Treatment,BoSY,Grade 8,low proficient,35,91,38.46153846153846
302134,5,508,50804,Treatment,BoSY,Grade 8,low proficient,3,127,2.3622047244094486
302117,5,508,50803,Treatment,BoSY,Grade 8,low proficient,0,67,0
309909,5,508,50801,Treatment,BoSY,Grade 8,low proficient,6,107,5.607476635514018
309915,5,508,50801,Treatment,BoSY,Grade 8,low proficient,5,38,13.157894736842104
501544,5,508,50815,Treatment,BoSY,Grade 8,low proficient,16,68,23.529411764705884
301887,5,502,50205,Treatment,BoSY,Grade 8,low proficient,9,72,12.5
302175,5,508,50820,Treatment,BoSY,Grade 8,low proficient,8,101,7.920792079207921
302146,5,508,50812,Treatment,BoSY,Grade 8,low proficient,0,121,0
309921,5,508,50805,Treatment,BoSY,Grade 8,low proficient,0,71,0
302254,5,505,50501,Control,BoSY,Grade 8,low proficient,5,94,5.319148936170213
309513,5,501,50112,Control,BoSY,Grade 8,low proficient,0,109,0
500163,5,508,50801,Control,BoSY,Grade 8,low proficient,2,78,2.5641025641025643
302058,5,503,50333,Control,BoSY,Grade 8,low proficient,1,112,0.8928571428571429
302192,5,511,51103,Control,BoSY,Grade 8,low proficient,27,287,9.40766550522648
302227,5,511,51105,Control,BoSY,Grade 8,low proficient,0,75,0
302252,5,505,50501,Control,BoSY,Grade 8,low proficient,51,90,56.666666666666664
309914,5,508,50806,Control,BoSY,Grade 8,low proficient,11,201,5.472636815920398
309711,5,503,50317,Control,BoSY,Grade 8,low proficient,1,67,1.492537313432836
301817,5,507,50701,Control,BoSY,Grade 8,low proficient,3,113,2.6548672566371683
302165,5,508,50816,Control,BoSY,Grade 8,low proficient,3,70,4.285714285714286
301974,5,503,50311,Treatment,BoSY,Grade 8,low proficient,0,85,0
302256,5,505,50501,Control,BoSY,Grade 8,low proficient,13,110,11.818181818181818
301834,5,501,50106,Control,BoSY,Grade 8,low proficient,28,178,15.730337078651685
309760,5,503,50306,Control,BoSY,Grade 8,low proficient,17,57,29.82456140350877
309936,5,508,50819,Control,BoSY,Grade 8,low proficient,22,49,44.89795918367347
302203,5,511,51102,Control,BoSY,Grade 8,low proficient,0,39,0
302011,5,503,50314,Control,BoSY,Grade 8,low proficient,18,214,8.411214953271028
500168,5,505,50501,Control,BoSY,Grade 8,low proficient,6,75,8
301947,5,503,50306,Control,BoSY,Grade 8,low proficient,45,355,12.67605633802817
309941,5,508,50812,Control,BoSY,Grade 8,low proficient,3,222,1.3513513513513513
301839,5,501,50111,Control,BoSY,Grade 8,low proficient,36,85,42.35294117647059
501843,5,508,50818,Treatment,BoSY,Grade 8,low proficient,40,45,88.88888888888889
302111,5,508,50801,Control,BoSY,Grade 8,low proficient,78,465,16.774193548387096
302133,5,509,50901,Control,BoSY,Grade 8,low proficient,100,194,51.54639175257732
301990,5,503,50317,Control,BoSY,Grade 8,low proficient,1,40,2.5
309937,5,508,50819,Control,BoSY,Grade 8,low proficient,0,79,0
302241,5,511,51105,Control,BoSY,Grade 8,low proficient,59,121,48.760330578512395
500167,5,505,50501,Control,BoSY,Grade 8,low proficient,0,66,0
309764,5,503,50320,Control,BoSY,Grade 8,low proficient,0,59,0
302205,5,511,51106,Control,BoSY,Grade 8,low proficient,3,102,2.9411764705882355
302014,5,503,50302,Control,BoSY,Grade 8,low proficient,75,134,55.97014925373134
309740,5,503,50315,Control,BoSY,Grade 8,low proficient,0,43,0
309741,5,503,50315,Control,BoSY,Grade 8,low proficient,2,97,2.0618556701030926
302161,5,508,50803,Treatment,BoSY,Grade 8,low proficient,2,74,2.7027027027027026
302113,5,508,50818,Treatment,BoSY,Grade 8,low proficient,0,108,0
302127,5,508,50817,Control,BoSY,Grade 8,low proficient,1,53,1.8867924528301887
301899,5,502,50205,Control,BoSY,Grade 8,low proficient,0,143,0
309509,5,501,50113,Control,BoSY,Grade 8,low proficient,0,82,0
309903,5,508,50816,Control,BoSY,Grade 8,low proficient,13,70,18.571428571428573
301995,5,503,50310,Control,BoSY,Grade 8,low proficient,6,22,27.272727272727273
309702,5,503,50325,Control,BoSY,Grade 8,low proficient,16,277,5.776173285198556
501020,5,503,50310,Control,BoSY,Grade 8,low proficient,0,28,0
309743,5,503,50332,Control,BoSY,Grade 8,low proficient,0,106,0
301816,5,501,50101,Control,BoSY,Grade 8,low proficient,1,141,0.7092198581560284
302054,5,503,50315,Control,BoSY,Grade 8,low proficient,32,119,26.89075630252101
301862,5,507,50701,Control,BoSY,Grade 8,low proficient,3,227,1.3215859030837005
502477,5,501,50108,Control,BoSY,Grade 8,low proficient,0,35,0
302283,5,513,51301,Control,BoSY,Grade 8,low proficient,32,344,9.30232558139535
301900,5,502,50206,Control,BoSY,Grade 8,low proficient,0,70,0
302123,5,508,50808,Control,BoSY,Grade 8,low proficient,0,84,0
309512,5,501,50110,Control,BoSY,Grade 8,low proficient,1,78,1.2820512820512822
302284,5,513,51301,Control,BoSY,Grade 8,low proficient,0,178,0
500034,5,508,50819,Control,BoSY,Grade 8,low proficient,2,21,9.523809523809524
302043,5,503,50305,Control,BoSY,Grade 8,low proficient,5,176,2.840909090909091
302182,5,511,51107,Control,BoSY,Grade 8,low proficient,10,94,10.638297872340425
301986,5,503,50334,Control,BoSY,Grade 8,low proficient,1,194,0.5154639175257731
302109,5,508,50817,Control,BoSY,Grade 8,low proficient,7,256,2.734375
302061,5,503,50311,Control,BoSY,Grade 8,low proficient,3,43,6.976744186046512
309931,5,508,50802,Control,BoSY,Grade 8,low proficient,0,75,0
301984,5,503,50331,Control,BoSY,Grade 8,low proficient,54,187,28.877005347593585
302156,5,508,50803,Control,BoSY,Grade 8,low proficient,1,101,0.9900990099009901
309705,5,503,50330,Control,BoSY,Grade 8,low proficient,40,91,43.956043956043956
500165,5,508,50804,Control,BoSY,Grade 8,low proficient,16,48,33.333333333333336
301930,5,503,50328,Control,BoSY,Grade 8,low proficient,0,111,0
302177,5,508,50806,Control,BoSY,Grade 8,low proficient,1,99,1.0101010101010102
302282,5,513,51301,Control,BoSY,Grade 8,low proficient,0,150,0
502615,5,508,50802,Control,BoSY,Grade 8,low proficient,0,22,0
302263,5,506,50601,Control,BoSY,Grade 8,low proficient,1,90,1.1111111111111112
301826,5,501,50103,Control,BoSY,Grade 8,low proficient,4,10,40
305750,5,513,51301,Control,BoSY,Grade 8,low proficient,9,79,11.39240506329114
301870,5,501,50110,Control,BoSY,Grade 8,low proficient,46,148,31.08108108108108
302039,5,503,50316,Control,BoSY,Grade 8,low proficient,5,297,1.6835016835016836
301868,5,501,50112,Control,BoSY,Grade 8,low proficient,11,240,4.583333333333333
301963,5,503,50316,Control,BoSY,Grade 8,low proficient,10,218,4.587155963302752
340567,15,1505,150501,Treatment,BoSY,Grade 8,low proficient,0,232,0
320606,15,1515,151502,Treatment,BoSY,Grade 8,low proficient,291,410,70.97560975609755
320202,15,1511,151101,Treatment,BoSY,Grade 8,low proficient,2,168,1.1904761904761905
305310,15,1507,150703,Treatment,BoSY,Grade 8,low proficient,11,286,3.8461538461538463
305418,15,1513,151301,Treatment,BoSY,Grade 8,low proficient,53,1215,4.362139917695473
500565,15,1515,151502,Treatment,BoSY,Grade 8,low proficient,175,780,22.435897435897434
301258,4,413,41308,Treatment,BoSY,Grade 8,low proficient,103,555,18.55855855855856
301214,4,411,41101,Treatment,BoSY,Grade 8,low proficient,521,628,82.96178343949045
301497,4,414,41401,Treatment,BoSY,Grade 8,low proficient,57,377,15.119363395225465
305411,15,1515,151502,Treatment,BoSY,Grade 8,low proficient,87,777,11.196911196911197
305420,15,1513,151301,Treatment,BoSY,Grade 8,low proficient,135,1398,9.656652360515022
301231,4,413,41302,Control,BoSY,Grade 8,low proficient,0,238,0
301188,4,402,40201,Control,BoSY,Grade 8,low proficient,30,488,6.147540983606557
307913,4,413,41309,Control,BoSY,Grade 8,low proficient,87,333,26.126126126126128
500566,15,1507,150710,Control,BoSY,Grade 8,low proficient,9,733,1.2278308321964528
305453,15,1510,151001,Control,BoSY,Grade 8,low proficient,47,1039,4.523580365736285
305311,15,1507,150702,Control,BoSY,Grade 8,low proficient,1,285,0.3508771929824561
301425,4,401,40101,Control,BoSY,Grade 8,low proficient,55,1041,5.283381364073007
301202,4,408,40812,Control,BoSY,Grade 8,low proficient,66,374,17.647058823529413
305412,15,1515,151502,Control,BoSY,Grade 8,low proficient,156,1047,14.899713467048711
308105,4,417,41703,Control,BoSY,Grade 8,low proficient,107,866,12.355658198614318
305341,15,1514,151401,Control,BoSY,Grade 8,low proficient,140,1496,9.358288770053475
319604,15,1512,151201,Control,BoSY,Grade 8,low proficient,0,336,0
305568,15,1516,151601,Control,BoSY,Grade 8,low proficient,4,410,0.975609756097561
305434,15,1503,150301,Control,BoSY,Grade 8,low proficient,83,802,10.349127182044887
301464,4,417,41710,Control,BoSY,Grade 8,low proficient,65,543,11.970534069981584
305461,15,1515,151502,Control,BoSY,Grade 8,low proficient,102,437,23.340961098398168
305384,15,1501,150101,Control,BoSY,Grade 8,low proficient,53,575,9.217391304347826
301143,4,421,42101,Control,BoSY,Grade 8,low proficient,48,1069,4.490177736202058
305340,15,1514,151401,Control,BoSY,Grade 8,low proficient,401,1112,36.06115107913669
305302,15,1507,150709,Treatment,BoSY,Grade 8,low proficient,7,1186,0.5902192242833052
308103,4,417,41712,Control,BoSY,Grade 8,low proficient,11,360,3.0555555555555554
308130,4,417,41711,Control,BoSY,Grade 8,low proficient,9,146,6.164383561643835
301227,4,420,42001,Control,BoSY,Grade 8,low proficient,59,1430,4.125874125874126
305334,15,1514,151401,Control,BoSY,Grade 8,low proficient,19,661,2.8744326777609683
305367,15,1512,151201,Control,BoSY,Grade 8,low proficient,7,1125,0.6222222222222222
305635,15,1514,151401,Control,BoSY,Grade 8,low proficient,19,436,4.3577981651376145
301218,4,408,40814,Control,BoSY,Grade 8,low proficient,212,2164,9.796672828096119
308501,4,415,41501,Control,BoSY,Grade 8,low proficient,50,628,7.961783439490445
500332,15,1506,150601,Control,BoSY,Grade 8,low proficient,68,329,20.66869300911854
305471,15,1509,150901,Control,BoSY,Grade 8,low proficient,9,858,1.048951048951049
305376,15,1501,150101,Treatment,BoSY,Grade 8,low proficient,131,799,16.39549436795995
301432,4,417,41705,Control,BoSY,Grade 8,low proficient,41,584,7.02054794520548
305459,15,1515,151502,Control,BoSY,Grade 8,low proficient,17,924,1.8398268398268398
305313,15,1507,150708,Control,BoSY,Grade 8,low proficient,16,646,2.476780185758514
301186,4,410,41001,Control,BoSY,Grade 8,low proficient,406,1818,22.332233223322334
301184,4,410,41001,Control,BoSY,Grade 8,low proficient,31,1125,2.7555555555555555
305295,15,1507,150710,Control,BoSY,Grade 8,low proficient,103,1182,8.71404399323181
301416,4,422,42201,Control,BoSY,Grade 8,low proficient,0,158,0
305450,15,1505,150501,Treatment,BoSY,Grade 8,low proficient,0,459,0
301403,4,416,41606,Control,BoSY,Grade 8,low proficient,41,514,7.976653696498055
301451,4,417,41708,Control,BoSY,Grade 8,low proficient,100,368,27.17391304347826
305338,15,1514,151401,Control,BoSY,Grade 8,low proficient,61,770,7.922077922077922
301257,4,413,41312,Control,BoSY,Grade 8,low proficient,145,1989,7.290095525389643
305416,15,1513,151301,Control,BoSY,Grade 8,low proficient,141,1002,14.071856287425149
305337,15,1514,151401,Control,BoSY,Grade 8,low proficient,58,2054,2.8237585199610518
305353,15,1514,151401,Control,BoSY,Grade 8,low proficient,28,446,6.278026905829597
301197,4,408,40812,Control,BoSY,Grade 8,low proficient,54,336,16.071428571428573
301236,4,413,41308,Treatment,BoSY,Grade 8,low proficient,20,337,5.9347181008902075
305444,15,1516,151601,Control,BoSY,Grade 8,low proficient,31,365,8.493150684931507
320306,15,1503,150301,Control,BoSY,Grade 8,low proficient,18,880,2.0454545454545454
301489,4,414,41401,Control,BoSY,Grade 8,low proficient,50,333,15.015015015015015
301507,4,418,41801,Control,BoSY,Grade 8,low proficient,1,123,0.8130081300813008
301456,4,417,41710,Control,BoSY,Grade 8,low proficient,202,659,30.652503793626707
301238,4,413,41303,Control,BoSY,Grade 8,low proficient,65,621,10.466988727858293
305438,15,1516,151601,Control,BoSY,Grade 8,low proficient,33,881,3.745743473325766
305324,15,1514,151401,Control,BoSY,Grade 8,low proficient,23,305,7.540983606557377
305454,15,1510,151001,Control,BoSY,Grade 8,low proficient,44,181,24.30939226519337
308122,4,417,41708,Control,BoSY,Grade 8,low proficient,34,214,15.88785046728972
301508,4,418,41801,Control,BoSY,Grade 8,low proficient,16,268,5.970149253731344
305465,15,1515,151502,Control,BoSY,Grade 8,low proficient,46,968,4.75206611570248
305428,15,1511,151101,Control,BoSY,Grade 8,low proficient,12,429,2.797202797202797
301175,4,408,40807,Control,BoSY,Grade 8,low proficient,111,567,19.576719576719576
301437,4,417,41704,Control,BoSY,Grade 8,low proficient,152,1061,14.326107445805844
320204,15,1511,151101,Control,BoSY,Grade 8,low proficient,2,545,0.3669724770642202
305447,15,1505,150501,Control,BoSY,Grade 8,low proficient,40,759,5.270092226613966
301438,4,417,41704,Control,BoSY,Grade 8,low proficient,40,546,7.326007326007326
308135,4,417,41708,Control,BoSY,Grade 8,low proficient,189,467,40.471092077087796
301418,4,401,40101,Control,BoSY,Grade 8,low proficient,23,3060,0.7516339869281046
305288,15,1507,150710,Control,BoSY,Grade 8,low proficient,14,711,1.969057665260197
301265,4,413,41301,Control,BoSY,Grade 8,low proficient,8,451,1.7738359201773837
305442,15,1516,151601,Control,BoSY,Grade 8,low proficient,12,276,4.3478260869565215
500339,15,1505,150501,Control,BoSY,Grade 8,low proficient,24,380,6.315789473684211
305435,15,1503,150301,Control,BoSY,Grade 8,low proficient,93,447,20.80536912751678
308134,4,417,41708,Control,BoSY,Grade 8,low proficient,61,592,10.304054054054054
305452,15,1505,150501,Control,BoSY,Grade 8,low proficient,71,678,10.47197640117994
312330,7,703,70308,Treatment,BoSY,Grade 8,low proficient,0,120,0
305710,7,703,70302,Treatment,BoSY,Grade 8,low proficient,0,71,0
305655,11,1101,110101,Treatment,BoSY,Grade 8,low proficient,12,28,42.857142857142854
305581,7,703,70303,Treatment,BoSY,Grade 8,low proficient,1,46,2.1739130434782608
303130,7,703,70309,Treatment,BoSY,Grade 8,low proficient,7,190,3.6842105263157894
312354,7,703,70309,Treatment,BoSY,Grade 8,low proficient,0,38,0
305849,11,1105,110503,Treatment,BoSY,Grade 8,low proficient,0,29,0
305500,11,1101,110101,Treatment,BoSY,Grade 8,low proficient,0,32,0
312355,7,703,70304,Treatment,BoSY,Grade 8,low proficient,0,37,0
501903,11,1110,111001,Treatment,BoSY,Grade 8,low proficient,2,40,5
500665,7,705,70527,Control,BoSY,Grade 8,low proficient,2,92,2.1739130434782608
312462,7,705,70520,Control,BoSY,Grade 8,low proficient,4,20,20
306038,11,1102,110202,Control,BoSY,Grade 8,low proficient,1,28,3.5714285714285716
500221,7,705,70527,Control,BoSY,Grade 8,low proficient,9,27,33.333333333333336
500744,7,708,70801,Control,BoSY,Grade 8,low proficient,0,40,0
305884,11,1101,110101,Control,BoSY,Grade 8,low proficient,7,101,6.930693069306931
303170,7,709,70901,Control,BoSY,Grade 8,low proficient,2,65,3.076923076923077
500787,7,708,70801,Control,BoSY,Grade 8,low proficient,0,55,0
500667,7,705,70528,Control,BoSY,Grade 8,low proficient,2,50,4
501071,11,1101,110101,Control,BoSY,Grade 8,low proficient,0,28,0
303046,7,705,70527,Control,BoSY,Grade 8,low proficient,0,109,0
325303,7,707,70701,Control,BoSY,Grade 8,low proficient,28,59,47.45762711864407
500208,7,703,70305,Control,BoSY,Grade 8,low proficient,4,13,30.76923076923077
312401,7,705,70525,Control,BoSY,Grade 8,low proficient,3,121,2.479338842975207
303136,7,706,70601,Control,BoSY,Grade 8,low proficient,3,79,3.7974683544303796
312435,7,707,70701,Control,BoSY,Grade 8,low proficient,16,50,32
502186,11,1101,110101,Control,BoSY,Grade 8,low proficient,0,19,0
500782,7,708,70801,Control,BoSY,Grade 8,low proficient,2,248,0.8064516129032258
306086,11,1106,110606,Control,BoSY,Grade 8,low proficient,0,22,0
305755,7,705,70529,Control,BoSY,Grade 8,low proficient,1,154,0.6493506493506493
305665,11,1101,110101,Control,BoSY,Grade 8,low proficient,10,16,62.5
501635,7,703,70301,Control,BoSY,Grade 8,low proficient,1,79,1.2658227848101267
305843,11,1110,111001,Control,BoSY,Grade 8,low proficient,2,38,5.2631578947368425
500894,7,705,70517,Control,BoSY,Grade 8,low proficient,2,122,1.639344262295082
500671,7,705,70506,Control,BoSY,Grade 8,low proficient,6,34,17.647058823529413
305847,11,1105,110503,Control,BoSY,Grade 8,low proficient,0,49,0
500784,7,708,70801,Control,BoSY,Grade 8,low proficient,1,20,5
501267,7,705,70525,Control,BoSY,Grade 8,low proficient,0,33,0
306000,7,705,70525,Control,BoSY,Grade 8,low proficient,0,39,0
305517,11,1106,110608,Control,BoSY,Grade 8,low proficient,0,51,0
305713,7,710,71001,Control,BoSY,Grade 8,low proficient,25,54,46.2962962962963
500768,7,705,70521,Control,BoSY,Grade 8,low proficient,0,88,0
316303,11,1107,110701,Control,BoSY,Grade 8,low proficient,1,48,2.0833333333333335
316304,11,1107,110701,Control,BoSY,Grade 8,low proficient,3,93,3.225806451612903
305506,11,1101,110101,Control,BoSY,Grade 8,low proficient,10,26,38.46153846153846
500421,7,705,70507,Control,BoSY,Grade 8,low proficient,2,112,1.7857142857142858
305681,11,1110,111001,Control,BoSY,Grade 8,low proficient,8,191,4.18848167539267
303186,7,711,71101,Control,BoSY,Grade 8,low proficient,10,141,7.092198581560283
501429,7,714,71402,Control,BoSY,Grade 8,low proficient,5,61,8.19672131147541
305844,11,1103,110303,Control,BoSY,Grade 8,low proficient,4,57,7.017543859649122
305965,11,1110,111001,Control,BoSY,Grade 8,low proficient,0,82,0
501076,11,1103,110305,Control,BoSY,Grade 8,low proficient,0,14,0
305889,11,1101,110101,Control,BoSY,Grade 8,low proficient,48,49,97.95918367346938
501074,11,1103,110306,Control,BoSY,Grade 8,low proficient,1,36,2.7777777777777777
312408,7,705,70530,Control,BoSY,Grade 8,low proficient,1,73,1.36986301369863
501351,7,705,70522,Control,BoSY,Grade 8,low proficient,25,61,40.98360655737705
501404,11,1101,110101,Control,BoSY,Grade 8,low proficient,1,32,3.125
305660,11,1101,110101,Control,BoSY,Grade 8,low proficient,2,40,5
303219,7,701,70101,Control,BoSY,Grade 8,low proficient,0,106,0
312450,7,705,70522,Control,BoSY,Grade 8,low proficient,43,105,40.95238095238095
324903,7,704,70401,Control,BoSY,Grade 8,low proficient,0,32,0
501065,11,1101,110101,Control,BoSY,Grade 8,low proficient,1,124,0.8064516129032258
312451,7,705,70532,Control,BoSY,Grade 8,low proficient,25,85,29.41176470588235
501763,11,1103,110305,Control,BoSY,Grade 8,low proficient,2,56,3.5714285714285716
316405,11,1110,111001,Control,BoSY,Grade 8,low proficient,0,152,0
316404,11,1110,111001,Control,BoSY,Grade 8,low proficient,0,57,0
316301,11,1107,110701,Control,BoSY,Grade 8,low proficient,0,179,0
312910,7,710,71001,Control,BoSY,Grade 8,low proficient,0,148,0
303011,7,705,70512,Control,BoSY,Grade 8,low proficient,0,45,0
305651,11,1101,110101,Control,BoSY,Grade 8,low proficient,4,35,11.428571428571429
305662,11,1101,110101,Control,BoSY,Grade 8,low proficient,0,39,0
305850,11,1105,110503,Control,BoSY,Grade 8,low proficient,0,27,0
312481,7,705,70518,Control,BoSY,Grade 8,low proficient,13,180,7.222222222222222
304409,11,1110,111001,Control,BoSY,Grade 8,low proficient,1,130,0.7692307692307693
303246,7,713,71303,Control,BoSY,Grade 8,low proficient,4,136,2.9411764705882355
501405,11,1101,110101,Control,BoSY,Grade 8,low proficient,2,72,2.7777777777777777
305677,11,1105,110503,Control,BoSY,Grade 8,low proficient,1,47,2.127659574468085
500447,7,708,70801,Control,BoSY,Grade 8,low proficient,4,70,5.714285714285714
501305,7,708,70801,Control,BoSY,Grade 8,low proficient,0,34,0
305917,7,708,70801,Control,BoSY,Grade 8,low proficient,1,32,3.125
305722,7,703,70304,Control,BoSY,Grade 8,low proficient,0,67,0
312953,7,713,71306,Control,BoSY,Grade 8,low proficient,1,22,4.545454545454546
305498,11,1101,110101,Control,BoSY,Grade 8,low proficient,16,80,20
305669,11,1101,110101,Control,BoSY,Grade 8,low proficient,0,32,0
312960,7,710,71002,Control,BoSY,Grade 8,low proficient,0,62,0
309906,5,508,50811,Treatment,BoSY,Grade 8,nearly proficient,0,156,0
309934,5,508,50806,Treatment,BoSY,Grade 8,nearly proficient,0,39,0
301871,5,501,50107,Treatment,BoSY,Grade 8,nearly proficient,4,91,4.395604395604396
302134,5,508,50804,Treatment,BoSY,Grade 8,nearly proficient,0,127,0
302117,5,508,50803,Treatment,BoSY,Grade 8,nearly proficient,0,67,0
309909,5,508,50801,Treatment,BoSY,Grade 8,nearly proficient,0,107,0
309915,5,508,50801,Treatment,BoSY,Grade 8,nearly proficient,1,38,2.6315789473684212
501544,5,508,50815,Treatment,BoSY,Grade 8,nearly proficient,1,68,1.4705882352941178
301887,5,502,50205,Treatment,BoSY,Grade 8,nearly proficient,0,72,0
302175,5,508,50820,Treatment,BoSY,Grade 8,nearly proficient,0,101,0
302146,5,508,50812,Treatment,BoSY,Grade 8,nearly proficient,0,121,0
309921,5,508,50805,Treatment,BoSY,Grade 8,nearly proficient,0,71,0
302254,5,505,50501,Control,BoSY,Grade 8,nearly proficient,0,94,0
309513,5,501,50112,Control,BoSY,Grade 8,nearly proficient,0,109,0
500163,5,508,50801,Control,BoSY,Grade 8,nearly proficient,0,78,0
302058,5,503,50333,Control,BoSY,Grade 8,nearly proficient,0,112,0
302192,5,511,51103,Control,BoSY,Grade 8,nearly proficient,2,287,0.6968641114982579
302227,5,511,51105,Control,BoSY,Grade 8,nearly proficient,0,75,0
302252,5,505,50501,Control,BoSY,Grade 8,nearly proficient,0,90,0
309914,5,508,50806,Control,BoSY,Grade 8,nearly proficient,3,201,1.492537313432836
309711,5,503,50317,Control,BoSY,Grade 8,nearly proficient,0,67,0
301817,5,507,50701,Control,BoSY,Grade 8,nearly proficient,0,113,0
302165,5,508,50816,Control,BoSY,Grade 8,nearly proficient,0,70,0
301974,5,503,50311,Treatment,BoSY,Grade 8,nearly proficient,0,85,0
302256,5,505,50501,Control,BoSY,Grade 8,nearly proficient,0,110,0
301834,5,501,50106,Control,BoSY,Grade 8,nearly proficient,0,178,0
309760,5,503,50306,Control,BoSY,Grade 8,nearly proficient,0,57,0
309936,5,508,50819,Control,BoSY,Grade 8,nearly proficient,0,49,0
302203,5,511,51102,Control,BoSY,Grade 8,nearly proficient,0,39,0
302011,5,503,50314,Control,BoSY,Grade 8,nearly proficient,0,214,0
500168,5,505,50501,Control,BoSY,Grade 8,nearly proficient,0,75,0
301947,5,503,50306,Control,BoSY,Grade 8,nearly proficient,8,355,2.2535211267605635
309941,5,508,50812,Control,BoSY,Grade 8,nearly proficient,0,222,0
301839,5,501,50111,Control,BoSY,Grade 8,nearly proficient,18,85,21.176470588235293
501843,5,508,50818,Treatment,BoSY,Grade 8,nearly proficient,5,45,11.11111111111111
302111,5,508,50801,Control,BoSY,Grade 8,nearly proficient,15,465,3.225806451612903
302133,5,509,50901,Control,BoSY,Grade 8,nearly proficient,29,194,14.948453608247423
301990,5,503,50317,Control,BoSY,Grade 8,nearly proficient,0,40,0
309937,5,508,50819,Control,BoSY,Grade 8,nearly proficient,0,79,0
302241,5,511,51105,Control,BoSY,Grade 8,nearly proficient,0,121,0
500167,5,505,50501,Control,BoSY,Grade 8,nearly proficient,0,66,0
309764,5,503,50320,Control,BoSY,Grade 8,nearly proficient,0,59,0
302205,5,511,51106,Control,BoSY,Grade 8,nearly proficient,0,102,0
302014,5,503,50302,Control,BoSY,Grade 8,nearly proficient,1,134,0.746268656716418
309740,5,503,50315,Control,BoSY,Grade 8,nearly proficient,0,43,0
309741,5,503,50315,Control,BoSY,Grade 8,nearly proficient,0,97,0
302161,5,508,50803,Treatment,BoSY,Grade 8,nearly proficient,0,74,0
302113,5,508,50818,Treatment,BoSY,Grade 8,nearly proficient,0,108,0
302127,5,508,50817,Control,BoSY,Grade 8,nearly proficient,0,53,0
301899,5,502,50205,Control,BoSY,Grade 8,nearly proficient,0,143,0
309509,5,501,50113,Control,BoSY,Grade 8,nearly proficient,0,82,0
309903,5,508,50816,Control,BoSY,Grade 8,nearly proficient,3,70,4.285714285714286
301995,5,503,50310,Control,BoSY,Grade 8,nearly proficient,10,22,45.45454545454545
309702,5,503,50325,Control,BoSY,Grade 8,nearly proficient,0,277,0
501020,5,503,50310,Control,BoSY,Grade 8,nearly proficient,0,28,0
309743,5,503,50332,Control,BoSY,Grade 8,nearly proficient,0,106,0
301816,5,501,50101,Control,BoSY,Grade 8,nearly proficient,0,141,0
302054,5,503,50315,Control,BoSY,Grade 8,nearly proficient,0,119,0
301862,5,507,50701,Control,BoSY,Grade 8,nearly proficient,0,227,0
502477,5,501,50108,Control,BoSY,Grade 8,nearly proficient,0,35,0
302283,5,513,51301,Control,BoSY,Grade 8,nearly proficient,3,344,0.872093023255814
301900,5,502,50206,Control,BoSY,Grade 8,nearly proficient,0,70,0
302123,5,508,50808,Control,BoSY,Grade 8,nearly proficient,0,84,0
309512,5,501,50110,Control,BoSY,Grade 8,nearly proficient,0,78,0
302284,5,513,51301,Control,BoSY,Grade 8,nearly proficient,0,178,0
500034,5,508,50819,Control,BoSY,Grade 8,nearly proficient,0,21,0
302043,5,503,50305,Control,BoSY,Grade 8,nearly proficient,0,176,0
302182,5,511,51107,Control,BoSY,Grade 8,nearly proficient,0,94,0
301986,5,503,50334,Control,BoSY,Grade 8,nearly proficient,0,194,0
302109,5,508,50817,Control,BoSY,Grade 8,nearly proficient,0,256,0
302061,5,503,50311,Control,BoSY,Grade 8,nearly proficient,2,43,4.651162790697675
309931,5,508,50802,Control,BoSY,Grade 8,nearly proficient,0,75,0
301984,5,503,50331,Control,BoSY,Grade 8,nearly proficient,0,187,0
302156,5,508,50803,Control,BoSY,Grade 8,nearly proficient,0,101,0
309705,5,503,50330,Control,BoSY,Grade 8,nearly proficient,9,91,9.89010989010989
500165,5,508,50804,Control,BoSY,Grade 8,nearly proficient,6,48,12.5
301930,5,503,50328,Control,BoSY,Grade 8,nearly proficient,0,111,0
302177,5,508,50806,Control,BoSY,Grade 8,nearly proficient,0,99,0
302282,5,513,51301,Control,BoSY,Grade 8,nearly proficient,0,150,0
502615,5,508,50802,Control,BoSY,Grade 8,nearly proficient,0,22,0
302263,5,506,50601,Control,BoSY,Grade 8,nearly proficient,0,90,0
301826,5,501,50103,Control,BoSY,Grade 8,nearly proficient,0,10,0
305750,5,513,51301,Control,BoSY,Grade 8,nearly proficient,0,79,0
301870,5,501,50110,Control,BoSY,Grade 8,nearly proficient,10,148,6.756756756756757
302039,5,503,50316,Control,BoSY,Grade 8,nearly proficient,0,297,0
301868,5,501,50112,Control,BoSY,Grade 8,nearly proficient,0,240,0
301963,5,503,50316,Control,BoSY,Grade 8,nearly proficient,0,218,0
340567,15,1505,150501,Treatment,BoSY,Grade 8,nearly proficient,0,232,0
320606,15,1515,151502,Treatment,BoSY,Grade 8,nearly proficient,6,410,1.4634146341463414
320202,15,1511,151101,Treatment,BoSY,Grade 8,nearly proficient,0,168,0
305310,15,1507,150703,Treatment,BoSY,Grade 8,nearly proficient,0,286,0
305418,15,1513,151301,Treatment,BoSY,Grade 8,nearly proficient,2,1215,0.1646090534979424
500565,15,1515,151502,Treatment,BoSY,Grade 8,nearly proficient,459,780,58.84615384615385
301258,4,413,41308,Treatment,BoSY,Grade 8,nearly proficient,5,555,0.9009009009009009
301214,4,411,41101,Treatment,BoSY,Grade 8,nearly proficient,72,628,11.464968152866241
301497,4,414,41401,Treatment,BoSY,Grade 8,nearly proficient,1,377,0.26525198938992045
305411,15,1515,151502,Treatment,BoSY,Grade 8,nearly proficient,3,777,0.3861003861003861
305420,15,1513,151301,Treatment,BoSY,Grade 8,nearly proficient,4,1398,0.2861230329041488
301231,4,413,41302,Control,BoSY,Grade 8,nearly proficient,0,238,0
301188,4,402,40201,Control,BoSY,Grade 8,nearly proficient,0,488,0
307913,4,413,41309,Control,BoSY,Grade 8,nearly proficient,6,333,1.8018018018018018
500566,15,1507,150710,Control,BoSY,Grade 8,nearly proficient,0,733,0
305453,15,1510,151001,Control,BoSY,Grade 8,nearly proficient,0,1039,0
305311,15,1507,150702,Control,BoSY,Grade 8,nearly proficient,0,285,0
301425,4,401,40101,Control,BoSY,Grade 8,nearly proficient,1,1041,0.09606147934678194
301202,4,408,40812,Control,BoSY,Grade 8,nearly proficient,5,374,1.3368983957219251
305412,15,1515,151502,Control,BoSY,Grade 8,nearly proficient,4,1047,0.38204393505253104
308105,4,417,41703,Control,BoSY,Grade 8,nearly proficient,6,866,0.6928406466512702
305341,15,1514,151401,Control,BoSY,Grade 8,nearly proficient,11,1496,0.7352941176470589
319604,15,1512,151201,Control,BoSY,Grade 8,nearly proficient,0,336,0
305568,15,1516,151601,Control,BoSY,Grade 8,nearly proficient,1,410,0.24390243902439024
305434,15,1503,150301,Control,BoSY,Grade 8,nearly proficient,2,802,0.24937655860349128
301464,4,417,41710,Control,BoSY,Grade 8,nearly proficient,10,543,1.8416206261510129
305461,15,1515,151502,Control,BoSY,Grade 8,nearly proficient,12,437,2.745995423340961
305384,15,1501,150101,Control,BoSY,Grade 8,nearly proficient,1,575,0.17391304347826086
301143,4,421,42101,Control,BoSY,Grade 8,nearly proficient,1,1069,0.09354536950420954
305340,15,1514,151401,Control,BoSY,Grade 8,nearly proficient,38,1112,3.41726618705036
305302,15,1507,150709,Treatment,BoSY,Grade 8,nearly proficient,0,1186,0
308103,4,417,41712,Control,BoSY,Grade 8,nearly proficient,0,360,0
308130,4,417,41711,Control,BoSY,Grade 8,nearly proficient,2,146,1.36986301369863
301227,4,420,42001,Control,BoSY,Grade 8,nearly proficient,0,1430,0
305334,15,1514,151401,Control,BoSY,Grade 8,nearly proficient,0,661,0
305367,15,1512,151201,Control,BoSY,Grade 8,nearly proficient,0,1125,0
305635,15,1514,151401,Control,BoSY,Grade 8,nearly proficient,0,436,0
301218,4,408,40814,Control,BoSY,Grade 8,nearly proficient,46,2164,2.1256931608133085
308501,4,415,41501,Control,BoSY,Grade 8,nearly proficient,1,628,0.1592356687898089
500332,15,1506,150601,Control,BoSY,Grade 8,nearly proficient,7,329,2.127659574468085
305471,15,1509,150901,Control,BoSY,Grade 8,nearly proficient,0,858,0
305376,15,1501,150101,Treatment,BoSY,Grade 8,nearly proficient,6,799,0.7509386733416771
301432,4,417,41705,Control,BoSY,Grade 8,nearly proficient,1,584,0.17123287671232876
305459,15,1515,151502,Control,BoSY,Grade 8,nearly proficient,0,924,0
305313,15,1507,150708,Control,BoSY,Grade 8,nearly proficient,0,646,0
301186,4,410,41001,Control,BoSY,Grade 8,nearly proficient,100,1818,5.5005500550055
301184,4,410,41001,Control,BoSY,Grade 8,nearly proficient,2,1125,0.17777777777777778
305295,15,1507,150710,Control,BoSY,Grade 8,nearly proficient,7,1182,0.5922165820642978
301416,4,422,42201,Control,BoSY,Grade 8,nearly proficient,0,158,0
305450,15,1505,150501,Treatment,BoSY,Grade 8,nearly proficient,0,459,0
301403,4,416,41606,Control,BoSY,Grade 8,nearly proficient,1,514,0.19455252918287938
301451,4,417,41708,Control,BoSY,Grade 8,nearly proficient,90,368,24.456521739130434
305338,15,1514,151401,Control,BoSY,Grade 8,nearly proficient,6,770,0.7792207792207793
301257,4,413,41312,Control,BoSY,Grade 8,nearly proficient,13,1989,0.6535947712418301
305416,15,1513,151301,Control,BoSY,Grade 8,nearly proficient,4,1002,0.3992015968063872
305337,15,1514,151401,Control,BoSY,Grade 8,nearly proficient,17,2054,0.8276533592989289
305353,15,1514,151401,Control,BoSY,Grade 8,nearly proficient,8,446,1.7937219730941705
301197,4,408,40812,Control,BoSY,Grade 8,nearly proficient,10,336,2.9761904761904763
301236,4,413,41308,Treatment,BoSY,Grade 8,nearly proficient,0,337,0
305444,15,1516,151601,Control,BoSY,Grade 8,nearly proficient,3,365,0.821917808219178
320306,15,1503,150301,Control,BoSY,Grade 8,nearly proficient,1,880,0.11363636363636363
301489,4,414,41401,Control,BoSY,Grade 8,nearly proficient,1,333,0.3003003003003003
301507,4,418,41801,Control,BoSY,Grade 8,nearly proficient,0,123,0
301456,4,417,41710,Control,BoSY,Grade 8,nearly proficient,307,659,46.585735963581186
301238,4,413,41303,Control,BoSY,Grade 8,nearly proficient,3,621,0.4830917874396135
305438,15,1516,151601,Control,BoSY,Grade 8,nearly proficient,3,881,0.340522133938706
305324,15,1514,151401,Control,BoSY,Grade 8,nearly proficient,0,305,0
305454,15,1510,151001,Control,BoSY,Grade 8,nearly proficient,3,181,1.6574585635359116
308122,4,417,41708,Control,BoSY,Grade 8,nearly proficient,1,214,0.4672897196261682
301508,4,418,41801,Control,BoSY,Grade 8,nearly proficient,0,268,0
305465,15,1515,151502,Control,BoSY,Grade 8,nearly proficient,0,968,0
305428,15,1511,151101,Control,BoSY,Grade 8,nearly proficient,0,429,0
301175,4,408,40807,Control,BoSY,Grade 8,nearly proficient,5,567,0.8818342151675485
301437,4,417,41704,Control,BoSY,Grade 8,nearly proficient,12,1061,1.1310084825636193
320204,15,1511,151101,Control,BoSY,Grade 8,nearly proficient,0,545,0
305447,15,1505,150501,Control,BoSY,Grade 8,nearly proficient,2,759,0.2635046113306983
301438,4,417,41704,Control,BoSY,Grade 8,nearly proficient,0,546,0
308135,4,417,41708,Control,BoSY,Grade 8,nearly proficient,61,467,13.062098501070663
301418,4,401,40101,Control,BoSY,Grade 8,nearly proficient,0,3060,0
305288,15,1507,150710,Control,BoSY,Grade 8,nearly proficient,0,711,0
301265,4,413,41301,Control,BoSY,Grade 8,nearly proficient,0,451,0
305442,15,1516,151601,Control,BoSY,Grade 8,nearly proficient,0,276,0
500339,15,1505,150501,Control,BoSY,Grade 8,nearly proficient,0,380,0
305435,15,1503,150301,Control,BoSY,Grade 8,nearly proficient,0,447,0
308134,4,417,41708,Control,BoSY,Grade 8,nearly proficient,4,592,0.6756756756756757
305452,15,1505,150501,Control,BoSY,Grade 8,nearly proficient,4,678,0.5899705014749262
312330,7,703,70308,Treatment,BoSY,Grade 8,nearly proficient,0,120,0
305710,7,703,70302,Treatment,BoSY,Grade 8,nearly proficient,0,71,0
305655,11,1101,110101,Treatment,BoSY,Grade 8,nearly proficient,3,28,10.714285714285714
305581,7,703,70303,Treatment,BoSY,Grade 8,nearly proficient,0,46,0
303130,7,703,70309,Treatment,BoSY,Grade 8,nearly proficient,0,190,0
312354,7,703,70309,Treatment,BoSY,Grade 8,nearly proficient,0,38,0
305849,11,1105,110503,Treatment,BoSY,Grade 8,nearly proficient,0,29,0
305500,11,1101,110101,Treatment,BoSY,Grade 8,nearly proficient,0,32,0
312355,7,703,70304,Treatment,BoSY,Grade 8,nearly proficient,0,37,0
501903,11,1110,111001,Treatment,BoSY,Grade 8,nearly proficient,0,40,0
500665,7,705,70527,Control,BoSY,Grade 8,nearly proficient,0,92,0
312462,7,705,70520,Control,BoSY,Grade 8,nearly proficient,0,20,0
306038,11,1102,110202,Control,BoSY,Grade 8,nearly proficient,0,28,0
500221,7,705,70527,Control,BoSY,Grade 8,nearly proficient,0,27,0
500744,7,708,70801,Control,BoSY,Grade 8,nearly proficient,0,40,0
305884,11,1101,110101,Control,BoSY,Grade 8,nearly proficient,77,101,76.23762376237623
303170,7,709,70901,Control,BoSY,Grade 8,nearly proficient,0,65,0
500787,7,708,70801,Control,BoSY,Grade 8,nearly proficient,0,55,0
500667,7,705,70528,Control,BoSY,Grade 8,nearly proficient,0,50,0
501071,11,1101,110101,Control,BoSY,Grade 8,nearly proficient,0,28,0
303046,7,705,70527,Control,BoSY,Grade 8,nearly proficient,0,109,0
325303,7,707,70701,Control,BoSY,Grade 8,nearly proficient,2,59,3.389830508474576
500208,7,703,70305,Control,BoSY,Grade 8,nearly proficient,0,13,0
312401,7,705,70525,Control,BoSY,Grade 8,nearly proficient,0,121,0
303136,7,706,70601,Control,BoSY,Grade 8,nearly proficient,0,79,0
312435,7,707,70701,Control,BoSY,Grade 8,nearly proficient,6,50,12
502186,11,1101,110101,Control,BoSY,Grade 8,nearly proficient,0,19,0
500782,7,708,70801,Control,BoSY,Grade 8,nearly proficient,0,248,0
306086,11,1106,110606,Control,BoSY,Grade 8,nearly proficient,0,22,0
305755,7,705,70529,Control,BoSY,Grade 8,nearly proficient,0,154,0
305665,11,1101,110101,Control,BoSY,Grade 8,nearly proficient,4,16,25
501635,7,703,70301,Control,BoSY,Grade 8,nearly proficient,0,79,0
305843,11,1110,111001,Control,BoSY,Grade 8,nearly proficient,0,38,0
500894,7,705,70517,Control,BoSY,Grade 8,nearly proficient,0,122,0
500671,7,705,70506,Control,BoSY,Grade 8,nearly proficient,0,34,0
305847,11,1105,110503,Control,BoSY,Grade 8,nearly proficient,0,49,0
500784,7,708,70801,Control,BoSY,Grade 8,nearly proficient,0,20,0
501267,7,705,70525,Control,BoSY,Grade 8,nearly proficient,0,33,0
306000,7,705,70525,Control,BoSY,Grade 8,nearly proficient,0,39,0
305517,11,1106,110608,Control,BoSY,Grade 8,nearly proficient,0,51,0
305713,7,710,71001,Control,BoSY,Grade 8,nearly proficient,28,54,51.851851851851855
500768,7,705,70521,Control,BoSY,Grade 8,nearly proficient,0,88,0
316303,11,1107,110701,Control,BoSY,Grade 8,nearly proficient,0,48,0
316304,11,1107,110701,Control,BoSY,Grade 8,nearly proficient,0,93,0
305506,11,1101,110101,Control,BoSY,Grade 8,nearly proficient,12,26,46.15384615384615
500421,7,705,70507,Control,BoSY,Grade 8,nearly proficient,0,112,0
305681,11,1110,111001,Control,BoSY,Grade 8,nearly proficient,0,191,0
303186,7,711,71101,Control,BoSY,Grade 8,nearly proficient,0,141,0
501429,7,714,71402,Control,BoSY,Grade 8,nearly proficient,0,61,0
305844,11,1103,110303,Control,BoSY,Grade 8,nearly proficient,0,57,0
305965,11,1110,111001,Control,BoSY,Grade 8,nearly proficient,0,82,0
501076,11,1103,110305,Control,BoSY,Grade 8,nearly proficient,0,14,0
305889,11,1101,110101,Control,BoSY,Grade 8,nearly proficient,0,49,0
501074,11,1103,110306,Control,BoSY,Grade 8,nearly proficient,0,36,0
312408,7,705,70530,Control,BoSY,Grade 8,nearly proficient,0,73,0
501351,7,705,70522,Control,BoSY,Grade 8,nearly proficient,17,61,27.868852459016395
501404,11,1101,110101,Control,BoSY,Grade 8,nearly proficient,0,32,0
305660,11,1101,110101,Control,BoSY,Grade 8,nearly proficient,0,40,0
303219,7,701,70101,Control,BoSY,Grade 8,nearly proficient,0,106,0
312450,7,705,70522,Control,BoSY,Grade 8,nearly proficient,39,105,37.142857142857146
324903,7,704,70401,Control,BoSY,Grade 8,nearly proficient,0,32,0
501065,11,1101,110101,Control,BoSY,Grade 8,nearly proficient,0,124,0
312451,7,705,70532,Control,BoSY,Grade 8,nearly proficient,10,85,11.764705882352942
501763,11,1103,110305,Control,BoSY,Grade 8,nearly proficient,0,56,0
316405,11,1110,111001,Control,BoSY,Grade 8,nearly proficient,0,152,0
316404,11,1110,111001,Control,BoSY,Grade 8,nearly proficient,0,57,0
316301,11,1107,110701,Control,BoSY,Grade 8,nearly proficient,0,179,0
312910,7,710,71001,Control,BoSY,Grade 8,nearly proficient,0,148,0
303011,7,705,70512,Control,BoSY,Grade 8,nearly proficient,0,45,0
305651,11,1101,110101,Control,BoSY,Grade 8,nearly proficient,19,35,54.285714285714285
305662,11,1101,110101,Control,BoSY,Grade 8,nearly proficient,0,39,0
305850,11,1105,110503,Control,BoSY,Grade 8,nearly proficient,0,27,0
312481,7,705,70518,Control,BoSY,Grade 8,nearly proficient,0,180,0
304409,11,1110,111001,Control,BoSY,Grade 8,nearly proficient,1,130,0.7692307692307693
303246,7,713,71303,Control,BoSY,Grade 8,nearly proficient,0,136,0
501405,11,1101,110101,Control,BoSY,Grade 8,nearly proficient,0,72,0
305677,11,1105,110503,Control,BoSY,Grade 8,nearly proficient,0,47,0
500447,7,708,70801,Control,BoSY,Grade 8,nearly proficient,0,70,0
501305,7,708,70801,Control,BoSY,Grade 8,nearly proficient,0,34,0
305917,7,708,70801,Control,BoSY,Grade 8,nearly proficient,0,32,0
305722,7,703,70304,Control,BoSY,Grade 8,nearly proficient,0,67,0
312953,7,713,71306,Control,BoSY,Grade 8,nearly proficient,0,22,0
305498,11,1101,110101,Control,BoSY,Grade 8,nearly proficient,0,80,0
305669,11,1101,110101,Control,BoSY,Grade 8,nearly proficient,16,32,50
312960,7,710,71002,Control,BoSY,Grade 8,nearly proficient,0,62,0
309906,5,508,50811,Treatment,BoSY,Grade 8,proficient,0,156,0
309934,5,508,50806,Treatment,BoSY,Grade 8,proficient,0,39,0
301871,5,501,50107,Treatment,BoSY,Grade 8,proficient,0,91,0
302134,5,508,50804,Treatment,BoSY,Grade 8,proficient,0,127,0
302117,5,508,50803,Treatment,BoSY,Grade 8,proficient,0,67,0
309909,5,508,50801,Treatment,BoSY,Grade 8,proficient,0,107,0
309915,5,508,50801,Treatment,BoSY,Grade 8,proficient,0,38,0
501544,5,508,50815,Treatment,BoSY,Grade 8,proficient,0,68,0
301887,5,502,50205,Treatment,BoSY,Grade 8,proficient,0,72,0
302175,5,508,50820,Treatment,BoSY,Grade 8,proficient,0,101,0
302146,5,508,50812,Treatment,BoSY,Grade 8,proficient,0,121,0
309921,5,508,50805,Treatment,BoSY,Grade 8,proficient,0,71,0
302254,5,505,50501,Control,BoSY,Grade 8,proficient,0,94,0
309513,5,501,50112,Control,BoSY,Grade 8,proficient,0,109,0
500163,5,508,50801,Control,BoSY,Grade 8,proficient,0,78,0
302058,5,503,50333,Control,BoSY,Grade 8,proficient,0,112,0
302192,5,511,51103,Control,BoSY,Grade 8,proficient,0,287,0
302227,5,511,51105,Control,BoSY,Grade 8,proficient,0,75,0
302252,5,505,50501,Control,BoSY,Grade 8,proficient,0,90,0
309914,5,508,50806,Control,BoSY,Grade 8,proficient,0,201,0
309711,5,503,50317,Control,BoSY,Grade 8,proficient,0,67,0
301817,5,507,50701,Control,BoSY,Grade 8,proficient,0,113,0
302165,5,508,50816,Control,BoSY,Grade 8,proficient,0,70,0
301974,5,503,50311,Treatment,BoSY,Grade 8,proficient,0,85,0
302256,5,505,50501,Control,BoSY,Grade 8,proficient,0,110,0
301834,5,501,50106,Control,BoSY,Grade 8,proficient,0,178,0
309760,5,503,50306,Control,BoSY,Grade 8,proficient,0,57,0
309936,5,508,50819,Control,BoSY,Grade 8,proficient,0,49,0
302203,5,511,51102,Control,BoSY,Grade 8,proficient,0,39,0
302011,5,503,50314,Control,BoSY,Grade 8,proficient,0,214,0
500168,5,505,50501,Control,BoSY,Grade 8,proficient,0,75,0
301947,5,503,50306,Control,BoSY,Grade 8,proficient,0,355,0
309941,5,508,50812,Control,BoSY,Grade 8,proficient,0,222,0
301839,5,501,50111,Control,BoSY,Grade 8,proficient,0,85,0
501843,5,508,50818,Treatment,BoSY,Grade 8,proficient,0,45,0
302111,5,508,50801,Control,BoSY,Grade 8,proficient,1,465,0.21505376344086022
302133,5,509,50901,Control,BoSY,Grade 8,proficient,10,194,5.154639175257732
301990,5,503,50317,Control,BoSY,Grade 8,proficient,0,40,0
309937,5,508,50819,Control,BoSY,Grade 8,proficient,0,79,0
302241,5,511,51105,Control,BoSY,Grade 8,proficient,0,121,0
500167,5,505,50501,Control,BoSY,Grade 8,proficient,0,66,0
309764,5,503,50320,Control,BoSY,Grade 8,proficient,0,59,0
302205,5,511,51106,Control,BoSY,Grade 8,proficient,0,102,0
302014,5,503,50302,Control,BoSY,Grade 8,proficient,0,134,0
309740,5,503,50315,Control,BoSY,Grade 8,proficient,0,43,0
309741,5,503,50315,Control,BoSY,Grade 8,proficient,0,97,0
302161,5,508,50803,Treatment,BoSY,Grade 8,proficient,0,74,0
302113,5,508,50818,Treatment,BoSY,Grade 8,proficient,0,108,0
302127,5,508,50817,Control,BoSY,Grade 8,proficient,0,53,0
301899,5,502,50205,Control,BoSY,Grade 8,proficient,0,143,0
309509,5,501,50113,Control,BoSY,Grade 8,proficient,0,82,0
309903,5,508,50816,Control,BoSY,Grade 8,proficient,0,70,0
301995,5,503,50310,Control,BoSY,Grade 8,proficient,0,22,0
309702,5,503,50325,Control,BoSY,Grade 8,proficient,0,277,0
501020,5,503,50310,Control,BoSY,Grade 8,proficient,0,28,0
309743,5,503,50332,Control,BoSY,Grade 8,proficient,0,106,0
301816,5,501,50101,Control,BoSY,Grade 8,proficient,0,141,0
302054,5,503,50315,Control,BoSY,Grade 8,proficient,0,119,0
301862,5,507,50701,Control,BoSY,Grade 8,proficient,0,227,0
502477,5,501,50108,Control,BoSY,Grade 8,proficient,0,35,0
302283,5,513,51301,Control,BoSY,Grade 8,proficient,0,344,0
301900,5,502,50206,Control,BoSY,Grade 8,proficient,0,70,0
302123,5,508,50808,Control,BoSY,Grade 8,proficient,0,84,0
309512,5,501,50110,Control,BoSY,Grade 8,proficient,0,78,0
302284,5,513,51301,Control,BoSY,Grade 8,proficient,0,178,0
500034,5,508,50819,Control,BoSY,Grade 8,proficient,0,21,0
302043,5,503,50305,Control,BoSY,Grade 8,proficient,0,176,0
302182,5,511,51107,Control,BoSY,Grade 8,proficient,0,94,0
301986,5,503,50334,Control,BoSY,Grade 8,proficient,0,194,0
302109,5,508,50817,Control,BoSY,Grade 8,proficient,0,256,0
302061,5,503,50311,Control,BoSY,Grade 8,proficient,0,43,0
309931,5,508,50802,Control,BoSY,Grade 8,proficient,0,75,0
301984,5,503,50331,Control,BoSY,Grade 8,proficient,0,187,0
302156,5,508,50803,Control,BoSY,Grade 8,proficient,0,101,0
309705,5,503,50330,Control,BoSY,Grade 8,proficient,0,91,0
500165,5,508,50804,Control,BoSY,Grade 8,proficient,0,48,0
301930,5,503,50328,Control,BoSY,Grade 8,proficient,0,111,0
302177,5,508,50806,Control,BoSY,Grade 8,proficient,0,99,0
302282,5,513,51301,Control,BoSY,Grade 8,proficient,0,150,0
502615,5,508,50802,Control,BoSY,Grade 8,proficient,0,22,0
302263,5,506,50601,Control,BoSY,Grade 8,proficient,0,90,0
301826,5,501,50103,Control,BoSY,Grade 8,proficient,0,10,0
305750,5,513,51301,Control,BoSY,Grade 8,proficient,0,79,0
301870,5,501,50110,Control,BoSY,Grade 8,proficient,1,148,0.6756756756756757
302039,5,503,50316,Control,BoSY,Grade 8,proficient,0,297,0
301868,5,501,50112,Control,BoSY,Grade 8,proficient,0,240,0
301963,5,503,50316,Control,BoSY,Grade 8,proficient,0,218,0
340567,15,1505,150501,Treatment,BoSY,Grade 8,proficient,0,232,0
320606,15,1515,151502,Treatment,BoSY,Grade 8,proficient,0,410,0
320202,15,1511,151101,Treatment,BoSY,Grade 8,proficient,0,168,0
305310,15,1507,150703,Treatment,BoSY,Grade 8,proficient,0,286,0
305418,15,1513,151301,Treatment,BoSY,Grade 8,proficient,0,1215,0
500565,15,1515,151502,Treatment,BoSY,Grade 8,proficient,45,780,5.769230769230769
301258,4,413,41308,Treatment,BoSY,Grade 8,proficient,1,555,0.18018018018018017
301214,4,411,41101,Treatment,BoSY,Grade 8,proficient,0,628,0
301497,4,414,41401,Treatment,BoSY,Grade 8,proficient,0,377,0
305411,15,1515,151502,Treatment,BoSY,Grade 8,proficient,1,777,0.1287001287001287
305420,15,1513,151301,Treatment,BoSY,Grade 8,proficient,0,1398,0
301231,4,413,41302,Control,BoSY,Grade 8,proficient,0,238,0
301188,4,402,40201,Control,BoSY,Grade 8,proficient,0,488,0
307913,4,413,41309,Control,BoSY,Grade 8,proficient,0,333,0
500566,15,1507,150710,Control,BoSY,Grade 8,proficient,0,733,0
305453,15,1510,151001,Control,BoSY,Grade 8,proficient,0,1039,0
305311,15,1507,150702,Control,BoSY,Grade 8,proficient,0,285,0
301425,4,401,40101,Control,BoSY,Grade 8,proficient,0,1041,0
301202,4,408,40812,Control,BoSY,Grade 8,proficient,0,374,0
305412,15,1515,151502,Control,BoSY,Grade 8,proficient,0,1047,0
308105,4,417,41703,Control,BoSY,Grade 8,proficient,0,866,0
305341,15,1514,151401,Control,BoSY,Grade 8,proficient,0,1496,0
319604,15,1512,151201,Control,BoSY,Grade 8,proficient,0,336,0
305568,15,1516,151601,Control,BoSY,Grade 8,proficient,0,410,0
305434,15,1503,150301,Control,BoSY,Grade 8,proficient,0,802,0
301464,4,417,41710,Control,BoSY,Grade 8,proficient,0,543,0
305461,15,1515,151502,Control,BoSY,Grade 8,proficient,0,437,0
305384,15,1501,150101,Control,BoSY,Grade 8,proficient,0,575,0
301143,4,421,42101,Control,BoSY,Grade 8,proficient,0,1069,0
305340,15,1514,151401,Control,BoSY,Grade 8,proficient,3,1112,0.2697841726618705
305302,15,1507,150709,Treatment,BoSY,Grade 8,proficient,0,1186,0
308103,4,417,41712,Control,BoSY,Grade 8,proficient,0,360,0
308130,4,417,41711,Control,BoSY,Grade 8,proficient,0,146,0
301227,4,420,42001,Control,BoSY,Grade 8,proficient,0,1430,0
305334,15,1514,151401,Control,BoSY,Grade 8,proficient,0,661,0
305367,15,1512,151201,Control,BoSY,Grade 8,proficient,0,1125,0
305635,15,1514,151401,Control,BoSY,Grade 8,proficient,0,436,0
301218,4,408,40814,Control,BoSY,Grade 8,proficient,3,2164,0.13863216266173753
308501,4,415,41501,Control,BoSY,Grade 8,proficient,0,628,0
500332,15,1506,150601,Control,BoSY,Grade 8,proficient,2,329,0.60790273556231
305471,15,1509,150901,Control,BoSY,Grade 8,proficient,0,858,0
305376,15,1501,150101,Treatment,BoSY,Grade 8,proficient,0,799,0
301432,4,417,41705,Control,BoSY,Grade 8,proficient,0,584,0
305459,15,1515,151502,Control,BoSY,Grade 8,proficient,0,924,0
305313,15,1507,150708,Control,BoSY,Grade 8,proficient,0,646,0
301186,4,410,41001,Control,BoSY,Grade 8,proficient,1,1818,0.05500550055005501
301184,4,410,41001,Control,BoSY,Grade 8,proficient,1,1125,0.08888888888888889
305295,15,1507,150710,Control,BoSY,Grade 8,proficient,1,1182,0.08460236886632826
301416,4,422,42201,Control,BoSY,Grade 8,proficient,0,158,0
305450,15,1505,150501,Treatment,BoSY,Grade 8,proficient,0,459,0
301403,4,416,41606,Control,BoSY,Grade 8,proficient,0,514,0
301451,4,417,41708,Control,BoSY,Grade 8,proficient,2,368,0.5434782608695652
305338,15,1514,151401,Control,BoSY,Grade 8,proficient,2,770,0.2597402597402597
301257,4,413,41312,Control,BoSY,Grade 8,proficient,0,1989,0
305416,15,1513,151301,Control,BoSY,Grade 8,proficient,0,1002,0
305337,15,1514,151401,Control,BoSY,Grade 8,proficient,1,2054,0.04868549172346641
305353,15,1514,151401,Control,BoSY,Grade 8,proficient,0,446,0
301197,4,408,40812,Control,BoSY,Grade 8,proficient,0,336,0
301236,4,413,41308,Treatment,BoSY,Grade 8,proficient,0,337,0
305444,15,1516,151601,Control,BoSY,Grade 8,proficient,0,365,0
320306,15,1503,150301,Control,BoSY,Grade 8,proficient,0,880,0
301489,4,414,41401,Control,BoSY,Grade 8,proficient,0,333,0
301507,4,418,41801,Control,BoSY,Grade 8,proficient,0,123,0
301456,4,417,41710,Control,BoSY,Grade 8,proficient,14,659,2.12443095599393
301238,4,413,41303,Control,BoSY,Grade 8,proficient,0,621,0
305438,15,1516,151601,Control,BoSY,Grade 8,proficient,1,881,0.11350737797956867
305324,15,1514,151401,Control,BoSY,Grade 8,proficient,0,305,0
305454,15,1510,151001,Control,BoSY,Grade 8,proficient,0,181,0
308122,4,417,41708,Control,BoSY,Grade 8,proficient,0,214,0
301508,4,418,41801,Control,BoSY,Grade 8,proficient,0,268,0
305465,15,1515,151502,Control,BoSY,Grade 8,proficient,0,968,0
305428,15,1511,151101,Control,BoSY,Grade 8,proficient,0,429,0
301175,4,408,40807,Control,BoSY,Grade 8,proficient,0,567,0
301437,4,417,41704,Control,BoSY,Grade 8,proficient,0,1061,0
320204,15,1511,151101,Control,BoSY,Grade 8,proficient,0,545,0
305447,15,1505,150501,Control,BoSY,Grade 8,proficient,0,759,0
301438,4,417,41704,Control,BoSY,Grade 8,proficient,0,546,0
308135,4,417,41708,Control,BoSY,Grade 8,proficient,0,467,0
301418,4,401,40101,Control,BoSY,Grade 8,proficient,0,3060,0
305288,15,1507,150710,Control,BoSY,Grade 8,proficient,0,711,0
301265,4,413,41301,Control,BoSY,Grade 8,proficient,0,451,0
305442,15,1516,151601,Control,BoSY,Grade 8,proficient,0,276,0
500339,15,1505,150501,Control,BoSY,Grade 8,proficient,0,380,0
305435,15,1503,150301,Control,BoSY,Grade 8,proficient,0,447,0
308134,4,417,41708,Control,BoSY,Grade 8,proficient,0,592,0
305452,15,1505,150501,Control,BoSY,Grade 8,proficient,0,678,0
312330,7,703,70308,Treatment,BoSY,Grade 8,proficient,0,120,0
305710,7,703,70302,Treatment,BoSY,Grade 8,proficient,0,71,0
305655,11,1101,110101,Treatment,BoSY,Grade 8,proficient,0,28,0
305581,7,703,70303,Treatment,BoSY,Grade 8,proficient,0,46,0
303130,7,703,70309,Treatment,BoSY,Grade 8,proficient,0,190,0
312354,7,703,70309,Treatment,BoSY,Grade 8,proficient,0,38,0
305849,11,1105,110503,Treatment,BoSY,Grade 8,proficient,0,29,0
305500,11,1101,110101,Treatment,BoSY,Grade 8,proficient,0,32,0
312355,7,703,70304,Treatment,BoSY,Grade 8,proficient,0,37,0
501903,11,1110,111001,Treatment,BoSY,Grade 8,proficient,0,40,0
500665,7,705,70527,Control,BoSY,Grade 8,proficient,0,92,0
312462,7,705,70520,Control,BoSY,Grade 8,proficient,0,20,0
306038,11,1102,110202,Control,BoSY,Grade 8,proficient,0,28,0
500221,7,705,70527,Control,BoSY,Grade 8,proficient,0,27,0
500744,7,708,70801,Control,BoSY,Grade 8,proficient,0,40,0
305884,11,1101,110101,Control,BoSY,Grade 8,proficient,17,101,16.831683168316832
303170,7,709,70901,Control,BoSY,Grade 8,proficient,0,65,0
500787,7,708,70801,Control,BoSY,Grade 8,proficient,0,55,0
500667,7,705,70528,Control,BoSY,Grade 8,proficient,0,50,0
501071,11,1101,110101,Control,BoSY,Grade 8,proficient,0,28,0
303046,7,705,70527,Control,BoSY,Grade 8,proficient,0,109,0
325303,7,707,70701,Control,BoSY,Grade 8,proficient,0,59,0
500208,7,703,70305,Control,BoSY,Grade 8,proficient,0,13,0
312401,7,705,70525,Control,BoSY,Grade 8,proficient,0,121,0
303136,7,706,70601,Control,BoSY,Grade 8,proficient,0,79,0
312435,7,707,70701,Control,BoSY,Grade 8,proficient,0,50,0
502186,11,1101,110101,Control,BoSY,Grade 8,proficient,0,19,0
500782,7,708,70801,Control,BoSY,Grade 8,proficient,0,248,0
306086,11,1106,110606,Control,BoSY,Grade 8,proficient,0,22,0
305755,7,705,70529,Control,BoSY,Grade 8,proficient,0,154,0
305665,11,1101,110101,Control,BoSY,Grade 8,proficient,0,16,0
501635,7,703,70301,Control,BoSY,Grade 8,proficient,0,79,0
305843,11,1110,111001,Control,BoSY,Grade 8,proficient,0,38,0
500894,7,705,70517,Control,BoSY,Grade 8,proficient,0,122,0
500671,7,705,70506,Control,BoSY,Grade 8,proficient,0,34,0
305847,11,1105,110503,Control,BoSY,Grade 8,proficient,0,49,0
500784,7,708,70801,Control,BoSY,Grade 8,proficient,0,20,0
501267,7,705,70525,Control,BoSY,Grade 8,proficient,0,33,0
306000,7,705,70525,Control,BoSY,Grade 8,proficient,0,39,0
305517,11,1106,110608,Control,BoSY,Grade 8,proficient,0,51,0
305713,7,710,71001,Control,BoSY,Grade 8,proficient,0,54,0
500768,7,705,70521,Control,BoSY,Grade 8,proficient,0,88,0
316303,11,1107,110701,Control,BoSY,Grade 8,proficient,0,48,0
316304,11,1107,110701,Control,BoSY,Grade 8,proficient,0,93,0
305506,11,1101,110101,Control,BoSY,Grade 8,proficient,4,26,15.384615384615385
500421,7,705,70507,Control,BoSY,Grade 8,proficient,0,112,0
305681,11,1110,111001,Control,BoSY,Grade 8,proficient,0,191,0
303186,7,711,71101,Control,BoSY,Grade 8,proficient,0,141,0
501429,7,714,71402,Control,BoSY,Grade 8,proficient,0,61,0
305844,11,1103,110303,Control,BoSY,Grade 8,proficient,0,57,0
305965,11,1110,111001,Control,BoSY,Grade 8,proficient,0,82,0
501076,11,1103,110305,Control,BoSY,Grade 8,proficient,0,14,0
305889,11,1101,110101,Control,BoSY,Grade 8,proficient,0,49,0
501074,11,1103,110306,Control,BoSY,Grade 8,proficient,0,36,0
312408,7,705,70530,Control,BoSY,Grade 8,proficient,0,73,0
501351,7,705,70522,Control,BoSY,Grade 8,proficient,9,61,14.754098360655737
501404,11,1101,110101,Control,BoSY,Grade 8,proficient,0,32,0
305660,11,1101,110101,Control,BoSY,Grade 8,proficient,0,40,0
303219,7,701,70101,Control,BoSY,Grade 8,proficient,0,106,0
312450,7,705,70522,Control,BoSY,Grade 8,proficient,10,105,9.523809523809524
324903,7,704,70401,Control,BoSY,Grade 8,proficient,0,32,0
501065,11,1101,110101,Control,BoSY,Grade 8,proficient,0,124,0
312451,7,705,70532,Control,BoSY,Grade 8,proficient,0,85,0
501763,11,1103,110305,Control,BoSY,Grade 8,proficient,0,56,0
316405,11,1110,111001,Control,BoSY,Grade 8,proficient,0,152,0
316404,11,1110,111001,Control,BoSY,Grade 8,proficient,0,57,0
316301,11,1107,110701,Control,BoSY,Grade 8,proficient,0,179,0
312910,7,710,71001,Control,BoSY,Grade 8,proficient,0,148,0
303011,7,705,70512,Control,BoSY,Grade 8,proficient,0,45,0
305651,11,1101,110101,Control,BoSY,Grade 8,proficient,11,35,31.428571428571427
305662,11,1101,110101,Control,BoSY,Grade 8,proficient,0,39,0
305850,11,1105,110503,Control,BoSY,Grade 8,proficient,0,27,0
312481,7,705,70518,Control,BoSY,Grade 8,proficient,0,180,0
304409,11,1110,111001,Control,BoSY,Grade 8,proficient,0,130,0
303246,7,713,71303,Control,BoSY,Grade 8,proficient,0,136,0
501405,11,1101,110101,Control,BoSY,Grade 8,proficient,0,72,0
305677,11,1105,110503,Control,BoSY,Grade 8,proficient,0,47,0
500447,7,708,70801,Control,BoSY,Grade 8,proficient,0,70,0
501305,7,708,70801,Control,BoSY,Grade 8,proficient,0,34,0
305917,7,708,70801,Control,BoSY,Grade 8,proficient,0,32,0
305722,7,703,70304,Control,BoSY,Grade 8,proficient,0,67,0
312953,7,713,71306,Control,BoSY,Grade 8,proficient,0,22,0
305498,11,1101,110101,Control,BoSY,Grade 8,proficient,0,80,0
305669,11,1101,110101,Control,BoSY,Grade 8,proficient,16,32,50
312960,7,710,71002,Control,BoSY,Grade 8,proficient,0,62,0
309906,5,508,50811,Treatment,BoSY,Grade 8,high proficient,0,156,0
309934,5,508,50806,Treatment,BoSY,Grade 8,high proficient,0,39,0
301871,5,501,50107,Treatment,BoSY,Grade 8,high proficient,0,91,0
302134,5,508,50804,Treatment,BoSY,Grade 8,high proficient,0,127,0
302117,5,508,50803,Treatment,BoSY,Grade 8,high proficient,0,67,0
309909,5,508,50801,Treatment,BoSY,Grade 8,high proficient,0,107,0
309915,5,508,50801,Treatment,BoSY,Grade 8,high proficient,0,38,0
501544,5,508,50815,Treatment,BoSY,Grade 8,high proficient,0,68,0
301887,5,502,50205,Treatment,BoSY,Grade 8,high proficient,0,72,0
302175,5,508,50820,Treatment,BoSY,Grade 8,high proficient,0,101,0
302146,5,508,50812,Treatment,BoSY,Grade 8,high proficient,0,121,0
309921,5,508,50805,Treatment,BoSY,Grade 8,high proficient,0,71,0
302254,5,505,50501,Control,BoSY,Grade 8,high proficient,0,94,0
309513,5,501,50112,Control,BoSY,Grade 8,high proficient,0,109,0
500163,5,508,50801,Control,BoSY,Grade 8,high proficient,0,78,0
302058,5,503,50333,Control,BoSY,Grade 8,high proficient,0,112,0
302192,5,511,51103,Control,BoSY,Grade 8,high proficient,0,287,0
302227,5,511,51105,Control,BoSY,Grade 8,high proficient,0,75,0
302252,5,505,50501,Control,BoSY,Grade 8,high proficient,0,90,0
309914,5,508,50806,Control,BoSY,Grade 8,high proficient,0,201,0
309711,5,503,50317,Control,BoSY,Grade 8,high proficient,0,67,0
301817,5,507,50701,Control,BoSY,Grade 8,high proficient,0,113,0
302165,5,508,50816,Control,BoSY,Grade 8,high proficient,0,70,0
301974,5,503,50311,Treatment,BoSY,Grade 8,high proficient,0,85,0
302256,5,505,50501,Control,BoSY,Grade 8,high proficient,0,110,0
301834,5,501,50106,Control,BoSY,Grade 8,high proficient,0,178,0
309760,5,503,50306,Control,BoSY,Grade 8,high proficient,0,57,0
309936,5,508,50819,Control,BoSY,Grade 8,high proficient,0,49,0
302203,5,511,51102,Control,BoSY,Grade 8,high proficient,0,39,0
302011,5,503,50314,Control,BoSY,Grade 8,high proficient,0,214,0
500168,5,505,50501,Control,BoSY,Grade 8,high proficient,0,75,0
301947,5,503,50306,Control,BoSY,Grade 8,high proficient,0,355,0
309941,5,508,50812,Control,BoSY,Grade 8,high proficient,0,222,0
301839,5,501,50111,Control,BoSY,Grade 8,high proficient,0,85,0
501843,5,508,50818,Treatment,BoSY,Grade 8,high proficient,0,45,0
302111,5,508,50801,Control,BoSY,Grade 8,high proficient,0,465,0
302133,5,509,50901,Control,BoSY,Grade 8,high proficient,0,194,0
301990,5,503,50317,Control,BoSY,Grade 8,high proficient,0,40,0
309937,5,508,50819,Control,BoSY,Grade 8,high proficient,0,79,0
302241,5,511,51105,Control,BoSY,Grade 8,high proficient,0,121,0
500167,5,505,50501,Control,BoSY,Grade 8,high proficient,0,66,0
309764,5,503,50320,Control,BoSY,Grade 8,high proficient,0,59,0
302205,5,511,51106,Control,BoSY,Grade 8,high proficient,0,102,0
302014,5,503,50302,Control,BoSY,Grade 8,high proficient,0,134,0
309740,5,503,50315,Control,BoSY,Grade 8,high proficient,0,43,0
309741,5,503,50315,Control,BoSY,Grade 8,high proficient,0,97,0
302161,5,508,50803,Treatment,BoSY,Grade 8,high proficient,0,74,0
302113,5,508,50818,Treatment,BoSY,Grade 8,high proficient,0,108,0
302127,5,508,50817,Control,BoSY,Grade 8,high proficient,0,53,0
301899,5,502,50205,Control,BoSY,Grade 8,high proficient,0,143,0
309509,5,501,50113,Control,BoSY,Grade 8,high proficient,0,82,0
309903,5,508,50816,Control,BoSY,Grade 8,high proficient,0,70,0
301995,5,503,50310,Control,BoSY,Grade 8,high proficient,0,22,0
309702,5,503,50325,Control,BoSY,Grade 8,high proficient,0,277,0
501020,5,503,50310,Control,BoSY,Grade 8,high proficient,0,28,0
309743,5,503,50332,Control,BoSY,Grade 8,high proficient,0,106,0
301816,5,501,50101,Control,BoSY,Grade 8,high proficient,0,141,0
302054,5,503,50315,Control,BoSY,Grade 8,high proficient,0,119,0
301862,5,507,50701,Control,BoSY,Grade 8,high proficient,0,227,0
502477,5,501,50108,Control,BoSY,Grade 8,high proficient,0,35,0
302283,5,513,51301,Control,BoSY,Grade 8,high proficient,0,344,0
301900,5,502,50206,Control,BoSY,Grade 8,high proficient,0,70,0
302123,5,508,50808,Control,BoSY,Grade 8,high proficient,0,84,0
309512,5,501,50110,Control,BoSY,Grade 8,high proficient,0,78,0
302284,5,513,51301,Control,BoSY,Grade 8,high proficient,0,178,0
500034,5,508,50819,Control,BoSY,Grade 8,high proficient,0,21,0
302043,5,503,50305,Control,BoSY,Grade 8,high proficient,0,176,0
302182,5,511,51107,Control,BoSY,Grade 8,high proficient,0,94,0
301986,5,503,50334,Control,BoSY,Grade 8,high proficient,0,194,0
302109,5,508,50817,Control,BoSY,Grade 8,high proficient,0,256,0
302061,5,503,50311,Control,BoSY,Grade 8,high proficient,0,43,0
309931,5,508,50802,Control,BoSY,Grade 8,high proficient,0,75,0
301984,5,503,50331,Control,BoSY,Grade 8,high proficient,1,187,0.5347593582887701
302156,5,508,50803,Control,BoSY,Grade 8,high proficient,0,101,0
309705,5,503,50330,Control,BoSY,Grade 8,high proficient,0,91,0
500165,5,508,50804,Control,BoSY,Grade 8,high proficient,0,48,0
301930,5,503,50328,Control,BoSY,Grade 8,high proficient,0,111,0
302177,5,508,50806,Control,BoSY,Grade 8,high proficient,0,99,0
302282,5,513,51301,Control,BoSY,Grade 8,high proficient,0,150,0
502615,5,508,50802,Control,BoSY,Grade 8,high proficient,0,22,0
302263,5,506,50601,Control,BoSY,Grade 8,high proficient,0,90,0
301826,5,501,50103,Control,BoSY,Grade 8,high proficient,0,10,0
305750,5,513,51301,Control,BoSY,Grade 8,high proficient,0,79,0
301870,5,501,50110,Control,BoSY,Grade 8,high proficient,0,148,0
302039,5,503,50316,Control,BoSY,Grade 8,high proficient,0,297,0
301868,5,501,50112,Control,BoSY,Grade 8,high proficient,0,240,0
301963,5,503,50316,Control,BoSY,Grade 8,high proficient,0,218,0
340567,15,1505,150501,Treatment,BoSY,Grade 8,high proficient,0,232,0
320606,15,1515,151502,Treatment,BoSY,Grade 8,high proficient,0,410,0
320202,15,1511,151101,Treatment,BoSY,Grade 8,high proficient,0,168,0
305310,15,1507,150703,Treatment,BoSY,Grade 8,high proficient,0,286,0
305418,15,1513,151301,Treatment,BoSY,Grade 8,high proficient,0,1215,0
500565,15,1515,151502,Treatment,BoSY,Grade 8,high proficient,0,780,0
301258,4,413,41308,Treatment,BoSY,Grade 8,high proficient,0,555,0
301214,4,411,41101,Treatment,BoSY,Grade 8,high proficient,0,628,0
301497,4,414,41401,Treatment,BoSY,Grade 8,high proficient,0,377,0
305411,15,1515,151502,Treatment,BoSY,Grade 8,high proficient,0,777,0
305420,15,1513,151301,Treatment,BoSY,Grade 8,high proficient,0,1398,0
301231,4,413,41302,Control,BoSY,Grade 8,high proficient,0,238,0
301188,4,402,40201,Control,BoSY,Grade 8,high proficient,0,488,0
307913,4,413,41309,Control,BoSY,Grade 8,high proficient,0,333,0
500566,15,1507,150710,Control,BoSY,Grade 8,high proficient,0,733,0
305453,15,1510,151001,Control,BoSY,Grade 8,high proficient,0,1039,0
305311,15,1507,150702,Control,BoSY,Grade 8,high proficient,0,285,0
301425,4,401,40101,Control,BoSY,Grade 8,high proficient,0,1041,0
301202,4,408,40812,Control,BoSY,Grade 8,high proficient,0,374,0
305412,15,1515,151502,Control,BoSY,Grade 8,high proficient,0,1047,0
308105,4,417,41703,Control,BoSY,Grade 8,high proficient,0,866,0
305341,15,1514,151401,Control,BoSY,Grade 8,high proficient,0,1496,0
319604,15,1512,151201,Control,BoSY,Grade 8,high proficient,0,336,0
305568,15,1516,151601,Control,BoSY,Grade 8,high proficient,0,410,0
305434,15,1503,150301,Control,BoSY,Grade 8,high proficient,0,802,0
301464,4,417,41710,Control,BoSY,Grade 8,high proficient,0,543,0
305461,15,1515,151502,Control,BoSY,Grade 8,high proficient,0,437,0
305384,15,1501,150101,Control,BoSY,Grade 8,high proficient,0,575,0
301143,4,421,42101,Control,BoSY,Grade 8,high proficient,0,1069,0
305340,15,1514,151401,Control,BoSY,Grade 8,high proficient,0,1112,0
305302,15,1507,150709,Treatment,BoSY,Grade 8,high proficient,0,1186,0
308103,4,417,41712,Control,BoSY,Grade 8,high proficient,0,360,0
308130,4,417,41711,Control,BoSY,Grade 8,high proficient,0,146,0
301227,4,420,42001,Control,BoSY,Grade 8,high proficient,0,1430,0
305334,15,1514,151401,Control,BoSY,Grade 8,high proficient,0,661,0
305367,15,1512,151201,Control,BoSY,Grade 8,high proficient,0,1125,0
305635,15,1514,151401,Control,BoSY,Grade 8,high proficient,0,436,0
301218,4,408,40814,Control,BoSY,Grade 8,high proficient,0,2164,0
308501,4,415,41501,Control,BoSY,Grade 8,high proficient,0,628,0
500332,15,1506,150601,Control,BoSY,Grade 8,high proficient,0,329,0
305471,15,1509,150901,Control,BoSY,Grade 8,high proficient,0,858,0
305376,15,1501,150101,Treatment,BoSY,Grade 8,high proficient,0,799,0
301432,4,417,41705,Control,BoSY,Grade 8,high proficient,0,584,0
305459,15,1515,151502,Control,BoSY,Grade 8,high proficient,0,924,0
305313,15,1507,150708,Control,BoSY,Grade 8,high proficient,0,646,0
301186,4,410,41001,Control,BoSY,Grade 8,high proficient,0,1818,0
301184,4,410,41001,Control,BoSY,Grade 8,high proficient,0,1125,0
305295,15,1507,150710,Control,BoSY,Grade 8,high proficient,0,1182,0
301416,4,422,42201,Control,BoSY,Grade 8,high proficient,0,158,0
305450,15,1505,150501,Treatment,BoSY,Grade 8,high proficient,0,459,0
301403,4,416,41606,Control,BoSY,Grade 8,high proficient,0,514,0
301451,4,417,41708,Control,BoSY,Grade 8,high proficient,0,368,0
305338,15,1514,151401,Control,BoSY,Grade 8,high proficient,0,770,0
301257,4,413,41312,Control,BoSY,Grade 8,high proficient,0,1989,0
305416,15,1513,151301,Control,BoSY,Grade 8,high proficient,0,1002,0
305337,15,1514,151401,Control,BoSY,Grade 8,high proficient,0,2054,0
305353,15,1514,151401,Control,BoSY,Grade 8,high proficient,0,446,0
301197,4,408,40812,Control,BoSY,Grade 8,high proficient,0,336,0
301236,4,413,41308,Treatment,BoSY,Grade 8,high proficient,0,337,0
305444,15,1516,151601,Control,BoSY,Grade 8,high proficient,0,365,0
320306,15,1503,150301,Control,BoSY,Grade 8,high proficient,0,880,0
301489,4,414,41401,Control,BoSY,Grade 8,high proficient,0,333,0
301507,4,418,41801,Control,BoSY,Grade 8,high proficient,0,123,0
301456,4,417,41710,Control,BoSY,Grade 8,high proficient,0,659,0
301238,4,413,41303,Control,BoSY,Grade 8,high proficient,0,621,0
305438,15,1516,151601,Control,BoSY,Grade 8,high proficient,0,881,0
305324,15,1514,151401,Control,BoSY,Grade 8,high proficient,0,305,0
305454,15,1510,151001,Control,BoSY,Grade 8,high proficient,0,181,0
308122,4,417,41708,Control,BoSY,Grade 8,high proficient,0,214,0
301508,4,418,41801,Control,BoSY,Grade 8,high proficient,0,268,0
305465,15,1515,151502,Control,BoSY,Grade 8,high proficient,0,968,0
305428,15,1511,151101,Control,BoSY,Grade 8,high proficient,0,429,0
301175,4,408,40807,Control,BoSY,Grade 8,high proficient,0,567,0
301437,4,417,41704,Control,BoSY,Grade 8,high proficient,0,1061,0
320204,15,1511,151101,Control,BoSY,Grade 8,high proficient,0,545,0
305447,15,1505,150501,Control,BoSY,Grade 8,high proficient,0,759,0
301438,4,417,41704,Control,BoSY,Grade 8,high proficient,0,546,0
308135,4,417,41708,Control,BoSY,Grade 8,high proficient,0,467,0
301418,4,401,40101,Control,BoSY,Grade 8,high proficient,0,3060,0
305288,15,1507,150710,Control,BoSY,Grade 8,high proficient,0,711,0
301265,4,413,41301,Control,BoSY,Grade 8,high proficient,0,451,0
305442,15,1516,151601,Control,BoSY,Grade 8,high proficient,0,276,0
500339,15,1505,150501,Control,BoSY,Grade 8,high proficient,0,380,0
305435,15,1503,150301,Control,BoSY,Grade 8,high proficient,0,447,0
308134,4,417,41708,Control,BoSY,Grade 8,high proficient,0,592,0
305452,15,1505,150501,Control,BoSY,Grade 8,high proficient,0,678,0
312330,7,703,70308,Treatment,BoSY,Grade 8,high proficient,0,120,0
305710,7,703,70302,Treatment,BoSY,Grade 8,high proficient,0,71,0
305655,11,1101,110101,Treatment,BoSY,Grade 8,high proficient,0,28,0
305581,7,703,70303,Treatment,BoSY,Grade 8,high proficient,0,46,0
303130,7,703,70309,Treatment,BoSY,Grade 8,high proficient,0,190,0
312354,7,703,70309,Treatment,BoSY,Grade 8,high proficient,0,38,0
305849,11,1105,110503,Treatment,BoSY,Grade 8,high proficient,0,29,0
305500,11,1101,110101,Treatment,BoSY,Grade 8,high proficient,0,32,0
312355,7,703,70304,Treatment,BoSY,Grade 8,high proficient,0,37,0
501903,11,1110,111001,Treatment,BoSY,Grade 8,high proficient,0,40,0
500665,7,705,70527,Control,BoSY,Grade 8,high proficient,0,92,0
312462,7,705,70520,Control,BoSY,Grade 8,high proficient,0,20,0
306038,11,1102,110202,Control,BoSY,Grade 8,high proficient,0,28,0
500221,7,705,70527,Control,BoSY,Grade 8,high proficient,0,27,0
500744,7,708,70801,Control,BoSY,Grade 8,high proficient,0,40,0
305884,11,1101,110101,Control,BoSY,Grade 8,high proficient,0,101,0
303170,7,709,70901,Control,BoSY,Grade 8,high proficient,0,65,0
500787,7,708,70801,Control,BoSY,Grade 8,high proficient,0,55,0
500667,7,705,70528,Control,BoSY,Grade 8,high proficient,0,50,0
501071,11,1101,110101,Control,BoSY,Grade 8,high proficient,0,28,0
303046,7,705,70527,Control,BoSY,Grade 8,high proficient,0,109,0
325303,7,707,70701,Control,BoSY,Grade 8,high proficient,0,59,0
500208,7,703,70305,Control,BoSY,Grade 8,high proficient,0,13,0
312401,7,705,70525,Control,BoSY,Grade 8,high proficient,0,121,0
303136,7,706,70601,Control,BoSY,Grade 8,high proficient,0,79,0
312435,7,707,70701,Control,BoSY,Grade 8,high proficient,0,50,0
502186,11,1101,110101,Control,BoSY,Grade 8,high proficient,0,19,0
500782,7,708,70801,Control,BoSY,Grade 8,high proficient,0,248,0
306086,11,1106,110606,Control,BoSY,Grade 8,high proficient,0,22,0
305755,7,705,70529,Control,BoSY,Grade 8,high proficient,0,154,0
305665,11,1101,110101,Control,BoSY,Grade 8,high proficient,0,16,0
501635,7,703,70301,Control,BoSY,Grade 8,high proficient,0,79,0
305843,11,1110,111001,Control,BoSY,Grade 8,high proficient,0,38,0
500894,7,705,70517,Control,BoSY,Grade 8,high proficient,0,122,0
500671,7,705,70506,Control,BoSY,Grade 8,high proficient,0,34,0
305847,11,1105,110503,Control,BoSY,Grade 8,high proficient,0,49,0
500784,7,708,70801,Control,BoSY,Grade 8,high proficient,0,20,0
501267,7,705,70525,Control,BoSY,Grade 8,high proficient,0,33,0
306000,7,705,70525,Control,BoSY,Grade 8,high proficient,0,39,0
305517,11,1106,110608,Control,BoSY,Grade 8,high proficient,0,51,0
305713,7,710,71001,Control,BoSY,Grade 8,high proficient,0,54,0
500768,7,705,70521,Control,BoSY,Grade 8,high proficient,0,88,0
316303,11,1107,110701,Control,BoSY,Grade 8,high proficient,0,48,0
316304,11,1107,110701,Control,BoSY,Grade 8,high proficient,0,93,0
305506,11,1101,110101,Control,BoSY,Grade 8,high proficient,0,26,0
500421,7,705,70507,Control,BoSY,Grade 8,high proficient,0,112,0
305681,11,1110,111001,Control,BoSY,Grade 8,high proficient,0,191,0
303186,7,711,71101,Control,BoSY,Grade 8,high proficient,0,141,0
501429,7,714,71402,Control,BoSY,Grade 8,high proficient,0,61,0
305844,11,1103,110303,Control,BoSY,Grade 8,high proficient,0,57,0
305965,11,1110,111001,Control,BoSY,Grade 8,high proficient,0,82,0
501076,11,1103,110305,Control,BoSY,Grade 8,high proficient,0,14,0
305889,11,1101,110101,Control,BoSY,Grade 8,high proficient,0,49,0
501074,11,1103,110306,Control,BoSY,Grade 8,high proficient,0,36,0
312408,7,705,70530,Control,BoSY,Grade 8,high proficient,0,73,0
501351,7,705,70522,Control,BoSY,Grade 8,high proficient,4,61,6.557377049180328
501404,11,1101,110101,Control,BoSY,Grade 8,high proficient,0,32,0
305660,11,1101,110101,Control,BoSY,Grade 8,high proficient,0,40,0
303219,7,701,70101,Control,BoSY,Grade 8,high proficient,0,106,0
312450,7,705,70522,Control,BoSY,Grade 8,high proficient,0,105,0
324903,7,704,70401,Control,BoSY,Grade 8,high proficient,0,32,0
501065,11,1101,110101,Control,BoSY,Grade 8,high proficient,0,124,0
312451,7,705,70532,Control,BoSY,Grade 8,high proficient,0,85,0
501763,11,1103,110305,Control,BoSY,Grade 8,high proficient,0,56,0
316405,11,1110,111001,Control,BoSY,Grade 8,high proficient,0,152,0
316404,11,1110,111001,Control,BoSY,Grade 8,high proficient,0,57,0
316301,11,1107,110701,Control,BoSY,Grade 8,high proficient,0,179,0
312910,7,710,71001,Control,BoSY,Grade 8,high proficient,0,148,0
303011,7,705,70512,Control,BoSY,Grade 8,high proficient,0,45,0
305651,11,1101,110101,Control,BoSY,Grade 8,high proficient,1,35,2.857142857142857
305662,11,1101,110101,Control,BoSY,Grade 8,high proficient,0,39,0
305850,11,1105,110503,Control,BoSY,Grade 8,high proficient,0,27,0
312481,7,705,70518,Control,BoSY,Grade 8,high proficient,0,180,0
304409,11,1110,111001,Control,BoSY,Grade 8,high proficient,0,130,0
303246,7,713,71303,Control,BoSY,Grade 8,high proficient,0,136,0
501405,11,1101,110101,Control,BoSY,Grade 8,high proficient,0,72,0
305677,11,1105,110503,Control,BoSY,Grade 8,high proficient,0,47,0
500447,7,708,70801,Control,BoSY,Grade 8,high proficient,0,70,0
501305,7,708,70801,Control,BoSY,Grade 8,high proficient,0,34,0
305917,7,708,70801,Control,BoSY,Grade 8,high proficient,0,32,0
305722,7,703,70304,Control,BoSY,Grade 8,high proficient,0,67,0
312953,7,713,71306,Control,BoSY,Grade 8,high proficient,0,22,0
305498,11,1101,110101,Control,BoSY,Grade 8,high proficient,0,80,0
305669,11,1101,110101,Control,BoSY,Grade 8,high proficient,0,32,0
312960,7,710,71002,Control,BoSY,Grade 8,high proficient,0,62,0
309906,5,508,50811,Treatment,BoSY,Grade 9,not proficient,104,112,92.85714285714286
309934,5,508,50806,Treatment,BoSY,Grade 9,not proficient,35,35,100
301871,5,501,50107,Treatment,BoSY,Grade 9,not proficient,67,67,100
302134,5,508,50804,Treatment,BoSY,Grade 9,not proficient,130,130,100
302117,5,508,50803,Treatment,BoSY,Grade 9,not proficient,59,59,100
309909,5,508,50801,Treatment,BoSY,Grade 9,not proficient,89,91,97.8021978021978
309915,5,508,50801,Treatment,BoSY,Grade 9,not proficient,31,34,91.17647058823529
501544,5,508,50815,Treatment,BoSY,Grade 9,not proficient,71,71,100
301887,5,502,50205,Treatment,BoSY,Grade 9,not proficient,61,70,87.14285714285714
302175,5,508,50820,Treatment,BoSY,Grade 9,not proficient,121,125,96.8
302146,5,508,50812,Treatment,BoSY,Grade 9,not proficient,111,111,100
309921,5,508,50805,Treatment,BoSY,Grade 9,not proficient,70,70,100
302254,5,505,50501,Control,BoSY,Grade 9,not proficient,87,87,100
309513,5,501,50112,Control,BoSY,Grade 9,not proficient,85,85,100
500163,5,508,50801,Control,BoSY,Grade 9,not proficient,57,64,89.0625
302058,5,503,50333,Control,BoSY,Grade 9,not proficient,127,128,99.21875
302192,5,511,51103,Control,BoSY,Grade 9,not proficient,163,186,87.63440860215054
302227,5,511,51105,Control,BoSY,Grade 9,not proficient,53,53,100
302252,5,505,50501,Control,BoSY,Grade 9,not proficient,29,57,50.87719298245614
309914,5,508,50806,Control,BoSY,Grade 9,not proficient,168,170,98.82352941176471
309711,5,503,50317,Control,BoSY,Grade 9,not proficient,48,50,96
301817,5,507,50701,Control,BoSY,Grade 9,not proficient,79,79,100
302165,5,508,50816,Control,BoSY,Grade 9,not proficient,58,59,98.30508474576271
301974,5,503,50311,Treatment,BoSY,Grade 9,not proficient,45,45,100
302256,5,505,50501,Control,BoSY,Grade 9,not proficient,90,92,97.82608695652173
301834,5,501,50106,Control,BoSY,Grade 9,not proficient,136,138,98.55072463768116
309760,5,503,50306,Control,BoSY,Grade 9,not proficient,45,49,91.83673469387755
309936,5,508,50819,Control,BoSY,Grade 9,not proficient,42,45,93.33333333333333
302203,5,511,51102,Control,BoSY,Grade 9,not proficient,34,34,100
302011,5,503,50314,Control,BoSY,Grade 9,not proficient,175,176,99.43181818181819
500168,5,505,50501,Control,BoSY,Grade 9,not proficient,57,57,100
301947,5,503,50306,Control,BoSY,Grade 9,not proficient,269,290,92.75862068965517
309941,5,508,50812,Control,BoSY,Grade 9,not proficient,140,141,99.29078014184397
301839,5,501,50111,Control,BoSY,Grade 9,not proficient,33,64,51.5625
501843,5,508,50818,Treatment,BoSY,Grade 9,not proficient,30,37,81.08108108108108
302111,5,508,50801,Control,BoSY,Grade 9,not proficient,399,437,91.30434782608695
302133,5,509,50901,Control,BoSY,Grade 9,not proficient,81,149,54.36241610738255
301990,5,503,50317,Control,BoSY,Grade 9,not proficient,23,23,100
309937,5,508,50819,Control,BoSY,Grade 9,not proficient,50,50,100
302241,5,511,51105,Control,BoSY,Grade 9,not proficient,98,99,98.98989898989899
500167,5,505,50501,Control,BoSY,Grade 9,not proficient,59,59,100
309764,5,503,50320,Control,BoSY,Grade 9,not proficient,32,32,100
302205,5,511,51106,Control,BoSY,Grade 9,not proficient,101,101,100
302014,5,503,50302,Control,BoSY,Grade 9,not proficient,94,124,75.80645161290323
309740,5,503,50315,Control,BoSY,Grade 9,not proficient,68,68,100
309741,5,503,50315,Control,BoSY,Grade 9,not proficient,83,83,100
302161,5,508,50803,Treatment,BoSY,Grade 9,not proficient,73,73,100
302113,5,508,50818,Treatment,BoSY,Grade 9,not proficient,59,59,100
302127,5,508,50817,Control,BoSY,Grade 9,not proficient,37,37,100
301899,5,502,50205,Control,BoSY,Grade 9,not proficient,111,111,100
309509,5,501,50113,Control,BoSY,Grade 9,not proficient,91,91,100
309903,5,508,50816,Control,BoSY,Grade 9,not proficient,65,81,80.24691358024691
301995,5,503,50310,Control,BoSY,Grade 9,not proficient,0,70,0
309702,5,503,50325,Control,BoSY,Grade 9,not proficient,195,195,100
501020,5,503,50310,Control,BoSY,Grade 9,not proficient,28,28,100
309743,5,503,50332,Control,BoSY,Grade 9,not proficient,85,86,98.83720930232558
301816,5,501,50101,Control,BoSY,Grade 9,not proficient,111,111,100
302054,5,503,50315,Control,BoSY,Grade 9,not proficient,95,95,100
301862,5,507,50701,Control,BoSY,Grade 9,not proficient,190,191,99.47643979057591
502477,5,501,50108,Control,BoSY,Grade 9,not proficient,23,23,100
302283,5,513,51301,Control,BoSY,Grade 9,not proficient,237,244,97.1311475409836
301900,5,502,50206,Control,BoSY,Grade 9,not proficient,52,52,100
302123,5,508,50808,Control,BoSY,Grade 9,not proficient,77,77,100
309512,5,501,50110,Control,BoSY,Grade 9,not proficient,43,43,100
302284,5,513,51301,Control,BoSY,Grade 9,not proficient,150,151,99.33774834437087
500034,5,508,50819,Control,BoSY,Grade 9,not proficient,31,31,100
302043,5,503,50305,Control,BoSY,Grade 9,not proficient,179,179,100
302182,5,511,51107,Control,BoSY,Grade 9,not proficient,84,87,96.55172413793103
301986,5,503,50334,Control,BoSY,Grade 9,not proficient,177,178,99.43820224719101
302109,5,508,50817,Control,BoSY,Grade 9,not proficient,204,206,99.02912621359224
302061,5,503,50311,Control,BoSY,Grade 9,not proficient,37,40,92.5
309931,5,508,50802,Control,BoSY,Grade 9,not proficient,65,65,100
301984,5,503,50331,Control,BoSY,Grade 9,not proficient,170,173,98.26589595375722
302156,5,508,50803,Control,BoSY,Grade 9,not proficient,94,95,98.94736842105263
309705,5,503,50330,Control,BoSY,Grade 9,not proficient,72,74,97.29729729729729
500165,5,508,50804,Control,BoSY,Grade 9,not proficient,15,42,35.714285714285715
301930,5,503,50328,Control,BoSY,Grade 9,not proficient,73,73,100
302177,5,508,50806,Control,BoSY,Grade 9,not proficient,81,81,100
302282,5,513,51301,Control,BoSY,Grade 9,not proficient,0,0,NA
502615,5,508,50802,Control,BoSY,Grade 9,not proficient,12,12,100
302263,5,506,50601,Control,BoSY,Grade 9,not proficient,62,62,100
301826,5,501,50103,Control,BoSY,Grade 9,not proficient,11,12,91.66666666666667
305750,5,513,51301,Control,BoSY,Grade 9,not proficient,43,43,100
301870,5,501,50110,Control,BoSY,Grade 9,not proficient,61,67,91.04477611940298
302039,5,503,50316,Control,BoSY,Grade 9,not proficient,254,254,100
301868,5,501,50112,Control,BoSY,Grade 9,not proficient,37,176,21.022727272727273
301963,5,503,50316,Control,BoSY,Grade 9,not proficient,102,157,64.96815286624204
340567,15,1505,150501,Treatment,BoSY,Grade 9,not proficient,169,169,100
320606,15,1515,151502,Treatment,BoSY,Grade 9,not proficient,89,329,27.051671732522795
320202,15,1511,151101,Treatment,BoSY,Grade 9,not proficient,141,141,100
305310,15,1507,150703,Treatment,BoSY,Grade 9,not proficient,300,300,100
305418,15,1513,151301,Treatment,BoSY,Grade 9,not proficient,879,972,90.4320987654321
500565,15,1515,151502,Treatment,BoSY,Grade 9,not proficient,79,689,11.46589259796807
301258,4,413,41308,Treatment,BoSY,Grade 9,not proficient,371,387,95.8656330749354
301214,4,411,41101,Treatment,BoSY,Grade 9,not proficient,8,654,1.2232415902140672
301497,4,414,41401,Treatment,BoSY,Grade 9,not proficient,317,328,96.64634146341463
305411,15,1515,151502,Treatment,BoSY,Grade 9,not proficient,766,840,91.19047619047619
305420,15,1513,151301,Treatment,BoSY,Grade 9,not proficient,1087,1131,96.10963748894784
301231,4,413,41302,Control,BoSY,Grade 9,not proficient,129,166,77.71084337349397
301188,4,402,40201,Control,BoSY,Grade 9,not proficient,615,615,100
307913,4,413,41309,Control,BoSY,Grade 9,not proficient,147,245,60
500566,15,1507,150710,Control,BoSY,Grade 9,not proficient,697,701,99.42938659058488
305453,15,1510,151001,Control,BoSY,Grade 9,not proficient,752,769,97.7893368010403
305311,15,1507,150702,Control,BoSY,Grade 9,not proficient,275,277,99.27797833935018
301425,4,401,40101,Control,BoSY,Grade 9,not proficient,803,809,99.25834363411619
301202,4,408,40812,Control,BoSY,Grade 9,not proficient,235,299,78.59531772575251
305412,15,1515,151502,Control,BoSY,Grade 9,not proficient,964,1016,94.88188976377953
308105,4,417,41703,Control,BoSY,Grade 9,not proficient,415,691,60.05788712011577
305341,15,1514,151401,Control,BoSY,Grade 9,not proficient,1220,1325,92.0754716981132
319604,15,1512,151201,Control,BoSY,Grade 9,not proficient,320,324,98.76543209876543
305568,15,1516,151601,Control,BoSY,Grade 9,not proficient,326,328,99.39024390243902
305434,15,1503,150301,Control,BoSY,Grade 9,not proficient,645,672,95.98214285714286
301464,4,417,41710,Control,BoSY,Grade 9,not proficient,450,514,87.54863813229572
305461,15,1515,151502,Control,BoSY,Grade 9,not proficient,251,266,94.3609022556391
305384,15,1501,150101,Control,BoSY,Grade 9,not proficient,427,446,95.73991031390135
301143,4,421,42101,Control,BoSY,Grade 9,not proficient,725,733,98.90859481582538
305340,15,1514,151401,Control,BoSY,Grade 9,not proficient,1026,1089,94.21487603305785
305302,15,1507,150709,Treatment,BoSY,Grade 9,not proficient,1153,1155,99.82683982683983
308103,4,417,41712,Control,BoSY,Grade 9,not proficient,267,276,96.73913043478261
308130,4,417,41711,Control,BoSY,Grade 9,not proficient,131,133,98.49624060150376
301227,4,420,42001,Control,BoSY,Grade 9,not proficient,1010,1022,98.82583170254404
305334,15,1514,151401,Control,BoSY,Grade 9,not proficient,555,567,97.88359788359789
305367,15,1512,151201,Control,BoSY,Grade 9,not proficient,920,927,99.24487594390507
305635,15,1514,151401,Control,BoSY,Grade 9,not proficient,393,401,98.00498753117208
301218,4,408,40814,Control,BoSY,Grade 9,not proficient,1840,1883,97.71640998406798
308501,4,415,41501,Control,BoSY,Grade 9,not proficient,498,500,99.6
500332,15,1506,150601,Control,BoSY,Grade 9,not proficient,325,333,97.5975975975976
305471,15,1509,150901,Control,BoSY,Grade 9,not proficient,641,674,95.10385756676558
305376,15,1501,150101,Treatment,BoSY,Grade 9,not proficient,767,797,96.23588456712673
301432,4,417,41705,Control,BoSY,Grade 9,not proficient,472,477,98.95178197064989
305459,15,1515,151502,Control,BoSY,Grade 9,not proficient,783,786,99.61832061068702
305313,15,1507,150708,Control,BoSY,Grade 9,not proficient,507,508,99.80314960629921
301186,4,410,41001,Control,BoSY,Grade 9,not proficient,1320,1526,86.50065530799476
301184,4,410,41001,Control,BoSY,Grade 9,not proficient,917,926,99.0280777537797
305295,15,1507,150710,Control,BoSY,Grade 9,not proficient,1216,1230,98.86178861788618
301416,4,422,42201,Control,BoSY,Grade 9,not proficient,135,135,100
305450,15,1505,150501,Treatment,BoSY,Grade 9,not proficient,360,364,98.9010989010989
301403,4,416,41606,Control,BoSY,Grade 9,not proficient,347,350,99.14285714285714
301451,4,417,41708,Control,BoSY,Grade 9,not proficient,243,276,88.04347826086956
305338,15,1514,151401,Control,BoSY,Grade 9,not proficient,609,636,95.75471698113208
301257,4,413,41312,Control,BoSY,Grade 9,not proficient,1676,1721,97.38524113887274
305416,15,1513,151301,Control,BoSY,Grade 9,not proficient,724,846,85.57919621749409
305337,15,1514,151401,Control,BoSY,Grade 9,not proficient,1675,1676,99.94033412887828
305353,15,1514,151401,Control,BoSY,Grade 9,not proficient,393,394,99.74619289340102
301197,4,408,40812,Control,BoSY,Grade 9,not proficient,166,358,46.36871508379888
301236,4,413,41308,Treatment,BoSY,Grade 9,not proficient,250,259,96.52509652509653
305444,15,1516,151601,Control,BoSY,Grade 9,not proficient,292,302,96.6887417218543
320306,15,1503,150301,Control,BoSY,Grade 9,not proficient,689,691,99.71056439942113
301489,4,414,41401,Control,BoSY,Grade 9,not proficient,288,290,99.3103448275862
301507,4,418,41801,Control,BoSY,Grade 9,not proficient,122,123,99.1869918699187
301456,4,417,41710,Control,BoSY,Grade 9,not proficient,435,445,97.75280898876404
301238,4,413,41303,Control,BoSY,Grade 9,not proficient,420,452,92.92035398230088
305438,15,1516,151601,Control,BoSY,Grade 9,not proficient,883,891,99.10213243546576
305324,15,1514,151401,Control,BoSY,Grade 9,not proficient,285,294,96.93877551020408
305454,15,1510,151001,Control,BoSY,Grade 9,not proficient,104,119,87.39495798319328
308122,4,417,41708,Control,BoSY,Grade 9,not proficient,146,154,94.8051948051948
301508,4,418,41801,Control,BoSY,Grade 9,not proficient,211,248,85.08064516129032
305465,15,1515,151502,Control,BoSY,Grade 9,not proficient,764,768,99.47916666666667
305428,15,1511,151101,Control,BoSY,Grade 9,not proficient,357,357,100
301175,4,408,40807,Control,BoSY,Grade 9,not proficient,408,507,80.4733727810651
301437,4,417,41704,Control,BoSY,Grade 9,not proficient,889,920,96.6304347826087
320204,15,1511,151101,Control,BoSY,Grade 9,not proficient,550,554,99.27797833935018
305447,15,1505,150501,Control,BoSY,Grade 9,not proficient,628,658,95.44072948328268
301438,4,417,41704,Control,BoSY,Grade 9,not proficient,438,456,96.05263157894737
308135,4,417,41708,Control,BoSY,Grade 9,not proficient,133,364,36.53846153846154
301418,4,401,40101,Control,BoSY,Grade 9,not proficient,2585,2590,99.8069498069498
305288,15,1507,150710,Control,BoSY,Grade 9,not proficient,660,666,99.09909909909909
301265,4,413,41301,Control,BoSY,Grade 9,not proficient,346,348,99.42528735632185
305442,15,1516,151601,Control,BoSY,Grade 9,not proficient,271,274,98.9051094890511
500339,15,1505,150501,Control,BoSY,Grade 9,not proficient,324,332,97.59036144578313
305435,15,1503,150301,Control,BoSY,Grade 9,not proficient,324,337,96.14243323442136
308134,4,417,41708,Control,BoSY,Grade 9,not proficient,447,480,93.125
305452,15,1505,150501,Control,BoSY,Grade 9,not proficient,555,604,91.88741721854305
312330,7,703,70308,Treatment,BoSY,Grade 9,not proficient,57,57,100
305710,7,703,70302,Treatment,BoSY,Grade 9,not proficient,68,68,100
305655,11,1101,110101,Treatment,BoSY,Grade 9,not proficient,14,21,66.66666666666667
305581,7,703,70303,Treatment,BoSY,Grade 9,not proficient,28,31,90.3225806451613
303130,7,703,70309,Treatment,BoSY,Grade 9,not proficient,139,139,100
312354,7,703,70309,Treatment,BoSY,Grade 9,not proficient,22,22,100
305849,11,1105,110503,Treatment,BoSY,Grade 9,not proficient,25,25,100
305500,11,1101,110101,Treatment,BoSY,Grade 9,not proficient,20,20,100
312355,7,703,70304,Treatment,BoSY,Grade 9,not proficient,34,34,100
501903,11,1110,111001,Treatment,BoSY,Grade 9,not proficient,17,17,100
500665,7,705,70527,Control,BoSY,Grade 9,not proficient,62,62,100
312462,7,705,70520,Control,BoSY,Grade 9,not proficient,26,29,89.65517241379311
306038,11,1102,110202,Control,BoSY,Grade 9,not proficient,25,25,100
500221,7,705,70527,Control,BoSY,Grade 9,not proficient,18,20,90
500744,7,708,70801,Control,BoSY,Grade 9,not proficient,34,34,100
305884,11,1101,110101,Control,BoSY,Grade 9,not proficient,0,77,0
303170,7,709,70901,Control,BoSY,Grade 9,not proficient,33,33,100
500787,7,708,70801,Control,BoSY,Grade 9,not proficient,42,42,100
500667,7,705,70528,Control,BoSY,Grade 9,not proficient,32,32,100
501071,11,1101,110101,Control,BoSY,Grade 9,not proficient,16,16,100
303046,7,705,70527,Control,BoSY,Grade 9,not proficient,79,79,100
325303,7,707,70701,Control,BoSY,Grade 9,not proficient,5,55,9.090909090909092
500208,7,703,70305,Control,BoSY,Grade 9,not proficient,13,14,92.85714285714286
312401,7,705,70525,Control,BoSY,Grade 9,not proficient,103,103,100
303136,7,706,70601,Control,BoSY,Grade 9,not proficient,54,54,100
312435,7,707,70701,Control,BoSY,Grade 9,not proficient,22,27,81.48148148148148
502186,11,1101,110101,Control,BoSY,Grade 9,not proficient,8,8,100
500782,7,708,70801,Control,BoSY,Grade 9,not proficient,191,191,100
306086,11,1106,110606,Control,BoSY,Grade 9,not proficient,15,15,100
305755,7,705,70529,Control,BoSY,Grade 9,not proficient,103,103,100
305665,11,1101,110101,Control,BoSY,Grade 9,not proficient,4,17,23.529411764705884
501635,7,703,70301,Control,BoSY,Grade 9,not proficient,52,52,100
305843,11,1110,111001,Control,BoSY,Grade 9,not proficient,38,38,100
500894,7,705,70517,Control,BoSY,Grade 9,not proficient,88,93,94.6236559139785
500671,7,705,70506,Control,BoSY,Grade 9,not proficient,25,25,100
305847,11,1105,110503,Control,BoSY,Grade 9,not proficient,31,31,100
500784,7,708,70801,Control,BoSY,Grade 9,not proficient,9,9,100
501267,7,705,70525,Control,BoSY,Grade 9,not proficient,22,22,100
306000,7,705,70525,Control,BoSY,Grade 9,not proficient,26,26,100
305517,11,1106,110608,Control,BoSY,Grade 9,not proficient,41,41,100
305713,7,710,71001,Control,BoSY,Grade 9,not proficient,0,27,0
500768,7,705,70521,Control,BoSY,Grade 9,not proficient,68,68,100
316303,11,1107,110701,Control,BoSY,Grade 9,not proficient,55,55,100
316304,11,1107,110701,Control,BoSY,Grade 9,not proficient,67,68,98.52941176470588
305506,11,1101,110101,Control,BoSY,Grade 9,not proficient,1,17,5.882352941176471
500421,7,705,70507,Control,BoSY,Grade 9,not proficient,77,77,100
305681,11,1110,111001,Control,BoSY,Grade 9,not proficient,165,167,98.80239520958084
303186,7,711,71101,Control,BoSY,Grade 9,not proficient,110,110,100
501429,7,714,71402,Control,BoSY,Grade 9,not proficient,55,57,96.49122807017544
305844,11,1103,110303,Control,BoSY,Grade 9,not proficient,47,47,100
305965,11,1110,111001,Control,BoSY,Grade 9,not proficient,65,65,100
501076,11,1103,110305,Control,BoSY,Grade 9,not proficient,12,12,100
305889,11,1101,110101,Control,BoSY,Grade 9,not proficient,7,42,16.666666666666668
501074,11,1103,110306,Control,BoSY,Grade 9,not proficient,26,26,100
312408,7,705,70530,Control,BoSY,Grade 9,not proficient,36,36,100
501351,7,705,70522,Control,BoSY,Grade 9,not proficient,2,50,4
501404,11,1101,110101,Control,BoSY,Grade 9,not proficient,26,27,96.29629629629629
305660,11,1101,110101,Control,BoSY,Grade 9,not proficient,36,37,97.29729729729729
303219,7,701,70101,Control,BoSY,Grade 9,not proficient,105,105,100
312450,7,705,70522,Control,BoSY,Grade 9,not proficient,7,73,9.58904109589041
324903,7,704,70401,Control,BoSY,Grade 9,not proficient,21,21,100
501065,11,1101,110101,Control,BoSY,Grade 9,not proficient,116,116,100
312451,7,705,70532,Control,BoSY,Grade 9,not proficient,26,46,56.52173913043478
501763,11,1103,110305,Control,BoSY,Grade 9,not proficient,22,24,91.66666666666667
316405,11,1110,111001,Control,BoSY,Grade 9,not proficient,78,90,86.66666666666667
316404,11,1110,111001,Control,BoSY,Grade 9,not proficient,54,54,100
316301,11,1107,110701,Control,BoSY,Grade 9,not proficient,134,138,97.10144927536231
312910,7,710,71001,Control,BoSY,Grade 9,not proficient,101,101,100
303011,7,705,70512,Control,BoSY,Grade 9,not proficient,32,32,100
305651,11,1101,110101,Control,BoSY,Grade 9,not proficient,0,29,0
305662,11,1101,110101,Control,BoSY,Grade 9,not proficient,37,37,100
305850,11,1105,110503,Control,BoSY,Grade 9,not proficient,29,29,100
312481,7,705,70518,Control,BoSY,Grade 9,not proficient,159,169,94.0828402366864
304409,11,1110,111001,Control,BoSY,Grade 9,not proficient,70,102,68.62745098039215
303246,7,713,71303,Control,BoSY,Grade 9,not proficient,88,95,92.63157894736842
501405,11,1101,110101,Control,BoSY,Grade 9,not proficient,37,38,97.36842105263158
305677,11,1105,110503,Control,BoSY,Grade 9,not proficient,50,51,98.03921568627452
500447,7,708,70801,Control,BoSY,Grade 9,not proficient,46,47,97.87234042553192
501305,7,708,70801,Control,BoSY,Grade 9,not proficient,28,28,100
305917,7,708,70801,Control,BoSY,Grade 9,not proficient,29,29,100
305722,7,703,70304,Control,BoSY,Grade 9,not proficient,52,52,100
312953,7,713,71306,Control,BoSY,Grade 9,not proficient,26,26,100
305498,11,1101,110101,Control,BoSY,Grade 9,not proficient,44,48,91.66666666666667
305669,11,1101,110101,Control,BoSY,Grade 9,not proficient,0,21,0
312960,7,710,71002,Control,BoSY,Grade 9,not proficient,75,76,98.6842105263158
309906,5,508,50811,Treatment,BoSY,Grade 9,low proficient,8,112,7.142857142857143
309934,5,508,50806,Treatment,BoSY,Grade 9,low proficient,0,35,0
301871,5,501,50107,Treatment,BoSY,Grade 9,low proficient,0,67,0
302134,5,508,50804,Treatment,BoSY,Grade 9,low proficient,0,130,0
302117,5,508,50803,Treatment,BoSY,Grade 9,low proficient,0,59,0
309909,5,508,50801,Treatment,BoSY,Grade 9,low proficient,2,91,2.197802197802198
309915,5,508,50801,Treatment,BoSY,Grade 9,low proficient,3,34,8.823529411764707
501544,5,508,50815,Treatment,BoSY,Grade 9,low proficient,0,71,0
301887,5,502,50205,Treatment,BoSY,Grade 9,low proficient,9,70,12.857142857142858
302175,5,508,50820,Treatment,BoSY,Grade 9,low proficient,4,125,3.2
302146,5,508,50812,Treatment,BoSY,Grade 9,low proficient,0,111,0
309921,5,508,50805,Treatment,BoSY,Grade 9,low proficient,0,70,0
302254,5,505,50501,Control,BoSY,Grade 9,low proficient,0,87,0
309513,5,501,50112,Control,BoSY,Grade 9,low proficient,0,85,0
500163,5,508,50801,Control,BoSY,Grade 9,low proficient,7,64,10.9375
302058,5,503,50333,Control,BoSY,Grade 9,low proficient,1,128,0.78125
302192,5,511,51103,Control,BoSY,Grade 9,low proficient,23,186,12.365591397849462
302227,5,511,51105,Control,BoSY,Grade 9,low proficient,0,53,0
302252,5,505,50501,Control,BoSY,Grade 9,low proficient,28,57,49.12280701754386
309914,5,508,50806,Control,BoSY,Grade 9,low proficient,2,170,1.1764705882352942
309711,5,503,50317,Control,BoSY,Grade 9,low proficient,2,50,4
301817,5,507,50701,Control,BoSY,Grade 9,low proficient,0,79,0
302165,5,508,50816,Control,BoSY,Grade 9,low proficient,1,59,1.694915254237288
301974,5,503,50311,Treatment,BoSY,Grade 9,low proficient,0,45,0
302256,5,505,50501,Control,BoSY,Grade 9,low proficient,2,92,2.1739130434782608
301834,5,501,50106,Control,BoSY,Grade 9,low proficient,2,138,1.4492753623188406
309760,5,503,50306,Control,BoSY,Grade 9,low proficient,4,49,8.16326530612245
309936,5,508,50819,Control,BoSY,Grade 9,low proficient,3,45,6.666666666666667
302203,5,511,51102,Control,BoSY,Grade 9,low proficient,0,34,0
302011,5,503,50314,Control,BoSY,Grade 9,low proficient,1,176,0.5681818181818182
500168,5,505,50501,Control,BoSY,Grade 9,low proficient,0,57,0
301947,5,503,50306,Control,BoSY,Grade 9,low proficient,20,290,6.896551724137931
309941,5,508,50812,Control,BoSY,Grade 9,low proficient,1,141,0.7092198581560284
301839,5,501,50111,Control,BoSY,Grade 9,low proficient,20,64,31.25
501843,5,508,50818,Treatment,BoSY,Grade 9,low proficient,7,37,18.91891891891892
302111,5,508,50801,Control,BoSY,Grade 9,low proficient,38,437,8.695652173913043
302133,5,509,50901,Control,BoSY,Grade 9,low proficient,68,149,45.63758389261745
301990,5,503,50317,Control,BoSY,Grade 9,low proficient,0,23,0
309937,5,508,50819,Control,BoSY,Grade 9,low proficient,0,50,0
302241,5,511,51105,Control,BoSY,Grade 9,low proficient,1,99,1.0101010101010102
500167,5,505,50501,Control,BoSY,Grade 9,low proficient,0,59,0
309764,5,503,50320,Control,BoSY,Grade 9,low proficient,0,32,0
302205,5,511,51106,Control,BoSY,Grade 9,low proficient,0,101,0
302014,5,503,50302,Control,BoSY,Grade 9,low proficient,30,124,24.193548387096776
309740,5,503,50315,Control,BoSY,Grade 9,low proficient,0,68,0
309741,5,503,50315,Control,BoSY,Grade 9,low proficient,0,83,0
302161,5,508,50803,Treatment,BoSY,Grade 9,low proficient,0,73,0
302113,5,508,50818,Treatment,BoSY,Grade 9,low proficient,0,59,0
302127,5,508,50817,Control,BoSY,Grade 9,low proficient,0,37,0
301899,5,502,50205,Control,BoSY,Grade 9,low proficient,0,111,0
309509,5,501,50113,Control,BoSY,Grade 9,low proficient,0,91,0
309903,5,508,50816,Control,BoSY,Grade 9,low proficient,16,81,19.753086419753085
301995,5,503,50310,Control,BoSY,Grade 9,low proficient,69,70,98.57142857142857
309702,5,503,50325,Control,BoSY,Grade 9,low proficient,0,195,0
501020,5,503,50310,Control,BoSY,Grade 9,low proficient,0,28,0
309743,5,503,50332,Control,BoSY,Grade 9,low proficient,1,86,1.1627906976744187
301816,5,501,50101,Control,BoSY,Grade 9,low proficient,0,111,0
302054,5,503,50315,Control,BoSY,Grade 9,low proficient,0,95,0
301862,5,507,50701,Control,BoSY,Grade 9,low proficient,1,191,0.5235602094240838
502477,5,501,50108,Control,BoSY,Grade 9,low proficient,0,23,0
302283,5,513,51301,Control,BoSY,Grade 9,low proficient,7,244,2.8688524590163933
301900,5,502,50206,Control,BoSY,Grade 9,low proficient,0,52,0
302123,5,508,50808,Control,BoSY,Grade 9,low proficient,0,77,0
309512,5,501,50110,Control,BoSY,Grade 9,low proficient,0,43,0
302284,5,513,51301,Control,BoSY,Grade 9,low proficient,1,151,0.6622516556291391
500034,5,508,50819,Control,BoSY,Grade 9,low proficient,0,31,0
302043,5,503,50305,Control,BoSY,Grade 9,low proficient,0,179,0
302182,5,511,51107,Control,BoSY,Grade 9,low proficient,3,87,3.4482758620689653
301986,5,503,50334,Control,BoSY,Grade 9,low proficient,1,178,0.5617977528089888
302109,5,508,50817,Control,BoSY,Grade 9,low proficient,2,206,0.970873786407767
302061,5,503,50311,Control,BoSY,Grade 9,low proficient,3,40,7.5
309931,5,508,50802,Control,BoSY,Grade 9,low proficient,0,65,0
301984,5,503,50331,Control,BoSY,Grade 9,low proficient,3,173,1.7341040462427746
302156,5,508,50803,Control,BoSY,Grade 9,low proficient,1,95,1.0526315789473684
309705,5,503,50330,Control,BoSY,Grade 9,low proficient,2,74,2.7027027027027026
500165,5,508,50804,Control,BoSY,Grade 9,low proficient,20,42,47.61904761904762
301930,5,503,50328,Control,BoSY,Grade 9,low proficient,0,73,0
302177,5,508,50806,Control,BoSY,Grade 9,low proficient,0,81,0
302282,5,513,51301,Control,BoSY,Grade 9,low proficient,0,0,NA
502615,5,508,50802,Control,BoSY,Grade 9,low proficient,0,12,0
302263,5,506,50601,Control,BoSY,Grade 9,low proficient,0,62,0
301826,5,501,50103,Control,BoSY,Grade 9,low proficient,1,12,8.333333333333334
305750,5,513,51301,Control,BoSY,Grade 9,low proficient,0,43,0
301870,5,501,50110,Control,BoSY,Grade 9,low proficient,6,67,8.955223880597014
302039,5,503,50316,Control,BoSY,Grade 9,low proficient,0,254,0
301868,5,501,50112,Control,BoSY,Grade 9,low proficient,106,176,60.22727272727273
301963,5,503,50316,Control,BoSY,Grade 9,low proficient,55,157,35.031847133757964
340567,15,1505,150501,Treatment,BoSY,Grade 9,low proficient,0,169,0
320606,15,1515,151502,Treatment,BoSY,Grade 9,low proficient,240,329,72.94832826747721
320202,15,1511,151101,Treatment,BoSY,Grade 9,low proficient,0,141,0
305310,15,1507,150703,Treatment,BoSY,Grade 9,low proficient,0,300,0
305418,15,1513,151301,Treatment,BoSY,Grade 9,low proficient,88,972,9.053497942386832
500565,15,1515,151502,Treatment,BoSY,Grade 9,low proficient,125,689,18.1422351233672
301258,4,413,41308,Treatment,BoSY,Grade 9,low proficient,16,387,4.134366925064599
301214,4,411,41101,Treatment,BoSY,Grade 9,low proficient,528,654,80.73394495412845
301497,4,414,41401,Treatment,BoSY,Grade 9,low proficient,11,328,3.3536585365853657
305411,15,1515,151502,Treatment,BoSY,Grade 9,low proficient,73,840,8.69047619047619
305420,15,1513,151301,Treatment,BoSY,Grade 9,low proficient,43,1131,3.801945181255526
301231,4,413,41302,Control,BoSY,Grade 9,low proficient,37,166,22.289156626506024
301188,4,402,40201,Control,BoSY,Grade 9,low proficient,0,615,0
307913,4,413,41309,Control,BoSY,Grade 9,low proficient,98,245,40
500566,15,1507,150710,Control,BoSY,Grade 9,low proficient,4,701,0.5706134094151213
305453,15,1510,151001,Control,BoSY,Grade 9,low proficient,17,769,2.210663198959688
305311,15,1507,150702,Control,BoSY,Grade 9,low proficient,2,277,0.7220216606498195
301425,4,401,40101,Control,BoSY,Grade 9,low proficient,6,809,0.7416563658838071
301202,4,408,40812,Control,BoSY,Grade 9,low proficient,57,299,19.06354515050167
305412,15,1515,151502,Control,BoSY,Grade 9,low proficient,52,1016,5.118110236220472
308105,4,417,41703,Control,BoSY,Grade 9,low proficient,276,691,39.94211287988423
305341,15,1514,151401,Control,BoSY,Grade 9,low proficient,103,1325,7.773584905660377
319604,15,1512,151201,Control,BoSY,Grade 9,low proficient,4,324,1.2345679012345678
305568,15,1516,151601,Control,BoSY,Grade 9,low proficient,2,328,0.6097560975609756
305434,15,1503,150301,Control,BoSY,Grade 9,low proficient,27,672,4.017857142857143
301464,4,417,41710,Control,BoSY,Grade 9,low proficient,63,514,12.256809338521402
305461,15,1515,151502,Control,BoSY,Grade 9,low proficient,9,266,3.3834586466165413
305384,15,1501,150101,Control,BoSY,Grade 9,low proficient,19,446,4.260089686098655
301143,4,421,42101,Control,BoSY,Grade 9,low proficient,8,733,1.0914051841746248
305340,15,1514,151401,Control,BoSY,Grade 9,low proficient,60,1089,5.509641873278237
305302,15,1507,150709,Treatment,BoSY,Grade 9,low proficient,2,1155,0.17316017316017315
308103,4,417,41712,Control,BoSY,Grade 9,low proficient,9,276,3.260869565217391
308130,4,417,41711,Control,BoSY,Grade 9,low proficient,2,133,1.5037593984962405
301227,4,420,42001,Control,BoSY,Grade 9,low proficient,12,1022,1.1741682974559686
305334,15,1514,151401,Control,BoSY,Grade 9,low proficient,12,567,2.1164021164021163
305367,15,1512,151201,Control,BoSY,Grade 9,low proficient,7,927,0.7551240560949298
305635,15,1514,151401,Control,BoSY,Grade 9,low proficient,8,401,1.9950124688279303
301218,4,408,40814,Control,BoSY,Grade 9,low proficient,35,1883,1.858736059479554
308501,4,415,41501,Control,BoSY,Grade 9,low proficient,2,500,0.4
500332,15,1506,150601,Control,BoSY,Grade 9,low proficient,8,333,2.4024024024024024
305471,15,1509,150901,Control,BoSY,Grade 9,low proficient,33,674,4.896142433234421
305376,15,1501,150101,Treatment,BoSY,Grade 9,low proficient,30,797,3.764115432873275
301432,4,417,41705,Control,BoSY,Grade 9,low proficient,5,477,1.0482180293501049
305459,15,1515,151502,Control,BoSY,Grade 9,low proficient,3,786,0.3816793893129771
305313,15,1507,150708,Control,BoSY,Grade 9,low proficient,1,508,0.1968503937007874
301186,4,410,41001,Control,BoSY,Grade 9,low proficient,203,1526,13.302752293577981
301184,4,410,41001,Control,BoSY,Grade 9,low proficient,9,926,0.9719222462203023
305295,15,1507,150710,Control,BoSY,Grade 9,low proficient,14,1230,1.1382113821138211
301416,4,422,42201,Control,BoSY,Grade 9,low proficient,0,135,0
305450,15,1505,150501,Treatment,BoSY,Grade 9,low proficient,4,364,1.098901098901099
301403,4,416,41606,Control,BoSY,Grade 9,low proficient,3,350,0.8571428571428571
301451,4,417,41708,Control,BoSY,Grade 9,low proficient,33,276,11.956521739130435
305338,15,1514,151401,Control,BoSY,Grade 9,low proficient,27,636,4.245283018867925
301257,4,413,41312,Control,BoSY,Grade 9,low proficient,45,1721,2.6147588611272514
305416,15,1513,151301,Control,BoSY,Grade 9,low proficient,91,846,10.756501182033096
305337,15,1514,151401,Control,BoSY,Grade 9,low proficient,1,1676,0.059665871121718374
305353,15,1514,151401,Control,BoSY,Grade 9,low proficient,1,394,0.25380710659898476
301197,4,408,40812,Control,BoSY,Grade 9,low proficient,183,358,51.11731843575419
301236,4,413,41308,Treatment,BoSY,Grade 9,low proficient,7,259,2.7027027027027026
305444,15,1516,151601,Control,BoSY,Grade 9,low proficient,10,302,3.3112582781456954
320306,15,1503,150301,Control,BoSY,Grade 9,low proficient,2,691,0.2894356005788712
301489,4,414,41401,Control,BoSY,Grade 9,low proficient,2,290,0.6896551724137931
301507,4,418,41801,Control,BoSY,Grade 9,low proficient,1,123,0.8130081300813008
301456,4,417,41710,Control,BoSY,Grade 9,low proficient,10,445,2.247191011235955
301238,4,413,41303,Control,BoSY,Grade 9,low proficient,32,452,7.079646017699115
305438,15,1516,151601,Control,BoSY,Grade 9,low proficient,8,891,0.8978675645342312
305324,15,1514,151401,Control,BoSY,Grade 9,low proficient,9,294,3.061224489795918
305454,15,1510,151001,Control,BoSY,Grade 9,low proficient,15,119,12.605042016806722
308122,4,417,41708,Control,BoSY,Grade 9,low proficient,8,154,5.194805194805195
301508,4,418,41801,Control,BoSY,Grade 9,low proficient,23,248,9.274193548387096
305465,15,1515,151502,Control,BoSY,Grade 9,low proficient,4,768,0.5208333333333334
305428,15,1511,151101,Control,BoSY,Grade 9,low proficient,0,357,0
301175,4,408,40807,Control,BoSY,Grade 9,low proficient,99,507,19.526627218934912
301437,4,417,41704,Control,BoSY,Grade 9,low proficient,31,920,3.369565217391304
320204,15,1511,151101,Control,BoSY,Grade 9,low proficient,2,554,0.36101083032490977
305447,15,1505,150501,Control,BoSY,Grade 9,low proficient,30,658,4.5592705167173255
301438,4,417,41704,Control,BoSY,Grade 9,low proficient,18,456,3.9473684210526314
308135,4,417,41708,Control,BoSY,Grade 9,low proficient,231,364,63.46153846153846
301418,4,401,40101,Control,BoSY,Grade 9,low proficient,5,2590,0.19305019305019305
305288,15,1507,150710,Control,BoSY,Grade 9,low proficient,6,666,0.9009009009009009
301265,4,413,41301,Control,BoSY,Grade 9,low proficient,2,348,0.5747126436781609
305442,15,1516,151601,Control,BoSY,Grade 9,low proficient,3,274,1.094890510948905
500339,15,1505,150501,Control,BoSY,Grade 9,low proficient,8,332,2.4096385542168677
305435,15,1503,150301,Control,BoSY,Grade 9,low proficient,13,337,3.857566765578635
308134,4,417,41708,Control,BoSY,Grade 9,low proficient,33,480,6.875
305452,15,1505,150501,Control,BoSY,Grade 9,low proficient,49,604,8.112582781456954
312330,7,703,70308,Treatment,BoSY,Grade 9,low proficient,0,57,0
305710,7,703,70302,Treatment,BoSY,Grade 9,low proficient,0,68,0
305655,11,1101,110101,Treatment,BoSY,Grade 9,low proficient,3,21,14.285714285714286
305581,7,703,70303,Treatment,BoSY,Grade 9,low proficient,3,31,9.67741935483871
303130,7,703,70309,Treatment,BoSY,Grade 9,low proficient,0,139,0
312354,7,703,70309,Treatment,BoSY,Grade 9,low proficient,0,22,0
305849,11,1105,110503,Treatment,BoSY,Grade 9,low proficient,0,25,0
305500,11,1101,110101,Treatment,BoSY,Grade 9,low proficient,0,20,0
312355,7,703,70304,Treatment,BoSY,Grade 9,low proficient,0,34,0
501903,11,1110,111001,Treatment,BoSY,Grade 9,low proficient,0,17,0
500665,7,705,70527,Control,BoSY,Grade 9,low proficient,0,62,0
312462,7,705,70520,Control,BoSY,Grade 9,low proficient,3,29,10.344827586206897
306038,11,1102,110202,Control,BoSY,Grade 9,low proficient,0,25,0
500221,7,705,70527,Control,BoSY,Grade 9,low proficient,2,20,10
500744,7,708,70801,Control,BoSY,Grade 9,low proficient,0,34,0
305884,11,1101,110101,Control,BoSY,Grade 9,low proficient,11,77,14.285714285714286
303170,7,709,70901,Control,BoSY,Grade 9,low proficient,0,33,0
500787,7,708,70801,Control,BoSY,Grade 9,low proficient,0,42,0
500667,7,705,70528,Control,BoSY,Grade 9,low proficient,0,32,0
501071,11,1101,110101,Control,BoSY,Grade 9,low proficient,0,16,0
303046,7,705,70527,Control,BoSY,Grade 9,low proficient,0,79,0
325303,7,707,70701,Control,BoSY,Grade 9,low proficient,45,55,81.81818181818181
500208,7,703,70305,Control,BoSY,Grade 9,low proficient,1,14,7.142857142857143
312401,7,705,70525,Control,BoSY,Grade 9,low proficient,0,103,0
303136,7,706,70601,Control,BoSY,Grade 9,low proficient,0,54,0
312435,7,707,70701,Control,BoSY,Grade 9,low proficient,5,27,18.51851851851852
502186,11,1101,110101,Control,BoSY,Grade 9,low proficient,0,8,0
500782,7,708,70801,Control,BoSY,Grade 9,low proficient,0,191,0
306086,11,1106,110606,Control,BoSY,Grade 9,low proficient,0,15,0
305755,7,705,70529,Control,BoSY,Grade 9,low proficient,0,103,0
305665,11,1101,110101,Control,BoSY,Grade 9,low proficient,8,17,47.05882352941177
501635,7,703,70301,Control,BoSY,Grade 9,low proficient,0,52,0
305843,11,1110,111001,Control,BoSY,Grade 9,low proficient,0,38,0
500894,7,705,70517,Control,BoSY,Grade 9,low proficient,5,93,5.376344086021505
500671,7,705,70506,Control,BoSY,Grade 9,low proficient,0,25,0
305847,11,1105,110503,Control,BoSY,Grade 9,low proficient,0,31,0
500784,7,708,70801,Control,BoSY,Grade 9,low proficient,0,9,0
501267,7,705,70525,Control,BoSY,Grade 9,low proficient,0,22,0
306000,7,705,70525,Control,BoSY,Grade 9,low proficient,0,26,0
305517,11,1106,110608,Control,BoSY,Grade 9,low proficient,0,41,0
305713,7,710,71001,Control,BoSY,Grade 9,low proficient,27,27,100
500768,7,705,70521,Control,BoSY,Grade 9,low proficient,0,68,0
316303,11,1107,110701,Control,BoSY,Grade 9,low proficient,0,55,0
316304,11,1107,110701,Control,BoSY,Grade 9,low proficient,1,68,1.4705882352941178
305506,11,1101,110101,Control,BoSY,Grade 9,low proficient,7,17,41.1764705882353
500421,7,705,70507,Control,BoSY,Grade 9,low proficient,0,77,0
305681,11,1110,111001,Control,BoSY,Grade 9,low proficient,2,167,1.1976047904191616
303186,7,711,71101,Control,BoSY,Grade 9,low proficient,0,110,0
501429,7,714,71402,Control,BoSY,Grade 9,low proficient,2,57,3.508771929824561
305844,11,1103,110303,Control,BoSY,Grade 9,low proficient,0,47,0
305965,11,1110,111001,Control,BoSY,Grade 9,low proficient,0,65,0
501076,11,1103,110305,Control,BoSY,Grade 9,low proficient,0,12,0
305889,11,1101,110101,Control,BoSY,Grade 9,low proficient,35,42,83.33333333333333
501074,11,1103,110306,Control,BoSY,Grade 9,low proficient,0,26,0
312408,7,705,70530,Control,BoSY,Grade 9,low proficient,0,36,0
501351,7,705,70522,Control,BoSY,Grade 9,low proficient,18,50,36
501404,11,1101,110101,Control,BoSY,Grade 9,low proficient,1,27,3.7037037037037037
305660,11,1101,110101,Control,BoSY,Grade 9,low proficient,1,37,2.7027027027027026
303219,7,701,70101,Control,BoSY,Grade 9,low proficient,0,105,0
312450,7,705,70522,Control,BoSY,Grade 9,low proficient,44,73,60.273972602739725
324903,7,704,70401,Control,BoSY,Grade 9,low proficient,0,21,0
501065,11,1101,110101,Control,BoSY,Grade 9,low proficient,0,116,0
312451,7,705,70532,Control,BoSY,Grade 9,low proficient,13,46,28.26086956521739
501763,11,1103,110305,Control,BoSY,Grade 9,low proficient,2,24,8.333333333333334
316405,11,1110,111001,Control,BoSY,Grade 9,low proficient,12,90,13.333333333333334
316404,11,1110,111001,Control,BoSY,Grade 9,low proficient,0,54,0
316301,11,1107,110701,Control,BoSY,Grade 9,low proficient,4,138,2.898550724637681
312910,7,710,71001,Control,BoSY,Grade 9,low proficient,0,101,0
303011,7,705,70512,Control,BoSY,Grade 9,low proficient,0,32,0
305651,11,1101,110101,Control,BoSY,Grade 9,low proficient,13,29,44.827586206896555
305662,11,1101,110101,Control,BoSY,Grade 9,low proficient,0,37,0
305850,11,1105,110503,Control,BoSY,Grade 9,low proficient,0,29,0
312481,7,705,70518,Control,BoSY,Grade 9,low proficient,10,169,5.9171597633136095
304409,11,1110,111001,Control,BoSY,Grade 9,low proficient,18,102,17.647058823529413
303246,7,713,71303,Control,BoSY,Grade 9,low proficient,7,95,7.368421052631579
501405,11,1101,110101,Control,BoSY,Grade 9,low proficient,1,38,2.6315789473684212
305677,11,1105,110503,Control,BoSY,Grade 9,low proficient,1,51,1.9607843137254901
500447,7,708,70801,Control,BoSY,Grade 9,low proficient,1,47,2.127659574468085
501305,7,708,70801,Control,BoSY,Grade 9,low proficient,0,28,0
305917,7,708,70801,Control,BoSY,Grade 9,low proficient,0,29,0
305722,7,703,70304,Control,BoSY,Grade 9,low proficient,0,52,0
312953,7,713,71306,Control,BoSY,Grade 9,low proficient,0,26,0
305498,11,1101,110101,Control,BoSY,Grade 9,low proficient,4,48,8.333333333333334
305669,11,1101,110101,Control,BoSY,Grade 9,low proficient,0,21,0
312960,7,710,71002,Control,BoSY,Grade 9,low proficient,1,76,1.3157894736842106
309906,5,508,50811,Treatment,BoSY,Grade 9,nearly proficient,0,112,0
309934,5,508,50806,Treatment,BoSY,Grade 9,nearly proficient,0,35,0
301871,5,501,50107,Treatment,BoSY,Grade 9,nearly proficient,0,67,0
302134,5,508,50804,Treatment,BoSY,Grade 9,nearly proficient,0,130,0
302117,5,508,50803,Treatment,BoSY,Grade 9,nearly proficient,0,59,0
309909,5,508,50801,Treatment,BoSY,Grade 9,nearly proficient,0,91,0
309915,5,508,50801,Treatment,BoSY,Grade 9,nearly proficient,0,34,0
501544,5,508,50815,Treatment,BoSY,Grade 9,nearly proficient,0,71,0
301887,5,502,50205,Treatment,BoSY,Grade 9,nearly proficient,0,70,0
302175,5,508,50820,Treatment,BoSY,Grade 9,nearly proficient,0,125,0
302146,5,508,50812,Treatment,BoSY,Grade 9,nearly proficient,0,111,0
309921,5,508,50805,Treatment,BoSY,Grade 9,nearly proficient,0,70,0
302254,5,505,50501,Control,BoSY,Grade 9,nearly proficient,0,87,0
309513,5,501,50112,Control,BoSY,Grade 9,nearly proficient,0,85,0
500163,5,508,50801,Control,BoSY,Grade 9,nearly proficient,0,64,0
302058,5,503,50333,Control,BoSY,Grade 9,nearly proficient,0,128,0
302192,5,511,51103,Control,BoSY,Grade 9,nearly proficient,0,186,0
302227,5,511,51105,Control,BoSY,Grade 9,nearly proficient,0,53,0
302252,5,505,50501,Control,BoSY,Grade 9,nearly proficient,0,57,0
309914,5,508,50806,Control,BoSY,Grade 9,nearly proficient,0,170,0
309711,5,503,50317,Control,BoSY,Grade 9,nearly proficient,0,50,0
301817,5,507,50701,Control,BoSY,Grade 9,nearly proficient,0,79,0
302165,5,508,50816,Control,BoSY,Grade 9,nearly proficient,0,59,0
301974,5,503,50311,Treatment,BoSY,Grade 9,nearly proficient,0,45,0
302256,5,505,50501,Control,BoSY,Grade 9,nearly proficient,0,92,0
301834,5,501,50106,Control,BoSY,Grade 9,nearly proficient,0,138,0
309760,5,503,50306,Control,BoSY,Grade 9,nearly proficient,0,49,0
309936,5,508,50819,Control,BoSY,Grade 9,nearly proficient,0,45,0
302203,5,511,51102,Control,BoSY,Grade 9,nearly proficient,0,34,0
302011,5,503,50314,Control,BoSY,Grade 9,nearly proficient,0,176,0
500168,5,505,50501,Control,BoSY,Grade 9,nearly proficient,0,57,0
301947,5,503,50306,Control,BoSY,Grade 9,nearly proficient,1,290,0.3448275862068966
309941,5,508,50812,Control,BoSY,Grade 9,nearly proficient,0,141,0
301839,5,501,50111,Control,BoSY,Grade 9,nearly proficient,11,64,17.1875
501843,5,508,50818,Treatment,BoSY,Grade 9,nearly proficient,0,37,0
302111,5,508,50801,Control,BoSY,Grade 9,nearly proficient,0,437,0
302133,5,509,50901,Control,BoSY,Grade 9,nearly proficient,0,149,0
301990,5,503,50317,Control,BoSY,Grade 9,nearly proficient,0,23,0
309937,5,508,50819,Control,BoSY,Grade 9,nearly proficient,0,50,0
302241,5,511,51105,Control,BoSY,Grade 9,nearly proficient,0,99,0
500167,5,505,50501,Control,BoSY,Grade 9,nearly proficient,0,59,0
309764,5,503,50320,Control,BoSY,Grade 9,nearly proficient,0,32,0
302205,5,511,51106,Control,BoSY,Grade 9,nearly proficient,0,101,0
302014,5,503,50302,Control,BoSY,Grade 9,nearly proficient,0,124,0
309740,5,503,50315,Control,BoSY,Grade 9,nearly proficient,0,68,0
309741,5,503,50315,Control,BoSY,Grade 9,nearly proficient,0,83,0
302161,5,508,50803,Treatment,BoSY,Grade 9,nearly proficient,0,73,0
302113,5,508,50818,Treatment,BoSY,Grade 9,nearly proficient,0,59,0
302127,5,508,50817,Control,BoSY,Grade 9,nearly proficient,0,37,0
301899,5,502,50205,Control,BoSY,Grade 9,nearly proficient,0,111,0
309509,5,501,50113,Control,BoSY,Grade 9,nearly proficient,0,91,0
309903,5,508,50816,Control,BoSY,Grade 9,nearly proficient,0,81,0
301995,5,503,50310,Control,BoSY,Grade 9,nearly proficient,1,70,1.4285714285714286
309702,5,503,50325,Control,BoSY,Grade 9,nearly proficient,0,195,0
501020,5,503,50310,Control,BoSY,Grade 9,nearly proficient,0,28,0
309743,5,503,50332,Control,BoSY,Grade 9,nearly proficient,0,86,0
301816,5,501,50101,Control,BoSY,Grade 9,nearly proficient,0,111,0
302054,5,503,50315,Control,BoSY,Grade 9,nearly proficient,0,95,0
301862,5,507,50701,Control,BoSY,Grade 9,nearly proficient,0,191,0
502477,5,501,50108,Control,BoSY,Grade 9,nearly proficient,0,23,0
302283,5,513,51301,Control,BoSY,Grade 9,nearly proficient,0,244,0
301900,5,502,50206,Control,BoSY,Grade 9,nearly proficient,0,52,0
302123,5,508,50808,Control,BoSY,Grade 9,nearly proficient,0,77,0
309512,5,501,50110,Control,BoSY,Grade 9,nearly proficient,0,43,0
302284,5,513,51301,Control,BoSY,Grade 9,nearly proficient,0,151,0
500034,5,508,50819,Control,BoSY,Grade 9,nearly proficient,0,31,0
302043,5,503,50305,Control,BoSY,Grade 9,nearly proficient,0,179,0
302182,5,511,51107,Control,BoSY,Grade 9,nearly proficient,0,87,0
301986,5,503,50334,Control,BoSY,Grade 9,nearly proficient,0,178,0
302109,5,508,50817,Control,BoSY,Grade 9,nearly proficient,0,206,0
302061,5,503,50311,Control,BoSY,Grade 9,nearly proficient,0,40,0
309931,5,508,50802,Control,BoSY,Grade 9,nearly proficient,0,65,0
301984,5,503,50331,Control,BoSY,Grade 9,nearly proficient,0,173,0
302156,5,508,50803,Control,BoSY,Grade 9,nearly proficient,0,95,0
309705,5,503,50330,Control,BoSY,Grade 9,nearly proficient,0,74,0
500165,5,508,50804,Control,BoSY,Grade 9,nearly proficient,7,42,16.666666666666668
301930,5,503,50328,Control,BoSY,Grade 9,nearly proficient,0,73,0
302177,5,508,50806,Control,BoSY,Grade 9,nearly proficient,0,81,0
302282,5,513,51301,Control,BoSY,Grade 9,nearly proficient,0,0,NA
502615,5,508,50802,Control,BoSY,Grade 9,nearly proficient,0,12,0
302263,5,506,50601,Control,BoSY,Grade 9,nearly proficient,0,62,0
301826,5,501,50103,Control,BoSY,Grade 9,nearly proficient,0,12,0
305750,5,513,51301,Control,BoSY,Grade 9,nearly proficient,0,43,0
301870,5,501,50110,Control,BoSY,Grade 9,nearly proficient,0,67,0
302039,5,503,50316,Control,BoSY,Grade 9,nearly proficient,0,254,0
301868,5,501,50112,Control,BoSY,Grade 9,nearly proficient,33,176,18.75
301963,5,503,50316,Control,BoSY,Grade 9,nearly proficient,0,157,0
340567,15,1505,150501,Treatment,BoSY,Grade 9,nearly proficient,0,169,0
320606,15,1515,151502,Treatment,BoSY,Grade 9,nearly proficient,0,329,0
320202,15,1511,151101,Treatment,BoSY,Grade 9,nearly proficient,0,141,0
305310,15,1507,150703,Treatment,BoSY,Grade 9,nearly proficient,0,300,0
305418,15,1513,151301,Treatment,BoSY,Grade 9,nearly proficient,4,972,0.411522633744856
500565,15,1515,151502,Treatment,BoSY,Grade 9,nearly proficient,479,689,69.5210449927431
301258,4,413,41308,Treatment,BoSY,Grade 9,nearly proficient,0,387,0
301214,4,411,41101,Treatment,BoSY,Grade 9,nearly proficient,44,654,6.72782874617737
301497,4,414,41401,Treatment,BoSY,Grade 9,nearly proficient,0,328,0
305411,15,1515,151502,Treatment,BoSY,Grade 9,nearly proficient,1,840,0.11904761904761904
305420,15,1513,151301,Treatment,BoSY,Grade 9,nearly proficient,1,1131,0.08841732979664015
301231,4,413,41302,Control,BoSY,Grade 9,nearly proficient,0,166,0
301188,4,402,40201,Control,BoSY,Grade 9,nearly proficient,0,615,0
307913,4,413,41309,Control,BoSY,Grade 9,nearly proficient,0,245,0
500566,15,1507,150710,Control,BoSY,Grade 9,nearly proficient,0,701,0
305453,15,1510,151001,Control,BoSY,Grade 9,nearly proficient,0,769,0
305311,15,1507,150702,Control,BoSY,Grade 9,nearly proficient,0,277,0
301425,4,401,40101,Control,BoSY,Grade 9,nearly proficient,0,809,0
301202,4,408,40812,Control,BoSY,Grade 9,nearly proficient,7,299,2.3411371237458196
305412,15,1515,151502,Control,BoSY,Grade 9,nearly proficient,0,1016,0
308105,4,417,41703,Control,BoSY,Grade 9,nearly proficient,0,691,0
305341,15,1514,151401,Control,BoSY,Grade 9,nearly proficient,1,1325,0.07547169811320754
319604,15,1512,151201,Control,BoSY,Grade 9,nearly proficient,0,324,0
305568,15,1516,151601,Control,BoSY,Grade 9,nearly proficient,0,328,0
305434,15,1503,150301,Control,BoSY,Grade 9,nearly proficient,0,672,0
301464,4,417,41710,Control,BoSY,Grade 9,nearly proficient,1,514,0.19455252918287938
305461,15,1515,151502,Control,BoSY,Grade 9,nearly proficient,4,266,1.5037593984962405
305384,15,1501,150101,Control,BoSY,Grade 9,nearly proficient,0,446,0
301143,4,421,42101,Control,BoSY,Grade 9,nearly proficient,0,733,0
305340,15,1514,151401,Control,BoSY,Grade 9,nearly proficient,3,1089,0.27548209366391185
305302,15,1507,150709,Treatment,BoSY,Grade 9,nearly proficient,0,1155,0
308103,4,417,41712,Control,BoSY,Grade 9,nearly proficient,0,276,0
308130,4,417,41711,Control,BoSY,Grade 9,nearly proficient,0,133,0
301227,4,420,42001,Control,BoSY,Grade 9,nearly proficient,0,1022,0
305334,15,1514,151401,Control,BoSY,Grade 9,nearly proficient,0,567,0
305367,15,1512,151201,Control,BoSY,Grade 9,nearly proficient,0,927,0
305635,15,1514,151401,Control,BoSY,Grade 9,nearly proficient,0,401,0
301218,4,408,40814,Control,BoSY,Grade 9,nearly proficient,8,1883,0.4248539564524695
308501,4,415,41501,Control,BoSY,Grade 9,nearly proficient,0,500,0
500332,15,1506,150601,Control,BoSY,Grade 9,nearly proficient,0,333,0
305471,15,1509,150901,Control,BoSY,Grade 9,nearly proficient,0,674,0
305376,15,1501,150101,Treatment,BoSY,Grade 9,nearly proficient,0,797,0
301432,4,417,41705,Control,BoSY,Grade 9,nearly proficient,0,477,0
305459,15,1515,151502,Control,BoSY,Grade 9,nearly proficient,0,786,0
305313,15,1507,150708,Control,BoSY,Grade 9,nearly proficient,0,508,0
301186,4,410,41001,Control,BoSY,Grade 9,nearly proficient,3,1526,0.1965923984272608
301184,4,410,41001,Control,BoSY,Grade 9,nearly proficient,0,926,0
305295,15,1507,150710,Control,BoSY,Grade 9,nearly proficient,0,1230,0
301416,4,422,42201,Control,BoSY,Grade 9,nearly proficient,0,135,0
305450,15,1505,150501,Treatment,BoSY,Grade 9,nearly proficient,0,364,0
301403,4,416,41606,Control,BoSY,Grade 9,nearly proficient,0,350,0
301451,4,417,41708,Control,BoSY,Grade 9,nearly proficient,0,276,0
305338,15,1514,151401,Control,BoSY,Grade 9,nearly proficient,0,636,0
301257,4,413,41312,Control,BoSY,Grade 9,nearly proficient,0,1721,0
305416,15,1513,151301,Control,BoSY,Grade 9,nearly proficient,3,846,0.3546099290780142
305337,15,1514,151401,Control,BoSY,Grade 9,nearly proficient,0,1676,0
305353,15,1514,151401,Control,BoSY,Grade 9,nearly proficient,0,394,0
301197,4,408,40812,Control,BoSY,Grade 9,nearly proficient,7,358,1.9553072625698324
301236,4,413,41308,Treatment,BoSY,Grade 9,nearly proficient,1,259,0.3861003861003861
305444,15,1516,151601,Control,BoSY,Grade 9,nearly proficient,0,302,0
320306,15,1503,150301,Control,BoSY,Grade 9,nearly proficient,0,691,0
301489,4,414,41401,Control,BoSY,Grade 9,nearly proficient,0,290,0
301507,4,418,41801,Control,BoSY,Grade 9,nearly proficient,0,123,0
301456,4,417,41710,Control,BoSY,Grade 9,nearly proficient,0,445,0
301238,4,413,41303,Control,BoSY,Grade 9,nearly proficient,0,452,0
305438,15,1516,151601,Control,BoSY,Grade 9,nearly proficient,0,891,0
305324,15,1514,151401,Control,BoSY,Grade 9,nearly proficient,0,294,0
305454,15,1510,151001,Control,BoSY,Grade 9,nearly proficient,0,119,0
308122,4,417,41708,Control,BoSY,Grade 9,nearly proficient,0,154,0
301508,4,418,41801,Control,BoSY,Grade 9,nearly proficient,6,248,2.4193548387096775
305465,15,1515,151502,Control,BoSY,Grade 9,nearly proficient,0,768,0
305428,15,1511,151101,Control,BoSY,Grade 9,nearly proficient,0,357,0
301175,4,408,40807,Control,BoSY,Grade 9,nearly proficient,0,507,0
301437,4,417,41704,Control,BoSY,Grade 9,nearly proficient,0,920,0
320204,15,1511,151101,Control,BoSY,Grade 9,nearly proficient,2,554,0.36101083032490977
305447,15,1505,150501,Control,BoSY,Grade 9,nearly proficient,0,658,0
301438,4,417,41704,Control,BoSY,Grade 9,nearly proficient,0,456,0
308135,4,417,41708,Control,BoSY,Grade 9,nearly proficient,0,364,0
301418,4,401,40101,Control,BoSY,Grade 9,nearly proficient,0,2590,0
305288,15,1507,150710,Control,BoSY,Grade 9,nearly proficient,0,666,0
301265,4,413,41301,Control,BoSY,Grade 9,nearly proficient,0,348,0
305442,15,1516,151601,Control,BoSY,Grade 9,nearly proficient,0,274,0
500339,15,1505,150501,Control,BoSY,Grade 9,nearly proficient,0,332,0
305435,15,1503,150301,Control,BoSY,Grade 9,nearly proficient,0,337,0
308134,4,417,41708,Control,BoSY,Grade 9,nearly proficient,0,480,0
305452,15,1505,150501,Control,BoSY,Grade 9,nearly proficient,0,604,0
312330,7,703,70308,Treatment,BoSY,Grade 9,nearly proficient,0,57,0
305710,7,703,70302,Treatment,BoSY,Grade 9,nearly proficient,0,68,0
305655,11,1101,110101,Treatment,BoSY,Grade 9,nearly proficient,4,21,19.047619047619047
305581,7,703,70303,Treatment,BoSY,Grade 9,nearly proficient,0,31,0
303130,7,703,70309,Treatment,BoSY,Grade 9,nearly proficient,0,139,0
312354,7,703,70309,Treatment,BoSY,Grade 9,nearly proficient,0,22,0
305849,11,1105,110503,Treatment,BoSY,Grade 9,nearly proficient,0,25,0
305500,11,1101,110101,Treatment,BoSY,Grade 9,nearly proficient,0,20,0
312355,7,703,70304,Treatment,BoSY,Grade 9,nearly proficient,0,34,0
501903,11,1110,111001,Treatment,BoSY,Grade 9,nearly proficient,0,17,0
500665,7,705,70527,Control,BoSY,Grade 9,nearly proficient,0,62,0
312462,7,705,70520,Control,BoSY,Grade 9,nearly proficient,0,29,0
306038,11,1102,110202,Control,BoSY,Grade 9,nearly proficient,0,25,0
500221,7,705,70527,Control,BoSY,Grade 9,nearly proficient,0,20,0
500744,7,708,70801,Control,BoSY,Grade 9,nearly proficient,0,34,0
305884,11,1101,110101,Control,BoSY,Grade 9,nearly proficient,64,77,83.11688311688312
303170,7,709,70901,Control,BoSY,Grade 9,nearly proficient,0,33,0
500787,7,708,70801,Control,BoSY,Grade 9,nearly proficient,0,42,0
500667,7,705,70528,Control,BoSY,Grade 9,nearly proficient,0,32,0
501071,11,1101,110101,Control,BoSY,Grade 9,nearly proficient,0,16,0
303046,7,705,70527,Control,BoSY,Grade 9,nearly proficient,0,79,0
325303,7,707,70701,Control,BoSY,Grade 9,nearly proficient,5,55,9.090909090909092
500208,7,703,70305,Control,BoSY,Grade 9,nearly proficient,0,14,0
312401,7,705,70525,Control,BoSY,Grade 9,nearly proficient,0,103,0
303136,7,706,70601,Control,BoSY,Grade 9,nearly proficient,0,54,0
312435,7,707,70701,Control,BoSY,Grade 9,nearly proficient,0,27,0
502186,11,1101,110101,Control,BoSY,Grade 9,nearly proficient,0,8,0
500782,7,708,70801,Control,BoSY,Grade 9,nearly proficient,0,191,0
306086,11,1106,110606,Control,BoSY,Grade 9,nearly proficient,0,15,0
305755,7,705,70529,Control,BoSY,Grade 9,nearly proficient,0,103,0
305665,11,1101,110101,Control,BoSY,Grade 9,nearly proficient,5,17,29.41176470588235
501635,7,703,70301,Control,BoSY,Grade 9,nearly proficient,0,52,0
305843,11,1110,111001,Control,BoSY,Grade 9,nearly proficient,0,38,0
500894,7,705,70517,Control,BoSY,Grade 9,nearly proficient,0,93,0
500671,7,705,70506,Control,BoSY,Grade 9,nearly proficient,0,25,0
305847,11,1105,110503,Control,BoSY,Grade 9,nearly proficient,0,31,0
500784,7,708,70801,Control,BoSY,Grade 9,nearly proficient,0,9,0
501267,7,705,70525,Control,BoSY,Grade 9,nearly proficient,0,22,0
306000,7,705,70525,Control,BoSY,Grade 9,nearly proficient,0,26,0
305517,11,1106,110608,Control,BoSY,Grade 9,nearly proficient,0,41,0
305713,7,710,71001,Control,BoSY,Grade 9,nearly proficient,0,27,0
500768,7,705,70521,Control,BoSY,Grade 9,nearly proficient,0,68,0
316303,11,1107,110701,Control,BoSY,Grade 9,nearly proficient,0,55,0
316304,11,1107,110701,Control,BoSY,Grade 9,nearly proficient,0,68,0
305506,11,1101,110101,Control,BoSY,Grade 9,nearly proficient,8,17,47.05882352941177
500421,7,705,70507,Control,BoSY,Grade 9,nearly proficient,0,77,0
305681,11,1110,111001,Control,BoSY,Grade 9,nearly proficient,0,167,0
303186,7,711,71101,Control,BoSY,Grade 9,nearly proficient,0,110,0
501429,7,714,71402,Control,BoSY,Grade 9,nearly proficient,0,57,0
305844,11,1103,110303,Control,BoSY,Grade 9,nearly proficient,0,47,0
305965,11,1110,111001,Control,BoSY,Grade 9,nearly proficient,0,65,0
501076,11,1103,110305,Control,BoSY,Grade 9,nearly proficient,0,12,0
305889,11,1101,110101,Control,BoSY,Grade 9,nearly proficient,0,42,0
501074,11,1103,110306,Control,BoSY,Grade 9,nearly proficient,0,26,0
312408,7,705,70530,Control,BoSY,Grade 9,nearly proficient,0,36,0
501351,7,705,70522,Control,BoSY,Grade 9,nearly proficient,15,50,30
501404,11,1101,110101,Control,BoSY,Grade 9,nearly proficient,0,27,0
305660,11,1101,110101,Control,BoSY,Grade 9,nearly proficient,0,37,0
303219,7,701,70101,Control,BoSY,Grade 9,nearly proficient,0,105,0
312450,7,705,70522,Control,BoSY,Grade 9,nearly proficient,13,73,17.80821917808219
324903,7,704,70401,Control,BoSY,Grade 9,nearly proficient,0,21,0
501065,11,1101,110101,Control,BoSY,Grade 9,nearly proficient,0,116,0
312451,7,705,70532,Control,BoSY,Grade 9,nearly proficient,7,46,15.217391304347826
501763,11,1103,110305,Control,BoSY,Grade 9,nearly proficient,0,24,0
316405,11,1110,111001,Control,BoSY,Grade 9,nearly proficient,0,90,0
316404,11,1110,111001,Control,BoSY,Grade 9,nearly proficient,0,54,0
316301,11,1107,110701,Control,BoSY,Grade 9,nearly proficient,0,138,0
312910,7,710,71001,Control,BoSY,Grade 9,nearly proficient,0,101,0
303011,7,705,70512,Control,BoSY,Grade 9,nearly proficient,0,32,0
305651,11,1101,110101,Control,BoSY,Grade 9,nearly proficient,16,29,55.172413793103445
305662,11,1101,110101,Control,BoSY,Grade 9,nearly proficient,0,37,0
305850,11,1105,110503,Control,BoSY,Grade 9,nearly proficient,0,29,0
312481,7,705,70518,Control,BoSY,Grade 9,nearly proficient,0,169,0
304409,11,1110,111001,Control,BoSY,Grade 9,nearly proficient,14,102,13.72549019607843
303246,7,713,71303,Control,BoSY,Grade 9,nearly proficient,0,95,0
501405,11,1101,110101,Control,BoSY,Grade 9,nearly proficient,0,38,0
305677,11,1105,110503,Control,BoSY,Grade 9,nearly proficient,0,51,0
500447,7,708,70801,Control,BoSY,Grade 9,nearly proficient,0,47,0
501305,7,708,70801,Control,BoSY,Grade 9,nearly proficient,0,28,0
305917,7,708,70801,Control,BoSY,Grade 9,nearly proficient,0,29,0
305722,7,703,70304,Control,BoSY,Grade 9,nearly proficient,0,52,0
312953,7,713,71306,Control,BoSY,Grade 9,nearly proficient,0,26,0
305498,11,1101,110101,Control,BoSY,Grade 9,nearly proficient,0,48,0
305669,11,1101,110101,Control,BoSY,Grade 9,nearly proficient,18,21,85.71428571428571
312960,7,710,71002,Control,BoSY,Grade 9,nearly proficient,0,76,0
309906,5,508,50811,Treatment,BoSY,Grade 9,proficient,0,112,0
309934,5,508,50806,Treatment,BoSY,Grade 9,proficient,0,35,0
301871,5,501,50107,Treatment,BoSY,Grade 9,proficient,0,67,0
302134,5,508,50804,Treatment,BoSY,Grade 9,proficient,0,130,0
302117,5,508,50803,Treatment,BoSY,Grade 9,proficient,0,59,0
309909,5,508,50801,Treatment,BoSY,Grade 9,proficient,0,91,0
309915,5,508,50801,Treatment,BoSY,Grade 9,proficient,0,34,0
501544,5,508,50815,Treatment,BoSY,Grade 9,proficient,0,71,0
301887,5,502,50205,Treatment,BoSY,Grade 9,proficient,0,70,0
302175,5,508,50820,Treatment,BoSY,Grade 9,proficient,0,125,0
302146,5,508,50812,Treatment,BoSY,Grade 9,proficient,0,111,0
309921,5,508,50805,Treatment,BoSY,Grade 9,proficient,0,70,0
302254,5,505,50501,Control,BoSY,Grade 9,proficient,0,87,0
309513,5,501,50112,Control,BoSY,Grade 9,proficient,0,85,0
500163,5,508,50801,Control,BoSY,Grade 9,proficient,0,64,0
302058,5,503,50333,Control,BoSY,Grade 9,proficient,0,128,0
302192,5,511,51103,Control,BoSY,Grade 9,proficient,0,186,0
302227,5,511,51105,Control,BoSY,Grade 9,proficient,0,53,0
302252,5,505,50501,Control,BoSY,Grade 9,proficient,0,57,0
309914,5,508,50806,Control,BoSY,Grade 9,proficient,0,170,0
309711,5,503,50317,Control,BoSY,Grade 9,proficient,0,50,0
301817,5,507,50701,Control,BoSY,Grade 9,proficient,0,79,0
302165,5,508,50816,Control,BoSY,Grade 9,proficient,0,59,0
301974,5,503,50311,Treatment,BoSY,Grade 9,proficient,0,45,0
302256,5,505,50501,Control,BoSY,Grade 9,proficient,0,92,0
301834,5,501,50106,Control,BoSY,Grade 9,proficient,0,138,0
309760,5,503,50306,Control,BoSY,Grade 9,proficient,0,49,0
309936,5,508,50819,Control,BoSY,Grade 9,proficient,0,45,0
302203,5,511,51102,Control,BoSY,Grade 9,proficient,0,34,0
302011,5,503,50314,Control,BoSY,Grade 9,proficient,0,176,0
500168,5,505,50501,Control,BoSY,Grade 9,proficient,0,57,0
301947,5,503,50306,Control,BoSY,Grade 9,proficient,0,290,0
309941,5,508,50812,Control,BoSY,Grade 9,proficient,0,141,0
301839,5,501,50111,Control,BoSY,Grade 9,proficient,0,64,0
501843,5,508,50818,Treatment,BoSY,Grade 9,proficient,0,37,0
302111,5,508,50801,Control,BoSY,Grade 9,proficient,0,437,0
302133,5,509,50901,Control,BoSY,Grade 9,proficient,0,149,0
301990,5,503,50317,Control,BoSY,Grade 9,proficient,0,23,0
309937,5,508,50819,Control,BoSY,Grade 9,proficient,0,50,0
302241,5,511,51105,Control,BoSY,Grade 9,proficient,0,99,0
500167,5,505,50501,Control,BoSY,Grade 9,proficient,0,59,0
309764,5,503,50320,Control,BoSY,Grade 9,proficient,0,32,0
302205,5,511,51106,Control,BoSY,Grade 9,proficient,0,101,0
302014,5,503,50302,Control,BoSY,Grade 9,proficient,0,124,0
309740,5,503,50315,Control,BoSY,Grade 9,proficient,0,68,0
309741,5,503,50315,Control,BoSY,Grade 9,proficient,0,83,0
302161,5,508,50803,Treatment,BoSY,Grade 9,proficient,0,73,0
302113,5,508,50818,Treatment,BoSY,Grade 9,proficient,0,59,0
302127,5,508,50817,Control,BoSY,Grade 9,proficient,0,37,0
301899,5,502,50205,Control,BoSY,Grade 9,proficient,0,111,0
309509,5,501,50113,Control,BoSY,Grade 9,proficient,0,91,0
309903,5,508,50816,Control,BoSY,Grade 9,proficient,0,81,0
301995,5,503,50310,Control,BoSY,Grade 9,proficient,0,70,0
309702,5,503,50325,Control,BoSY,Grade 9,proficient,0,195,0
501020,5,503,50310,Control,BoSY,Grade 9,proficient,0,28,0
309743,5,503,50332,Control,BoSY,Grade 9,proficient,0,86,0
301816,5,501,50101,Control,BoSY,Grade 9,proficient,0,111,0
302054,5,503,50315,Control,BoSY,Grade 9,proficient,0,95,0
301862,5,507,50701,Control,BoSY,Grade 9,proficient,0,191,0
502477,5,501,50108,Control,BoSY,Grade 9,proficient,0,23,0
302283,5,513,51301,Control,BoSY,Grade 9,proficient,0,244,0
301900,5,502,50206,Control,BoSY,Grade 9,proficient,0,52,0
302123,5,508,50808,Control,BoSY,Grade 9,proficient,0,77,0
309512,5,501,50110,Control,BoSY,Grade 9,proficient,0,43,0
302284,5,513,51301,Control,BoSY,Grade 9,proficient,0,151,0
500034,5,508,50819,Control,BoSY,Grade 9,proficient,0,31,0
302043,5,503,50305,Control,BoSY,Grade 9,proficient,0,179,0
302182,5,511,51107,Control,BoSY,Grade 9,proficient,0,87,0
301986,5,503,50334,Control,BoSY,Grade 9,proficient,0,178,0
302109,5,508,50817,Control,BoSY,Grade 9,proficient,0,206,0
302061,5,503,50311,Control,BoSY,Grade 9,proficient,0,40,0
309931,5,508,50802,Control,BoSY,Grade 9,proficient,0,65,0
301984,5,503,50331,Control,BoSY,Grade 9,proficient,0,173,0
302156,5,508,50803,Control,BoSY,Grade 9,proficient,0,95,0
309705,5,503,50330,Control,BoSY,Grade 9,proficient,0,74,0
500165,5,508,50804,Control,BoSY,Grade 9,proficient,0,42,0
301930,5,503,50328,Control,BoSY,Grade 9,proficient,0,73,0
302177,5,508,50806,Control,BoSY,Grade 9,proficient,0,81,0
302282,5,513,51301,Control,BoSY,Grade 9,proficient,0,0,NA
502615,5,508,50802,Control,BoSY,Grade 9,proficient,0,12,0
302263,5,506,50601,Control,BoSY,Grade 9,proficient,0,62,0
301826,5,501,50103,Control,BoSY,Grade 9,proficient,0,12,0
305750,5,513,51301,Control,BoSY,Grade 9,proficient,0,43,0
301870,5,501,50110,Control,BoSY,Grade 9,proficient,0,67,0
302039,5,503,50316,Control,BoSY,Grade 9,proficient,0,254,0
301868,5,501,50112,Control,BoSY,Grade 9,proficient,0,176,0
301963,5,503,50316,Control,BoSY,Grade 9,proficient,0,157,0
340567,15,1505,150501,Treatment,BoSY,Grade 9,proficient,0,169,0
320606,15,1515,151502,Treatment,BoSY,Grade 9,proficient,0,329,0
320202,15,1511,151101,Treatment,BoSY,Grade 9,proficient,0,141,0
305310,15,1507,150703,Treatment,BoSY,Grade 9,proficient,0,300,0
305418,15,1513,151301,Treatment,BoSY,Grade 9,proficient,1,972,0.102880658436214
500565,15,1515,151502,Treatment,BoSY,Grade 9,proficient,6,689,0.8708272859216255
301258,4,413,41308,Treatment,BoSY,Grade 9,proficient,0,387,0
301214,4,411,41101,Treatment,BoSY,Grade 9,proficient,54,654,8.256880733944953
301497,4,414,41401,Treatment,BoSY,Grade 9,proficient,0,328,0
305411,15,1515,151502,Treatment,BoSY,Grade 9,proficient,0,840,0
305420,15,1513,151301,Treatment,BoSY,Grade 9,proficient,0,1131,0
301231,4,413,41302,Control,BoSY,Grade 9,proficient,0,166,0
301188,4,402,40201,Control,BoSY,Grade 9,proficient,0,615,0
307913,4,413,41309,Control,BoSY,Grade 9,proficient,0,245,0
500566,15,1507,150710,Control,BoSY,Grade 9,proficient,0,701,0
305453,15,1510,151001,Control,BoSY,Grade 9,proficient,0,769,0
305311,15,1507,150702,Control,BoSY,Grade 9,proficient,0,277,0
301425,4,401,40101,Control,BoSY,Grade 9,proficient,0,809,0
301202,4,408,40812,Control,BoSY,Grade 9,proficient,0,299,0
305412,15,1515,151502,Control,BoSY,Grade 9,proficient,0,1016,0
308105,4,417,41703,Control,BoSY,Grade 9,proficient,0,691,0
305341,15,1514,151401,Control,BoSY,Grade 9,proficient,1,1325,0.07547169811320754
319604,15,1512,151201,Control,BoSY,Grade 9,proficient,0,324,0
305568,15,1516,151601,Control,BoSY,Grade 9,proficient,0,328,0
305434,15,1503,150301,Control,BoSY,Grade 9,proficient,0,672,0
301464,4,417,41710,Control,BoSY,Grade 9,proficient,0,514,0
305461,15,1515,151502,Control,BoSY,Grade 9,proficient,1,266,0.37593984962406013
305384,15,1501,150101,Control,BoSY,Grade 9,proficient,0,446,0
301143,4,421,42101,Control,BoSY,Grade 9,proficient,0,733,0
305340,15,1514,151401,Control,BoSY,Grade 9,proficient,0,1089,0
305302,15,1507,150709,Treatment,BoSY,Grade 9,proficient,0,1155,0
308103,4,417,41712,Control,BoSY,Grade 9,proficient,0,276,0
308130,4,417,41711,Control,BoSY,Grade 9,proficient,0,133,0
301227,4,420,42001,Control,BoSY,Grade 9,proficient,0,1022,0
305334,15,1514,151401,Control,BoSY,Grade 9,proficient,0,567,0
305367,15,1512,151201,Control,BoSY,Grade 9,proficient,0,927,0
305635,15,1514,151401,Control,BoSY,Grade 9,proficient,0,401,0
301218,4,408,40814,Control,BoSY,Grade 9,proficient,0,1883,0
308501,4,415,41501,Control,BoSY,Grade 9,proficient,0,500,0
500332,15,1506,150601,Control,BoSY,Grade 9,proficient,0,333,0
305471,15,1509,150901,Control,BoSY,Grade 9,proficient,0,674,0
305376,15,1501,150101,Treatment,BoSY,Grade 9,proficient,0,797,0
301432,4,417,41705,Control,BoSY,Grade 9,proficient,0,477,0
305459,15,1515,151502,Control,BoSY,Grade 9,proficient,0,786,0
305313,15,1507,150708,Control,BoSY,Grade 9,proficient,0,508,0
301186,4,410,41001,Control,BoSY,Grade 9,proficient,0,1526,0
301184,4,410,41001,Control,BoSY,Grade 9,proficient,0,926,0
305295,15,1507,150710,Control,BoSY,Grade 9,proficient,0,1230,0
301416,4,422,42201,Control,BoSY,Grade 9,proficient,0,135,0
305450,15,1505,150501,Treatment,BoSY,Grade 9,proficient,0,364,0
301403,4,416,41606,Control,BoSY,Grade 9,proficient,0,350,0
301451,4,417,41708,Control,BoSY,Grade 9,proficient,0,276,0
305338,15,1514,151401,Control,BoSY,Grade 9,proficient,0,636,0
301257,4,413,41312,Control,BoSY,Grade 9,proficient,0,1721,0
305416,15,1513,151301,Control,BoSY,Grade 9,proficient,4,846,0.4728132387706856
305337,15,1514,151401,Control,BoSY,Grade 9,proficient,0,1676,0
305353,15,1514,151401,Control,BoSY,Grade 9,proficient,0,394,0
301197,4,408,40812,Control,BoSY,Grade 9,proficient,2,358,0.5586592178770949
301236,4,413,41308,Treatment,BoSY,Grade 9,proficient,1,259,0.3861003861003861
305444,15,1516,151601,Control,BoSY,Grade 9,proficient,0,302,0
320306,15,1503,150301,Control,BoSY,Grade 9,proficient,0,691,0
301489,4,414,41401,Control,BoSY,Grade 9,proficient,0,290,0
301507,4,418,41801,Control,BoSY,Grade 9,proficient,0,123,0
301456,4,417,41710,Control,BoSY,Grade 9,proficient,0,445,0
301238,4,413,41303,Control,BoSY,Grade 9,proficient,0,452,0
305438,15,1516,151601,Control,BoSY,Grade 9,proficient,0,891,0
305324,15,1514,151401,Control,BoSY,Grade 9,proficient,0,294,0
305454,15,1510,151001,Control,BoSY,Grade 9,proficient,0,119,0
308122,4,417,41708,Control,BoSY,Grade 9,proficient,0,154,0
301508,4,418,41801,Control,BoSY,Grade 9,proficient,8,248,3.225806451612903
305465,15,1515,151502,Control,BoSY,Grade 9,proficient,0,768,0
305428,15,1511,151101,Control,BoSY,Grade 9,proficient,0,357,0
301175,4,408,40807,Control,BoSY,Grade 9,proficient,0,507,0
301437,4,417,41704,Control,BoSY,Grade 9,proficient,0,920,0
320204,15,1511,151101,Control,BoSY,Grade 9,proficient,0,554,0
305447,15,1505,150501,Control,BoSY,Grade 9,proficient,0,658,0
301438,4,417,41704,Control,BoSY,Grade 9,proficient,0,456,0
308135,4,417,41708,Control,BoSY,Grade 9,proficient,0,364,0
301418,4,401,40101,Control,BoSY,Grade 9,proficient,0,2590,0
305288,15,1507,150710,Control,BoSY,Grade 9,proficient,0,666,0
301265,4,413,41301,Control,BoSY,Grade 9,proficient,0,348,0
305442,15,1516,151601,Control,BoSY,Grade 9,proficient,0,274,0
500339,15,1505,150501,Control,BoSY,Grade 9,proficient,0,332,0
305435,15,1503,150301,Control,BoSY,Grade 9,proficient,0,337,0
308134,4,417,41708,Control,BoSY,Grade 9,proficient,0,480,0
305452,15,1505,150501,Control,BoSY,Grade 9,proficient,0,604,0
312330,7,703,70308,Treatment,BoSY,Grade 9,proficient,0,57,0
305710,7,703,70302,Treatment,BoSY,Grade 9,proficient,0,68,0
305655,11,1101,110101,Treatment,BoSY,Grade 9,proficient,0,21,0
305581,7,703,70303,Treatment,BoSY,Grade 9,proficient,0,31,0
303130,7,703,70309,Treatment,BoSY,Grade 9,proficient,0,139,0
312354,7,703,70309,Treatment,BoSY,Grade 9,proficient,0,22,0
305849,11,1105,110503,Treatment,BoSY,Grade 9,proficient,0,25,0
305500,11,1101,110101,Treatment,BoSY,Grade 9,proficient,0,20,0
312355,7,703,70304,Treatment,BoSY,Grade 9,proficient,0,34,0
501903,11,1110,111001,Treatment,BoSY,Grade 9,proficient,0,17,0
500665,7,705,70527,Control,BoSY,Grade 9,proficient,0,62,0
312462,7,705,70520,Control,BoSY,Grade 9,proficient,0,29,0
306038,11,1102,110202,Control,BoSY,Grade 9,proficient,0,25,0
500221,7,705,70527,Control,BoSY,Grade 9,proficient,0,20,0
500744,7,708,70801,Control,BoSY,Grade 9,proficient,0,34,0
305884,11,1101,110101,Control,BoSY,Grade 9,proficient,2,77,2.5974025974025974
303170,7,709,70901,Control,BoSY,Grade 9,proficient,0,33,0
500787,7,708,70801,Control,BoSY,Grade 9,proficient,0,42,0
500667,7,705,70528,Control,BoSY,Grade 9,proficient,0,32,0
501071,11,1101,110101,Control,BoSY,Grade 9,proficient,0,16,0
303046,7,705,70527,Control,BoSY,Grade 9,proficient,0,79,0
325303,7,707,70701,Control,BoSY,Grade 9,proficient,0,55,0
500208,7,703,70305,Control,BoSY,Grade 9,proficient,0,14,0
312401,7,705,70525,Control,BoSY,Grade 9,proficient,0,103,0
303136,7,706,70601,Control,BoSY,Grade 9,proficient,0,54,0
312435,7,707,70701,Control,BoSY,Grade 9,proficient,0,27,0
502186,11,1101,110101,Control,BoSY,Grade 9,proficient,0,8,0
500782,7,708,70801,Control,BoSY,Grade 9,proficient,0,191,0
306086,11,1106,110606,Control,BoSY,Grade 9,proficient,0,15,0
305755,7,705,70529,Control,BoSY,Grade 9,proficient,0,103,0
305665,11,1101,110101,Control,BoSY,Grade 9,proficient,0,17,0
501635,7,703,70301,Control,BoSY,Grade 9,proficient,0,52,0
305843,11,1110,111001,Control,BoSY,Grade 9,proficient,0,38,0
500894,7,705,70517,Control,BoSY,Grade 9,proficient,0,93,0
500671,7,705,70506,Control,BoSY,Grade 9,proficient,0,25,0
305847,11,1105,110503,Control,BoSY,Grade 9,proficient,0,31,0
500784,7,708,70801,Control,BoSY,Grade 9,proficient,0,9,0
501267,7,705,70525,Control,BoSY,Grade 9,proficient,0,22,0
306000,7,705,70525,Control,BoSY,Grade 9,proficient,0,26,0
305517,11,1106,110608,Control,BoSY,Grade 9,proficient,0,41,0
305713,7,710,71001,Control,BoSY,Grade 9,proficient,0,27,0
500768,7,705,70521,Control,BoSY,Grade 9,proficient,0,68,0
316303,11,1107,110701,Control,BoSY,Grade 9,proficient,0,55,0
316304,11,1107,110701,Control,BoSY,Grade 9,proficient,0,68,0
305506,11,1101,110101,Control,BoSY,Grade 9,proficient,1,17,5.882352941176471
500421,7,705,70507,Control,BoSY,Grade 9,proficient,0,77,0
305681,11,1110,111001,Control,BoSY,Grade 9,proficient,0,167,0
303186,7,711,71101,Control,BoSY,Grade 9,proficient,0,110,0
501429,7,714,71402,Control,BoSY,Grade 9,proficient,0,57,0
305844,11,1103,110303,Control,BoSY,Grade 9,proficient,0,47,0
305965,11,1110,111001,Control,BoSY,Grade 9,proficient,0,65,0
501076,11,1103,110305,Control,BoSY,Grade 9,proficient,0,12,0
305889,11,1101,110101,Control,BoSY,Grade 9,proficient,0,42,0
501074,11,1103,110306,Control,BoSY,Grade 9,proficient,0,26,0
312408,7,705,70530,Control,BoSY,Grade 9,proficient,0,36,0
501351,7,705,70522,Control,BoSY,Grade 9,proficient,9,50,18
501404,11,1101,110101,Control,BoSY,Grade 9,proficient,0,27,0
305660,11,1101,110101,Control,BoSY,Grade 9,proficient,0,37,0
303219,7,701,70101,Control,BoSY,Grade 9,proficient,0,105,0
312450,7,705,70522,Control,BoSY,Grade 9,proficient,9,73,12.32876712328767
324903,7,704,70401,Control,BoSY,Grade 9,proficient,0,21,0
501065,11,1101,110101,Control,BoSY,Grade 9,proficient,0,116,0
312451,7,705,70532,Control,BoSY,Grade 9,proficient,0,46,0
501763,11,1103,110305,Control,BoSY,Grade 9,proficient,0,24,0
316405,11,1110,111001,Control,BoSY,Grade 9,proficient,0,90,0
316404,11,1110,111001,Control,BoSY,Grade 9,proficient,0,54,0
316301,11,1107,110701,Control,BoSY,Grade 9,proficient,0,138,0
312910,7,710,71001,Control,BoSY,Grade 9,proficient,0,101,0
303011,7,705,70512,Control,BoSY,Grade 9,proficient,0,32,0
305651,11,1101,110101,Control,BoSY,Grade 9,proficient,0,29,0
305662,11,1101,110101,Control,BoSY,Grade 9,proficient,0,37,0
305850,11,1105,110503,Control,BoSY,Grade 9,proficient,0,29,0
312481,7,705,70518,Control,BoSY,Grade 9,proficient,0,169,0
304409,11,1110,111001,Control,BoSY,Grade 9,proficient,0,102,0
303246,7,713,71303,Control,BoSY,Grade 9,proficient,0,95,0
501405,11,1101,110101,Control,BoSY,Grade 9,proficient,0,38,0
305677,11,1105,110503,Control,BoSY,Grade 9,proficient,0,51,0
500447,7,708,70801,Control,BoSY,Grade 9,proficient,0,47,0
501305,7,708,70801,Control,BoSY,Grade 9,proficient,0,28,0
305917,7,708,70801,Control,BoSY,Grade 9,proficient,0,29,0
305722,7,703,70304,Control,BoSY,Grade 9,proficient,0,52,0
312953,7,713,71306,Control,BoSY,Grade 9,proficient,0,26,0
305498,11,1101,110101,Control,BoSY,Grade 9,proficient,0,48,0
305669,11,1101,110101,Control,BoSY,Grade 9,proficient,3,21,14.285714285714286
312960,7,710,71002,Control,BoSY,Grade 9,proficient,0,76,0
309906,5,508,50811,Treatment,BoSY,Grade 9,high proficient,0,112,0
309934,5,508,50806,Treatment,BoSY,Grade 9,high proficient,0,35,0
301871,5,501,50107,Treatment,BoSY,Grade 9,high proficient,0,67,0
302134,5,508,50804,Treatment,BoSY,Grade 9,high proficient,0,130,0
302117,5,508,50803,Treatment,BoSY,Grade 9,high proficient,0,59,0
309909,5,508,50801,Treatment,BoSY,Grade 9,high proficient,0,91,0
309915,5,508,50801,Treatment,BoSY,Grade 9,high proficient,0,34,0
501544,5,508,50815,Treatment,BoSY,Grade 9,high proficient,0,71,0
301887,5,502,50205,Treatment,BoSY,Grade 9,high proficient,0,70,0
302175,5,508,50820,Treatment,BoSY,Grade 9,high proficient,0,125,0
302146,5,508,50812,Treatment,BoSY,Grade 9,high proficient,0,111,0
309921,5,508,50805,Treatment,BoSY,Grade 9,high proficient,0,70,0
302254,5,505,50501,Control,BoSY,Grade 9,high proficient,0,87,0
309513,5,501,50112,Control,BoSY,Grade 9,high proficient,0,85,0
500163,5,508,50801,Control,BoSY,Grade 9,high proficient,0,64,0
302058,5,503,50333,Control,BoSY,Grade 9,high proficient,0,128,0
302192,5,511,51103,Control,BoSY,Grade 9,high proficient,0,186,0
302227,5,511,51105,Control,BoSY,Grade 9,high proficient,0,53,0
302252,5,505,50501,Control,BoSY,Grade 9,high proficient,0,57,0
309914,5,508,50806,Control,BoSY,Grade 9,high proficient,0,170,0
309711,5,503,50317,Control,BoSY,Grade 9,high proficient,0,50,0
301817,5,507,50701,Control,BoSY,Grade 9,high proficient,0,79,0
302165,5,508,50816,Control,BoSY,Grade 9,high proficient,0,59,0
301974,5,503,50311,Treatment,BoSY,Grade 9,high proficient,0,45,0
302256,5,505,50501,Control,BoSY,Grade 9,high proficient,0,92,0
301834,5,501,50106,Control,BoSY,Grade 9,high proficient,0,138,0
309760,5,503,50306,Control,BoSY,Grade 9,high proficient,0,49,0
309936,5,508,50819,Control,BoSY,Grade 9,high proficient,0,45,0
302203,5,511,51102,Control,BoSY,Grade 9,high proficient,0,34,0
302011,5,503,50314,Control,BoSY,Grade 9,high proficient,0,176,0
500168,5,505,50501,Control,BoSY,Grade 9,high proficient,0,57,0
301947,5,503,50306,Control,BoSY,Grade 9,high proficient,0,290,0
309941,5,508,50812,Control,BoSY,Grade 9,high proficient,0,141,0
301839,5,501,50111,Control,BoSY,Grade 9,high proficient,0,64,0
501843,5,508,50818,Treatment,BoSY,Grade 9,high proficient,0,37,0
302111,5,508,50801,Control,BoSY,Grade 9,high proficient,0,437,0
302133,5,509,50901,Control,BoSY,Grade 9,high proficient,0,149,0
301990,5,503,50317,Control,BoSY,Grade 9,high proficient,0,23,0
309937,5,508,50819,Control,BoSY,Grade 9,high proficient,0,50,0
302241,5,511,51105,Control,BoSY,Grade 9,high proficient,0,99,0
500167,5,505,50501,Control,BoSY,Grade 9,high proficient,0,59,0
309764,5,503,50320,Control,BoSY,Grade 9,high proficient,0,32,0
302205,5,511,51106,Control,BoSY,Grade 9,high proficient,0,101,0
302014,5,503,50302,Control,BoSY,Grade 9,high proficient,0,124,0
309740,5,503,50315,Control,BoSY,Grade 9,high proficient,0,68,0
309741,5,503,50315,Control,BoSY,Grade 9,high proficient,0,83,0
302161,5,508,50803,Treatment,BoSY,Grade 9,high proficient,0,73,0
302113,5,508,50818,Treatment,BoSY,Grade 9,high proficient,0,59,0
302127,5,508,50817,Control,BoSY,Grade 9,high proficient,0,37,0
301899,5,502,50205,Control,BoSY,Grade 9,high proficient,0,111,0
309509,5,501,50113,Control,BoSY,Grade 9,high proficient,0,91,0
309903,5,508,50816,Control,BoSY,Grade 9,high proficient,0,81,0
301995,5,503,50310,Control,BoSY,Grade 9,high proficient,0,70,0
309702,5,503,50325,Control,BoSY,Grade 9,high proficient,0,195,0
501020,5,503,50310,Control,BoSY,Grade 9,high proficient,0,28,0
309743,5,503,50332,Control,BoSY,Grade 9,high proficient,0,86,0
301816,5,501,50101,Control,BoSY,Grade 9,high proficient,0,111,0
302054,5,503,50315,Control,BoSY,Grade 9,high proficient,0,95,0
301862,5,507,50701,Control,BoSY,Grade 9,high proficient,0,191,0
502477,5,501,50108,Control,BoSY,Grade 9,high proficient,0,23,0
302283,5,513,51301,Control,BoSY,Grade 9,high proficient,0,244,0
301900,5,502,50206,Control,BoSY,Grade 9,high proficient,0,52,0
302123,5,508,50808,Control,BoSY,Grade 9,high proficient,0,77,0
309512,5,501,50110,Control,BoSY,Grade 9,high proficient,0,43,0
302284,5,513,51301,Control,BoSY,Grade 9,high proficient,0,151,0
500034,5,508,50819,Control,BoSY,Grade 9,high proficient,0,31,0
302043,5,503,50305,Control,BoSY,Grade 9,high proficient,0,179,0
302182,5,511,51107,Control,BoSY,Grade 9,high proficient,0,87,0
301986,5,503,50334,Control,BoSY,Grade 9,high proficient,0,178,0
302109,5,508,50817,Control,BoSY,Grade 9,high proficient,0,206,0
302061,5,503,50311,Control,BoSY,Grade 9,high proficient,0,40,0
309931,5,508,50802,Control,BoSY,Grade 9,high proficient,0,65,0
301984,5,503,50331,Control,BoSY,Grade 9,high proficient,0,173,0
302156,5,508,50803,Control,BoSY,Grade 9,high proficient,0,95,0
309705,5,503,50330,Control,BoSY,Grade 9,high proficient,0,74,0
500165,5,508,50804,Control,BoSY,Grade 9,high proficient,0,42,0
301930,5,503,50328,Control,BoSY,Grade 9,high proficient,0,73,0
302177,5,508,50806,Control,BoSY,Grade 9,high proficient,0,81,0
302282,5,513,51301,Control,BoSY,Grade 9,high proficient,0,0,NA
502615,5,508,50802,Control,BoSY,Grade 9,high proficient,0,12,0
302263,5,506,50601,Control,BoSY,Grade 9,high proficient,0,62,0
301826,5,501,50103,Control,BoSY,Grade 9,high proficient,0,12,0
305750,5,513,51301,Control,BoSY,Grade 9,high proficient,0,43,0
301870,5,501,50110,Control,BoSY,Grade 9,high proficient,0,67,0
302039,5,503,50316,Control,BoSY,Grade 9,high proficient,0,254,0
301868,5,501,50112,Control,BoSY,Grade 9,high proficient,0,176,0
301963,5,503,50316,Control,BoSY,Grade 9,high proficient,0,157,0
340567,15,1505,150501,Treatment,BoSY,Grade 9,high proficient,0,169,0
320606,15,1515,151502,Treatment,BoSY,Grade 9,high proficient,0,329,0
320202,15,1511,151101,Treatment,BoSY,Grade 9,high proficient,0,141,0
305310,15,1507,150703,Treatment,BoSY,Grade 9,high proficient,0,300,0
305418,15,1513,151301,Treatment,BoSY,Grade 9,high proficient,0,972,0
500565,15,1515,151502,Treatment,BoSY,Grade 9,high proficient,0,689,0
301258,4,413,41308,Treatment,BoSY,Grade 9,high proficient,0,387,0
301214,4,411,41101,Treatment,BoSY,Grade 9,high proficient,20,654,3.058103975535168
301497,4,414,41401,Treatment,BoSY,Grade 9,high proficient,0,328,0
305411,15,1515,151502,Treatment,BoSY,Grade 9,high proficient,0,840,0
305420,15,1513,151301,Treatment,BoSY,Grade 9,high proficient,0,1131,0
301231,4,413,41302,Control,BoSY,Grade 9,high proficient,0,166,0
301188,4,402,40201,Control,BoSY,Grade 9,high proficient,0,615,0
307913,4,413,41309,Control,BoSY,Grade 9,high proficient,0,245,0
500566,15,1507,150710,Control,BoSY,Grade 9,high proficient,0,701,0
305453,15,1510,151001,Control,BoSY,Grade 9,high proficient,0,769,0
305311,15,1507,150702,Control,BoSY,Grade 9,high proficient,0,277,0
301425,4,401,40101,Control,BoSY,Grade 9,high proficient,0,809,0
301202,4,408,40812,Control,BoSY,Grade 9,high proficient,0,299,0
305412,15,1515,151502,Control,BoSY,Grade 9,high proficient,0,1016,0
308105,4,417,41703,Control,BoSY,Grade 9,high proficient,0,691,0
305341,15,1514,151401,Control,BoSY,Grade 9,high proficient,0,1325,0
319604,15,1512,151201,Control,BoSY,Grade 9,high proficient,0,324,0
305568,15,1516,151601,Control,BoSY,Grade 9,high proficient,0,328,0
305434,15,1503,150301,Control,BoSY,Grade 9,high proficient,0,672,0
301464,4,417,41710,Control,BoSY,Grade 9,high proficient,0,514,0
305461,15,1515,151502,Control,BoSY,Grade 9,high proficient,1,266,0.37593984962406013
305384,15,1501,150101,Control,BoSY,Grade 9,high proficient,0,446,0
301143,4,421,42101,Control,BoSY,Grade 9,high proficient,0,733,0
305340,15,1514,151401,Control,BoSY,Grade 9,high proficient,0,1089,0
305302,15,1507,150709,Treatment,BoSY,Grade 9,high proficient,0,1155,0
308103,4,417,41712,Control,BoSY,Grade 9,high proficient,0,276,0
308130,4,417,41711,Control,BoSY,Grade 9,high proficient,0,133,0
301227,4,420,42001,Control,BoSY,Grade 9,high proficient,0,1022,0
305334,15,1514,151401,Control,BoSY,Grade 9,high proficient,0,567,0
305367,15,1512,151201,Control,BoSY,Grade 9,high proficient,0,927,0
305635,15,1514,151401,Control,BoSY,Grade 9,high proficient,0,401,0
301218,4,408,40814,Control,BoSY,Grade 9,high proficient,0,1883,0
308501,4,415,41501,Control,BoSY,Grade 9,high proficient,0,500,0
500332,15,1506,150601,Control,BoSY,Grade 9,high proficient,0,333,0
305471,15,1509,150901,Control,BoSY,Grade 9,high proficient,0,674,0
305376,15,1501,150101,Treatment,BoSY,Grade 9,high proficient,0,797,0
301432,4,417,41705,Control,BoSY,Grade 9,high proficient,0,477,0
305459,15,1515,151502,Control,BoSY,Grade 9,high proficient,0,786,0
305313,15,1507,150708,Control,BoSY,Grade 9,high proficient,0,508,0
301186,4,410,41001,Control,BoSY,Grade 9,high proficient,0,1526,0
301184,4,410,41001,Control,BoSY,Grade 9,high proficient,0,926,0
305295,15,1507,150710,Control,BoSY,Grade 9,high proficient,0,1230,0
301416,4,422,42201,Control,BoSY,Grade 9,high proficient,0,135,0
305450,15,1505,150501,Treatment,BoSY,Grade 9,high proficient,0,364,0
301403,4,416,41606,Control,BoSY,Grade 9,high proficient,0,350,0
301451,4,417,41708,Control,BoSY,Grade 9,high proficient,0,276,0
305338,15,1514,151401,Control,BoSY,Grade 9,high proficient,0,636,0
301257,4,413,41312,Control,BoSY,Grade 9,high proficient,0,1721,0
305416,15,1513,151301,Control,BoSY,Grade 9,high proficient,24,846,2.8368794326241136
305337,15,1514,151401,Control,BoSY,Grade 9,high proficient,0,1676,0
305353,15,1514,151401,Control,BoSY,Grade 9,high proficient,0,394,0
301197,4,408,40812,Control,BoSY,Grade 9,high proficient,0,358,0
301236,4,413,41308,Treatment,BoSY,Grade 9,high proficient,0,259,0
305444,15,1516,151601,Control,BoSY,Grade 9,high proficient,0,302,0
320306,15,1503,150301,Control,BoSY,Grade 9,high proficient,0,691,0
301489,4,414,41401,Control,BoSY,Grade 9,high proficient,0,290,0
301507,4,418,41801,Control,BoSY,Grade 9,high proficient,0,123,0
301456,4,417,41710,Control,BoSY,Grade 9,high proficient,0,445,0
301238,4,413,41303,Control,BoSY,Grade 9,high proficient,0,452,0
305438,15,1516,151601,Control,BoSY,Grade 9,high proficient,0,891,0
305324,15,1514,151401,Control,BoSY,Grade 9,high proficient,0,294,0
305454,15,1510,151001,Control,BoSY,Grade 9,high proficient,0,119,0
308122,4,417,41708,Control,BoSY,Grade 9,high proficient,0,154,0
301508,4,418,41801,Control,BoSY,Grade 9,high proficient,0,248,0
305465,15,1515,151502,Control,BoSY,Grade 9,high proficient,0,768,0
305428,15,1511,151101,Control,BoSY,Grade 9,high proficient,0,357,0
301175,4,408,40807,Control,BoSY,Grade 9,high proficient,0,507,0
301437,4,417,41704,Control,BoSY,Grade 9,high proficient,0,920,0
320204,15,1511,151101,Control,BoSY,Grade 9,high proficient,0,554,0
305447,15,1505,150501,Control,BoSY,Grade 9,high proficient,0,658,0
301438,4,417,41704,Control,BoSY,Grade 9,high proficient,0,456,0
308135,4,417,41708,Control,BoSY,Grade 9,high proficient,0,364,0
301418,4,401,40101,Control,BoSY,Grade 9,high proficient,0,2590,0
305288,15,1507,150710,Control,BoSY,Grade 9,high proficient,0,666,0
301265,4,413,41301,Control,BoSY,Grade 9,high proficient,0,348,0
305442,15,1516,151601,Control,BoSY,Grade 9,high proficient,0,274,0
500339,15,1505,150501,Control,BoSY,Grade 9,high proficient,0,332,0
305435,15,1503,150301,Control,BoSY,Grade 9,high proficient,0,337,0
308134,4,417,41708,Control,BoSY,Grade 9,high proficient,0,480,0
305452,15,1505,150501,Control,BoSY,Grade 9,high proficient,0,604,0
312330,7,703,70308,Treatment,BoSY,Grade 9,high proficient,0,57,0
305710,7,703,70302,Treatment,BoSY,Grade 9,high proficient,0,68,0
305655,11,1101,110101,Treatment,BoSY,Grade 9,high proficient,0,21,0
305581,7,703,70303,Treatment,BoSY,Grade 9,high proficient,0,31,0
303130,7,703,70309,Treatment,BoSY,Grade 9,high proficient,0,139,0
312354,7,703,70309,Treatment,BoSY,Grade 9,high proficient,0,22,0
305849,11,1105,110503,Treatment,BoSY,Grade 9,high proficient,0,25,0
305500,11,1101,110101,Treatment,BoSY,Grade 9,high proficient,0,20,0
312355,7,703,70304,Treatment,BoSY,Grade 9,high proficient,0,34,0
501903,11,1110,111001,Treatment,BoSY,Grade 9,high proficient,0,17,0
500665,7,705,70527,Control,BoSY,Grade 9,high proficient,0,62,0
312462,7,705,70520,Control,BoSY,Grade 9,high proficient,0,29,0
306038,11,1102,110202,Control,BoSY,Grade 9,high proficient,0,25,0
500221,7,705,70527,Control,BoSY,Grade 9,high proficient,0,20,0
500744,7,708,70801,Control,BoSY,Grade 9,high proficient,0,34,0
305884,11,1101,110101,Control,BoSY,Grade 9,high proficient,0,77,0
303170,7,709,70901,Control,BoSY,Grade 9,high proficient,0,33,0
500787,7,708,70801,Control,BoSY,Grade 9,high proficient,0,42,0
500667,7,705,70528,Control,BoSY,Grade 9,high proficient,0,32,0
501071,11,1101,110101,Control,BoSY,Grade 9,high proficient,0,16,0
303046,7,705,70527,Control,BoSY,Grade 9,high proficient,0,79,0
325303,7,707,70701,Control,BoSY,Grade 9,high proficient,0,55,0
500208,7,703,70305,Control,BoSY,Grade 9,high proficient,0,14,0
312401,7,705,70525,Control,BoSY,Grade 9,high proficient,0,103,0
303136,7,706,70601,Control,BoSY,Grade 9,high proficient,0,54,0
312435,7,707,70701,Control,BoSY,Grade 9,high proficient,0,27,0
502186,11,1101,110101,Control,BoSY,Grade 9,high proficient,0,8,0
500782,7,708,70801,Control,BoSY,Grade 9,high proficient,0,191,0
306086,11,1106,110606,Control,BoSY,Grade 9,high proficient,0,15,0
305755,7,705,70529,Control,BoSY,Grade 9,high proficient,0,103,0
305665,11,1101,110101,Control,BoSY,Grade 9,high proficient,0,17,0
501635,7,703,70301,Control,BoSY,Grade 9,high proficient,0,52,0
305843,11,1110,111001,Control,BoSY,Grade 9,high proficient,0,38,0
500894,7,705,70517,Control,BoSY,Grade 9,high proficient,0,93,0
500671,7,705,70506,Control,BoSY,Grade 9,high proficient,0,25,0
305847,11,1105,110503,Control,BoSY,Grade 9,high proficient,0,31,0
500784,7,708,70801,Control,BoSY,Grade 9,high proficient,0,9,0
501267,7,705,70525,Control,BoSY,Grade 9,high proficient,0,22,0
306000,7,705,70525,Control,BoSY,Grade 9,high proficient,0,26,0
305517,11,1106,110608,Control,BoSY,Grade 9,high proficient,0,41,0
305713,7,710,71001,Control,BoSY,Grade 9,high proficient,0,27,0
500768,7,705,70521,Control,BoSY,Grade 9,high proficient,0,68,0
316303,11,1107,110701,Control,BoSY,Grade 9,high proficient,0,55,0
316304,11,1107,110701,Control,BoSY,Grade 9,high proficient,0,68,0
305506,11,1101,110101,Control,BoSY,Grade 9,high proficient,0,17,0
500421,7,705,70507,Control,BoSY,Grade 9,high proficient,0,77,0
305681,11,1110,111001,Control,BoSY,Grade 9,high proficient,0,167,0
303186,7,711,71101,Control,BoSY,Grade 9,high proficient,0,110,0
501429,7,714,71402,Control,BoSY,Grade 9,high proficient,0,57,0
305844,11,1103,110303,Control,BoSY,Grade 9,high proficient,0,47,0
305965,11,1110,111001,Control,BoSY,Grade 9,high proficient,0,65,0
501076,11,1103,110305,Control,BoSY,Grade 9,high proficient,0,12,0
305889,11,1101,110101,Control,BoSY,Grade 9,high proficient,0,42,0
501074,11,1103,110306,Control,BoSY,Grade 9,high proficient,0,26,0
312408,7,705,70530,Control,BoSY,Grade 9,high proficient,0,36,0
501351,7,705,70522,Control,BoSY,Grade 9,high proficient,6,50,12
501404,11,1101,110101,Control,BoSY,Grade 9,high proficient,0,27,0
305660,11,1101,110101,Control,BoSY,Grade 9,high proficient,0,37,0
303219,7,701,70101,Control,BoSY,Grade 9,high proficient,0,105,0
312450,7,705,70522,Control,BoSY,Grade 9,high proficient,0,73,0
324903,7,704,70401,Control,BoSY,Grade 9,high proficient,0,21,0
501065,11,1101,110101,Control,BoSY,Grade 9,high proficient,0,116,0
312451,7,705,70532,Control,BoSY,Grade 9,high proficient,0,46,0
501763,11,1103,110305,Control,BoSY,Grade 9,high proficient,0,24,0
316405,11,1110,111001,Control,BoSY,Grade 9,high proficient,0,90,0
316404,11,1110,111001,Control,BoSY,Grade 9,high proficient,0,54,0
316301,11,1107,110701,Control,BoSY,Grade 9,high proficient,0,138,0
312910,7,710,71001,Control,BoSY,Grade 9,high proficient,0,101,0
303011,7,705,70512,Control,BoSY,Grade 9,high proficient,0,32,0
305651,11,1101,110101,Control,BoSY,Grade 9,high proficient,0,29,0
305662,11,1101,110101,Control,BoSY,Grade 9,high proficient,0,37,0
305850,11,1105,110503,Control,BoSY,Grade 9,high proficient,0,29,0
312481,7,705,70518,Control,BoSY,Grade 9,high proficient,0,169,0
304409,11,1110,111001,Control,BoSY,Grade 9,high proficient,0,102,0
303246,7,713,71303,Control,BoSY,Grade 9,high proficient,0,95,0
501405,11,1101,110101,Control,BoSY,Grade 9,high proficient,0,38,0
305677,11,1105,110503,Control,BoSY,Grade 9,high proficient,0,51,0
500447,7,708,70801,Control,BoSY,Grade 9,high proficient,0,47,0
501305,7,708,70801,Control,BoSY,Grade 9,high proficient,0,28,0
305917,7,708,70801,Control,BoSY,Grade 9,high proficient,0,29,0
305722,7,703,70304,Control,BoSY,Grade 9,high proficient,0,52,0
312953,7,713,71306,Control,BoSY,Grade 9,high proficient,0,26,0
305498,11,1101,110101,Control,BoSY,Grade 9,high proficient,0,48,0
305669,11,1101,110101,Control,BoSY,Grade 9,high proficient,0,21,0
312960,7,710,71002,Control,BoSY,Grade 9,high proficient,0,76,0
309906,5,508,50811,Treatment,BoSY,Grade 10,not proficient,119,119,100
309934,5,508,50806,Treatment,BoSY,Grade 10,not proficient,29,29,100
301871,5,501,50107,Treatment,BoSY,Grade 10,not proficient,81,81,100
302134,5,508,50804,Treatment,BoSY,Grade 10,not proficient,123,123,100
302117,5,508,50803,Treatment,BoSY,Grade 10,not proficient,72,72,100
309909,5,508,50801,Treatment,BoSY,Grade 10,not proficient,91,91,100
309915,5,508,50801,Treatment,BoSY,Grade 10,not proficient,25,32,78.125
501544,5,508,50815,Treatment,BoSY,Grade 10,not proficient,77,83,92.7710843373494
301887,5,502,50205,Treatment,BoSY,Grade 10,not proficient,59,71,83.09859154929578
302175,5,508,50820,Treatment,BoSY,Grade 10,not proficient,88,94,93.61702127659575
302146,5,508,50812,Treatment,BoSY,Grade 10,not proficient,104,104,100
309921,5,508,50805,Treatment,BoSY,Grade 10,not proficient,54,54,100
302254,5,505,50501,Control,BoSY,Grade 10,not proficient,98,98,100
309513,5,501,50112,Control,BoSY,Grade 10,not proficient,104,105,99.04761904761905
500163,5,508,50801,Control,BoSY,Grade 10,not proficient,62,67,92.53731343283582
302058,5,503,50333,Control,BoSY,Grade 10,not proficient,116,116,100
302192,5,511,51103,Control,BoSY,Grade 10,not proficient,243,265,91.69811320754717
302227,5,511,51105,Control,BoSY,Grade 10,not proficient,53,53,100
302252,5,505,50501,Control,BoSY,Grade 10,not proficient,55,70,78.57142857142857
309914,5,508,50806,Control,BoSY,Grade 10,not proficient,129,200,64.5
309711,5,503,50317,Control,BoSY,Grade 10,not proficient,42,48,87.5
301817,5,507,50701,Control,BoSY,Grade 10,not proficient,99,100,99
302165,5,508,50816,Control,BoSY,Grade 10,not proficient,52,52,100
301974,5,503,50311,Treatment,BoSY,Grade 10,not proficient,52,52,100
302256,5,505,50501,Control,BoSY,Grade 10,not proficient,116,116,100
301834,5,501,50106,Control,BoSY,Grade 10,not proficient,107,155,69.03225806451613
309760,5,503,50306,Control,BoSY,Grade 10,not proficient,48,49,97.95918367346938
309936,5,508,50819,Control,BoSY,Grade 10,not proficient,53,55,96.36363636363636
302203,5,511,51102,Control,BoSY,Grade 10,not proficient,38,38,100
302011,5,503,50314,Control,BoSY,Grade 10,not proficient,168,172,97.67441860465117
500168,5,505,50501,Control,BoSY,Grade 10,not proficient,56,60,93.33333333333333
301947,5,503,50306,Control,BoSY,Grade 10,not proficient,333,348,95.6896551724138
309941,5,508,50812,Control,BoSY,Grade 10,not proficient,177,178,99.43820224719101
301839,5,501,50111,Control,BoSY,Grade 10,not proficient,52,71,73.2394366197183
501843,5,508,50818,Treatment,BoSY,Grade 10,not proficient,11,15,73.33333333333333
302111,5,508,50801,Control,BoSY,Grade 10,not proficient,271,467,58.02997858672377
302133,5,509,50901,Control,BoSY,Grade 10,not proficient,127,127,100
301990,5,503,50317,Control,BoSY,Grade 10,not proficient,26,26,100
309937,5,508,50819,Control,BoSY,Grade 10,not proficient,53,69,76.81159420289855
302241,5,511,51105,Control,BoSY,Grade 10,not proficient,112,112,100
500167,5,505,50501,Control,BoSY,Grade 10,not proficient,58,58,100
309764,5,503,50320,Control,BoSY,Grade 10,not proficient,38,38,100
302205,5,511,51106,Control,BoSY,Grade 10,not proficient,87,87,100
302014,5,503,50302,Control,BoSY,Grade 10,not proficient,68,105,64.76190476190476
309740,5,503,50315,Control,BoSY,Grade 10,not proficient,63,63,100
309741,5,503,50315,Control,BoSY,Grade 10,not proficient,114,114,100
302161,5,508,50803,Treatment,BoSY,Grade 10,not proficient,74,80,92.5
302113,5,508,50818,Treatment,BoSY,Grade 10,not proficient,88,88,100
302127,5,508,50817,Control,BoSY,Grade 10,not proficient,34,34,100
301899,5,502,50205,Control,BoSY,Grade 10,not proficient,113,114,99.12280701754386
309509,5,501,50113,Control,BoSY,Grade 10,not proficient,65,67,97.01492537313433
309903,5,508,50816,Control,BoSY,Grade 10,not proficient,55,55,100
301995,5,503,50310,Control,BoSY,Grade 10,not proficient,4,56,7.142857142857143
309702,5,503,50325,Control,BoSY,Grade 10,not proficient,211,211,100
501020,5,503,50310,Control,BoSY,Grade 10,not proficient,24,25,96
309743,5,503,50332,Control,BoSY,Grade 10,not proficient,87,96,90.625
301816,5,501,50101,Control,BoSY,Grade 10,not proficient,144,144,100
302054,5,503,50315,Control,BoSY,Grade 10,not proficient,94,95,98.94736842105263
301862,5,507,50701,Control,BoSY,Grade 10,not proficient,199,202,98.51485148514851
502477,5,501,50108,Control,BoSY,Grade 10,not proficient,0,0,NA
302283,5,513,51301,Control,BoSY,Grade 10,not proficient,260,298,87.24832214765101
301900,5,502,50206,Control,BoSY,Grade 10,not proficient,40,40,100
302123,5,508,50808,Control,BoSY,Grade 10,not proficient,54,54,100
309512,5,501,50110,Control,BoSY,Grade 10,not proficient,76,76,100
302284,5,513,51301,Control,BoSY,Grade 10,not proficient,175,175,100
500034,5,508,50819,Control,BoSY,Grade 10,not proficient,24,24,100
302043,5,503,50305,Control,BoSY,Grade 10,not proficient,194,197,98.4771573604061
302182,5,511,51107,Control,BoSY,Grade 10,not proficient,99,99,100
301986,5,503,50334,Control,BoSY,Grade 10,not proficient,157,161,97.51552795031056
302109,5,508,50817,Control,BoSY,Grade 10,not proficient,236,240,98.33333333333333
302061,5,503,50311,Control,BoSY,Grade 10,not proficient,56,56,100
309931,5,508,50802,Control,BoSY,Grade 10,not proficient,55,55,100
301984,5,503,50331,Control,BoSY,Grade 10,not proficient,122,189,64.55026455026454
302156,5,508,50803,Control,BoSY,Grade 10,not proficient,98,98,100
309705,5,503,50330,Control,BoSY,Grade 10,not proficient,82,82,100
500165,5,508,50804,Control,BoSY,Grade 10,not proficient,17,39,43.58974358974359
301930,5,503,50328,Control,BoSY,Grade 10,not proficient,78,78,100
302177,5,508,50806,Control,BoSY,Grade 10,not proficient,85,85,100
302282,5,513,51301,Control,BoSY,Grade 10,not proficient,163,171,95.32163742690058
502615,5,508,50802,Control,BoSY,Grade 10,not proficient,0,0,NA
302263,5,506,50601,Control,BoSY,Grade 10,not proficient,77,89,86.51685393258427
301826,5,501,50103,Control,BoSY,Grade 10,not proficient,8,13,61.53846153846154
305750,5,513,51301,Control,BoSY,Grade 10,not proficient,50,50,100
301870,5,501,50110,Control,BoSY,Grade 10,not proficient,105,116,90.51724137931035
302039,5,503,50316,Control,BoSY,Grade 10,not proficient,249,249,100
301868,5,501,50112,Control,BoSY,Grade 10,not proficient,206,210,98.0952380952381
301963,5,503,50316,Control,BoSY,Grade 10,not proficient,130,148,87.83783783783784
340567,15,1505,150501,Treatment,BoSY,Grade 10,not proficient,189,189,100
320606,15,1515,151502,Treatment,BoSY,Grade 10,not proficient,85,347,24.495677233429394
320202,15,1511,151101,Treatment,BoSY,Grade 10,not proficient,132,133,99.24812030075188
305310,15,1507,150703,Treatment,BoSY,Grade 10,not proficient,251,257,97.66536964980544
305418,15,1513,151301,Treatment,BoSY,Grade 10,not proficient,942,1101,85.55858310626704
500565,15,1515,151502,Treatment,BoSY,Grade 10,not proficient,456,846,53.90070921985816
301258,4,413,41308,Treatment,BoSY,Grade 10,not proficient,435,472,92.16101694915254
301214,4,411,41101,Treatment,BoSY,Grade 10,not proficient,20,715,2.797202797202797
301497,4,414,41401,Treatment,BoSY,Grade 10,not proficient,328,356,92.13483146067416
305411,15,1515,151502,Treatment,BoSY,Grade 10,not proficient,788,984,80.08130081300813
305420,15,1513,151301,Treatment,BoSY,Grade 10,not proficient,1094,1260,86.82539682539682
301231,4,413,41302,Control,BoSY,Grade 10,not proficient,182,190,95.78947368421052
301188,4,402,40201,Control,BoSY,Grade 10,not proficient,640,653,98.00918836140889
307913,4,413,41309,Control,BoSY,Grade 10,not proficient,225,285,78.94736842105263
500566,15,1507,150710,Control,BoSY,Grade 10,not proficient,774,777,99.61389961389962
305453,15,1510,151001,Control,BoSY,Grade 10,not proficient,557,632,88.13291139240506
305311,15,1507,150702,Control,BoSY,Grade 10,not proficient,302,303,99.66996699669967
301425,4,401,40101,Control,BoSY,Grade 10,not proficient,804,847,94.9232585596222
301202,4,408,40812,Control,BoSY,Grade 10,not proficient,232,320,72.5
305412,15,1515,151502,Control,BoSY,Grade 10,not proficient,846,933,90.67524115755627
308105,4,417,41703,Control,BoSY,Grade 10,not proficient,329,756,43.51851851851852
305341,15,1514,151401,Control,BoSY,Grade 10,not proficient,1507,1610,93.6024844720497
319604,15,1512,151201,Control,BoSY,Grade 10,not proficient,296,296,100
305568,15,1516,151601,Control,BoSY,Grade 10,not proficient,405,406,99.75369458128078
305434,15,1503,150301,Control,BoSY,Grade 10,not proficient,733,771,95.07133592736706
301464,4,417,41710,Control,BoSY,Grade 10,not proficient,373,546,68.31501831501832
305461,15,1515,151502,Control,BoSY,Grade 10,not proficient,231,285,81.05263157894737
305384,15,1501,150101,Control,BoSY,Grade 10,not proficient,438,459,95.42483660130719
301143,4,421,42101,Control,BoSY,Grade 10,not proficient,851,911,93.41383095499451
305340,15,1514,151401,Control,BoSY,Grade 10,not proficient,889,919,96.73558215451578
305302,15,1507,150709,Treatment,BoSY,Grade 10,not proficient,1082,1088,99.44852941176471
308103,4,417,41712,Control,BoSY,Grade 10,not proficient,249,257,96.88715953307393
308130,4,417,41711,Control,BoSY,Grade 10,not proficient,160,162,98.76543209876543
301227,4,420,42001,Control,BoSY,Grade 10,not proficient,1243,1249,99.51961569255404
305334,15,1514,151401,Control,BoSY,Grade 10,not proficient,635,649,97.84283513097073
305367,15,1512,151201,Control,BoSY,Grade 10,not proficient,937,964,97.19917012448133
305635,15,1514,151401,Control,BoSY,Grade 10,not proficient,401,419,95.70405727923628
301218,4,408,40814,Control,BoSY,Grade 10,not proficient,1708,1823,93.69171695008228
308501,4,415,41501,Control,BoSY,Grade 10,not proficient,520,523,99.4263862332696
500332,15,1506,150601,Control,BoSY,Grade 10,not proficient,323,400,80.75
305471,15,1509,150901,Control,BoSY,Grade 10,not proficient,498,544,91.54411764705883
305376,15,1501,150101,Treatment,BoSY,Grade 10,not proficient,733,791,92.66750948166877
301432,4,417,41705,Control,BoSY,Grade 10,not proficient,446,489,91.20654396728017
305459,15,1515,151502,Control,BoSY,Grade 10,not proficient,976,995,98.09045226130654
305313,15,1507,150708,Control,BoSY,Grade 10,not proficient,560,562,99.644128113879
301186,4,410,41001,Control,BoSY,Grade 10,not proficient,1342,1581,84.88298545224542
301184,4,410,41001,Control,BoSY,Grade 10,not proficient,906,965,93.88601036269431
305295,15,1507,150710,Control,BoSY,Grade 10,not proficient,1224,1267,96.60615627466456
301416,4,422,42201,Control,BoSY,Grade 10,not proficient,124,125,99.2
305450,15,1505,150501,Treatment,BoSY,Grade 10,not proficient,370,370,100
301403,4,416,41606,Control,BoSY,Grade 10,not proficient,397,434,91.47465437788019
301451,4,417,41708,Control,BoSY,Grade 10,not proficient,263,285,92.28070175438596
305338,15,1514,151401,Control,BoSY,Grade 10,not proficient,656,757,86.65785997357992
301257,4,413,41312,Control,BoSY,Grade 10,not proficient,1765,1890,93.3862433862434
305416,15,1513,151301,Control,BoSY,Grade 10,not proficient,803,903,88.92580287929125
305337,15,1514,151401,Control,BoSY,Grade 10,not proficient,1765,1806,97.72978959025471
305353,15,1514,151401,Control,BoSY,Grade 10,not proficient,409,419,97.61336515513126
301197,4,408,40812,Control,BoSY,Grade 10,not proficient,240,348,68.96551724137932
301236,4,413,41308,Treatment,BoSY,Grade 10,not proficient,235,239,98.32635983263599
305444,15,1516,151601,Control,BoSY,Grade 10,not proficient,359,365,98.35616438356165
320306,15,1503,150301,Control,BoSY,Grade 10,not proficient,717,736,97.41847826086956
301489,4,414,41401,Control,BoSY,Grade 10,not proficient,287,294,97.61904761904762
301507,4,418,41801,Control,BoSY,Grade 10,not proficient,129,130,99.23076923076923
301456,4,417,41710,Control,BoSY,Grade 10,not proficient,396,492,80.48780487804878
301238,4,413,41303,Control,BoSY,Grade 10,not proficient,477,513,92.98245614035088
305438,15,1516,151601,Control,BoSY,Grade 10,not proficient,871,891,97.75533108866442
305324,15,1514,151401,Control,BoSY,Grade 10,not proficient,266,294,90.47619047619048
305454,15,1510,151001,Control,BoSY,Grade 10,not proficient,120,128,93.75
308122,4,417,41708,Control,BoSY,Grade 10,not proficient,185,188,98.40425531914893
301508,4,418,41801,Control,BoSY,Grade 10,not proficient,228,243,93.82716049382717
305465,15,1515,151502,Control,BoSY,Grade 10,not proficient,825,846,97.51773049645391
305428,15,1511,151101,Control,BoSY,Grade 10,not proficient,376,378,99.47089947089947
301175,4,408,40807,Control,BoSY,Grade 10,not proficient,310,549,56.466302367941715
301437,4,417,41704,Control,BoSY,Grade 10,not proficient,882,920,95.8695652173913
320204,15,1511,151101,Control,BoSY,Grade 10,not proficient,490,501,97.80439121756487
305447,15,1505,150501,Control,BoSY,Grade 10,not proficient,541,578,93.59861591695501
301438,4,417,41704,Control,BoSY,Grade 10,not proficient,431,450,95.77777777777777
308135,4,417,41708,Control,BoSY,Grade 10,not proficient,232,412,56.310679611650485
301418,4,401,40101,Control,BoSY,Grade 10,not proficient,2666,2668,99.92503748125937
305288,15,1507,150710,Control,BoSY,Grade 10,not proficient,598,616,97.07792207792208
301265,4,413,41301,Control,BoSY,Grade 10,not proficient,393,396,99.24242424242425
305442,15,1516,151601,Control,BoSY,Grade 10,not proficient,267,270,98.88888888888889
500339,15,1505,150501,Control,BoSY,Grade 10,not proficient,98,364,26.923076923076923
305435,15,1503,150301,Control,BoSY,Grade 10,not proficient,317,427,74.23887587822014
308134,4,417,41708,Control,BoSY,Grade 10,not proficient,340,552,61.594202898550726
305452,15,1505,150501,Control,BoSY,Grade 10,not proficient,610,635,96.06299212598425
312330,7,703,70308,Treatment,BoSY,Grade 10,not proficient,87,88,98.86363636363636
305710,7,703,70302,Treatment,BoSY,Grade 10,not proficient,78,78,100
305655,11,1101,110101,Treatment,BoSY,Grade 10,not proficient,11,25,44
305581,7,703,70303,Treatment,BoSY,Grade 10,not proficient,39,40,97.5
303130,7,703,70309,Treatment,BoSY,Grade 10,not proficient,151,208,72.59615384615384
312354,7,703,70309,Treatment,BoSY,Grade 10,not proficient,24,24,100
305849,11,1105,110503,Treatment,BoSY,Grade 10,not proficient,18,18,100
305500,11,1101,110101,Treatment,BoSY,Grade 10,not proficient,27,29,93.10344827586206
312355,7,703,70304,Treatment,BoSY,Grade 10,not proficient,44,44,100
501903,11,1110,111001,Treatment,BoSY,Grade 10,not proficient,21,23,91.30434782608695
500665,7,705,70527,Control,BoSY,Grade 10,not proficient,76,77,98.7012987012987
312462,7,705,70520,Control,BoSY,Grade 10,not proficient,16,16,100
306038,11,1102,110202,Control,BoSY,Grade 10,not proficient,27,29,93.10344827586206
500221,7,705,70527,Control,BoSY,Grade 10,not proficient,28,28,100
500744,7,708,70801,Control,BoSY,Grade 10,not proficient,41,41,100
305884,11,1101,110101,Control,BoSY,Grade 10,not proficient,0,99,0
303170,7,709,70901,Control,BoSY,Grade 10,not proficient,51,51,100
500787,7,708,70801,Control,BoSY,Grade 10,not proficient,49,49,100
500667,7,705,70528,Control,BoSY,Grade 10,not proficient,50,50,100
501071,11,1101,110101,Control,BoSY,Grade 10,not proficient,22,22,100
303046,7,705,70527,Control,BoSY,Grade 10,not proficient,89,94,94.68085106382979
325303,7,707,70701,Control,BoSY,Grade 10,not proficient,12,96,12.5
500208,7,703,70305,Control,BoSY,Grade 10,not proficient,11,13,84.61538461538461
312401,7,705,70525,Control,BoSY,Grade 10,not proficient,114,120,95
303136,7,706,70601,Control,BoSY,Grade 10,not proficient,66,66,100
312435,7,707,70701,Control,BoSY,Grade 10,not proficient,21,34,61.76470588235294
502186,11,1101,110101,Control,BoSY,Grade 10,not proficient,14,14,100
500782,7,708,70801,Control,BoSY,Grade 10,not proficient,215,221,97.28506787330316
306086,11,1106,110606,Control,BoSY,Grade 10,not proficient,19,19,100
305755,7,705,70529,Control,BoSY,Grade 10,not proficient,90,92,97.82608695652173
305665,11,1101,110101,Control,BoSY,Grade 10,not proficient,0,14,0
501635,7,703,70301,Control,BoSY,Grade 10,not proficient,60,60,100
305843,11,1110,111001,Control,BoSY,Grade 10,not proficient,31,38,81.57894736842105
500894,7,705,70517,Control,BoSY,Grade 10,not proficient,85,85,100
500671,7,705,70506,Control,BoSY,Grade 10,not proficient,38,38,100
305847,11,1105,110503,Control,BoSY,Grade 10,not proficient,25,25,100
500784,7,708,70801,Control,BoSY,Grade 10,not proficient,10,10,100
501267,7,705,70525,Control,BoSY,Grade 10,not proficient,26,26,100
306000,7,705,70525,Control,BoSY,Grade 10,not proficient,28,28,100
305517,11,1106,110608,Control,BoSY,Grade 10,not proficient,35,35,100
305713,7,710,71001,Control,BoSY,Grade 10,not proficient,1,27,3.7037037037037037
500768,7,705,70521,Control,BoSY,Grade 10,not proficient,84,84,100
316303,11,1107,110701,Control,BoSY,Grade 10,not proficient,53,53,100
316304,11,1107,110701,Control,BoSY,Grade 10,not proficient,68,68,100
305506,11,1101,110101,Control,BoSY,Grade 10,not proficient,1,11,9.090909090909092
500421,7,705,70507,Control,BoSY,Grade 10,not proficient,124,124,100
305681,11,1110,111001,Control,BoSY,Grade 10,not proficient,157,160,98.125
303186,7,711,71101,Control,BoSY,Grade 10,not proficient,79,89,88.76404494382022
501429,7,714,71402,Control,BoSY,Grade 10,not proficient,44,68,64.70588235294117
305844,11,1103,110303,Control,BoSY,Grade 10,not proficient,45,46,97.82608695652173
305965,11,1110,111001,Control,BoSY,Grade 10,not proficient,59,59,100
501076,11,1103,110305,Control,BoSY,Grade 10,not proficient,14,14,100
305889,11,1101,110101,Control,BoSY,Grade 10,not proficient,4,48,8.333333333333334
501074,11,1103,110306,Control,BoSY,Grade 10,not proficient,22,22,100
312408,7,705,70530,Control,BoSY,Grade 10,not proficient,54,54,100
501351,7,705,70522,Control,BoSY,Grade 10,not proficient,4,63,6.349206349206349
501404,11,1101,110101,Control,BoSY,Grade 10,not proficient,14,15,93.33333333333333
305660,11,1101,110101,Control,BoSY,Grade 10,not proficient,29,30,96.66666666666667
303219,7,701,70101,Control,BoSY,Grade 10,not proficient,113,113,100
312450,7,705,70522,Control,BoSY,Grade 10,not proficient,16,102,15.686274509803921
324903,7,704,70401,Control,BoSY,Grade 10,not proficient,27,27,100
501065,11,1101,110101,Control,BoSY,Grade 10,not proficient,110,110,100
312451,7,705,70532,Control,BoSY,Grade 10,not proficient,31,61,50.81967213114754
501763,11,1103,110305,Control,BoSY,Grade 10,not proficient,8,9,88.88888888888889
316405,11,1110,111001,Control,BoSY,Grade 10,not proficient,82,103,79.6116504854369
316404,11,1110,111001,Control,BoSY,Grade 10,not proficient,35,35,100
316301,11,1107,110701,Control,BoSY,Grade 10,not proficient,111,121,91.73553719008264
312910,7,710,71001,Control,BoSY,Grade 10,not proficient,75,75,100
303011,7,705,70512,Control,BoSY,Grade 10,not proficient,36,36,100
305651,11,1101,110101,Control,BoSY,Grade 10,not proficient,0,28,0
305662,11,1101,110101,Control,BoSY,Grade 10,not proficient,24,24,100
305850,11,1105,110503,Control,BoSY,Grade 10,not proficient,15,15,100
312481,7,705,70518,Control,BoSY,Grade 10,not proficient,162,172,94.18604651162791
304409,11,1110,111001,Control,BoSY,Grade 10,not proficient,61,88,69.31818181818181
303246,7,713,71303,Control,BoSY,Grade 10,not proficient,86,86,100
501405,11,1101,110101,Control,BoSY,Grade 10,not proficient,47,48,97.91666666666667
305677,11,1105,110503,Control,BoSY,Grade 10,not proficient,40,40,100
500447,7,708,70801,Control,BoSY,Grade 10,not proficient,44,44,100
501305,7,708,70801,Control,BoSY,Grade 10,not proficient,31,32,96.875
305917,7,708,70801,Control,BoSY,Grade 10,not proficient,26,26,100
305722,7,703,70304,Control,BoSY,Grade 10,not proficient,44,44,100
312953,7,713,71306,Control,BoSY,Grade 10,not proficient,37,38,97.36842105263158
305498,11,1101,110101,Control,BoSY,Grade 10,not proficient,44,50,88
305669,11,1101,110101,Control,BoSY,Grade 10,not proficient,0,38,0
312960,7,710,71002,Control,BoSY,Grade 10,not proficient,42,42,100
309906,5,508,50811,Treatment,BoSY,Grade 10,low proficient,0,119,0
309934,5,508,50806,Treatment,BoSY,Grade 10,low proficient,0,29,0
301871,5,501,50107,Treatment,BoSY,Grade 10,low proficient,0,81,0
302134,5,508,50804,Treatment,BoSY,Grade 10,low proficient,0,123,0
302117,5,508,50803,Treatment,BoSY,Grade 10,low proficient,0,72,0
309909,5,508,50801,Treatment,BoSY,Grade 10,low proficient,0,91,0
309915,5,508,50801,Treatment,BoSY,Grade 10,low proficient,7,32,21.875
501544,5,508,50815,Treatment,BoSY,Grade 10,low proficient,5,83,6.024096385542169
301887,5,502,50205,Treatment,BoSY,Grade 10,low proficient,12,71,16.901408450704224
302175,5,508,50820,Treatment,BoSY,Grade 10,low proficient,6,94,6.382978723404255
302146,5,508,50812,Treatment,BoSY,Grade 10,low proficient,0,104,0
309921,5,508,50805,Treatment,BoSY,Grade 10,low proficient,0,54,0
302254,5,505,50501,Control,BoSY,Grade 10,low proficient,0,98,0
309513,5,501,50112,Control,BoSY,Grade 10,low proficient,1,105,0.9523809523809523
500163,5,508,50801,Control,BoSY,Grade 10,low proficient,5,67,7.462686567164179
302058,5,503,50333,Control,BoSY,Grade 10,low proficient,0,116,0
302192,5,511,51103,Control,BoSY,Grade 10,low proficient,22,265,8.30188679245283
302227,5,511,51105,Control,BoSY,Grade 10,low proficient,0,53,0
302252,5,505,50501,Control,BoSY,Grade 10,low proficient,15,70,21.428571428571427
309914,5,508,50806,Control,BoSY,Grade 10,low proficient,71,200,35.5
309711,5,503,50317,Control,BoSY,Grade 10,low proficient,6,48,12.5
301817,5,507,50701,Control,BoSY,Grade 10,low proficient,1,100,1
302165,5,508,50816,Control,BoSY,Grade 10,low proficient,0,52,0
301974,5,503,50311,Treatment,BoSY,Grade 10,low proficient,0,52,0
302256,5,505,50501,Control,BoSY,Grade 10,low proficient,0,116,0
301834,5,501,50106,Control,BoSY,Grade 10,low proficient,48,155,30.967741935483872
309760,5,503,50306,Control,BoSY,Grade 10,low proficient,1,49,2.0408163265306123
309936,5,508,50819,Control,BoSY,Grade 10,low proficient,2,55,3.6363636363636362
302203,5,511,51102,Control,BoSY,Grade 10,low proficient,0,38,0
302011,5,503,50314,Control,BoSY,Grade 10,low proficient,4,172,2.3255813953488373
500168,5,505,50501,Control,BoSY,Grade 10,low proficient,4,60,6.666666666666667
301947,5,503,50306,Control,BoSY,Grade 10,low proficient,15,348,4.310344827586207
309941,5,508,50812,Control,BoSY,Grade 10,low proficient,1,178,0.5617977528089888
301839,5,501,50111,Control,BoSY,Grade 10,low proficient,12,71,16.901408450704224
501843,5,508,50818,Treatment,BoSY,Grade 10,low proficient,4,15,26.666666666666668
302111,5,508,50801,Control,BoSY,Grade 10,low proficient,195,467,41.7558886509636
302133,5,509,50901,Control,BoSY,Grade 10,low proficient,0,127,0
301990,5,503,50317,Control,BoSY,Grade 10,low proficient,0,26,0
309937,5,508,50819,Control,BoSY,Grade 10,low proficient,15,69,21.73913043478261
302241,5,511,51105,Control,BoSY,Grade 10,low proficient,0,112,0
500167,5,505,50501,Control,BoSY,Grade 10,low proficient,0,58,0
309764,5,503,50320,Control,BoSY,Grade 10,low proficient,0,38,0
302205,5,511,51106,Control,BoSY,Grade 10,low proficient,0,87,0
302014,5,503,50302,Control,BoSY,Grade 10,low proficient,37,105,35.23809523809524
309740,5,503,50315,Control,BoSY,Grade 10,low proficient,0,63,0
309741,5,503,50315,Control,BoSY,Grade 10,low proficient,0,114,0
302161,5,508,50803,Treatment,BoSY,Grade 10,low proficient,6,80,7.5
302113,5,508,50818,Treatment,BoSY,Grade 10,low proficient,0,88,0
302127,5,508,50817,Control,BoSY,Grade 10,low proficient,0,34,0
301899,5,502,50205,Control,BoSY,Grade 10,low proficient,1,114,0.8771929824561403
309509,5,501,50113,Control,BoSY,Grade 10,low proficient,2,67,2.985074626865672
309903,5,508,50816,Control,BoSY,Grade 10,low proficient,0,55,0
301995,5,503,50310,Control,BoSY,Grade 10,low proficient,49,56,87.5
309702,5,503,50325,Control,BoSY,Grade 10,low proficient,0,211,0
501020,5,503,50310,Control,BoSY,Grade 10,low proficient,1,25,4
309743,5,503,50332,Control,BoSY,Grade 10,low proficient,9,96,9.375
301816,5,501,50101,Control,BoSY,Grade 10,low proficient,0,144,0
302054,5,503,50315,Control,BoSY,Grade 10,low proficient,1,95,1.0526315789473684
301862,5,507,50701,Control,BoSY,Grade 10,low proficient,3,202,1.4851485148514851
502477,5,501,50108,Control,BoSY,Grade 10,low proficient,0,0,NA
302283,5,513,51301,Control,BoSY,Grade 10,low proficient,38,298,12.751677852348994
301900,5,502,50206,Control,BoSY,Grade 10,low proficient,0,40,0
302123,5,508,50808,Control,BoSY,Grade 10,low proficient,0,54,0
309512,5,501,50110,Control,BoSY,Grade 10,low proficient,0,76,0
302284,5,513,51301,Control,BoSY,Grade 10,low proficient,0,175,0
500034,5,508,50819,Control,BoSY,Grade 10,low proficient,0,24,0
302043,5,503,50305,Control,BoSY,Grade 10,low proficient,3,197,1.5228426395939085
302182,5,511,51107,Control,BoSY,Grade 10,low proficient,0,99,0
301986,5,503,50334,Control,BoSY,Grade 10,low proficient,4,161,2.484472049689441
302109,5,508,50817,Control,BoSY,Grade 10,low proficient,4,240,1.6666666666666667
302061,5,503,50311,Control,BoSY,Grade 10,low proficient,0,56,0
309931,5,508,50802,Control,BoSY,Grade 10,low proficient,0,55,0
301984,5,503,50331,Control,BoSY,Grade 10,low proficient,66,189,34.92063492063492
302156,5,508,50803,Control,BoSY,Grade 10,low proficient,0,98,0
309705,5,503,50330,Control,BoSY,Grade 10,low proficient,0,82,0
500165,5,508,50804,Control,BoSY,Grade 10,low proficient,9,39,23.076923076923077
301930,5,503,50328,Control,BoSY,Grade 10,low proficient,0,78,0
302177,5,508,50806,Control,BoSY,Grade 10,low proficient,0,85,0
302282,5,513,51301,Control,BoSY,Grade 10,low proficient,8,171,4.678362573099415
502615,5,508,50802,Control,BoSY,Grade 10,low proficient,0,0,NA
302263,5,506,50601,Control,BoSY,Grade 10,low proficient,12,89,13.48314606741573
301826,5,501,50103,Control,BoSY,Grade 10,low proficient,5,13,38.46153846153846
305750,5,513,51301,Control,BoSY,Grade 10,low proficient,0,50,0
301870,5,501,50110,Control,BoSY,Grade 10,low proficient,11,116,9.482758620689655
302039,5,503,50316,Control,BoSY,Grade 10,low proficient,0,249,0
301868,5,501,50112,Control,BoSY,Grade 10,low proficient,4,210,1.9047619047619047
301963,5,503,50316,Control,BoSY,Grade 10,low proficient,18,148,12.162162162162161
340567,15,1505,150501,Treatment,BoSY,Grade 10,low proficient,0,189,0
320606,15,1515,151502,Treatment,BoSY,Grade 10,low proficient,262,347,75.50432276657061
320202,15,1511,151101,Treatment,BoSY,Grade 10,low proficient,1,133,0.7518796992481203
305310,15,1507,150703,Treatment,BoSY,Grade 10,low proficient,6,257,2.3346303501945527
305418,15,1513,151301,Treatment,BoSY,Grade 10,low proficient,154,1101,13.987284287011807
500565,15,1515,151502,Treatment,BoSY,Grade 10,low proficient,130,846,15.36643026004728
301258,4,413,41308,Treatment,BoSY,Grade 10,low proficient,36,472,7.627118644067797
301214,4,411,41101,Treatment,BoSY,Grade 10,low proficient,691,715,96.64335664335664
301497,4,414,41401,Treatment,BoSY,Grade 10,low proficient,27,356,7.584269662921348
305411,15,1515,151502,Treatment,BoSY,Grade 10,low proficient,192,984,19.51219512195122
305420,15,1513,151301,Treatment,BoSY,Grade 10,low proficient,162,1260,12.857142857142858
301231,4,413,41302,Control,BoSY,Grade 10,low proficient,8,190,4.2105263157894735
301188,4,402,40201,Control,BoSY,Grade 10,low proficient,12,653,1.8376722817764166
307913,4,413,41309,Control,BoSY,Grade 10,low proficient,60,285,21.05263157894737
500566,15,1507,150710,Control,BoSY,Grade 10,low proficient,3,777,0.3861003861003861
305453,15,1510,151001,Control,BoSY,Grade 10,low proficient,75,632,11.867088607594937
305311,15,1507,150702,Control,BoSY,Grade 10,low proficient,1,303,0.33003300330033003
301425,4,401,40101,Control,BoSY,Grade 10,low proficient,43,847,5.076741440377804
301202,4,408,40812,Control,BoSY,Grade 10,low proficient,75,320,23.4375
305412,15,1515,151502,Control,BoSY,Grade 10,low proficient,87,933,9.32475884244373
308105,4,417,41703,Control,BoSY,Grade 10,low proficient,420,756,55.55555555555556
305341,15,1514,151401,Control,BoSY,Grade 10,low proficient,103,1610,6.39751552795031
319604,15,1512,151201,Control,BoSY,Grade 10,low proficient,0,296,0
305568,15,1516,151601,Control,BoSY,Grade 10,low proficient,1,406,0.24630541871921183
305434,15,1503,150301,Control,BoSY,Grade 10,low proficient,38,771,4.9286640726329445
301464,4,417,41710,Control,BoSY,Grade 10,low proficient,149,546,27.28937728937729
305461,15,1515,151502,Control,BoSY,Grade 10,low proficient,23,285,8.070175438596491
305384,15,1501,150101,Control,BoSY,Grade 10,low proficient,21,459,4.57516339869281
301143,4,421,42101,Control,BoSY,Grade 10,low proficient,52,911,5.70801317233809
305340,15,1514,151401,Control,BoSY,Grade 10,low proficient,30,919,3.264417845484222
305302,15,1507,150709,Treatment,BoSY,Grade 10,low proficient,6,1088,0.5514705882352942
308103,4,417,41712,Control,BoSY,Grade 10,low proficient,8,257,3.11284046692607
308130,4,417,41711,Control,BoSY,Grade 10,low proficient,2,162,1.2345679012345678
301227,4,420,42001,Control,BoSY,Grade 10,low proficient,6,1249,0.4803843074459568
305334,15,1514,151401,Control,BoSY,Grade 10,low proficient,14,649,2.157164869029276
305367,15,1512,151201,Control,BoSY,Grade 10,low proficient,27,964,2.800829875518672
305635,15,1514,151401,Control,BoSY,Grade 10,low proficient,18,419,4.2959427207637235
301218,4,408,40814,Control,BoSY,Grade 10,low proficient,113,1823,6.1985737794843665
308501,4,415,41501,Control,BoSY,Grade 10,low proficient,3,523,0.5736137667304015
500332,15,1506,150601,Control,BoSY,Grade 10,low proficient,57,400,14.25
305471,15,1509,150901,Control,BoSY,Grade 10,low proficient,45,544,8.272058823529411
305376,15,1501,150101,Treatment,BoSY,Grade 10,low proficient,57,791,7.206068268015171
301432,4,417,41705,Control,BoSY,Grade 10,low proficient,43,489,8.793456032719837
305459,15,1515,151502,Control,BoSY,Grade 10,low proficient,19,995,1.9095477386934674
305313,15,1507,150708,Control,BoSY,Grade 10,low proficient,2,562,0.35587188612099646
301186,4,410,41001,Control,BoSY,Grade 10,low proficient,221,1581,13.978494623655914
301184,4,410,41001,Control,BoSY,Grade 10,low proficient,59,965,6.1139896373057
305295,15,1507,150710,Control,BoSY,Grade 10,low proficient,43,1267,3.393843725335438
301416,4,422,42201,Control,BoSY,Grade 10,low proficient,1,125,0.8
305450,15,1505,150501,Treatment,BoSY,Grade 10,low proficient,0,370,0
301403,4,416,41606,Control,BoSY,Grade 10,low proficient,36,434,8.294930875576037
301451,4,417,41708,Control,BoSY,Grade 10,low proficient,22,285,7.719298245614035
305338,15,1514,151401,Control,BoSY,Grade 10,low proficient,95,757,12.549537648612946
301257,4,413,41312,Control,BoSY,Grade 10,low proficient,125,1890,6.613756613756614
305416,15,1513,151301,Control,BoSY,Grade 10,low proficient,97,903,10.741971207087486
305337,15,1514,151401,Control,BoSY,Grade 10,low proficient,38,1806,2.104097452934662
305353,15,1514,151401,Control,BoSY,Grade 10,low proficient,9,419,2.1479713603818618
301197,4,408,40812,Control,BoSY,Grade 10,low proficient,97,348,27.873563218390803
301236,4,413,41308,Treatment,BoSY,Grade 10,low proficient,4,239,1.6736401673640167
305444,15,1516,151601,Control,BoSY,Grade 10,low proficient,6,365,1.643835616438356
320306,15,1503,150301,Control,BoSY,Grade 10,low proficient,19,736,2.5815217391304346
301489,4,414,41401,Control,BoSY,Grade 10,low proficient,7,294,2.380952380952381
301507,4,418,41801,Control,BoSY,Grade 10,low proficient,1,130,0.7692307692307693
301456,4,417,41710,Control,BoSY,Grade 10,low proficient,45,492,9.146341463414634
301238,4,413,41303,Control,BoSY,Grade 10,low proficient,36,513,7.017543859649122
305438,15,1516,151601,Control,BoSY,Grade 10,low proficient,20,891,2.244668911335578
305324,15,1514,151401,Control,BoSY,Grade 10,low proficient,28,294,9.523809523809524
305454,15,1510,151001,Control,BoSY,Grade 10,low proficient,8,128,6.25
308122,4,417,41708,Control,BoSY,Grade 10,low proficient,3,188,1.5957446808510638
301508,4,418,41801,Control,BoSY,Grade 10,low proficient,15,243,6.172839506172839
305465,15,1515,151502,Control,BoSY,Grade 10,low proficient,21,846,2.482269503546099
305428,15,1511,151101,Control,BoSY,Grade 10,low proficient,2,378,0.5291005291005291
301175,4,408,40807,Control,BoSY,Grade 10,low proficient,222,549,40.43715846994535
301437,4,417,41704,Control,BoSY,Grade 10,low proficient,38,920,4.130434782608695
320204,15,1511,151101,Control,BoSY,Grade 10,low proficient,11,501,2.1956087824351296
305447,15,1505,150501,Control,BoSY,Grade 10,low proficient,36,578,6.228373702422146
301438,4,417,41704,Control,BoSY,Grade 10,low proficient,19,450,4.222222222222222
308135,4,417,41708,Control,BoSY,Grade 10,low proficient,180,412,43.689320388349515
301418,4,401,40101,Control,BoSY,Grade 10,low proficient,2,2668,0.07496251874062969
305288,15,1507,150710,Control,BoSY,Grade 10,low proficient,18,616,2.9220779220779223
301265,4,413,41301,Control,BoSY,Grade 10,low proficient,3,396,0.7575757575757576
305442,15,1516,151601,Control,BoSY,Grade 10,low proficient,3,270,1.1111111111111112
500339,15,1505,150501,Control,BoSY,Grade 10,low proficient,266,364,73.07692307692308
305435,15,1503,150301,Control,BoSY,Grade 10,low proficient,109,427,25.526932084309134
308134,4,417,41708,Control,BoSY,Grade 10,low proficient,210,552,38.04347826086956
305452,15,1505,150501,Control,BoSY,Grade 10,low proficient,25,635,3.937007874015748
312330,7,703,70308,Treatment,BoSY,Grade 10,low proficient,1,88,1.1363636363636365
305710,7,703,70302,Treatment,BoSY,Grade 10,low proficient,0,78,0
305655,11,1101,110101,Treatment,BoSY,Grade 10,low proficient,8,25,32
305581,7,703,70303,Treatment,BoSY,Grade 10,low proficient,1,40,2.5
303130,7,703,70309,Treatment,BoSY,Grade 10,low proficient,57,208,27.403846153846153
312354,7,703,70309,Treatment,BoSY,Grade 10,low proficient,0,24,0
305849,11,1105,110503,Treatment,BoSY,Grade 10,low proficient,0,18,0
305500,11,1101,110101,Treatment,BoSY,Grade 10,low proficient,2,29,6.896551724137931
312355,7,703,70304,Treatment,BoSY,Grade 10,low proficient,0,44,0
501903,11,1110,111001,Treatment,BoSY,Grade 10,low proficient,2,23,8.695652173913043
500665,7,705,70527,Control,BoSY,Grade 10,low proficient,1,77,1.2987012987012987
312462,7,705,70520,Control,BoSY,Grade 10,low proficient,0,16,0
306038,11,1102,110202,Control,BoSY,Grade 10,low proficient,2,29,6.896551724137931
500221,7,705,70527,Control,BoSY,Grade 10,low proficient,0,28,0
500744,7,708,70801,Control,BoSY,Grade 10,low proficient,0,41,0
305884,11,1101,110101,Control,BoSY,Grade 10,low proficient,13,99,13.131313131313131
303170,7,709,70901,Control,BoSY,Grade 10,low proficient,0,51,0
500787,7,708,70801,Control,BoSY,Grade 10,low proficient,0,49,0
500667,7,705,70528,Control,BoSY,Grade 10,low proficient,0,50,0
501071,11,1101,110101,Control,BoSY,Grade 10,low proficient,0,22,0
303046,7,705,70527,Control,BoSY,Grade 10,low proficient,5,94,5.319148936170213
325303,7,707,70701,Control,BoSY,Grade 10,low proficient,71,96,73.95833333333333
500208,7,703,70305,Control,BoSY,Grade 10,low proficient,2,13,15.384615384615385
312401,7,705,70525,Control,BoSY,Grade 10,low proficient,6,120,5
303136,7,706,70601,Control,BoSY,Grade 10,low proficient,0,66,0
312435,7,707,70701,Control,BoSY,Grade 10,low proficient,13,34,38.23529411764706
502186,11,1101,110101,Control,BoSY,Grade 10,low proficient,0,14,0
500782,7,708,70801,Control,BoSY,Grade 10,low proficient,6,221,2.7149321266968327
306086,11,1106,110606,Control,BoSY,Grade 10,low proficient,0,19,0
305755,7,705,70529,Control,BoSY,Grade 10,low proficient,2,92,2.1739130434782608
305665,11,1101,110101,Control,BoSY,Grade 10,low proficient,10,14,71.42857142857143
501635,7,703,70301,Control,BoSY,Grade 10,low proficient,0,60,0
305843,11,1110,111001,Control,BoSY,Grade 10,low proficient,7,38,18.42105263157895
500894,7,705,70517,Control,BoSY,Grade 10,low proficient,0,85,0
500671,7,705,70506,Control,BoSY,Grade 10,low proficient,0,38,0
305847,11,1105,110503,Control,BoSY,Grade 10,low proficient,0,25,0
500784,7,708,70801,Control,BoSY,Grade 10,low proficient,0,10,0
501267,7,705,70525,Control,BoSY,Grade 10,low proficient,0,26,0
306000,7,705,70525,Control,BoSY,Grade 10,low proficient,0,28,0
305517,11,1106,110608,Control,BoSY,Grade 10,low proficient,0,35,0
305713,7,710,71001,Control,BoSY,Grade 10,low proficient,26,27,96.29629629629629
500768,7,705,70521,Control,BoSY,Grade 10,low proficient,0,84,0
316303,11,1107,110701,Control,BoSY,Grade 10,low proficient,0,53,0
316304,11,1107,110701,Control,BoSY,Grade 10,low proficient,0,68,0
305506,11,1101,110101,Control,BoSY,Grade 10,low proficient,4,11,36.36363636363637
500421,7,705,70507,Control,BoSY,Grade 10,low proficient,0,124,0
305681,11,1110,111001,Control,BoSY,Grade 10,low proficient,3,160,1.875
303186,7,711,71101,Control,BoSY,Grade 10,low proficient,10,89,11.235955056179776
501429,7,714,71402,Control,BoSY,Grade 10,low proficient,24,68,35.294117647058826
305844,11,1103,110303,Control,BoSY,Grade 10,low proficient,1,46,2.1739130434782608
305965,11,1110,111001,Control,BoSY,Grade 10,low proficient,0,59,0
501076,11,1103,110305,Control,BoSY,Grade 10,low proficient,0,14,0
305889,11,1101,110101,Control,BoSY,Grade 10,low proficient,44,48,91.66666666666667
501074,11,1103,110306,Control,BoSY,Grade 10,low proficient,0,22,0
312408,7,705,70530,Control,BoSY,Grade 10,low proficient,0,54,0
501351,7,705,70522,Control,BoSY,Grade 10,low proficient,22,63,34.92063492063492
501404,11,1101,110101,Control,BoSY,Grade 10,low proficient,1,15,6.666666666666667
305660,11,1101,110101,Control,BoSY,Grade 10,low proficient,1,30,3.3333333333333335
303219,7,701,70101,Control,BoSY,Grade 10,low proficient,0,113,0
312450,7,705,70522,Control,BoSY,Grade 10,low proficient,51,102,50
324903,7,704,70401,Control,BoSY,Grade 10,low proficient,0,27,0
501065,11,1101,110101,Control,BoSY,Grade 10,low proficient,0,110,0
312451,7,705,70532,Control,BoSY,Grade 10,low proficient,21,61,34.42622950819672
501763,11,1103,110305,Control,BoSY,Grade 10,low proficient,1,9,11.11111111111111
316405,11,1110,111001,Control,BoSY,Grade 10,low proficient,20,103,19.41747572815534
316404,11,1110,111001,Control,BoSY,Grade 10,low proficient,0,35,0
316301,11,1107,110701,Control,BoSY,Grade 10,low proficient,3,121,2.479338842975207
312910,7,710,71001,Control,BoSY,Grade 10,low proficient,0,75,0
303011,7,705,70512,Control,BoSY,Grade 10,low proficient,0,36,0
305651,11,1101,110101,Control,BoSY,Grade 10,low proficient,10,28,35.714285714285715
305662,11,1101,110101,Control,BoSY,Grade 10,low proficient,0,24,0
305850,11,1105,110503,Control,BoSY,Grade 10,low proficient,0,15,0
312481,7,705,70518,Control,BoSY,Grade 10,low proficient,10,172,5.813953488372093
304409,11,1110,111001,Control,BoSY,Grade 10,low proficient,13,88,14.772727272727273
303246,7,713,71303,Control,BoSY,Grade 10,low proficient,0,86,0
501405,11,1101,110101,Control,BoSY,Grade 10,low proficient,1,48,2.0833333333333335
305677,11,1105,110503,Control,BoSY,Grade 10,low proficient,0,40,0
500447,7,708,70801,Control,BoSY,Grade 10,low proficient,0,44,0
501305,7,708,70801,Control,BoSY,Grade 10,low proficient,1,32,3.125
305917,7,708,70801,Control,BoSY,Grade 10,low proficient,0,26,0
305722,7,703,70304,Control,BoSY,Grade 10,low proficient,0,44,0
312953,7,713,71306,Control,BoSY,Grade 10,low proficient,1,38,2.6315789473684212
305498,11,1101,110101,Control,BoSY,Grade 10,low proficient,6,50,12
305669,11,1101,110101,Control,BoSY,Grade 10,low proficient,15,38,39.473684210526315
312960,7,710,71002,Control,BoSY,Grade 10,low proficient,0,42,0
309906,5,508,50811,Treatment,BoSY,Grade 10,nearly proficient,0,119,0
309934,5,508,50806,Treatment,BoSY,Grade 10,nearly proficient,0,29,0
301871,5,501,50107,Treatment,BoSY,Grade 10,nearly proficient,0,81,0
302134,5,508,50804,Treatment,BoSY,Grade 10,nearly proficient,0,123,0
302117,5,508,50803,Treatment,BoSY,Grade 10,nearly proficient,0,72,0
309909,5,508,50801,Treatment,BoSY,Grade 10,nearly proficient,0,91,0
309915,5,508,50801,Treatment,BoSY,Grade 10,nearly proficient,0,32,0
501544,5,508,50815,Treatment,BoSY,Grade 10,nearly proficient,1,83,1.2048192771084338
301887,5,502,50205,Treatment,BoSY,Grade 10,nearly proficient,0,71,0
302175,5,508,50820,Treatment,BoSY,Grade 10,nearly proficient,0,94,0
302146,5,508,50812,Treatment,BoSY,Grade 10,nearly proficient,0,104,0
309921,5,508,50805,Treatment,BoSY,Grade 10,nearly proficient,0,54,0
302254,5,505,50501,Control,BoSY,Grade 10,nearly proficient,0,98,0
309513,5,501,50112,Control,BoSY,Grade 10,nearly proficient,0,105,0
500163,5,508,50801,Control,BoSY,Grade 10,nearly proficient,0,67,0
302058,5,503,50333,Control,BoSY,Grade 10,nearly proficient,0,116,0
302192,5,511,51103,Control,BoSY,Grade 10,nearly proficient,0,265,0
302227,5,511,51105,Control,BoSY,Grade 10,nearly proficient,0,53,0
302252,5,505,50501,Control,BoSY,Grade 10,nearly proficient,0,70,0
309914,5,508,50806,Control,BoSY,Grade 10,nearly proficient,0,200,0
309711,5,503,50317,Control,BoSY,Grade 10,nearly proficient,0,48,0
301817,5,507,50701,Control,BoSY,Grade 10,nearly proficient,0,100,0
302165,5,508,50816,Control,BoSY,Grade 10,nearly proficient,0,52,0
301974,5,503,50311,Treatment,BoSY,Grade 10,nearly proficient,0,52,0
302256,5,505,50501,Control,BoSY,Grade 10,nearly proficient,0,116,0
301834,5,501,50106,Control,BoSY,Grade 10,nearly proficient,0,155,0
309760,5,503,50306,Control,BoSY,Grade 10,nearly proficient,0,49,0
309936,5,508,50819,Control,BoSY,Grade 10,nearly proficient,0,55,0
302203,5,511,51102,Control,BoSY,Grade 10,nearly proficient,0,38,0
302011,5,503,50314,Control,BoSY,Grade 10,nearly proficient,0,172,0
500168,5,505,50501,Control,BoSY,Grade 10,nearly proficient,0,60,0
301947,5,503,50306,Control,BoSY,Grade 10,nearly proficient,0,348,0
309941,5,508,50812,Control,BoSY,Grade 10,nearly proficient,0,178,0
301839,5,501,50111,Control,BoSY,Grade 10,nearly proficient,7,71,9.859154929577464
501843,5,508,50818,Treatment,BoSY,Grade 10,nearly proficient,0,15,0
302111,5,508,50801,Control,BoSY,Grade 10,nearly proficient,1,467,0.21413276231263384
302133,5,509,50901,Control,BoSY,Grade 10,nearly proficient,0,127,0
301990,5,503,50317,Control,BoSY,Grade 10,nearly proficient,0,26,0
309937,5,508,50819,Control,BoSY,Grade 10,nearly proficient,1,69,1.4492753623188406
302241,5,511,51105,Control,BoSY,Grade 10,nearly proficient,0,112,0
500167,5,505,50501,Control,BoSY,Grade 10,nearly proficient,0,58,0
309764,5,503,50320,Control,BoSY,Grade 10,nearly proficient,0,38,0
302205,5,511,51106,Control,BoSY,Grade 10,nearly proficient,0,87,0
302014,5,503,50302,Control,BoSY,Grade 10,nearly proficient,0,105,0
309740,5,503,50315,Control,BoSY,Grade 10,nearly proficient,0,63,0
309741,5,503,50315,Control,BoSY,Grade 10,nearly proficient,0,114,0
302161,5,508,50803,Treatment,BoSY,Grade 10,nearly proficient,0,80,0
302113,5,508,50818,Treatment,BoSY,Grade 10,nearly proficient,0,88,0
302127,5,508,50817,Control,BoSY,Grade 10,nearly proficient,0,34,0
301899,5,502,50205,Control,BoSY,Grade 10,nearly proficient,0,114,0
309509,5,501,50113,Control,BoSY,Grade 10,nearly proficient,0,67,0
309903,5,508,50816,Control,BoSY,Grade 10,nearly proficient,0,55,0
301995,5,503,50310,Control,BoSY,Grade 10,nearly proficient,3,56,5.357142857142857
309702,5,503,50325,Control,BoSY,Grade 10,nearly proficient,0,211,0
501020,5,503,50310,Control,BoSY,Grade 10,nearly proficient,0,25,0
309743,5,503,50332,Control,BoSY,Grade 10,nearly proficient,0,96,0
301816,5,501,50101,Control,BoSY,Grade 10,nearly proficient,0,144,0
302054,5,503,50315,Control,BoSY,Grade 10,nearly proficient,0,95,0
301862,5,507,50701,Control,BoSY,Grade 10,nearly proficient,0,202,0
502477,5,501,50108,Control,BoSY,Grade 10,nearly proficient,0,0,NA
302283,5,513,51301,Control,BoSY,Grade 10,nearly proficient,0,298,0
301900,5,502,50206,Control,BoSY,Grade 10,nearly proficient,0,40,0
302123,5,508,50808,Control,BoSY,Grade 10,nearly proficient,0,54,0
309512,5,501,50110,Control,BoSY,Grade 10,nearly proficient,0,76,0
302284,5,513,51301,Control,BoSY,Grade 10,nearly proficient,0,175,0
500034,5,508,50819,Control,BoSY,Grade 10,nearly proficient,0,24,0
302043,5,503,50305,Control,BoSY,Grade 10,nearly proficient,0,197,0
302182,5,511,51107,Control,BoSY,Grade 10,nearly proficient,0,99,0
301986,5,503,50334,Control,BoSY,Grade 10,nearly proficient,0,161,0
302109,5,508,50817,Control,BoSY,Grade 10,nearly proficient,0,240,0
302061,5,503,50311,Control,BoSY,Grade 10,nearly proficient,0,56,0
309931,5,508,50802,Control,BoSY,Grade 10,nearly proficient,0,55,0
301984,5,503,50331,Control,BoSY,Grade 10,nearly proficient,1,189,0.5291005291005291
302156,5,508,50803,Control,BoSY,Grade 10,nearly proficient,0,98,0
309705,5,503,50330,Control,BoSY,Grade 10,nearly proficient,0,82,0
500165,5,508,50804,Control,BoSY,Grade 10,nearly proficient,13,39,33.333333333333336
301930,5,503,50328,Control,BoSY,Grade 10,nearly proficient,0,78,0
302177,5,508,50806,Control,BoSY,Grade 10,nearly proficient,0,85,0
302282,5,513,51301,Control,BoSY,Grade 10,nearly proficient,0,171,0
502615,5,508,50802,Control,BoSY,Grade 10,nearly proficient,0,0,NA
302263,5,506,50601,Control,BoSY,Grade 10,nearly proficient,0,89,0
301826,5,501,50103,Control,BoSY,Grade 10,nearly proficient,0,13,0
305750,5,513,51301,Control,BoSY,Grade 10,nearly proficient,0,50,0
301870,5,501,50110,Control,BoSY,Grade 10,nearly proficient,0,116,0
302039,5,503,50316,Control,BoSY,Grade 10,nearly proficient,0,249,0
301868,5,501,50112,Control,BoSY,Grade 10,nearly proficient,0,210,0
301963,5,503,50316,Control,BoSY,Grade 10,nearly proficient,0,148,0
340567,15,1505,150501,Treatment,BoSY,Grade 10,nearly proficient,0,189,0
320606,15,1515,151502,Treatment,BoSY,Grade 10,nearly proficient,0,347,0
320202,15,1511,151101,Treatment,BoSY,Grade 10,nearly proficient,0,133,0
305310,15,1507,150703,Treatment,BoSY,Grade 10,nearly proficient,0,257,0
305418,15,1513,151301,Treatment,BoSY,Grade 10,nearly proficient,4,1101,0.36330608537693004
500565,15,1515,151502,Treatment,BoSY,Grade 10,nearly proficient,253,846,29.905437352245862
301258,4,413,41308,Treatment,BoSY,Grade 10,nearly proficient,1,472,0.211864406779661
301214,4,411,41101,Treatment,BoSY,Grade 10,nearly proficient,4,715,0.5594405594405595
301497,4,414,41401,Treatment,BoSY,Grade 10,nearly proficient,1,356,0.2808988764044944
305411,15,1515,151502,Treatment,BoSY,Grade 10,nearly proficient,3,984,0.3048780487804878
305420,15,1513,151301,Treatment,BoSY,Grade 10,nearly proficient,4,1260,0.31746031746031744
301231,4,413,41302,Control,BoSY,Grade 10,nearly proficient,0,190,0
301188,4,402,40201,Control,BoSY,Grade 10,nearly proficient,1,653,0.15313935681470137
307913,4,413,41309,Control,BoSY,Grade 10,nearly proficient,0,285,0
500566,15,1507,150710,Control,BoSY,Grade 10,nearly proficient,0,777,0
305453,15,1510,151001,Control,BoSY,Grade 10,nearly proficient,0,632,0
305311,15,1507,150702,Control,BoSY,Grade 10,nearly proficient,0,303,0
301425,4,401,40101,Control,BoSY,Grade 10,nearly proficient,0,847,0
301202,4,408,40812,Control,BoSY,Grade 10,nearly proficient,13,320,4.0625
305412,15,1515,151502,Control,BoSY,Grade 10,nearly proficient,0,933,0
308105,4,417,41703,Control,BoSY,Grade 10,nearly proficient,7,756,0.9259259259259259
305341,15,1514,151401,Control,BoSY,Grade 10,nearly proficient,0,1610,0
319604,15,1512,151201,Control,BoSY,Grade 10,nearly proficient,0,296,0
305568,15,1516,151601,Control,BoSY,Grade 10,nearly proficient,0,406,0
305434,15,1503,150301,Control,BoSY,Grade 10,nearly proficient,0,771,0
301464,4,417,41710,Control,BoSY,Grade 10,nearly proficient,16,546,2.93040293040293
305461,15,1515,151502,Control,BoSY,Grade 10,nearly proficient,31,285,10.87719298245614
305384,15,1501,150101,Control,BoSY,Grade 10,nearly proficient,0,459,0
301143,4,421,42101,Control,BoSY,Grade 10,nearly proficient,8,911,0.8781558726673985
305340,15,1514,151401,Control,BoSY,Grade 10,nearly proficient,0,919,0
305302,15,1507,150709,Treatment,BoSY,Grade 10,nearly proficient,0,1088,0
308103,4,417,41712,Control,BoSY,Grade 10,nearly proficient,0,257,0
308130,4,417,41711,Control,BoSY,Grade 10,nearly proficient,0,162,0
301227,4,420,42001,Control,BoSY,Grade 10,nearly proficient,0,1249,0
305334,15,1514,151401,Control,BoSY,Grade 10,nearly proficient,0,649,0
305367,15,1512,151201,Control,BoSY,Grade 10,nearly proficient,0,964,0
305635,15,1514,151401,Control,BoSY,Grade 10,nearly proficient,0,419,0
301218,4,408,40814,Control,BoSY,Grade 10,nearly proficient,2,1823,0.10970927043335162
308501,4,415,41501,Control,BoSY,Grade 10,nearly proficient,0,523,0
500332,15,1506,150601,Control,BoSY,Grade 10,nearly proficient,5,400,1.25
305471,15,1509,150901,Control,BoSY,Grade 10,nearly proficient,1,544,0.18382352941176472
305376,15,1501,150101,Treatment,BoSY,Grade 10,nearly proficient,1,791,0.1264222503160556
301432,4,417,41705,Control,BoSY,Grade 10,nearly proficient,0,489,0
305459,15,1515,151502,Control,BoSY,Grade 10,nearly proficient,0,995,0
305313,15,1507,150708,Control,BoSY,Grade 10,nearly proficient,0,562,0
301186,4,410,41001,Control,BoSY,Grade 10,nearly proficient,14,1581,0.8855154965211891
301184,4,410,41001,Control,BoSY,Grade 10,nearly proficient,0,965,0
305295,15,1507,150710,Control,BoSY,Grade 10,nearly proficient,0,1267,0
301416,4,422,42201,Control,BoSY,Grade 10,nearly proficient,0,125,0
305450,15,1505,150501,Treatment,BoSY,Grade 10,nearly proficient,0,370,0
301403,4,416,41606,Control,BoSY,Grade 10,nearly proficient,1,434,0.2304147465437788
301451,4,417,41708,Control,BoSY,Grade 10,nearly proficient,0,285,0
305338,15,1514,151401,Control,BoSY,Grade 10,nearly proficient,6,757,0.7926023778071334
301257,4,413,41312,Control,BoSY,Grade 10,nearly proficient,0,1890,0
305416,15,1513,151301,Control,BoSY,Grade 10,nearly proficient,1,903,0.11074197120708748
305337,15,1514,151401,Control,BoSY,Grade 10,nearly proficient,2,1806,0.11074197120708748
305353,15,1514,151401,Control,BoSY,Grade 10,nearly proficient,0,419,0
301197,4,408,40812,Control,BoSY,Grade 10,nearly proficient,8,348,2.2988505747126435
301236,4,413,41308,Treatment,BoSY,Grade 10,nearly proficient,0,239,0
305444,15,1516,151601,Control,BoSY,Grade 10,nearly proficient,0,365,0
320306,15,1503,150301,Control,BoSY,Grade 10,nearly proficient,0,736,0
301489,4,414,41401,Control,BoSY,Grade 10,nearly proficient,0,294,0
301507,4,418,41801,Control,BoSY,Grade 10,nearly proficient,0,130,0
301456,4,417,41710,Control,BoSY,Grade 10,nearly proficient,32,492,6.504065040650406
301238,4,413,41303,Control,BoSY,Grade 10,nearly proficient,0,513,0
305438,15,1516,151601,Control,BoSY,Grade 10,nearly proficient,0,891,0
305324,15,1514,151401,Control,BoSY,Grade 10,nearly proficient,0,294,0
305454,15,1510,151001,Control,BoSY,Grade 10,nearly proficient,0,128,0
308122,4,417,41708,Control,BoSY,Grade 10,nearly proficient,0,188,0
301508,4,418,41801,Control,BoSY,Grade 10,nearly proficient,0,243,0
305465,15,1515,151502,Control,BoSY,Grade 10,nearly proficient,0,846,0
305428,15,1511,151101,Control,BoSY,Grade 10,nearly proficient,0,378,0
301175,4,408,40807,Control,BoSY,Grade 10,nearly proficient,17,549,3.096539162112933
301437,4,417,41704,Control,BoSY,Grade 10,nearly proficient,0,920,0
320204,15,1511,151101,Control,BoSY,Grade 10,nearly proficient,0,501,0
305447,15,1505,150501,Control,BoSY,Grade 10,nearly proficient,0,578,0
301438,4,417,41704,Control,BoSY,Grade 10,nearly proficient,0,450,0
308135,4,417,41708,Control,BoSY,Grade 10,nearly proficient,0,412,0
301418,4,401,40101,Control,BoSY,Grade 10,nearly proficient,0,2668,0
305288,15,1507,150710,Control,BoSY,Grade 10,nearly proficient,0,616,0
301265,4,413,41301,Control,BoSY,Grade 10,nearly proficient,0,396,0
305442,15,1516,151601,Control,BoSY,Grade 10,nearly proficient,0,270,0
500339,15,1505,150501,Control,BoSY,Grade 10,nearly proficient,0,364,0
305435,15,1503,150301,Control,BoSY,Grade 10,nearly proficient,1,427,0.234192037470726
308134,4,417,41708,Control,BoSY,Grade 10,nearly proficient,2,552,0.36231884057971014
305452,15,1505,150501,Control,BoSY,Grade 10,nearly proficient,0,635,0
312330,7,703,70308,Treatment,BoSY,Grade 10,nearly proficient,0,88,0
305710,7,703,70302,Treatment,BoSY,Grade 10,nearly proficient,0,78,0
305655,11,1101,110101,Treatment,BoSY,Grade 10,nearly proficient,6,25,24
305581,7,703,70303,Treatment,BoSY,Grade 10,nearly proficient,0,40,0
303130,7,703,70309,Treatment,BoSY,Grade 10,nearly proficient,0,208,0
312354,7,703,70309,Treatment,BoSY,Grade 10,nearly proficient,0,24,0
305849,11,1105,110503,Treatment,BoSY,Grade 10,nearly proficient,0,18,0
305500,11,1101,110101,Treatment,BoSY,Grade 10,nearly proficient,0,29,0
312355,7,703,70304,Treatment,BoSY,Grade 10,nearly proficient,0,44,0
501903,11,1110,111001,Treatment,BoSY,Grade 10,nearly proficient,0,23,0
500665,7,705,70527,Control,BoSY,Grade 10,nearly proficient,0,77,0
312462,7,705,70520,Control,BoSY,Grade 10,nearly proficient,0,16,0
306038,11,1102,110202,Control,BoSY,Grade 10,nearly proficient,0,29,0
500221,7,705,70527,Control,BoSY,Grade 10,nearly proficient,0,28,0
500744,7,708,70801,Control,BoSY,Grade 10,nearly proficient,0,41,0
305884,11,1101,110101,Control,BoSY,Grade 10,nearly proficient,84,99,84.84848484848484
303170,7,709,70901,Control,BoSY,Grade 10,nearly proficient,0,51,0
500787,7,708,70801,Control,BoSY,Grade 10,nearly proficient,0,49,0
500667,7,705,70528,Control,BoSY,Grade 10,nearly proficient,0,50,0
501071,11,1101,110101,Control,BoSY,Grade 10,nearly proficient,0,22,0
303046,7,705,70527,Control,BoSY,Grade 10,nearly proficient,0,94,0
325303,7,707,70701,Control,BoSY,Grade 10,nearly proficient,10,96,10.416666666666666
500208,7,703,70305,Control,BoSY,Grade 10,nearly proficient,0,13,0
312401,7,705,70525,Control,BoSY,Grade 10,nearly proficient,0,120,0
303136,7,706,70601,Control,BoSY,Grade 10,nearly proficient,0,66,0
312435,7,707,70701,Control,BoSY,Grade 10,nearly proficient,0,34,0
502186,11,1101,110101,Control,BoSY,Grade 10,nearly proficient,0,14,0
500782,7,708,70801,Control,BoSY,Grade 10,nearly proficient,0,221,0
306086,11,1106,110606,Control,BoSY,Grade 10,nearly proficient,0,19,0
305755,7,705,70529,Control,BoSY,Grade 10,nearly proficient,0,92,0
305665,11,1101,110101,Control,BoSY,Grade 10,nearly proficient,4,14,28.571428571428573
501635,7,703,70301,Control,BoSY,Grade 10,nearly proficient,0,60,0
305843,11,1110,111001,Control,BoSY,Grade 10,nearly proficient,0,38,0
500894,7,705,70517,Control,BoSY,Grade 10,nearly proficient,0,85,0
500671,7,705,70506,Control,BoSY,Grade 10,nearly proficient,0,38,0
305847,11,1105,110503,Control,BoSY,Grade 10,nearly proficient,0,25,0
500784,7,708,70801,Control,BoSY,Grade 10,nearly proficient,0,10,0
501267,7,705,70525,Control,BoSY,Grade 10,nearly proficient,0,26,0
306000,7,705,70525,Control,BoSY,Grade 10,nearly proficient,0,28,0
305517,11,1106,110608,Control,BoSY,Grade 10,nearly proficient,0,35,0
305713,7,710,71001,Control,BoSY,Grade 10,nearly proficient,0,27,0
500768,7,705,70521,Control,BoSY,Grade 10,nearly proficient,0,84,0
316303,11,1107,110701,Control,BoSY,Grade 10,nearly proficient,0,53,0
316304,11,1107,110701,Control,BoSY,Grade 10,nearly proficient,0,68,0
305506,11,1101,110101,Control,BoSY,Grade 10,nearly proficient,6,11,54.54545454545455
500421,7,705,70507,Control,BoSY,Grade 10,nearly proficient,0,124,0
305681,11,1110,111001,Control,BoSY,Grade 10,nearly proficient,0,160,0
303186,7,711,71101,Control,BoSY,Grade 10,nearly proficient,0,89,0
501429,7,714,71402,Control,BoSY,Grade 10,nearly proficient,0,68,0
305844,11,1103,110303,Control,BoSY,Grade 10,nearly proficient,0,46,0
305965,11,1110,111001,Control,BoSY,Grade 10,nearly proficient,0,59,0
501076,11,1103,110305,Control,BoSY,Grade 10,nearly proficient,0,14,0
305889,11,1101,110101,Control,BoSY,Grade 10,nearly proficient,0,48,0
501074,11,1103,110306,Control,BoSY,Grade 10,nearly proficient,0,22,0
312408,7,705,70530,Control,BoSY,Grade 10,nearly proficient,0,54,0
501351,7,705,70522,Control,BoSY,Grade 10,nearly proficient,24,63,38.095238095238095
501404,11,1101,110101,Control,BoSY,Grade 10,nearly proficient,0,15,0
305660,11,1101,110101,Control,BoSY,Grade 10,nearly proficient,0,30,0
303219,7,701,70101,Control,BoSY,Grade 10,nearly proficient,0,113,0
312450,7,705,70522,Control,BoSY,Grade 10,nearly proficient,24,102,23.529411764705884
324903,7,704,70401,Control,BoSY,Grade 10,nearly proficient,0,27,0
501065,11,1101,110101,Control,BoSY,Grade 10,nearly proficient,0,110,0
312451,7,705,70532,Control,BoSY,Grade 10,nearly proficient,9,61,14.754098360655737
501763,11,1103,110305,Control,BoSY,Grade 10,nearly proficient,0,9,0
316405,11,1110,111001,Control,BoSY,Grade 10,nearly proficient,1,103,0.970873786407767
316404,11,1110,111001,Control,BoSY,Grade 10,nearly proficient,0,35,0
316301,11,1107,110701,Control,BoSY,Grade 10,nearly proficient,5,121,4.132231404958677
312910,7,710,71001,Control,BoSY,Grade 10,nearly proficient,0,75,0
303011,7,705,70512,Control,BoSY,Grade 10,nearly proficient,0,36,0
305651,11,1101,110101,Control,BoSY,Grade 10,nearly proficient,8,28,28.571428571428573
305662,11,1101,110101,Control,BoSY,Grade 10,nearly proficient,0,24,0
305850,11,1105,110503,Control,BoSY,Grade 10,nearly proficient,0,15,0
312481,7,705,70518,Control,BoSY,Grade 10,nearly proficient,0,172,0
304409,11,1110,111001,Control,BoSY,Grade 10,nearly proficient,13,88,14.772727272727273
303246,7,713,71303,Control,BoSY,Grade 10,nearly proficient,0,86,0
501405,11,1101,110101,Control,BoSY,Grade 10,nearly proficient,0,48,0
305677,11,1105,110503,Control,BoSY,Grade 10,nearly proficient,0,40,0
500447,7,708,70801,Control,BoSY,Grade 10,nearly proficient,0,44,0
501305,7,708,70801,Control,BoSY,Grade 10,nearly proficient,0,32,0
305917,7,708,70801,Control,BoSY,Grade 10,nearly proficient,0,26,0
305722,7,703,70304,Control,BoSY,Grade 10,nearly proficient,0,44,0
312953,7,713,71306,Control,BoSY,Grade 10,nearly proficient,0,38,0
305498,11,1101,110101,Control,BoSY,Grade 10,nearly proficient,0,50,0
305669,11,1101,110101,Control,BoSY,Grade 10,nearly proficient,21,38,55.26315789473684
312960,7,710,71002,Control,BoSY,Grade 10,nearly proficient,0,42,0
309906,5,508,50811,Treatment,BoSY,Grade 10,proficient,0,119,0
309934,5,508,50806,Treatment,BoSY,Grade 10,proficient,0,29,0
301871,5,501,50107,Treatment,BoSY,Grade 10,proficient,0,81,0
302134,5,508,50804,Treatment,BoSY,Grade 10,proficient,0,123,0
302117,5,508,50803,Treatment,BoSY,Grade 10,proficient,0,72,0
309909,5,508,50801,Treatment,BoSY,Grade 10,proficient,0,91,0
309915,5,508,50801,Treatment,BoSY,Grade 10,proficient,0,32,0
501544,5,508,50815,Treatment,BoSY,Grade 10,proficient,0,83,0
301887,5,502,50205,Treatment,BoSY,Grade 10,proficient,0,71,0
302175,5,508,50820,Treatment,BoSY,Grade 10,proficient,0,94,0
302146,5,508,50812,Treatment,BoSY,Grade 10,proficient,0,104,0
309921,5,508,50805,Treatment,BoSY,Grade 10,proficient,0,54,0
302254,5,505,50501,Control,BoSY,Grade 10,proficient,0,98,0
309513,5,501,50112,Control,BoSY,Grade 10,proficient,0,105,0
500163,5,508,50801,Control,BoSY,Grade 10,proficient,0,67,0
302058,5,503,50333,Control,BoSY,Grade 10,proficient,0,116,0
302192,5,511,51103,Control,BoSY,Grade 10,proficient,0,265,0
302227,5,511,51105,Control,BoSY,Grade 10,proficient,0,53,0
302252,5,505,50501,Control,BoSY,Grade 10,proficient,0,70,0
309914,5,508,50806,Control,BoSY,Grade 10,proficient,0,200,0
309711,5,503,50317,Control,BoSY,Grade 10,proficient,0,48,0
301817,5,507,50701,Control,BoSY,Grade 10,proficient,0,100,0
302165,5,508,50816,Control,BoSY,Grade 10,proficient,0,52,0
301974,5,503,50311,Treatment,BoSY,Grade 10,proficient,0,52,0
302256,5,505,50501,Control,BoSY,Grade 10,proficient,0,116,0
301834,5,501,50106,Control,BoSY,Grade 10,proficient,0,155,0
309760,5,503,50306,Control,BoSY,Grade 10,proficient,0,49,0
309936,5,508,50819,Control,BoSY,Grade 10,proficient,0,55,0
302203,5,511,51102,Control,BoSY,Grade 10,proficient,0,38,0
302011,5,503,50314,Control,BoSY,Grade 10,proficient,0,172,0
500168,5,505,50501,Control,BoSY,Grade 10,proficient,0,60,0
301947,5,503,50306,Control,BoSY,Grade 10,proficient,0,348,0
309941,5,508,50812,Control,BoSY,Grade 10,proficient,0,178,0
301839,5,501,50111,Control,BoSY,Grade 10,proficient,0,71,0
501843,5,508,50818,Treatment,BoSY,Grade 10,proficient,0,15,0
302111,5,508,50801,Control,BoSY,Grade 10,proficient,0,467,0
302133,5,509,50901,Control,BoSY,Grade 10,proficient,0,127,0
301990,5,503,50317,Control,BoSY,Grade 10,proficient,0,26,0
309937,5,508,50819,Control,BoSY,Grade 10,proficient,0,69,0
302241,5,511,51105,Control,BoSY,Grade 10,proficient,0,112,0
500167,5,505,50501,Control,BoSY,Grade 10,proficient,0,58,0
309764,5,503,50320,Control,BoSY,Grade 10,proficient,0,38,0
302205,5,511,51106,Control,BoSY,Grade 10,proficient,0,87,0
302014,5,503,50302,Control,BoSY,Grade 10,proficient,0,105,0
309740,5,503,50315,Control,BoSY,Grade 10,proficient,0,63,0
309741,5,503,50315,Control,BoSY,Grade 10,proficient,0,114,0
302161,5,508,50803,Treatment,BoSY,Grade 10,proficient,0,80,0
302113,5,508,50818,Treatment,BoSY,Grade 10,proficient,0,88,0
302127,5,508,50817,Control,BoSY,Grade 10,proficient,0,34,0
301899,5,502,50205,Control,BoSY,Grade 10,proficient,0,114,0
309509,5,501,50113,Control,BoSY,Grade 10,proficient,0,67,0
309903,5,508,50816,Control,BoSY,Grade 10,proficient,0,55,0
301995,5,503,50310,Control,BoSY,Grade 10,proficient,0,56,0
309702,5,503,50325,Control,BoSY,Grade 10,proficient,0,211,0
501020,5,503,50310,Control,BoSY,Grade 10,proficient,0,25,0
309743,5,503,50332,Control,BoSY,Grade 10,proficient,0,96,0
301816,5,501,50101,Control,BoSY,Grade 10,proficient,0,144,0
302054,5,503,50315,Control,BoSY,Grade 10,proficient,0,95,0
301862,5,507,50701,Control,BoSY,Grade 10,proficient,0,202,0
502477,5,501,50108,Control,BoSY,Grade 10,proficient,0,0,NA
302283,5,513,51301,Control,BoSY,Grade 10,proficient,0,298,0
301900,5,502,50206,Control,BoSY,Grade 10,proficient,0,40,0
302123,5,508,50808,Control,BoSY,Grade 10,proficient,0,54,0
309512,5,501,50110,Control,BoSY,Grade 10,proficient,0,76,0
302284,5,513,51301,Control,BoSY,Grade 10,proficient,0,175,0
500034,5,508,50819,Control,BoSY,Grade 10,proficient,0,24,0
302043,5,503,50305,Control,BoSY,Grade 10,proficient,0,197,0
302182,5,511,51107,Control,BoSY,Grade 10,proficient,0,99,0
301986,5,503,50334,Control,BoSY,Grade 10,proficient,0,161,0
302109,5,508,50817,Control,BoSY,Grade 10,proficient,0,240,0
302061,5,503,50311,Control,BoSY,Grade 10,proficient,0,56,0
309931,5,508,50802,Control,BoSY,Grade 10,proficient,0,55,0
301984,5,503,50331,Control,BoSY,Grade 10,proficient,0,189,0
302156,5,508,50803,Control,BoSY,Grade 10,proficient,0,98,0
309705,5,503,50330,Control,BoSY,Grade 10,proficient,0,82,0
500165,5,508,50804,Control,BoSY,Grade 10,proficient,0,39,0
301930,5,503,50328,Control,BoSY,Grade 10,proficient,0,78,0
302177,5,508,50806,Control,BoSY,Grade 10,proficient,0,85,0
302282,5,513,51301,Control,BoSY,Grade 10,proficient,0,171,0
502615,5,508,50802,Control,BoSY,Grade 10,proficient,0,0,NA
302263,5,506,50601,Control,BoSY,Grade 10,proficient,0,89,0
301826,5,501,50103,Control,BoSY,Grade 10,proficient,0,13,0
305750,5,513,51301,Control,BoSY,Grade 10,proficient,0,50,0
301870,5,501,50110,Control,BoSY,Grade 10,proficient,0,116,0
302039,5,503,50316,Control,BoSY,Grade 10,proficient,0,249,0
301868,5,501,50112,Control,BoSY,Grade 10,proficient,0,210,0
301963,5,503,50316,Control,BoSY,Grade 10,proficient,0,148,0
340567,15,1505,150501,Treatment,BoSY,Grade 10,proficient,0,189,0
320606,15,1515,151502,Treatment,BoSY,Grade 10,proficient,0,347,0
320202,15,1511,151101,Treatment,BoSY,Grade 10,proficient,0,133,0
305310,15,1507,150703,Treatment,BoSY,Grade 10,proficient,0,257,0
305418,15,1513,151301,Treatment,BoSY,Grade 10,proficient,1,1101,0.09082652134423251
500565,15,1515,151502,Treatment,BoSY,Grade 10,proficient,7,846,0.8274231678486997
301258,4,413,41308,Treatment,BoSY,Grade 10,proficient,0,472,0
301214,4,411,41101,Treatment,BoSY,Grade 10,proficient,0,715,0
301497,4,414,41401,Treatment,BoSY,Grade 10,proficient,0,356,0
305411,15,1515,151502,Treatment,BoSY,Grade 10,proficient,0,984,0
305420,15,1513,151301,Treatment,BoSY,Grade 10,proficient,0,1260,0
301231,4,413,41302,Control,BoSY,Grade 10,proficient,0,190,0
301188,4,402,40201,Control,BoSY,Grade 10,proficient,0,653,0
307913,4,413,41309,Control,BoSY,Grade 10,proficient,0,285,0
500566,15,1507,150710,Control,BoSY,Grade 10,proficient,0,777,0
305453,15,1510,151001,Control,BoSY,Grade 10,proficient,0,632,0
305311,15,1507,150702,Control,BoSY,Grade 10,proficient,0,303,0
301425,4,401,40101,Control,BoSY,Grade 10,proficient,0,847,0
301202,4,408,40812,Control,BoSY,Grade 10,proficient,0,320,0
305412,15,1515,151502,Control,BoSY,Grade 10,proficient,0,933,0
308105,4,417,41703,Control,BoSY,Grade 10,proficient,0,756,0
305341,15,1514,151401,Control,BoSY,Grade 10,proficient,0,1610,0
319604,15,1512,151201,Control,BoSY,Grade 10,proficient,0,296,0
305568,15,1516,151601,Control,BoSY,Grade 10,proficient,0,406,0
305434,15,1503,150301,Control,BoSY,Grade 10,proficient,0,771,0
301464,4,417,41710,Control,BoSY,Grade 10,proficient,4,546,0.7326007326007326
305461,15,1515,151502,Control,BoSY,Grade 10,proficient,0,285,0
305384,15,1501,150101,Control,BoSY,Grade 10,proficient,0,459,0
301143,4,421,42101,Control,BoSY,Grade 10,proficient,0,911,0
305340,15,1514,151401,Control,BoSY,Grade 10,proficient,0,919,0
305302,15,1507,150709,Treatment,BoSY,Grade 10,proficient,0,1088,0
308103,4,417,41712,Control,BoSY,Grade 10,proficient,0,257,0
308130,4,417,41711,Control,BoSY,Grade 10,proficient,0,162,0
301227,4,420,42001,Control,BoSY,Grade 10,proficient,0,1249,0
305334,15,1514,151401,Control,BoSY,Grade 10,proficient,0,649,0
305367,15,1512,151201,Control,BoSY,Grade 10,proficient,0,964,0
305635,15,1514,151401,Control,BoSY,Grade 10,proficient,0,419,0
301218,4,408,40814,Control,BoSY,Grade 10,proficient,0,1823,0
308501,4,415,41501,Control,BoSY,Grade 10,proficient,0,523,0
500332,15,1506,150601,Control,BoSY,Grade 10,proficient,9,400,2.25
305471,15,1509,150901,Control,BoSY,Grade 10,proficient,0,544,0
305376,15,1501,150101,Treatment,BoSY,Grade 10,proficient,0,791,0
301432,4,417,41705,Control,BoSY,Grade 10,proficient,0,489,0
305459,15,1515,151502,Control,BoSY,Grade 10,proficient,0,995,0
305313,15,1507,150708,Control,BoSY,Grade 10,proficient,0,562,0
301186,4,410,41001,Control,BoSY,Grade 10,proficient,4,1581,0.2530044275774826
301184,4,410,41001,Control,BoSY,Grade 10,proficient,0,965,0
305295,15,1507,150710,Control,BoSY,Grade 10,proficient,0,1267,0
301416,4,422,42201,Control,BoSY,Grade 10,proficient,0,125,0
305450,15,1505,150501,Treatment,BoSY,Grade 10,proficient,0,370,0
301403,4,416,41606,Control,BoSY,Grade 10,proficient,0,434,0
301451,4,417,41708,Control,BoSY,Grade 10,proficient,0,285,0
305338,15,1514,151401,Control,BoSY,Grade 10,proficient,0,757,0
301257,4,413,41312,Control,BoSY,Grade 10,proficient,0,1890,0
305416,15,1513,151301,Control,BoSY,Grade 10,proficient,2,903,0.22148394241417496
305337,15,1514,151401,Control,BoSY,Grade 10,proficient,1,1806,0.05537098560354374
305353,15,1514,151401,Control,BoSY,Grade 10,proficient,1,419,0.2386634844868735
301197,4,408,40812,Control,BoSY,Grade 10,proficient,3,348,0.8620689655172413
301236,4,413,41308,Treatment,BoSY,Grade 10,proficient,0,239,0
305444,15,1516,151601,Control,BoSY,Grade 10,proficient,0,365,0
320306,15,1503,150301,Control,BoSY,Grade 10,proficient,0,736,0
301489,4,414,41401,Control,BoSY,Grade 10,proficient,0,294,0
301507,4,418,41801,Control,BoSY,Grade 10,proficient,0,130,0
301456,4,417,41710,Control,BoSY,Grade 10,proficient,15,492,3.048780487804878
301238,4,413,41303,Control,BoSY,Grade 10,proficient,0,513,0
305438,15,1516,151601,Control,BoSY,Grade 10,proficient,0,891,0
305324,15,1514,151401,Control,BoSY,Grade 10,proficient,0,294,0
305454,15,1510,151001,Control,BoSY,Grade 10,proficient,0,128,0
308122,4,417,41708,Control,BoSY,Grade 10,proficient,0,188,0
301508,4,418,41801,Control,BoSY,Grade 10,proficient,0,243,0
305465,15,1515,151502,Control,BoSY,Grade 10,proficient,0,846,0
305428,15,1511,151101,Control,BoSY,Grade 10,proficient,0,378,0
301175,4,408,40807,Control,BoSY,Grade 10,proficient,0,549,0
301437,4,417,41704,Control,BoSY,Grade 10,proficient,0,920,0
320204,15,1511,151101,Control,BoSY,Grade 10,proficient,0,501,0
305447,15,1505,150501,Control,BoSY,Grade 10,proficient,0,578,0
301438,4,417,41704,Control,BoSY,Grade 10,proficient,0,450,0
308135,4,417,41708,Control,BoSY,Grade 10,proficient,0,412,0
301418,4,401,40101,Control,BoSY,Grade 10,proficient,0,2668,0
305288,15,1507,150710,Control,BoSY,Grade 10,proficient,0,616,0
301265,4,413,41301,Control,BoSY,Grade 10,proficient,0,396,0
305442,15,1516,151601,Control,BoSY,Grade 10,proficient,0,270,0
500339,15,1505,150501,Control,BoSY,Grade 10,proficient,0,364,0
305435,15,1503,150301,Control,BoSY,Grade 10,proficient,0,427,0
308134,4,417,41708,Control,BoSY,Grade 10,proficient,0,552,0
305452,15,1505,150501,Control,BoSY,Grade 10,proficient,0,635,0
312330,7,703,70308,Treatment,BoSY,Grade 10,proficient,0,88,0
305710,7,703,70302,Treatment,BoSY,Grade 10,proficient,0,78,0
305655,11,1101,110101,Treatment,BoSY,Grade 10,proficient,0,25,0
305581,7,703,70303,Treatment,BoSY,Grade 10,proficient,0,40,0
303130,7,703,70309,Treatment,BoSY,Grade 10,proficient,0,208,0
312354,7,703,70309,Treatment,BoSY,Grade 10,proficient,0,24,0
305849,11,1105,110503,Treatment,BoSY,Grade 10,proficient,0,18,0
305500,11,1101,110101,Treatment,BoSY,Grade 10,proficient,0,29,0
312355,7,703,70304,Treatment,BoSY,Grade 10,proficient,0,44,0
501903,11,1110,111001,Treatment,BoSY,Grade 10,proficient,0,23,0
500665,7,705,70527,Control,BoSY,Grade 10,proficient,0,77,0
312462,7,705,70520,Control,BoSY,Grade 10,proficient,0,16,0
306038,11,1102,110202,Control,BoSY,Grade 10,proficient,0,29,0
500221,7,705,70527,Control,BoSY,Grade 10,proficient,0,28,0
500744,7,708,70801,Control,BoSY,Grade 10,proficient,0,41,0
305884,11,1101,110101,Control,BoSY,Grade 10,proficient,2,99,2.0202020202020203
303170,7,709,70901,Control,BoSY,Grade 10,proficient,0,51,0
500787,7,708,70801,Control,BoSY,Grade 10,proficient,0,49,0
500667,7,705,70528,Control,BoSY,Grade 10,proficient,0,50,0
501071,11,1101,110101,Control,BoSY,Grade 10,proficient,0,22,0
303046,7,705,70527,Control,BoSY,Grade 10,proficient,0,94,0
325303,7,707,70701,Control,BoSY,Grade 10,proficient,3,96,3.125
500208,7,703,70305,Control,BoSY,Grade 10,proficient,0,13,0
312401,7,705,70525,Control,BoSY,Grade 10,proficient,0,120,0
303136,7,706,70601,Control,BoSY,Grade 10,proficient,0,66,0
312435,7,707,70701,Control,BoSY,Grade 10,proficient,0,34,0
502186,11,1101,110101,Control,BoSY,Grade 10,proficient,0,14,0
500782,7,708,70801,Control,BoSY,Grade 10,proficient,0,221,0
306086,11,1106,110606,Control,BoSY,Grade 10,proficient,0,19,0
305755,7,705,70529,Control,BoSY,Grade 10,proficient,0,92,0
305665,11,1101,110101,Control,BoSY,Grade 10,proficient,0,14,0
501635,7,703,70301,Control,BoSY,Grade 10,proficient,0,60,0
305843,11,1110,111001,Control,BoSY,Grade 10,proficient,0,38,0
500894,7,705,70517,Control,BoSY,Grade 10,proficient,0,85,0
500671,7,705,70506,Control,BoSY,Grade 10,proficient,0,38,0
305847,11,1105,110503,Control,BoSY,Grade 10,proficient,0,25,0
500784,7,708,70801,Control,BoSY,Grade 10,proficient,0,10,0
501267,7,705,70525,Control,BoSY,Grade 10,proficient,0,26,0
306000,7,705,70525,Control,BoSY,Grade 10,proficient,0,28,0
305517,11,1106,110608,Control,BoSY,Grade 10,proficient,0,35,0
305713,7,710,71001,Control,BoSY,Grade 10,proficient,0,27,0
500768,7,705,70521,Control,BoSY,Grade 10,proficient,0,84,0
316303,11,1107,110701,Control,BoSY,Grade 10,proficient,0,53,0
316304,11,1107,110701,Control,BoSY,Grade 10,proficient,0,68,0
305506,11,1101,110101,Control,BoSY,Grade 10,proficient,0,11,0
500421,7,705,70507,Control,BoSY,Grade 10,proficient,0,124,0
305681,11,1110,111001,Control,BoSY,Grade 10,proficient,0,160,0
303186,7,711,71101,Control,BoSY,Grade 10,proficient,0,89,0
501429,7,714,71402,Control,BoSY,Grade 10,proficient,0,68,0
305844,11,1103,110303,Control,BoSY,Grade 10,proficient,0,46,0
305965,11,1110,111001,Control,BoSY,Grade 10,proficient,0,59,0
501076,11,1103,110305,Control,BoSY,Grade 10,proficient,0,14,0
305889,11,1101,110101,Control,BoSY,Grade 10,proficient,0,48,0
501074,11,1103,110306,Control,BoSY,Grade 10,proficient,0,22,0
312408,7,705,70530,Control,BoSY,Grade 10,proficient,0,54,0
501351,7,705,70522,Control,BoSY,Grade 10,proficient,8,63,12.698412698412698
501404,11,1101,110101,Control,BoSY,Grade 10,proficient,0,15,0
305660,11,1101,110101,Control,BoSY,Grade 10,proficient,0,30,0
303219,7,701,70101,Control,BoSY,Grade 10,proficient,0,113,0
312450,7,705,70522,Control,BoSY,Grade 10,proficient,11,102,10.784313725490197
324903,7,704,70401,Control,BoSY,Grade 10,proficient,0,27,0
501065,11,1101,110101,Control,BoSY,Grade 10,proficient,0,110,0
312451,7,705,70532,Control,BoSY,Grade 10,proficient,0,61,0
501763,11,1103,110305,Control,BoSY,Grade 10,proficient,0,9,0
316405,11,1110,111001,Control,BoSY,Grade 10,proficient,0,103,0
316404,11,1110,111001,Control,BoSY,Grade 10,proficient,0,35,0
316301,11,1107,110701,Control,BoSY,Grade 10,proficient,2,121,1.6528925619834711
312910,7,710,71001,Control,BoSY,Grade 10,proficient,0,75,0
303011,7,705,70512,Control,BoSY,Grade 10,proficient,0,36,0
305651,11,1101,110101,Control,BoSY,Grade 10,proficient,7,28,25
305662,11,1101,110101,Control,BoSY,Grade 10,proficient,0,24,0
305850,11,1105,110503,Control,BoSY,Grade 10,proficient,0,15,0
312481,7,705,70518,Control,BoSY,Grade 10,proficient,0,172,0
304409,11,1110,111001,Control,BoSY,Grade 10,proficient,1,88,1.1363636363636365
303246,7,713,71303,Control,BoSY,Grade 10,proficient,0,86,0
501405,11,1101,110101,Control,BoSY,Grade 10,proficient,0,48,0
305677,11,1105,110503,Control,BoSY,Grade 10,proficient,0,40,0
500447,7,708,70801,Control,BoSY,Grade 10,proficient,0,44,0
501305,7,708,70801,Control,BoSY,Grade 10,proficient,0,32,0
305917,7,708,70801,Control,BoSY,Grade 10,proficient,0,26,0
305722,7,703,70304,Control,BoSY,Grade 10,proficient,0,44,0
312953,7,713,71306,Control,BoSY,Grade 10,proficient,0,38,0
305498,11,1101,110101,Control,BoSY,Grade 10,proficient,0,50,0
305669,11,1101,110101,Control,BoSY,Grade 10,proficient,2,38,5.2631578947368425
312960,7,710,71002,Control,BoSY,Grade 10,proficient,0,42,0
309906,5,508,50811,Treatment,BoSY,Grade 10,high proficient,0,119,0
309934,5,508,50806,Treatment,BoSY,Grade 10,high proficient,0,29,0
301871,5,501,50107,Treatment,BoSY,Grade 10,high proficient,0,81,0
302134,5,508,50804,Treatment,BoSY,Grade 10,high proficient,0,123,0
302117,5,508,50803,Treatment,BoSY,Grade 10,high proficient,0,72,0
309909,5,508,50801,Treatment,BoSY,Grade 10,high proficient,0,91,0
309915,5,508,50801,Treatment,BoSY,Grade 10,high proficient,0,32,0
501544,5,508,50815,Treatment,BoSY,Grade 10,high proficient,0,83,0
301887,5,502,50205,Treatment,BoSY,Grade 10,high proficient,0,71,0
302175,5,508,50820,Treatment,BoSY,Grade 10,high proficient,0,94,0
302146,5,508,50812,Treatment,BoSY,Grade 10,high proficient,0,104,0
309921,5,508,50805,Treatment,BoSY,Grade 10,high proficient,0,54,0
302254,5,505,50501,Control,BoSY,Grade 10,high proficient,0,98,0
309513,5,501,50112,Control,BoSY,Grade 10,high proficient,0,105,0
500163,5,508,50801,Control,BoSY,Grade 10,high proficient,0,67,0
302058,5,503,50333,Control,BoSY,Grade 10,high proficient,0,116,0
302192,5,511,51103,Control,BoSY,Grade 10,high proficient,0,265,0
302227,5,511,51105,Control,BoSY,Grade 10,high proficient,0,53,0
302252,5,505,50501,Control,BoSY,Grade 10,high proficient,0,70,0
309914,5,508,50806,Control,BoSY,Grade 10,high proficient,0,200,0
309711,5,503,50317,Control,BoSY,Grade 10,high proficient,0,48,0
301817,5,507,50701,Control,BoSY,Grade 10,high proficient,0,100,0
302165,5,508,50816,Control,BoSY,Grade 10,high proficient,0,52,0
301974,5,503,50311,Treatment,BoSY,Grade 10,high proficient,0,52,0
302256,5,505,50501,Control,BoSY,Grade 10,high proficient,0,116,0
301834,5,501,50106,Control,BoSY,Grade 10,high proficient,0,155,0
309760,5,503,50306,Control,BoSY,Grade 10,high proficient,0,49,0
309936,5,508,50819,Control,BoSY,Grade 10,high proficient,0,55,0
302203,5,511,51102,Control,BoSY,Grade 10,high proficient,0,38,0
302011,5,503,50314,Control,BoSY,Grade 10,high proficient,0,172,0
500168,5,505,50501,Control,BoSY,Grade 10,high proficient,0,60,0
301947,5,503,50306,Control,BoSY,Grade 10,high proficient,0,348,0
309941,5,508,50812,Control,BoSY,Grade 10,high proficient,0,178,0
301839,5,501,50111,Control,BoSY,Grade 10,high proficient,0,71,0
501843,5,508,50818,Treatment,BoSY,Grade 10,high proficient,0,15,0
302111,5,508,50801,Control,BoSY,Grade 10,high proficient,0,467,0
302133,5,509,50901,Control,BoSY,Grade 10,high proficient,0,127,0
301990,5,503,50317,Control,BoSY,Grade 10,high proficient,0,26,0
309937,5,508,50819,Control,BoSY,Grade 10,high proficient,0,69,0
302241,5,511,51105,Control,BoSY,Grade 10,high proficient,0,112,0
500167,5,505,50501,Control,BoSY,Grade 10,high proficient,0,58,0
309764,5,503,50320,Control,BoSY,Grade 10,high proficient,0,38,0
302205,5,511,51106,Control,BoSY,Grade 10,high proficient,0,87,0
302014,5,503,50302,Control,BoSY,Grade 10,high proficient,0,105,0
309740,5,503,50315,Control,BoSY,Grade 10,high proficient,0,63,0
309741,5,503,50315,Control,BoSY,Grade 10,high proficient,0,114,0
302161,5,508,50803,Treatment,BoSY,Grade 10,high proficient,0,80,0
302113,5,508,50818,Treatment,BoSY,Grade 10,high proficient,0,88,0
302127,5,508,50817,Control,BoSY,Grade 10,high proficient,0,34,0
301899,5,502,50205,Control,BoSY,Grade 10,high proficient,0,114,0
309509,5,501,50113,Control,BoSY,Grade 10,high proficient,0,67,0
309903,5,508,50816,Control,BoSY,Grade 10,high proficient,0,55,0
301995,5,503,50310,Control,BoSY,Grade 10,high proficient,0,56,0
309702,5,503,50325,Control,BoSY,Grade 10,high proficient,0,211,0
501020,5,503,50310,Control,BoSY,Grade 10,high proficient,0,25,0
309743,5,503,50332,Control,BoSY,Grade 10,high proficient,0,96,0
301816,5,501,50101,Control,BoSY,Grade 10,high proficient,0,144,0
302054,5,503,50315,Control,BoSY,Grade 10,high proficient,0,95,0
301862,5,507,50701,Control,BoSY,Grade 10,high proficient,0,202,0
502477,5,501,50108,Control,BoSY,Grade 10,high proficient,0,0,NA
302283,5,513,51301,Control,BoSY,Grade 10,high proficient,0,298,0
301900,5,502,50206,Control,BoSY,Grade 10,high proficient,0,40,0
302123,5,508,50808,Control,BoSY,Grade 10,high proficient,0,54,0
309512,5,501,50110,Control,BoSY,Grade 10,high proficient,0,76,0
302284,5,513,51301,Control,BoSY,Grade 10,high proficient,0,175,0
500034,5,508,50819,Control,BoSY,Grade 10,high proficient,0,24,0
302043,5,503,50305,Control,BoSY,Grade 10,high proficient,0,197,0
302182,5,511,51107,Control,BoSY,Grade 10,high proficient,0,99,0
301986,5,503,50334,Control,BoSY,Grade 10,high proficient,0,161,0
302109,5,508,50817,Control,BoSY,Grade 10,high proficient,0,240,0
302061,5,503,50311,Control,BoSY,Grade 10,high proficient,0,56,0
309931,5,508,50802,Control,BoSY,Grade 10,high proficient,0,55,0
301984,5,503,50331,Control,BoSY,Grade 10,high proficient,0,189,0
302156,5,508,50803,Control,BoSY,Grade 10,high proficient,0,98,0
309705,5,503,50330,Control,BoSY,Grade 10,high proficient,0,82,0
500165,5,508,50804,Control,BoSY,Grade 10,high proficient,0,39,0
301930,5,503,50328,Control,BoSY,Grade 10,high proficient,0,78,0
302177,5,508,50806,Control,BoSY,Grade 10,high proficient,0,85,0
302282,5,513,51301,Control,BoSY,Grade 10,high proficient,0,171,0
502615,5,508,50802,Control,BoSY,Grade 10,high proficient,0,0,NA
302263,5,506,50601,Control,BoSY,Grade 10,high proficient,0,89,0
301826,5,501,50103,Control,BoSY,Grade 10,high proficient,0,13,0
305750,5,513,51301,Control,BoSY,Grade 10,high proficient,0,50,0
301870,5,501,50110,Control,BoSY,Grade 10,high proficient,0,116,0
302039,5,503,50316,Control,BoSY,Grade 10,high proficient,0,249,0
301868,5,501,50112,Control,BoSY,Grade 10,high proficient,0,210,0
301963,5,503,50316,Control,BoSY,Grade 10,high proficient,0,148,0
340567,15,1505,150501,Treatment,BoSY,Grade 10,high proficient,0,189,0
320606,15,1515,151502,Treatment,BoSY,Grade 10,high proficient,0,347,0
320202,15,1511,151101,Treatment,BoSY,Grade 10,high proficient,0,133,0
305310,15,1507,150703,Treatment,BoSY,Grade 10,high proficient,0,257,0
305418,15,1513,151301,Treatment,BoSY,Grade 10,high proficient,0,1101,0
500565,15,1515,151502,Treatment,BoSY,Grade 10,high proficient,0,846,0
301258,4,413,41308,Treatment,BoSY,Grade 10,high proficient,0,472,0
301214,4,411,41101,Treatment,BoSY,Grade 10,high proficient,0,715,0
301497,4,414,41401,Treatment,BoSY,Grade 10,high proficient,0,356,0
305411,15,1515,151502,Treatment,BoSY,Grade 10,high proficient,1,984,0.1016260162601626
305420,15,1513,151301,Treatment,BoSY,Grade 10,high proficient,0,1260,0
301231,4,413,41302,Control,BoSY,Grade 10,high proficient,0,190,0
301188,4,402,40201,Control,BoSY,Grade 10,high proficient,0,653,0
307913,4,413,41309,Control,BoSY,Grade 10,high proficient,0,285,0
500566,15,1507,150710,Control,BoSY,Grade 10,high proficient,0,777,0
305453,15,1510,151001,Control,BoSY,Grade 10,high proficient,0,632,0
305311,15,1507,150702,Control,BoSY,Grade 10,high proficient,0,303,0
301425,4,401,40101,Control,BoSY,Grade 10,high proficient,0,847,0
301202,4,408,40812,Control,BoSY,Grade 10,high proficient,0,320,0
305412,15,1515,151502,Control,BoSY,Grade 10,high proficient,0,933,0
308105,4,417,41703,Control,BoSY,Grade 10,high proficient,0,756,0
305341,15,1514,151401,Control,BoSY,Grade 10,high proficient,0,1610,0
319604,15,1512,151201,Control,BoSY,Grade 10,high proficient,0,296,0
305568,15,1516,151601,Control,BoSY,Grade 10,high proficient,0,406,0
305434,15,1503,150301,Control,BoSY,Grade 10,high proficient,0,771,0
301464,4,417,41710,Control,BoSY,Grade 10,high proficient,4,546,0.7326007326007326
305461,15,1515,151502,Control,BoSY,Grade 10,high proficient,0,285,0
305384,15,1501,150101,Control,BoSY,Grade 10,high proficient,0,459,0
301143,4,421,42101,Control,BoSY,Grade 10,high proficient,0,911,0
305340,15,1514,151401,Control,BoSY,Grade 10,high proficient,0,919,0
305302,15,1507,150709,Treatment,BoSY,Grade 10,high proficient,0,1088,0
308103,4,417,41712,Control,BoSY,Grade 10,high proficient,0,257,0
308130,4,417,41711,Control,BoSY,Grade 10,high proficient,0,162,0
301227,4,420,42001,Control,BoSY,Grade 10,high proficient,0,1249,0
305334,15,1514,151401,Control,BoSY,Grade 10,high proficient,0,649,0
305367,15,1512,151201,Control,BoSY,Grade 10,high proficient,0,964,0
305635,15,1514,151401,Control,BoSY,Grade 10,high proficient,0,419,0
301218,4,408,40814,Control,BoSY,Grade 10,high proficient,0,1823,0
308501,4,415,41501,Control,BoSY,Grade 10,high proficient,0,523,0
500332,15,1506,150601,Control,BoSY,Grade 10,high proficient,6,400,1.5
305471,15,1509,150901,Control,BoSY,Grade 10,high proficient,0,544,0
305376,15,1501,150101,Treatment,BoSY,Grade 10,high proficient,0,791,0
301432,4,417,41705,Control,BoSY,Grade 10,high proficient,0,489,0
305459,15,1515,151502,Control,BoSY,Grade 10,high proficient,0,995,0
305313,15,1507,150708,Control,BoSY,Grade 10,high proficient,0,562,0
301186,4,410,41001,Control,BoSY,Grade 10,high proficient,0,1581,0
301184,4,410,41001,Control,BoSY,Grade 10,high proficient,0,965,0
305295,15,1507,150710,Control,BoSY,Grade 10,high proficient,0,1267,0
301416,4,422,42201,Control,BoSY,Grade 10,high proficient,0,125,0
305450,15,1505,150501,Treatment,BoSY,Grade 10,high proficient,0,370,0
301403,4,416,41606,Control,BoSY,Grade 10,high proficient,0,434,0
301451,4,417,41708,Control,BoSY,Grade 10,high proficient,0,285,0
305338,15,1514,151401,Control,BoSY,Grade 10,high proficient,0,757,0
301257,4,413,41312,Control,BoSY,Grade 10,high proficient,0,1890,0
305416,15,1513,151301,Control,BoSY,Grade 10,high proficient,0,903,0
305337,15,1514,151401,Control,BoSY,Grade 10,high proficient,0,1806,0
305353,15,1514,151401,Control,BoSY,Grade 10,high proficient,0,419,0
301197,4,408,40812,Control,BoSY,Grade 10,high proficient,0,348,0
301236,4,413,41308,Treatment,BoSY,Grade 10,high proficient,0,239,0
305444,15,1516,151601,Control,BoSY,Grade 10,high proficient,0,365,0
320306,15,1503,150301,Control,BoSY,Grade 10,high proficient,0,736,0
301489,4,414,41401,Control,BoSY,Grade 10,high proficient,0,294,0
301507,4,418,41801,Control,BoSY,Grade 10,high proficient,0,130,0
301456,4,417,41710,Control,BoSY,Grade 10,high proficient,4,492,0.8130081300813008
301238,4,413,41303,Control,BoSY,Grade 10,high proficient,0,513,0
305438,15,1516,151601,Control,BoSY,Grade 10,high proficient,0,891,0
305324,15,1514,151401,Control,BoSY,Grade 10,high proficient,0,294,0
305454,15,1510,151001,Control,BoSY,Grade 10,high proficient,0,128,0
308122,4,417,41708,Control,BoSY,Grade 10,high proficient,0,188,0
301508,4,418,41801,Control,BoSY,Grade 10,high proficient,0,243,0
305465,15,1515,151502,Control,BoSY,Grade 10,high proficient,0,846,0
305428,15,1511,151101,Control,BoSY,Grade 10,high proficient,0,378,0
301175,4,408,40807,Control,BoSY,Grade 10,high proficient,0,549,0
301437,4,417,41704,Control,BoSY,Grade 10,high proficient,0,920,0
320204,15,1511,151101,Control,BoSY,Grade 10,high proficient,0,501,0
305447,15,1505,150501,Control,BoSY,Grade 10,high proficient,1,578,0.17301038062283736
301438,4,417,41704,Control,BoSY,Grade 10,high proficient,0,450,0
308135,4,417,41708,Control,BoSY,Grade 10,high proficient,0,412,0
301418,4,401,40101,Control,BoSY,Grade 10,high proficient,0,2668,0
305288,15,1507,150710,Control,BoSY,Grade 10,high proficient,0,616,0
301265,4,413,41301,Control,BoSY,Grade 10,high proficient,0,396,0
305442,15,1516,151601,Control,BoSY,Grade 10,high proficient,0,270,0
500339,15,1505,150501,Control,BoSY,Grade 10,high proficient,0,364,0
305435,15,1503,150301,Control,BoSY,Grade 10,high proficient,0,427,0
308134,4,417,41708,Control,BoSY,Grade 10,high proficient,0,552,0
305452,15,1505,150501,Control,BoSY,Grade 10,high proficient,0,635,0
312330,7,703,70308,Treatment,BoSY,Grade 10,high proficient,0,88,0
305710,7,703,70302,Treatment,BoSY,Grade 10,high proficient,0,78,0
305655,11,1101,110101,Treatment,BoSY,Grade 10,high proficient,0,25,0
305581,7,703,70303,Treatment,BoSY,Grade 10,high proficient,0,40,0
303130,7,703,70309,Treatment,BoSY,Grade 10,high proficient,0,208,0
312354,7,703,70309,Treatment,BoSY,Grade 10,high proficient,0,24,0
305849,11,1105,110503,Treatment,BoSY,Grade 10,high proficient,0,18,0
305500,11,1101,110101,Treatment,BoSY,Grade 10,high proficient,0,29,0
312355,7,703,70304,Treatment,BoSY,Grade 10,high proficient,0,44,0
501903,11,1110,111001,Treatment,BoSY,Grade 10,high proficient,0,23,0
500665,7,705,70527,Control,BoSY,Grade 10,high proficient,0,77,0
312462,7,705,70520,Control,BoSY,Grade 10,high proficient,0,16,0
306038,11,1102,110202,Control,BoSY,Grade 10,high proficient,0,29,0
500221,7,705,70527,Control,BoSY,Grade 10,high proficient,0,28,0
500744,7,708,70801,Control,BoSY,Grade 10,high proficient,0,41,0
305884,11,1101,110101,Control,BoSY,Grade 10,high proficient,0,99,0
303170,7,709,70901,Control,BoSY,Grade 10,high proficient,0,51,0
500787,7,708,70801,Control,BoSY,Grade 10,high proficient,0,49,0
500667,7,705,70528,Control,BoSY,Grade 10,high proficient,0,50,0
501071,11,1101,110101,Control,BoSY,Grade 10,high proficient,0,22,0
303046,7,705,70527,Control,BoSY,Grade 10,high proficient,0,94,0
325303,7,707,70701,Control,BoSY,Grade 10,high proficient,0,96,0
500208,7,703,70305,Control,BoSY,Grade 10,high proficient,0,13,0
312401,7,705,70525,Control,BoSY,Grade 10,high proficient,0,120,0
303136,7,706,70601,Control,BoSY,Grade 10,high proficient,0,66,0
312435,7,707,70701,Control,BoSY,Grade 10,high proficient,0,34,0
502186,11,1101,110101,Control,BoSY,Grade 10,high proficient,0,14,0
500782,7,708,70801,Control,BoSY,Grade 10,high proficient,0,221,0
306086,11,1106,110606,Control,BoSY,Grade 10,high proficient,0,19,0
305755,7,705,70529,Control,BoSY,Grade 10,high proficient,0,92,0
305665,11,1101,110101,Control,BoSY,Grade 10,high proficient,0,14,0
501635,7,703,70301,Control,BoSY,Grade 10,high proficient,0,60,0
305843,11,1110,111001,Control,BoSY,Grade 10,high proficient,0,38,0
500894,7,705,70517,Control,BoSY,Grade 10,high proficient,0,85,0
500671,7,705,70506,Control,BoSY,Grade 10,high proficient,0,38,0
305847,11,1105,110503,Control,BoSY,Grade 10,high proficient,0,25,0
500784,7,708,70801,Control,BoSY,Grade 10,high proficient,0,10,0
501267,7,705,70525,Control,BoSY,Grade 10,high proficient,0,26,0
306000,7,705,70525,Control,BoSY,Grade 10,high proficient,0,28,0
305517,11,1106,110608,Control,BoSY,Grade 10,high proficient,0,35,0
305713,7,710,71001,Control,BoSY,Grade 10,high proficient,0,27,0
500768,7,705,70521,Control,BoSY,Grade 10,high proficient,0,84,0
316303,11,1107,110701,Control,BoSY,Grade 10,high proficient,0,53,0
316304,11,1107,110701,Control,BoSY,Grade 10,high proficient,0,68,0
305506,11,1101,110101,Control,BoSY,Grade 10,high proficient,0,11,0
500421,7,705,70507,Control,BoSY,Grade 10,high proficient,0,124,0
305681,11,1110,111001,Control,BoSY,Grade 10,high proficient,0,160,0
303186,7,711,71101,Control,BoSY,Grade 10,high proficient,0,89,0
501429,7,714,71402,Control,BoSY,Grade 10,high proficient,0,68,0
305844,11,1103,110303,Control,BoSY,Grade 10,high proficient,0,46,0
305965,11,1110,111001,Control,BoSY,Grade 10,high proficient,0,59,0
501076,11,1103,110305,Control,BoSY,Grade 10,high proficient,0,14,0
305889,11,1101,110101,Control,BoSY,Grade 10,high proficient,0,48,0
501074,11,1103,110306,Control,BoSY,Grade 10,high proficient,0,22,0
312408,7,705,70530,Control,BoSY,Grade 10,high proficient,0,54,0
501351,7,705,70522,Control,BoSY,Grade 10,high proficient,5,63,7.936507936507937
501404,11,1101,110101,Control,BoSY,Grade 10,high proficient,0,15,0
305660,11,1101,110101,Control,BoSY,Grade 10,high proficient,0,30,0
303219,7,701,70101,Control,BoSY,Grade 10,high proficient,0,113,0
312450,7,705,70522,Control,BoSY,Grade 10,high proficient,0,102,0
324903,7,704,70401,Control,BoSY,Grade 10,high proficient,0,27,0
501065,11,1101,110101,Control,BoSY,Grade 10,high proficient,0,110,0
312451,7,705,70532,Control,BoSY,Grade 10,high proficient,0,61,0
501763,11,1103,110305,Control,BoSY,Grade 10,high proficient,0,9,0
316405,11,1110,111001,Control,BoSY,Grade 10,high proficient,0,103,0
316404,11,1110,111001,Control,BoSY,Grade 10,high proficient,0,35,0
316301,11,1107,110701,Control,BoSY,Grade 10,high proficient,0,121,0
312910,7,710,71001,Control,BoSY,Grade 10,high proficient,0,75,0
303011,7,705,70512,Control,BoSY,Grade 10,high proficient,0,36,0
305651,11,1101,110101,Control,BoSY,Grade 10,high proficient,3,28,10.714285714285714
305662,11,1101,110101,Control,BoSY,Grade 10,high proficient,0,24,0
305850,11,1105,110503,Control,BoSY,Grade 10,high proficient,0,15,0
312481,7,705,70518,Control,BoSY,Grade 10,high proficient,0,172,0
304409,11,1110,111001,Control,BoSY,Grade 10,high proficient,0,88,0
303246,7,713,71303,Control,BoSY,Grade 10,high proficient,0,86,0
501405,11,1101,110101,Control,BoSY,Grade 10,high proficient,0,48,0
305677,11,1105,110503,Control,BoSY,Grade 10,high proficient,0,40,0
500447,7,708,70801,Control,BoSY,Grade 10,high proficient,0,44,0
501305,7,708,70801,Control,BoSY,Grade 10,high proficient,0,32,0
305917,7,708,70801,Control,BoSY,Grade 10,high proficient,0,26,0
305722,7,703,70304,Control,BoSY,Grade 10,high proficient,0,44,0
312953,7,713,71306,Control,BoSY,Grade 10,high proficient,0,38,0
305498,11,1101,110101,Control,BoSY,Grade 10,high proficient,0,50,0
305669,11,1101,110101,Control,BoSY,Grade 10,high proficient,0,38,0
312960,7,710,71002,Control,BoSY,Grade 10,high proficient,0,42,0
309906,5,508,50811,Treatment,EoSY,Grade 7,not proficient,123,127,96.85039370078741
309934,5,508,50806,Treatment,EoSY,Grade 7,not proficient,1,44,2.272727272727273
301871,5,501,50107,Treatment,EoSY,Grade 7,not proficient,14,73,19.17808219178082
302134,5,508,50804,Treatment,EoSY,Grade 7,not proficient,45,165,27.272727272727273
302117,5,508,50803,Treatment,EoSY,Grade 7,not proficient,69,94,73.40425531914893
309909,5,508,50801,Treatment,EoSY,Grade 7,not proficient,64,124,51.61290322580645
309915,5,508,50801,Treatment,EoSY,Grade 7,not proficient,27,49,55.10204081632653
501544,5,508,50815,Treatment,EoSY,Grade 7,not proficient,34,68,50
301887,5,502,50205,Treatment,EoSY,Grade 7,not proficient,25,99,25.252525252525253
302175,5,508,50820,Treatment,EoSY,Grade 7,not proficient,50,133,37.59398496240601
302146,5,508,50812,Treatment,EoSY,Grade 7,not proficient,142,142,100
309921,5,508,50805,Treatment,EoSY,Grade 7,not proficient,76,93,81.72043010752688
302254,5,505,50501,Control,EoSY,Grade 7,not proficient,8,90,8.88888888888889
309513,5,501,50112,Control,EoSY,Grade 7,not proficient,108,122,88.52459016393442
500163,5,508,50801,Control,EoSY,Grade 7,not proficient,32,52,61.53846153846154
302058,5,503,50333,Control,EoSY,Grade 7,not proficient,70,124,56.45161290322581
302192,5,511,51103,Control,EoSY,Grade 7,not proficient,93,283,32.86219081272085
302227,5,511,51105,Control,EoSY,Grade 7,not proficient,70,75,93.33333333333333
302252,5,505,50501,Control,EoSY,Grade 7,not proficient,0,99,0
309914,5,508,50806,Control,EoSY,Grade 7,not proficient,151,222,68.01801801801801
309711,5,503,50317,Control,EoSY,Grade 7,not proficient,16,63,25.396825396825395
301817,5,507,50701,Control,EoSY,Grade 7,not proficient,114,114,100
302165,5,508,50816,Control,EoSY,Grade 7,not proficient,47,85,55.294117647058826
301974,5,503,50311,Treatment,EoSY,Grade 7,not proficient,29,88,32.95454545454545
302256,5,505,50501,Control,EoSY,Grade 7,not proficient,0,114,0
301834,5,501,50106,Control,EoSY,Grade 7,not proficient,53,161,32.91925465838509
309760,5,503,50306,Control,EoSY,Grade 7,not proficient,0,34,0
309936,5,508,50819,Control,EoSY,Grade 7,not proficient,57,57,100
302203,5,511,51102,Control,EoSY,Grade 7,not proficient,19,80,23.75
302011,5,503,50314,Control,EoSY,Grade 7,not proficient,112,199,56.28140703517588
500168,5,505,50501,Control,EoSY,Grade 7,not proficient,69,90,76.66666666666667
301947,5,503,50306,Control,EoSY,Grade 7,not proficient,246,365,67.3972602739726
309941,5,508,50812,Control,EoSY,Grade 7,not proficient,168,223,75.33632286995515
301839,5,501,50111,Control,EoSY,Grade 7,not proficient,3,89,3.3707865168539324
501843,5,508,50818,Treatment,EoSY,Grade 7,not proficient,4,36,11.11111111111111
302111,5,508,50801,Control,EoSY,Grade 7,not proficient,2,516,0.3875968992248062
302133,5,509,50901,Control,EoSY,Grade 7,not proficient,65,182,35.714285714285715
301990,5,503,50317,Control,EoSY,Grade 7,not proficient,0,48,0
309937,5,508,50819,Control,EoSY,Grade 7,not proficient,10,78,12.820512820512821
302241,5,511,51105,Control,EoSY,Grade 7,not proficient,8,152,5.2631578947368425
500167,5,505,50501,Control,EoSY,Grade 7,not proficient,52,67,77.61194029850746
309764,5,503,50320,Control,EoSY,Grade 7,not proficient,16,32,50
302205,5,511,51106,Control,EoSY,Grade 7,not proficient,101,136,74.26470588235294
302014,5,503,50302,Control,EoSY,Grade 7,not proficient,78,148,52.7027027027027
309740,5,503,50315,Control,EoSY,Grade 7,not proficient,30,38,78.94736842105263
309741,5,503,50315,Control,EoSY,Grade 7,not proficient,74,101,73.26732673267327
302161,5,508,50803,Treatment,EoSY,Grade 7,not proficient,56,98,57.142857142857146
302113,5,508,50818,Treatment,EoSY,Grade 7,not proficient,3,98,3.061224489795918
302127,5,508,50817,Control,EoSY,Grade 7,not proficient,39,50,78
301899,5,502,50205,Control,EoSY,Grade 7,not proficient,97,127,76.37795275590551
309509,5,501,50113,Control,EoSY,Grade 7,not proficient,87,94,92.55319148936171
309903,5,508,50816,Control,EoSY,Grade 7,not proficient,83,88,94.31818181818181
301995,5,503,50310,Control,EoSY,Grade 7,not proficient,1,59,1.694915254237288
309702,5,503,50325,Control,EoSY,Grade 7,not proficient,152,239,63.59832635983263
501020,5,503,50310,Control,EoSY,Grade 7,not proficient,24,33,72.72727272727273
309743,5,503,50332,Control,EoSY,Grade 7,not proficient,1,116,0.8620689655172413
301816,5,501,50101,Control,EoSY,Grade 7,not proficient,3,111,2.7027027027027026
302054,5,503,50315,Control,EoSY,Grade 7,not proficient,66,102,64.70588235294117
301862,5,507,50701,Control,EoSY,Grade 7,not proficient,161,244,65.98360655737704
502477,5,501,50108,Control,EoSY,Grade 7,not proficient,2,31,6.451612903225806
302283,5,513,51301,Control,EoSY,Grade 7,not proficient,304,329,92.401215805471125
301900,5,502,50206,Control,EoSY,Grade 7,not proficient,32,69,46.3768115942029
302123,5,508,50808,Control,EoSY,Grade 7,not proficient,53,83,63.855421686746986
309512,5,501,50110,Control,EoSY,Grade 7,not proficient,11,51,21.568627450980394
302284,5,513,51301,Control,EoSY,Grade 7,not proficient,176,183,96.17486338797814
500034,5,508,50819,Control,EoSY,Grade 7,not proficient,25,37,67.56756756756756
302043,5,503,50305,Control,EoSY,Grade 7,not proficient,80,200,40
302182,5,511,51107,Control,EoSY,Grade 7,not proficient,29,86,33.72093023255814
301986,5,503,50334,Control,EoSY,Grade 7,not proficient,155,202,76.73267326732673
302109,5,508,50817,Control,EoSY,Grade 7,not proficient,167,251,66.53386454183267
302061,5,503,50311,Control,EoSY,Grade 7,not proficient,4,79,5.063291139240507
309931,5,508,50802,Control,EoSY,Grade 7,not proficient,61,78,78.2051282051282
301984,5,503,50331,Control,EoSY,Grade 7,not proficient,64,220,29.09090909090909
302156,5,508,50803,Control,EoSY,Grade 7,not proficient,8,104,7.6923076923076925
309705,5,503,50330,Control,EoSY,Grade 7,not proficient,31,86,36.04651162790697
500165,5,508,50804,Control,EoSY,Grade 7,not proficient,16,48,33.333333333333336
301930,5,503,50328,Control,EoSY,Grade 7,not proficient,92,100,92
302177,5,508,50806,Control,EoSY,Grade 7,not proficient,79,109,72.4770642201835
302282,5,513,51301,Control,EoSY,Grade 7,not proficient,91,287,31.70731707317073
502615,5,508,50802,Control,EoSY,Grade 7,not proficient,3,21,14.285714285714286
302263,5,506,50601,Control,EoSY,Grade 7,not proficient,55,61,90.1639344262295
301826,5,501,50103,Control,EoSY,Grade 7,not proficient,49,56,87.5
305750,5,513,51301,Control,EoSY,Grade 7,not proficient,49,65,75.38461538461539
301870,5,501,50110,Control,EoSY,Grade 7,not proficient,0,124,0
302039,5,503,50316,Control,EoSY,Grade 7,not proficient,219,330,66.36363636363636
301868,5,501,50112,Control,EoSY,Grade 7,not proficient,21,231,9.090909090909092
301963,5,503,50316,Control,EoSY,Grade 7,not proficient,79,223,35.426008968609864
340567,15,1505,150501,Treatment,EoSY,Grade 7,not proficient,189,201,94.02985074626865
320606,15,1515,151502,Treatment,EoSY,Grade 7,not proficient,14,304,4.605263157894737
320202,15,1511,151101,Treatment,EoSY,Grade 7,not proficient,7,135,5.185185185185185
305310,15,1507,150703,Treatment,EoSY,Grade 7,not proficient,210,301,69.76744186046511
305418,15,1513,151301,Treatment,EoSY,Grade 7,not proficient,950,1237,76.79870654810024
500565,15,1515,151502,Treatment,EoSY,Grade 7,not proficient,307,844,36.37440758293839
301258,4,413,41308,Treatment,EoSY,Grade 7,not proficient,151,536,28.171641791044777
301214,4,411,41101,Treatment,EoSY,Grade 7,not proficient,128,645,19.844961240310077
301497,4,414,41401,Treatment,EoSY,Grade 7,not proficient,290,424,68.39622641509433
305411,15,1515,151502,Treatment,EoSY,Grade 7,not proficient,160,595,26.89075630252101
305420,15,1513,151301,Treatment,EoSY,Grade 7,not proficient,153,1351,11.324944485566247
301231,4,413,41302,Control,EoSY,Grade 7,not proficient,0,225,0
301188,4,402,40201,Control,EoSY,Grade 7,not proficient,522,691,75.54269175108539
307913,4,413,41309,Control,EoSY,Grade 7,not proficient,125,334,37.4251497005988
500566,15,1507,150710,Control,EoSY,Grade 7,not proficient,438,684,64.03508771929825
305453,15,1510,151001,Control,EoSY,Grade 7,not proficient,0,892,0
305311,15,1507,150702,Control,EoSY,Grade 7,not proficient,132,289,45.674740484429066
301425,4,401,40101,Control,EoSY,Grade 7,not proficient,424,1032,41.08527131782946
301202,4,408,40812,Control,EoSY,Grade 7,not proficient,74,416,17.78846153846154
305412,15,1515,151502,Control,EoSY,Grade 7,not proficient,470,1094,42.96160877513711
308105,4,417,41703,Control,EoSY,Grade 7,not proficient,130,977,13.30603889457523
305341,15,1514,151401,Control,EoSY,Grade 7,not proficient,684,1499,45.63042028018679
319604,15,1512,151201,Control,EoSY,Grade 7,not proficient,0,385,0
305568,15,1516,151601,Control,EoSY,Grade 7,not proficient,202,470,42.97872340425532
305434,15,1503,150301,Control,EoSY,Grade 7,not proficient,402,815,49.32515337423313
301464,4,417,41710,Control,EoSY,Grade 7,not proficient,506,642,78.81619937694704
305461,15,1515,151502,Control,EoSY,Grade 7,not proficient,155,342,45.32163742690059
305384,15,1501,150101,Control,EoSY,Grade 7,not proficient,50,472,10.59322033898305
301143,4,421,42101,Control,EoSY,Grade 7,not proficient,612,1099,55.686988171064606
305340,15,1514,151401,Control,EoSY,Grade 7,not proficient,369,1218,30.295566502463053
305302,15,1507,150709,Treatment,EoSY,Grade 7,not proficient,10,1186,0.8431703204047217
308103,4,417,41712,Control,EoSY,Grade 7,not proficient,355,427,83.13817330210773
308130,4,417,41711,Control,EoSY,Grade 7,not proficient,145,155,93.54838709677419
301227,4,420,42001,Control,EoSY,Grade 7,not proficient,618,808,76.48514851485149
305334,15,1514,151401,Control,EoSY,Grade 7,not proficient,189,599,31.552587646076795
305367,15,1512,151201,Control,EoSY,Grade 7,not proficient,0,1098,0
305635,15,1514,151401,Control,EoSY,Grade 7,not proficient,192,493,38.945233265720084
301218,4,408,40814,Control,EoSY,Grade 7,not proficient,1900,2225,85.3932584269663
308501,4,415,41501,Control,EoSY,Grade 7,not proficient,222,681,32.59911894273128
500332,15,1506,150601,Control,EoSY,Grade 7,not proficient,213,311,68.48874598070739
305471,15,1509,150901,Control,EoSY,Grade 7,not proficient,281,1006,27.932405566600398
305376,15,1501,150101,Treatment,EoSY,Grade 7,not proficient,338,887,38.10597519729425
301432,4,417,41705,Control,EoSY,Grade 7,not proficient,482,609,79.14614121510674
305459,15,1515,151502,Control,EoSY,Grade 7,not proficient,0,865,0
305313,15,1507,150708,Control,EoSY,Grade 7,not proficient,66,679,9.720176730486008
301186,4,410,41001,Control,EoSY,Grade 7,not proficient,387,2044,18.933463796477493
301184,4,410,41001,Control,EoSY,Grade 7,not proficient,178,1235,14.412955465587045
305295,15,1507,150710,Control,EoSY,Grade 7,not proficient,407,1295,31.428571428571427
301416,4,422,42201,Control,EoSY,Grade 7,not proficient,168,199,84.42211055276383
305450,15,1505,150501,Treatment,EoSY,Grade 7,not proficient,6,486,1.2345679012345678
301403,4,416,41606,Control,EoSY,Grade 7,not proficient,373,548,68.06569343065694
301451,4,417,41708,Control,EoSY,Grade 7,not proficient,172,370,46.486486486486484
305338,15,1514,151401,Control,EoSY,Grade 7,not proficient,321,851,37.72032902467685
301257,4,413,41312,Control,EoSY,Grade 7,not proficient,1004,1933,51.939989653388515
305416,15,1513,151301,Control,EoSY,Grade 7,not proficient,137,1054,12.998102466793169
305337,15,1514,151401,Control,EoSY,Grade 7,not proficient,286,2328,12.285223367697595
305353,15,1514,151401,Control,EoSY,Grade 7,not proficient,227,365,62.19178082191781
301197,4,408,40812,Control,EoSY,Grade 7,not proficient,17,430,3.953488372093023
301236,4,413,41308,Treatment,EoSY,Grade 7,not proficient,34,324,10.493827160493828
305444,15,1516,151601,Control,EoSY,Grade 7,not proficient,142,444,31.98198198198198
320306,15,1503,150301,Control,EoSY,Grade 7,not proficient,664,875,75.88571428571429
301489,4,414,41401,Control,EoSY,Grade 7,not proficient,324,377,85.94164456233422
301507,4,418,41801,Control,EoSY,Grade 7,not proficient,122,129,94.57364341085271
301456,4,417,41710,Control,EoSY,Grade 7,not proficient,298,642,46.41744548286604
301238,4,413,41303,Control,EoSY,Grade 7,not proficient,264,639,41.31455399061033
305438,15,1516,151601,Control,EoSY,Grade 7,not proficient,748,916,81.6593886462882
305324,15,1514,151401,Control,EoSY,Grade 7,not proficient,15,262,5.7251908396946565
305454,15,1510,151001,Control,EoSY,Grade 7,not proficient,0,136,0
308122,4,417,41708,Control,EoSY,Grade 7,not proficient,89,225,39.55555555555556
301508,4,418,41801,Control,EoSY,Grade 7,not proficient,148,258,57.36434108527132
305465,15,1515,151502,Control,EoSY,Grade 7,not proficient,50,747,6.693440428380187
305428,15,1511,151101,Control,EoSY,Grade 7,not proficient,28,408,6.862745098039215
301175,4,408,40807,Control,EoSY,Grade 7,not proficient,31,683,4.538799414348462
301437,4,417,41704,Control,EoSY,Grade 7,not proficient,734,1040,70.57692307692308
320204,15,1511,151101,Control,EoSY,Grade 7,not proficient,84,568,14.788732394366198
305447,15,1505,150501,Control,EoSY,Grade 7,not proficient,0,822,0
301438,4,417,41704,Control,EoSY,Grade 7,not proficient,182,524,34.732824427480914
308135,4,417,41708,Control,EoSY,Grade 7,not proficient,213,513,41.52046783625731
301418,4,401,40101,Control,EoSY,Grade 7,not proficient,1695,3110,54.5016077170418
305288,15,1507,150710,Control,EoSY,Grade 7,not proficient,346,645,53.64341085271318
301265,4,413,41301,Control,EoSY,Grade 7,not proficient,3,425,0.7058823529411765
305442,15,1516,151601,Control,EoSY,Grade 7,not proficient,54,267,20.224719101123597
500339,15,1505,150501,Control,EoSY,Grade 7,not proficient,91,352,25.852272727272727
305435,15,1503,150301,Control,EoSY,Grade 7,not proficient,34,467,7.28051391862955
308134,4,417,41708,Control,EoSY,Grade 7,not proficient,416,703,59.17496443812233
305452,15,1505,150501,Control,EoSY,Grade 7,not proficient,4,755,0.5298013245033113
312330,7,703,70308,Treatment,EoSY,Grade 7,not proficient,52,84,61.904761904761905
305710,7,703,70302,Treatment,EoSY,Grade 7,not proficient,58,83,69.87951807228916
305655,11,1101,110101,Treatment,EoSY,Grade 7,not proficient,4,26,15.384615384615385
305581,7,703,70303,Treatment,EoSY,Grade 7,not proficient,17,49,34.69387755102041
303130,7,703,70309,Treatment,EoSY,Grade 7,not proficient,103,182,56.59340659340659
312354,7,703,70309,Treatment,EoSY,Grade 7,not proficient,23,27,85.18518518518519
305849,11,1105,110503,Treatment,EoSY,Grade 7,not proficient,20,32,62.5
305500,11,1101,110101,Treatment,EoSY,Grade 7,not proficient,32,36,88.88888888888889
312355,7,703,70304,Treatment,EoSY,Grade 7,not proficient,33,38,86.84210526315789
501903,11,1110,111001,Treatment,EoSY,Grade 7,not proficient,14,31,45.16129032258065
500665,7,705,70527,Control,EoSY,Grade 7,not proficient,105,105,100
312462,7,705,70520,Control,EoSY,Grade 7,not proficient,13,17,76.47058823529412
306038,11,1102,110202,Control,EoSY,Grade 7,not proficient,0,33,0
500221,7,705,70527,Control,EoSY,Grade 7,not proficient,23,26,88.46153846153847
500744,7,708,70801,Control,EoSY,Grade 7,not proficient,50,55,90.9090909090909
305884,11,1101,110101,Control,EoSY,Grade 7,not proficient,0,118,0
303170,7,709,70901,Control,EoSY,Grade 7,not proficient,6,45,13.333333333333334
500787,7,708,70801,Control,EoSY,Grade 7,not proficient,15,49,30.612244897959183
500667,7,705,70528,Control,EoSY,Grade 7,not proficient,43,59,72.88135593220339
501071,11,1101,110101,Control,EoSY,Grade 7,not proficient,6,25,24
303046,7,705,70527,Control,EoSY,Grade 7,not proficient,82,86,95.34883720930233
325303,7,707,70701,Control,EoSY,Grade 7,not proficient,14,24,58.333333333333336
500208,7,703,70305,Control,EoSY,Grade 7,not proficient,18,19,94.73684210526316
312401,7,705,70525,Control,EoSY,Grade 7,not proficient,113,126,89.68253968253968
303136,7,706,70601,Control,EoSY,Grade 7,not proficient,83,109,76.14678899082568
312435,7,707,70701,Control,EoSY,Grade 7,not proficient,NA,NA,NA
502186,11,1101,110101,Control,EoSY,Grade 7,not proficient,5,21,23.80952380952381
500782,7,708,70801,Control,EoSY,Grade 7,not proficient,85,286,29.72027972027972
306086,11,1106,110606,Control,EoSY,Grade 7,not proficient,19,24,79.16666666666667
305755,7,705,70529,Control,EoSY,Grade 7,not proficient,105,133,78.94736842105263
305665,11,1101,110101,Control,EoSY,Grade 7,not proficient,0,28,0
501635,7,703,70301,Control,EoSY,Grade 7,not proficient,77,77,100
305843,11,1110,111001,Control,EoSY,Grade 7,not proficient,6,61,9.836065573770492
500894,7,705,70517,Control,EoSY,Grade 7,not proficient,59,96,61.458333333333336
500671,7,705,70506,Control,EoSY,Grade 7,not proficient,15,27,55.55555555555556
305847,11,1105,110503,Control,EoSY,Grade 7,not proficient,33,36,91.66666666666667
500784,7,708,70801,Control,EoSY,Grade 7,not proficient,3,21,14.285714285714286
501267,7,705,70525,Control,EoSY,Grade 7,not proficient,34,37,91.89189189189189
306000,7,705,70525,Control,EoSY,Grade 7,not proficient,64,64,100
305517,11,1106,110608,Control,EoSY,Grade 7,not proficient,30,45,66.66666666666667
305713,7,710,71001,Control,EoSY,Grade 7,not proficient,0,73,0
500768,7,705,70521,Control,EoSY,Grade 7,not proficient,56,76,73.6842105263158
316303,11,1107,110701,Control,EoSY,Grade 7,not proficient,40,74,54.054054054054056
316304,11,1107,110701,Control,EoSY,Grade 7,not proficient,52,85,61.1764705882353
305506,11,1101,110101,Control,EoSY,Grade 7,not proficient,2,25,8
500421,7,705,70507,Control,EoSY,Grade 7,not proficient,72,114,63.1578947368421
305681,11,1110,111001,Control,EoSY,Grade 7,not proficient,107,271,39.48339483394834
303186,7,711,71101,Control,EoSY,Grade 7,not proficient,NA,NA,NA
501429,7,714,71402,Control,EoSY,Grade 7,not proficient,44,60,73.33333333333333
305844,11,1103,110303,Control,EoSY,Grade 7,not proficient,5,57,8.771929824561404
305965,11,1110,111001,Control,EoSY,Grade 7,not proficient,81,93,87.09677419354838
501076,11,1103,110305,Control,EoSY,Grade 7,not proficient,13,18,72.22222222222223
305889,11,1101,110101,Control,EoSY,Grade 7,not proficient,11,53,20.754716981132077
501074,11,1103,110306,Control,EoSY,Grade 7,not proficient,78,81,96.29629629629629
312408,7,705,70530,Control,EoSY,Grade 7,not proficient,74,74,100
501351,7,705,70522,Control,EoSY,Grade 7,not proficient,NA,NA,NA
501404,11,1101,110101,Control,EoSY,Grade 7,not proficient,9,17,52.94117647058823
305660,11,1101,110101,Control,EoSY,Grade 7,not proficient,38,39,97.43589743589743
303219,7,701,70101,Control,EoSY,Grade 7,not proficient,67,118,56.779661016949156
312450,7,705,70522,Control,EoSY,Grade 7,not proficient,81,119,68.0672268907563
324903,7,704,70401,Control,EoSY,Grade 7,not proficient,43,43,100
501065,11,1101,110101,Control,EoSY,Grade 7,not proficient,38,139,27.33812949640288
312451,7,705,70532,Control,EoSY,Grade 7,not proficient,15,77,19.48051948051948
501763,11,1103,110305,Control,EoSY,Grade 7,not proficient,17,42,40.476190476190474
316405,11,1110,111001,Control,EoSY,Grade 7,not proficient,97,151,64.23841059602648
316404,11,1110,111001,Control,EoSY,Grade 7,not proficient,14,56,25
316301,11,1107,110701,Control,EoSY,Grade 7,not proficient,57,217,26.267281105990783
312910,7,710,71001,Control,EoSY,Grade 7,not proficient,175,182,96.15384615384616
303011,7,705,70512,Control,EoSY,Grade 7,not proficient,37,60,61.666666666666664
305651,11,1101,110101,Control,EoSY,Grade 7,not proficient,0,34,0
305662,11,1101,110101,Control,EoSY,Grade 7,not proficient,46,50,92
305850,11,1105,110503,Control,EoSY,Grade 7,not proficient,23,27,85.18518518518519
312481,7,705,70518,Control,EoSY,Grade 7,not proficient,71,193,36.78756476683938
304409,11,1110,111001,Control,EoSY,Grade 7,not proficient,47,121,38.84297520661157
303246,7,713,71303,Control,EoSY,Grade 7,not proficient,130,181,71.8232044198895
501405,11,1101,110101,Control,EoSY,Grade 7,not proficient,5,65,7.6923076923076925
305677,11,1105,110503,Control,EoSY,Grade 7,not proficient,23,61,37.704918032786885
500447,7,708,70801,Control,EoSY,Grade 7,not proficient,54,71,76.05633802816901
501305,7,708,70801,Control,EoSY,Grade 7,not proficient,18,30,60
305917,7,708,70801,Control,EoSY,Grade 7,not proficient,10,24,41.666666666666664
305722,7,703,70304,Control,EoSY,Grade 7,not proficient,44,58,75.86206896551724
312953,7,713,71306,Control,EoSY,Grade 7,not proficient,12,37,32.432432432432435
305498,11,1101,110101,Control,EoSY,Grade 7,not proficient,48,77,62.33766233766234
305669,11,1101,110101,Control,EoSY,Grade 7,not proficient,0,39,0
312960,7,710,71002,Control,EoSY,Grade 7,not proficient,50,61,81.9672131147541
309906,5,508,50811,Treatment,EoSY,Grade 7,low proficient,4,127,3.1496062992125986
309934,5,508,50806,Treatment,EoSY,Grade 7,low proficient,13,44,29.545454545454547
301871,5,501,50107,Treatment,EoSY,Grade 7,low proficient,26,73,35.61643835616438
302134,5,508,50804,Treatment,EoSY,Grade 7,low proficient,83,165,50.303030303030305
302117,5,508,50803,Treatment,EoSY,Grade 7,low proficient,25,94,26.595744680851062
309909,5,508,50801,Treatment,EoSY,Grade 7,low proficient,37,124,29.838709677419356
309915,5,508,50801,Treatment,EoSY,Grade 7,low proficient,19,49,38.775510204081634
501544,5,508,50815,Treatment,EoSY,Grade 7,low proficient,23,68,33.8235294117647
301887,5,502,50205,Treatment,EoSY,Grade 7,low proficient,66,99,66.66666666666667
302175,5,508,50820,Treatment,EoSY,Grade 7,low proficient,65,133,48.87218045112782
302146,5,508,50812,Treatment,EoSY,Grade 7,low proficient,0,142,0
309921,5,508,50805,Treatment,EoSY,Grade 7,low proficient,13,93,13.978494623655914
302254,5,505,50501,Control,EoSY,Grade 7,low proficient,68,90,75.55555555555556
309513,5,501,50112,Control,EoSY,Grade 7,low proficient,12,122,9.836065573770492
500163,5,508,50801,Control,EoSY,Grade 7,low proficient,19,52,36.53846153846154
302058,5,503,50333,Control,EoSY,Grade 7,low proficient,52,124,41.935483870967744
302192,5,511,51103,Control,EoSY,Grade 7,low proficient,86,283,30.3886925795053
302227,5,511,51105,Control,EoSY,Grade 7,low proficient,5,75,6.666666666666667
302252,5,505,50501,Control,EoSY,Grade 7,low proficient,94,99,94.94949494949495
309914,5,508,50806,Control,EoSY,Grade 7,low proficient,68,222,30.63063063063063
309711,5,503,50317,Control,EoSY,Grade 7,low proficient,29,63,46.03174603174603
301817,5,507,50701,Control,EoSY,Grade 7,low proficient,0,114,0
302165,5,508,50816,Control,EoSY,Grade 7,low proficient,37,85,43.529411764705884
301974,5,503,50311,Treatment,EoSY,Grade 7,low proficient,41,88,46.59090909090909
302256,5,505,50501,Control,EoSY,Grade 7,low proficient,0,114,0
301834,5,501,50106,Control,EoSY,Grade 7,low proficient,28,161,17.391304347826086
309760,5,503,50306,Control,EoSY,Grade 7,low proficient,2,34,5.882352941176471
309936,5,508,50819,Control,EoSY,Grade 7,low proficient,0,57,0
302203,5,511,51102,Control,EoSY,Grade 7,low proficient,32,80,40
302011,5,503,50314,Control,EoSY,Grade 7,low proficient,73,199,36.68341708542714
500168,5,505,50501,Control,EoSY,Grade 7,low proficient,20,90,22.22222222222222
301947,5,503,50306,Control,EoSY,Grade 7,low proficient,101,365,27.671232876712327
309941,5,508,50812,Control,EoSY,Grade 7,low proficient,49,223,21.973094170403588
301839,5,501,50111,Control,EoSY,Grade 7,low proficient,61,89,68.53932584269663
501843,5,508,50818,Treatment,EoSY,Grade 7,low proficient,17,36,47.22222222222222
302111,5,508,50801,Control,EoSY,Grade 7,low proficient,3,516,0.5813953488372093
302133,5,509,50901,Control,EoSY,Grade 7,low proficient,72,182,39.56043956043956
301990,5,503,50317,Control,EoSY,Grade 7,low proficient,39,48,81.25
309937,5,508,50819,Control,EoSY,Grade 7,low proficient,29,78,37.17948717948718
302241,5,511,51105,Control,EoSY,Grade 7,low proficient,89,152,58.55263157894737
500167,5,505,50501,Control,EoSY,Grade 7,low proficient,9,67,13.432835820895523
309764,5,503,50320,Control,EoSY,Grade 7,low proficient,10,32,31.25
302205,5,511,51106,Control,EoSY,Grade 7,low proficient,13,136,9.558823529411764
302014,5,503,50302,Control,EoSY,Grade 7,low proficient,57,148,38.513513513513516
309740,5,503,50315,Control,EoSY,Grade 7,low proficient,4,38,10.526315789473685
309741,5,503,50315,Control,EoSY,Grade 7,low proficient,24,101,23.762376237623762
302161,5,508,50803,Treatment,EoSY,Grade 7,low proficient,41,98,41.83673469387755
302113,5,508,50818,Treatment,EoSY,Grade 7,low proficient,3,98,3.061224489795918
302127,5,508,50817,Control,EoSY,Grade 7,low proficient,11,50,22
301899,5,502,50205,Control,EoSY,Grade 7,low proficient,28,127,22.04724409448819
309509,5,501,50113,Control,EoSY,Grade 7,low proficient,7,94,7.446808510638298
309903,5,508,50816,Control,EoSY,Grade 7,low proficient,5,88,5.681818181818182
301995,5,503,50310,Control,EoSY,Grade 7,low proficient,12,59,20.338983050847457
309702,5,503,50325,Control,EoSY,Grade 7,low proficient,72,239,30.1255230125523
501020,5,503,50310,Control,EoSY,Grade 7,low proficient,7,33,21.21212121212121
309743,5,503,50332,Control,EoSY,Grade 7,low proficient,91,116,78.44827586206897
301816,5,501,50101,Control,EoSY,Grade 7,low proficient,44,111,39.63963963963964
302054,5,503,50315,Control,EoSY,Grade 7,low proficient,35,102,34.31372549019608
301862,5,507,50701,Control,EoSY,Grade 7,low proficient,78,244,31.9672131147541
502477,5,501,50108,Control,EoSY,Grade 7,low proficient,3,31,9.67741935483871
302283,5,513,51301,Control,EoSY,Grade 7,low proficient,13,329,3.951367781155015
301900,5,502,50206,Control,EoSY,Grade 7,low proficient,22,69,31.884057971014492
302123,5,508,50808,Control,EoSY,Grade 7,low proficient,29,83,34.93975903614458
309512,5,501,50110,Control,EoSY,Grade 7,low proficient,26,51,50.98039215686274
302284,5,513,51301,Control,EoSY,Grade 7,low proficient,7,183,3.8251366120218577
500034,5,508,50819,Control,EoSY,Grade 7,low proficient,7,37,18.91891891891892
302043,5,503,50305,Control,EoSY,Grade 7,low proficient,80,200,40
302182,5,511,51107,Control,EoSY,Grade 7,low proficient,47,86,54.651162790697676
301986,5,503,50334,Control,EoSY,Grade 7,low proficient,40,202,19.801980198019802
302109,5,508,50817,Control,EoSY,Grade 7,low proficient,54,251,21.51394422310757
302061,5,503,50311,Control,EoSY,Grade 7,low proficient,19,79,24.050632911392405
309931,5,508,50802,Control,EoSY,Grade 7,low proficient,16,78,20.512820512820515
301984,5,503,50331,Control,EoSY,Grade 7,low proficient,90,220,40.90909090909091
302156,5,508,50803,Control,EoSY,Grade 7,low proficient,73,104,70.1923076923077
309705,5,503,50330,Control,EoSY,Grade 7,low proficient,53,86,61.627906976744185
500165,5,508,50804,Control,EoSY,Grade 7,low proficient,15,48,31.25
301930,5,503,50328,Control,EoSY,Grade 7,low proficient,8,100,8
302177,5,508,50806,Control,EoSY,Grade 7,low proficient,27,109,24.770642201834864
302282,5,513,51301,Control,EoSY,Grade 7,low proficient,188,287,65.50522648083624
502615,5,508,50802,Control,EoSY,Grade 7,low proficient,13,21,61.904761904761905
302263,5,506,50601,Control,EoSY,Grade 7,low proficient,6,61,9.836065573770492
301826,5,501,50103,Control,EoSY,Grade 7,low proficient,7,56,12.5
305750,5,513,51301,Control,EoSY,Grade 7,low proficient,16,65,24.615384615384617
301870,5,501,50110,Control,EoSY,Grade 7,low proficient,17,124,13.709677419354838
302039,5,503,50316,Control,EoSY,Grade 7,low proficient,96,330,29.09090909090909
301868,5,501,50112,Control,EoSY,Grade 7,low proficient,10,231,4.329004329004329
301963,5,503,50316,Control,EoSY,Grade 7,low proficient,139,223,62.33183856502242
340567,15,1505,150501,Treatment,EoSY,Grade 7,low proficient,12,201,5.970149253731344
320606,15,1515,151502,Treatment,EoSY,Grade 7,low proficient,81,304,26.644736842105264
320202,15,1511,151101,Treatment,EoSY,Grade 7,low proficient,47,135,34.81481481481482
305310,15,1507,150703,Treatment,EoSY,Grade 7,low proficient,82,301,27.242524916943523
305418,15,1513,151301,Treatment,EoSY,Grade 7,low proficient,250,1237,20.21018593371059
500565,15,1515,151502,Treatment,EoSY,Grade 7,low proficient,383,844,45.37914691943128
301258,4,413,41308,Treatment,EoSY,Grade 7,low proficient,273,536,50.93283582089552
301214,4,411,41101,Treatment,EoSY,Grade 7,low proficient,322,645,49.92248062015504
301497,4,414,41401,Treatment,EoSY,Grade 7,low proficient,109,424,25.70754716981132
305411,15,1515,151502,Treatment,EoSY,Grade 7,low proficient,323,595,54.285714285714285
305420,15,1513,151301,Treatment,EoSY,Grade 7,low proficient,249,1351,18.43079200592154
301231,4,413,41302,Control,EoSY,Grade 7,low proficient,60,225,26.666666666666668
301188,4,402,40201,Control,EoSY,Grade 7,low proficient,157,691,22.72069464544139
307913,4,413,41309,Control,EoSY,Grade 7,low proficient,137,334,41.01796407185629
500566,15,1507,150710,Control,EoSY,Grade 7,low proficient,176,684,25.730994152046783
305453,15,1510,151001,Control,EoSY,Grade 7,low proficient,0,892,0
305311,15,1507,150702,Control,EoSY,Grade 7,low proficient,95,289,32.8719723183391
301425,4,401,40101,Control,EoSY,Grade 7,low proficient,379,1032,36.724806201550386
301202,4,408,40812,Control,EoSY,Grade 7,low proficient,224,416,53.84615384615385
305412,15,1515,151502,Control,EoSY,Grade 7,low proficient,441,1094,40.31078610603291
308105,4,417,41703,Control,EoSY,Grade 7,low proficient,379,977,38.792221084953944
305341,15,1514,151401,Control,EoSY,Grade 7,low proficient,514,1499,34.2895263509006
319604,15,1512,151201,Control,EoSY,Grade 7,low proficient,75,385,19.48051948051948
305568,15,1516,151601,Control,EoSY,Grade 7,low proficient,209,470,44.46808510638298
305434,15,1503,150301,Control,EoSY,Grade 7,low proficient,260,815,31.901840490797547
301464,4,417,41710,Control,EoSY,Grade 7,low proficient,98,642,15.264797507788161
305461,15,1515,151502,Control,EoSY,Grade 7,low proficient,112,342,32.748538011695906
305384,15,1501,150101,Control,EoSY,Grade 7,low proficient,153,472,32.41525423728814
301143,4,421,42101,Control,EoSY,Grade 7,low proficient,424,1099,38.58052775250228
305340,15,1514,151401,Control,EoSY,Grade 7,low proficient,578,1218,47.454844006568145
305302,15,1507,150709,Treatment,EoSY,Grade 7,low proficient,29,1186,2.4451939291736933
308103,4,417,41712,Control,EoSY,Grade 7,low proficient,44,427,10.304449648711945
308130,4,417,41711,Control,EoSY,Grade 7,low proficient,5,155,3.225806451612903
301227,4,420,42001,Control,EoSY,Grade 7,low proficient,184,808,22.77227722772277
305334,15,1514,151401,Control,EoSY,Grade 7,low proficient,244,599,40.73455759599332
305367,15,1512,151201,Control,EoSY,Grade 7,low proficient,0,1098,0
305635,15,1514,151401,Control,EoSY,Grade 7,low proficient,150,493,30.425963488843813
301218,4,408,40814,Control,EoSY,Grade 7,low proficient,288,2225,12.9438202247191
308501,4,415,41501,Control,EoSY,Grade 7,low proficient,234,681,34.36123348017621
500332,15,1506,150601,Control,EoSY,Grade 7,low proficient,78,311,25.080385852090032
305471,15,1509,150901,Control,EoSY,Grade 7,low proficient,310,1006,30.81510934393638
305376,15,1501,150101,Treatment,EoSY,Grade 7,low proficient,195,887,21.984216459977453
301432,4,417,41705,Control,EoSY,Grade 7,low proficient,127,609,20.85385878489327
305459,15,1515,151502,Control,EoSY,Grade 7,low proficient,0,865,0
305313,15,1507,150708,Control,EoSY,Grade 7,low proficient,296,679,43.59351988217968
301186,4,410,41001,Control,EoSY,Grade 7,low proficient,630,2044,30.82191780821918
301184,4,410,41001,Control,EoSY,Grade 7,low proficient,745,1235,60.32388663967611
305295,15,1507,150710,Control,EoSY,Grade 7,low proficient,536,1295,41.38996138996139
301416,4,422,42201,Control,EoSY,Grade 7,low proficient,30,199,15.075376884422111
305450,15,1505,150501,Treatment,EoSY,Grade 7,low proficient,33,486,6.790123456790123
301403,4,416,41606,Control,EoSY,Grade 7,low proficient,143,548,26.094890510948904
301451,4,417,41708,Control,EoSY,Grade 7,low proficient,127,370,34.32432432432432
305338,15,1514,151401,Control,EoSY,Grade 7,low proficient,425,851,49.94124559341951
301257,4,413,41312,Control,EoSY,Grade 7,low proficient,695,1933,35.95447490946715
305416,15,1513,151301,Control,EoSY,Grade 7,low proficient,300,1054,28.462998102466795
305337,15,1514,151401,Control,EoSY,Grade 7,low proficient,1036,2328,44.50171821305842
305353,15,1514,151401,Control,EoSY,Grade 7,low proficient,124,365,33.97260273972603
301197,4,408,40812,Control,EoSY,Grade 7,low proficient,137,430,31.86046511627907
301236,4,413,41308,Treatment,EoSY,Grade 7,low proficient,65,324,20.061728395061728
305444,15,1516,151601,Control,EoSY,Grade 7,low proficient,154,444,34.68468468468468
320306,15,1503,150301,Control,EoSY,Grade 7,low proficient,207,875,23.65714285714286
301489,4,414,41401,Control,EoSY,Grade 7,low proficient,46,377,12.20159151193634
301507,4,418,41801,Control,EoSY,Grade 7,low proficient,7,129,5.426356589147287
301456,4,417,41710,Control,EoSY,Grade 7,low proficient,145,642,22.585669781931465
301238,4,413,41303,Control,EoSY,Grade 7,low proficient,273,639,42.72300469483568
305438,15,1516,151601,Control,EoSY,Grade 7,low proficient,164,916,17.903930131004365
305324,15,1514,151401,Control,EoSY,Grade 7,low proficient,13,262,4.961832061068702
305454,15,1510,151001,Control,EoSY,Grade 7,low proficient,4,136,2.9411764705882355
308122,4,417,41708,Control,EoSY,Grade 7,low proficient,64,225,28.444444444444443
301508,4,418,41801,Control,EoSY,Grade 7,low proficient,76,258,29.45736434108527
305465,15,1515,151502,Control,EoSY,Grade 7,low proficient,307,747,41.09772423025435
305428,15,1511,151101,Control,EoSY,Grade 7,low proficient,48,408,11.764705882352942
301175,4,408,40807,Control,EoSY,Grade 7,low proficient,11,683,1.610541727672035
301437,4,417,41704,Control,EoSY,Grade 7,low proficient,108,1040,10.384615384615385
320204,15,1511,151101,Control,EoSY,Grade 7,low proficient,428,568,75.35211267605634
305447,15,1505,150501,Control,EoSY,Grade 7,low proficient,42,822,5.109489051094891
301438,4,417,41704,Control,EoSY,Grade 7,low proficient,252,524,48.091603053435115
308135,4,417,41708,Control,EoSY,Grade 7,low proficient,210,513,40.93567251461988
301418,4,401,40101,Control,EoSY,Grade 7,low proficient,1159,3110,37.266881028938904
305288,15,1507,150710,Control,EoSY,Grade 7,low proficient,80,645,12.4031007751938
301265,4,413,41301,Control,EoSY,Grade 7,low proficient,204,425,48
305442,15,1516,151601,Control,EoSY,Grade 7,low proficient,104,267,38.951310861423224
500339,15,1505,150501,Control,EoSY,Grade 7,low proficient,165,352,46.875
305435,15,1503,150301,Control,EoSY,Grade 7,low proficient,160,467,34.261241970021416
308134,4,417,41708,Control,EoSY,Grade 7,low proficient,269,703,38.26458036984353
305452,15,1505,150501,Control,EoSY,Grade 7,low proficient,27,755,3.576158940397351
312330,7,703,70308,Treatment,EoSY,Grade 7,low proficient,25,84,29.761904761904763
305710,7,703,70302,Treatment,EoSY,Grade 7,low proficient,17,83,20.481927710843372
305655,11,1101,110101,Treatment,EoSY,Grade 7,low proficient,10,26,38.46153846153846
305581,7,703,70303,Treatment,EoSY,Grade 7,low proficient,25,49,51.02040816326531
303130,7,703,70309,Treatment,EoSY,Grade 7,low proficient,70,182,38.46153846153846
312354,7,703,70309,Treatment,EoSY,Grade 7,low proficient,4,27,14.814814814814815
305849,11,1105,110503,Treatment,EoSY,Grade 7,low proficient,11,32,34.375
305500,11,1101,110101,Treatment,EoSY,Grade 7,low proficient,4,36,11.11111111111111
312355,7,703,70304,Treatment,EoSY,Grade 7,low proficient,5,38,13.157894736842104
501903,11,1110,111001,Treatment,EoSY,Grade 7,low proficient,16,31,51.61290322580645
500665,7,705,70527,Control,EoSY,Grade 7,low proficient,0,105,0
312462,7,705,70520,Control,EoSY,Grade 7,low proficient,4,17,23.529411764705884
306038,11,1102,110202,Control,EoSY,Grade 7,low proficient,19,33,57.57575757575758
500221,7,705,70527,Control,EoSY,Grade 7,low proficient,3,26,11.538461538461538
500744,7,708,70801,Control,EoSY,Grade 7,low proficient,5,55,9.090909090909092
305884,11,1101,110101,Control,EoSY,Grade 7,low proficient,15,118,12.711864406779661
303170,7,709,70901,Control,EoSY,Grade 7,low proficient,34,45,75.55555555555556
500787,7,708,70801,Control,EoSY,Grade 7,low proficient,26,49,53.06122448979592
500667,7,705,70528,Control,EoSY,Grade 7,low proficient,10,59,16.949152542372882
501071,11,1101,110101,Control,EoSY,Grade 7,low proficient,16,25,64
303046,7,705,70527,Control,EoSY,Grade 7,low proficient,4,86,4.651162790697675
325303,7,707,70701,Control,EoSY,Grade 7,low proficient,10,24,41.666666666666664
500208,7,703,70305,Control,EoSY,Grade 7,low proficient,1,19,5.2631578947368425
312401,7,705,70525,Control,EoSY,Grade 7,low proficient,13,126,10.317460317460318
303136,7,706,70601,Control,EoSY,Grade 7,low proficient,24,109,22.01834862385321
312435,7,707,70701,Control,EoSY,Grade 7,low proficient,NA,NA,NA
502186,11,1101,110101,Control,EoSY,Grade 7,low proficient,16,21,76.19047619047619
500782,7,708,70801,Control,EoSY,Grade 7,low proficient,100,286,34.96503496503497
306086,11,1106,110606,Control,EoSY,Grade 7,low proficient,5,24,20.833333333333332
305755,7,705,70529,Control,EoSY,Grade 7,low proficient,28,133,21.05263157894737
305665,11,1101,110101,Control,EoSY,Grade 7,low proficient,16,28,57.142857142857146
501635,7,703,70301,Control,EoSY,Grade 7,low proficient,0,77,0
305843,11,1110,111001,Control,EoSY,Grade 7,low proficient,17,61,27.868852459016395
500894,7,705,70517,Control,EoSY,Grade 7,low proficient,36,96,37.5
500671,7,705,70506,Control,EoSY,Grade 7,low proficient,12,27,44.44444444444444
305847,11,1105,110503,Control,EoSY,Grade 7,low proficient,3,36,8.333333333333334
500784,7,708,70801,Control,EoSY,Grade 7,low proficient,13,21,61.904761904761905
501267,7,705,70525,Control,EoSY,Grade 7,low proficient,3,37,8.108108108108109
306000,7,705,70525,Control,EoSY,Grade 7,low proficient,0,64,0
305517,11,1106,110608,Control,EoSY,Grade 7,low proficient,8,45,17.77777777777778
305713,7,710,71001,Control,EoSY,Grade 7,low proficient,13,73,17.80821917808219
500768,7,705,70521,Control,EoSY,Grade 7,low proficient,20,76,26.31578947368421
316303,11,1107,110701,Control,EoSY,Grade 7,low proficient,29,74,39.189189189189186
316304,11,1107,110701,Control,EoSY,Grade 7,low proficient,18,85,21.176470588235293
305506,11,1101,110101,Control,EoSY,Grade 7,low proficient,11,25,44
500421,7,705,70507,Control,EoSY,Grade 7,low proficient,37,114,32.45614035087719
305681,11,1110,111001,Control,EoSY,Grade 7,low proficient,133,271,49.07749077490775
303186,7,711,71101,Control,EoSY,Grade 7,low proficient,NA,NA,NA
501429,7,714,71402,Control,EoSY,Grade 7,low proficient,15,60,25
305844,11,1103,110303,Control,EoSY,Grade 7,low proficient,26,57,45.6140350877193
305965,11,1110,111001,Control,EoSY,Grade 7,low proficient,12,93,12.903225806451612
501076,11,1103,110305,Control,EoSY,Grade 7,low proficient,2,18,11.11111111111111
305889,11,1101,110101,Control,EoSY,Grade 7,low proficient,31,53,58.490566037735846
501074,11,1103,110306,Control,EoSY,Grade 7,low proficient,3,81,3.7037037037037037
312408,7,705,70530,Control,EoSY,Grade 7,low proficient,0,74,0
501351,7,705,70522,Control,EoSY,Grade 7,low proficient,NA,NA,NA
501404,11,1101,110101,Control,EoSY,Grade 7,low proficient,8,17,47.05882352941177
305660,11,1101,110101,Control,EoSY,Grade 7,low proficient,1,39,2.5641025641025643
303219,7,701,70101,Control,EoSY,Grade 7,low proficient,40,118,33.898305084745765
312450,7,705,70522,Control,EoSY,Grade 7,low proficient,38,119,31.932773109243698
324903,7,704,70401,Control,EoSY,Grade 7,low proficient,0,43,0
501065,11,1101,110101,Control,EoSY,Grade 7,low proficient,63,139,45.32374100719424
312451,7,705,70532,Control,EoSY,Grade 7,low proficient,51,77,66.23376623376623
501763,11,1103,110305,Control,EoSY,Grade 7,low proficient,22,42,52.38095238095238
316405,11,1110,111001,Control,EoSY,Grade 7,low proficient,41,151,27.1523178807947
316404,11,1110,111001,Control,EoSY,Grade 7,low proficient,29,56,51.785714285714285
316301,11,1107,110701,Control,EoSY,Grade 7,low proficient,119,217,54.83870967741935
312910,7,710,71001,Control,EoSY,Grade 7,low proficient,7,182,3.8461538461538463
303011,7,705,70512,Control,EoSY,Grade 7,low proficient,23,60,38.333333333333336
305651,11,1101,110101,Control,EoSY,Grade 7,low proficient,13,34,38.23529411764706
305662,11,1101,110101,Control,EoSY,Grade 7,low proficient,4,50,8
305850,11,1105,110503,Control,EoSY,Grade 7,low proficient,4,27,14.814814814814815
312481,7,705,70518,Control,EoSY,Grade 7,low proficient,112,193,58.031088082901555
304409,11,1110,111001,Control,EoSY,Grade 7,low proficient,73,121,60.33057851239669
303246,7,713,71303,Control,EoSY,Grade 7,low proficient,49,181,27.07182320441989
501405,11,1101,110101,Control,EoSY,Grade 7,low proficient,6,65,9.23076923076923
305677,11,1105,110503,Control,EoSY,Grade 7,low proficient,26,61,42.622950819672134
500447,7,708,70801,Control,EoSY,Grade 7,low proficient,15,71,21.12676056338028
501305,7,708,70801,Control,EoSY,Grade 7,low proficient,9,30,30
305917,7,708,70801,Control,EoSY,Grade 7,low proficient,13,24,54.166666666666664
305722,7,703,70304,Control,EoSY,Grade 7,low proficient,13,58,22.413793103448278
312953,7,713,71306,Control,EoSY,Grade 7,low proficient,20,37,54.054054054054056
305498,11,1101,110101,Control,EoSY,Grade 7,low proficient,29,77,37.66233766233766
305669,11,1101,110101,Control,EoSY,Grade 7,low proficient,0,39,0
312960,7,710,71002,Control,EoSY,Grade 7,low proficient,11,61,18.0327868852459
309906,5,508,50811,Treatment,EoSY,Grade 7,nearly proficient,0,127,0
309934,5,508,50806,Treatment,EoSY,Grade 7,nearly proficient,19,44,43.18181818181818
301871,5,501,50107,Treatment,EoSY,Grade 7,nearly proficient,26,73,35.61643835616438
302134,5,508,50804,Treatment,EoSY,Grade 7,nearly proficient,34,165,20.606060606060606
302117,5,508,50803,Treatment,EoSY,Grade 7,nearly proficient,0,94,0
309909,5,508,50801,Treatment,EoSY,Grade 7,nearly proficient,23,124,18.548387096774192
309915,5,508,50801,Treatment,EoSY,Grade 7,nearly proficient,3,49,6.122448979591836
501544,5,508,50815,Treatment,EoSY,Grade 7,nearly proficient,11,68,16.176470588235293
301887,5,502,50205,Treatment,EoSY,Grade 7,nearly proficient,7,99,7.070707070707071
302175,5,508,50820,Treatment,EoSY,Grade 7,nearly proficient,17,133,12.781954887218046
302146,5,508,50812,Treatment,EoSY,Grade 7,nearly proficient,0,142,0
309921,5,508,50805,Treatment,EoSY,Grade 7,nearly proficient,4,93,4.301075268817204
302254,5,505,50501,Control,EoSY,Grade 7,nearly proficient,14,90,15.555555555555555
309513,5,501,50112,Control,EoSY,Grade 7,nearly proficient,2,122,1.639344262295082
500163,5,508,50801,Control,EoSY,Grade 7,nearly proficient,1,52,1.9230769230769231
302058,5,503,50333,Control,EoSY,Grade 7,nearly proficient,2,124,1.6129032258064515
302192,5,511,51103,Control,EoSY,Grade 7,nearly proficient,56,283,19.78798586572438
302227,5,511,51105,Control,EoSY,Grade 7,nearly proficient,0,75,0
302252,5,505,50501,Control,EoSY,Grade 7,nearly proficient,5,99,5.05050505050505
309914,5,508,50806,Control,EoSY,Grade 7,nearly proficient,3,222,1.3513513513513513
309711,5,503,50317,Control,EoSY,Grade 7,nearly proficient,16,63,25.396825396825395
301817,5,507,50701,Control,EoSY,Grade 7,nearly proficient,0,114,0
302165,5,508,50816,Control,EoSY,Grade 7,nearly proficient,1,85,1.1764705882352942
301974,5,503,50311,Treatment,EoSY,Grade 7,nearly proficient,18,88,20.454545454545453
302256,5,505,50501,Control,EoSY,Grade 7,nearly proficient,11,114,9.649122807017545
301834,5,501,50106,Control,EoSY,Grade 7,nearly proficient,75,161,46.58385093167702
309760,5,503,50306,Control,EoSY,Grade 7,nearly proficient,32,34,94.11764705882354
309936,5,508,50819,Control,EoSY,Grade 7,nearly proficient,0,57,0
302203,5,511,51102,Control,EoSY,Grade 7,nearly proficient,28,80,35
302011,5,503,50314,Control,EoSY,Grade 7,nearly proficient,13,199,6.532663316582915
500168,5,505,50501,Control,EoSY,Grade 7,nearly proficient,1,90,1.1111111111111112
301947,5,503,50306,Control,EoSY,Grade 7,nearly proficient,11,365,3.0136986301369864
309941,5,508,50812,Control,EoSY,Grade 7,nearly proficient,5,223,2.242152466367713
301839,5,501,50111,Control,EoSY,Grade 7,nearly proficient,25,89,28.089887640449437
501843,5,508,50818,Treatment,EoSY,Grade 7,nearly proficient,15,36,41.666666666666664
302111,5,508,50801,Control,EoSY,Grade 7,nearly proficient,225,516,43.604651162790695
302133,5,509,50901,Control,EoSY,Grade 7,nearly proficient,37,182,20.32967032967033
301990,5,503,50317,Control,EoSY,Grade 7,nearly proficient,9,48,18.75
309937,5,508,50819,Control,EoSY,Grade 7,nearly proficient,31,78,39.743589743589745
302241,5,511,51105,Control,EoSY,Grade 7,nearly proficient,55,152,36.18421052631579
500167,5,505,50501,Control,EoSY,Grade 7,nearly proficient,6,67,8.955223880597014
309764,5,503,50320,Control,EoSY,Grade 7,nearly proficient,3,32,9.375
302205,5,511,51106,Control,EoSY,Grade 7,nearly proficient,20,136,14.705882352941176
302014,5,503,50302,Control,EoSY,Grade 7,nearly proficient,11,148,7.4324324324324325
309740,5,503,50315,Control,EoSY,Grade 7,nearly proficient,4,38,10.526315789473685
309741,5,503,50315,Control,EoSY,Grade 7,nearly proficient,3,101,2.9702970297029703
302161,5,508,50803,Treatment,EoSY,Grade 7,nearly proficient,1,98,1.0204081632653061
302113,5,508,50818,Treatment,EoSY,Grade 7,nearly proficient,11,98,11.224489795918368
302127,5,508,50817,Control,EoSY,Grade 7,nearly proficient,0,50,0
301899,5,502,50205,Control,EoSY,Grade 7,nearly proficient,2,127,1.5748031496062993
309509,5,501,50113,Control,EoSY,Grade 7,nearly proficient,0,94,0
309903,5,508,50816,Control,EoSY,Grade 7,nearly proficient,0,88,0
301995,5,503,50310,Control,EoSY,Grade 7,nearly proficient,32,59,54.23728813559322
309702,5,503,50325,Control,EoSY,Grade 7,nearly proficient,15,239,6.2761506276150625
501020,5,503,50310,Control,EoSY,Grade 7,nearly proficient,2,33,6.0606060606060606
309743,5,503,50332,Control,EoSY,Grade 7,nearly proficient,22,116,18.96551724137931
301816,5,501,50101,Control,EoSY,Grade 7,nearly proficient,64,111,57.65765765765766
302054,5,503,50315,Control,EoSY,Grade 7,nearly proficient,1,102,0.9803921568627451
301862,5,507,50701,Control,EoSY,Grade 7,nearly proficient,5,244,2.0491803278688523
502477,5,501,50108,Control,EoSY,Grade 7,nearly proficient,25,31,80.64516129032258
302283,5,513,51301,Control,EoSY,Grade 7,nearly proficient,12,329,3.6474164133738602
301900,5,502,50206,Control,EoSY,Grade 7,nearly proficient,14,69,20.28985507246377
302123,5,508,50808,Control,EoSY,Grade 7,nearly proficient,1,83,1.2048192771084338
309512,5,501,50110,Control,EoSY,Grade 7,nearly proficient,14,51,27.45098039215686
302284,5,513,51301,Control,EoSY,Grade 7,nearly proficient,0,183,0
500034,5,508,50819,Control,EoSY,Grade 7,nearly proficient,5,37,13.513513513513514
302043,5,503,50305,Control,EoSY,Grade 7,nearly proficient,24,200,12
302182,5,511,51107,Control,EoSY,Grade 7,nearly proficient,10,86,11.627906976744185
301986,5,503,50334,Control,EoSY,Grade 7,nearly proficient,6,202,2.9702970297029703
302109,5,508,50817,Control,EoSY,Grade 7,nearly proficient,26,251,10.358565737051793
302061,5,503,50311,Control,EoSY,Grade 7,nearly proficient,43,79,54.43037974683544
309931,5,508,50802,Control,EoSY,Grade 7,nearly proficient,1,78,1.2820512820512822
301984,5,503,50331,Control,EoSY,Grade 7,nearly proficient,64,220,29.09090909090909
302156,5,508,50803,Control,EoSY,Grade 7,nearly proficient,23,104,22.115384615384617
309705,5,503,50330,Control,EoSY,Grade 7,nearly proficient,2,86,2.3255813953488373
500165,5,508,50804,Control,EoSY,Grade 7,nearly proficient,11,48,22.916666666666668
301930,5,503,50328,Control,EoSY,Grade 7,nearly proficient,0,100,0
302177,5,508,50806,Control,EoSY,Grade 7,nearly proficient,3,109,2.7522935779816513
302282,5,513,51301,Control,EoSY,Grade 7,nearly proficient,8,287,2.7874564459930316
502615,5,508,50802,Control,EoSY,Grade 7,nearly proficient,5,21,23.80952380952381
302263,5,506,50601,Control,EoSY,Grade 7,nearly proficient,0,61,0
301826,5,501,50103,Control,EoSY,Grade 7,nearly proficient,0,56,0
305750,5,513,51301,Control,EoSY,Grade 7,nearly proficient,0,65,0
301870,5,501,50110,Control,EoSY,Grade 7,nearly proficient,91,124,73.38709677419355
302039,5,503,50316,Control,EoSY,Grade 7,nearly proficient,14,330,4.242424242424242
301868,5,501,50112,Control,EoSY,Grade 7,nearly proficient,200,231,86.58008658008659
301963,5,503,50316,Control,EoSY,Grade 7,nearly proficient,5,223,2.242152466367713
340567,15,1505,150501,Treatment,EoSY,Grade 7,nearly proficient,0,201,0
320606,15,1515,151502,Treatment,EoSY,Grade 7,nearly proficient,182,304,59.86842105263158
320202,15,1511,151101,Treatment,EoSY,Grade 7,nearly proficient,53,135,39.25925925925926
305310,15,1507,150703,Treatment,EoSY,Grade 7,nearly proficient,9,301,2.990033222591362
305418,15,1513,151301,Treatment,EoSY,Grade 7,nearly proficient,35,1237,2.8294260307194827
500565,15,1515,151502,Treatment,EoSY,Grade 7,nearly proficient,127,844,15.04739336492891
301258,4,413,41308,Treatment,EoSY,Grade 7,nearly proficient,94,536,17.53731343283582
301214,4,411,41101,Treatment,EoSY,Grade 7,nearly proficient,168,645,26.046511627906977
301497,4,414,41401,Treatment,EoSY,Grade 7,nearly proficient,22,424,5.188679245283019
305411,15,1515,151502,Treatment,EoSY,Grade 7,nearly proficient,98,595,16.470588235294116
305420,15,1513,151301,Treatment,EoSY,Grade 7,nearly proficient,263,1351,19.467061435973353
301231,4,413,41302,Control,EoSY,Grade 7,nearly proficient,149,225,66.22222222222223
301188,4,402,40201,Control,EoSY,Grade 7,nearly proficient,11,691,1.5918958031837915
307913,4,413,41309,Control,EoSY,Grade 7,nearly proficient,67,334,20.059880239520957
500566,15,1507,150710,Control,EoSY,Grade 7,nearly proficient,49,684,7.16374269005848
305453,15,1510,151001,Control,EoSY,Grade 7,nearly proficient,478,892,53.587443946188344
305311,15,1507,150702,Control,EoSY,Grade 7,nearly proficient,62,289,21.453287197231834
301425,4,401,40101,Control,EoSY,Grade 7,nearly proficient,194,1032,18.7984496124031
301202,4,408,40812,Control,EoSY,Grade 7,nearly proficient,117,416,28.125
305412,15,1515,151502,Control,EoSY,Grade 7,nearly proficient,148,1094,13.528336380255942
308105,4,417,41703,Control,EoSY,Grade 7,nearly proficient,261,977,26.714431934493348
305341,15,1514,151401,Control,EoSY,Grade 7,nearly proficient,267,1499,17.81187458305537
319604,15,1512,151201,Control,EoSY,Grade 7,nearly proficient,197,385,51.16883116883117
305568,15,1516,151601,Control,EoSY,Grade 7,nearly proficient,58,470,12.340425531914894
305434,15,1503,150301,Control,EoSY,Grade 7,nearly proficient,140,815,17.177914110429448
301464,4,417,41710,Control,EoSY,Grade 7,nearly proficient,28,642,4.361370716510903
305461,15,1515,151502,Control,EoSY,Grade 7,nearly proficient,55,342,16.08187134502924
305384,15,1501,150101,Control,EoSY,Grade 7,nearly proficient,241,472,51.059322033898304
301143,4,421,42101,Control,EoSY,Grade 7,nearly proficient,56,1099,5.095541401273885
305340,15,1514,151401,Control,EoSY,Grade 7,nearly proficient,212,1218,17.4055829228243
305302,15,1507,150709,Treatment,EoSY,Grade 7,nearly proficient,216,1186,18.21247892074199
308103,4,417,41712,Control,EoSY,Grade 7,nearly proficient,28,427,6.557377049180328
308130,4,417,41711,Control,EoSY,Grade 7,nearly proficient,5,155,3.225806451612903
301227,4,420,42001,Control,EoSY,Grade 7,nearly proficient,6,808,0.7425742574257426
305334,15,1514,151401,Control,EoSY,Grade 7,nearly proficient,128,599,21.368948247078464
305367,15,1512,151201,Control,EoSY,Grade 7,nearly proficient,251,1098,22.859744990892533
305635,15,1514,151401,Control,EoSY,Grade 7,nearly proficient,148,493,30.02028397565923
301218,4,408,40814,Control,EoSY,Grade 7,nearly proficient,34,2225,1.5280898876404494
308501,4,415,41501,Control,EoSY,Grade 7,nearly proficient,196,681,28.781204111600587
500332,15,1506,150601,Control,EoSY,Grade 7,nearly proficient,19,311,6.109324758842444
305471,15,1509,150901,Control,EoSY,Grade 7,nearly proficient,298,1006,29.62226640159046
305376,15,1501,150101,Treatment,EoSY,Grade 7,nearly proficient,238,887,26.832018038331455
301432,4,417,41705,Control,EoSY,Grade 7,nearly proficient,0,609,0
305459,15,1515,151502,Control,EoSY,Grade 7,nearly proficient,346,865,40
305313,15,1507,150708,Control,EoSY,Grade 7,nearly proficient,250,679,36.81885125184094
301186,4,410,41001,Control,EoSY,Grade 7,nearly proficient,533,2044,26.07632093933464
301184,4,410,41001,Control,EoSY,Grade 7,nearly proficient,305,1235,24.696356275303643
305295,15,1507,150710,Control,EoSY,Grade 7,nearly proficient,297,1295,22.934362934362934
301416,4,422,42201,Control,EoSY,Grade 7,nearly proficient,1,199,0.5025125628140703
305450,15,1505,150501,Treatment,EoSY,Grade 7,nearly proficient,264,486,54.32098765432099
301403,4,416,41606,Control,EoSY,Grade 7,nearly proficient,27,548,4.927007299270073
301451,4,417,41708,Control,EoSY,Grade 7,nearly proficient,57,370,15.405405405405405
305338,15,1514,151401,Control,EoSY,Grade 7,nearly proficient,95,851,11.163337250293772
301257,4,413,41312,Control,EoSY,Grade 7,nearly proficient,205,1933,10.605276771857216
305416,15,1513,151301,Control,EoSY,Grade 7,nearly proficient,543,1054,51.51802656546489
305337,15,1514,151401,Control,EoSY,Grade 7,nearly proficient,726,2328,31.185567010309278
305353,15,1514,151401,Control,EoSY,Grade 7,nearly proficient,14,365,3.835616438356164
301197,4,408,40812,Control,EoSY,Grade 7,nearly proficient,249,430,57.906976744186046
301236,4,413,41308,Treatment,EoSY,Grade 7,nearly proficient,151,324,46.60493827160494
305444,15,1516,151601,Control,EoSY,Grade 7,nearly proficient,121,444,27.25225225225225
320306,15,1503,150301,Control,EoSY,Grade 7,nearly proficient,4,875,0.45714285714285713
301489,4,414,41401,Control,EoSY,Grade 7,nearly proficient,7,377,1.856763925729443
301507,4,418,41801,Control,EoSY,Grade 7,nearly proficient,0,129,0
301456,4,417,41710,Control,EoSY,Grade 7,nearly proficient,136,642,21.18380062305296
301238,4,413,41303,Control,EoSY,Grade 7,nearly proficient,90,639,14.084507042253522
305438,15,1516,151601,Control,EoSY,Grade 7,nearly proficient,4,916,0.4366812227074236
305324,15,1514,151401,Control,EoSY,Grade 7,nearly proficient,167,262,63.74045801526717
305454,15,1510,151001,Control,EoSY,Grade 7,nearly proficient,106,136,77.94117647058823
308122,4,417,41708,Control,EoSY,Grade 7,nearly proficient,58,225,25.77777777777778
301508,4,418,41801,Control,EoSY,Grade 7,nearly proficient,29,258,11.24031007751938
305465,15,1515,151502,Control,EoSY,Grade 7,nearly proficient,339,747,45.381526104417674
305428,15,1511,151101,Control,EoSY,Grade 7,nearly proficient,141,408,34.55882352941177
301175,4,408,40807,Control,EoSY,Grade 7,nearly proficient,148,683,21.669106881405565
301437,4,417,41704,Control,EoSY,Grade 7,nearly proficient,162,1040,15.576923076923077
320204,15,1511,151101,Control,EoSY,Grade 7,nearly proficient,55,568,9.683098591549296
305447,15,1505,150501,Control,EoSY,Grade 7,nearly proficient,129,822,15.693430656934307
301438,4,417,41704,Control,EoSY,Grade 7,nearly proficient,85,524,16.221374045801525
308135,4,417,41708,Control,EoSY,Grade 7,nearly proficient,77,513,15.009746588693957
301418,4,401,40101,Control,EoSY,Grade 7,nearly proficient,246,3110,7.909967845659164
305288,15,1507,150710,Control,EoSY,Grade 7,nearly proficient,198,645,30.697674418604652
301265,4,413,41301,Control,EoSY,Grade 7,nearly proficient,123,425,28.941176470588236
305442,15,1516,151601,Control,EoSY,Grade 7,nearly proficient,90,267,33.70786516853933
500339,15,1505,150501,Control,EoSY,Grade 7,nearly proficient,77,352,21.875
305435,15,1503,150301,Control,EoSY,Grade 7,nearly proficient,196,467,41.97002141327623
308134,4,417,41708,Control,EoSY,Grade 7,nearly proficient,18,703,2.5604551920341394
305452,15,1505,150501,Control,EoSY,Grade 7,nearly proficient,288,755,38.145695364238414
312330,7,703,70308,Treatment,EoSY,Grade 7,nearly proficient,7,84,8.333333333333334
305710,7,703,70302,Treatment,EoSY,Grade 7,nearly proficient,8,83,9.63855421686747
305655,11,1101,110101,Treatment,EoSY,Grade 7,nearly proficient,11,26,42.30769230769231
305581,7,703,70303,Treatment,EoSY,Grade 7,nearly proficient,5,49,10.204081632653061
303130,7,703,70309,Treatment,EoSY,Grade 7,nearly proficient,9,182,4.945054945054945
312354,7,703,70309,Treatment,EoSY,Grade 7,nearly proficient,0,27,0
305849,11,1105,110503,Treatment,EoSY,Grade 7,nearly proficient,1,32,3.125
305500,11,1101,110101,Treatment,EoSY,Grade 7,nearly proficient,0,36,0
312355,7,703,70304,Treatment,EoSY,Grade 7,nearly proficient,0,38,0
501903,11,1110,111001,Treatment,EoSY,Grade 7,nearly proficient,1,31,3.225806451612903
500665,7,705,70527,Control,EoSY,Grade 7,nearly proficient,0,105,0
312462,7,705,70520,Control,EoSY,Grade 7,nearly proficient,0,17,0
306038,11,1102,110202,Control,EoSY,Grade 7,nearly proficient,8,33,24.242424242424242
500221,7,705,70527,Control,EoSY,Grade 7,nearly proficient,0,26,0
500744,7,708,70801,Control,EoSY,Grade 7,nearly proficient,0,55,0
305884,11,1101,110101,Control,EoSY,Grade 7,nearly proficient,81,118,68.64406779661017
303170,7,709,70901,Control,EoSY,Grade 7,nearly proficient,3,45,6.666666666666667
500787,7,708,70801,Control,EoSY,Grade 7,nearly proficient,7,49,14.285714285714286
500667,7,705,70528,Control,EoSY,Grade 7,nearly proficient,6,59,10.169491525423728
501071,11,1101,110101,Control,EoSY,Grade 7,nearly proficient,3,25,12
303046,7,705,70527,Control,EoSY,Grade 7,nearly proficient,0,86,0
325303,7,707,70701,Control,EoSY,Grade 7,nearly proficient,0,24,0
500208,7,703,70305,Control,EoSY,Grade 7,nearly proficient,0,19,0
312401,7,705,70525,Control,EoSY,Grade 7,nearly proficient,0,126,0
303136,7,706,70601,Control,EoSY,Grade 7,nearly proficient,2,109,1.834862385321101
312435,7,707,70701,Control,EoSY,Grade 7,nearly proficient,NA,NA,NA
502186,11,1101,110101,Control,EoSY,Grade 7,nearly proficient,0,21,0
500782,7,708,70801,Control,EoSY,Grade 7,nearly proficient,92,286,32.16783216783217
306086,11,1106,110606,Control,EoSY,Grade 7,nearly proficient,0,24,0
305755,7,705,70529,Control,EoSY,Grade 7,nearly proficient,0,133,0
305665,11,1101,110101,Control,EoSY,Grade 7,nearly proficient,9,28,32.142857142857146
501635,7,703,70301,Control,EoSY,Grade 7,nearly proficient,0,77,0
305843,11,1110,111001,Control,EoSY,Grade 7,nearly proficient,34,61,55.73770491803279
500894,7,705,70517,Control,EoSY,Grade 7,nearly proficient,1,96,1.0416666666666667
500671,7,705,70506,Control,EoSY,Grade 7,nearly proficient,0,27,0
305847,11,1105,110503,Control,EoSY,Grade 7,nearly proficient,0,36,0
500784,7,708,70801,Control,EoSY,Grade 7,nearly proficient,5,21,23.80952380952381
501267,7,705,70525,Control,EoSY,Grade 7,nearly proficient,0,37,0
306000,7,705,70525,Control,EoSY,Grade 7,nearly proficient,0,64,0
305517,11,1106,110608,Control,EoSY,Grade 7,nearly proficient,7,45,15.555555555555555
305713,7,710,71001,Control,EoSY,Grade 7,nearly proficient,57,73,78.08219178082192
500768,7,705,70521,Control,EoSY,Grade 7,nearly proficient,0,76,0
316303,11,1107,110701,Control,EoSY,Grade 7,nearly proficient,5,74,6.756756756756757
316304,11,1107,110701,Control,EoSY,Grade 7,nearly proficient,15,85,17.647058823529413
305506,11,1101,110101,Control,EoSY,Grade 7,nearly proficient,12,25,48
500421,7,705,70507,Control,EoSY,Grade 7,nearly proficient,5,114,4.385964912280702
305681,11,1110,111001,Control,EoSY,Grade 7,nearly proficient,31,271,11.439114391143912
303186,7,711,71101,Control,EoSY,Grade 7,nearly proficient,NA,NA,NA
501429,7,714,71402,Control,EoSY,Grade 7,nearly proficient,1,60,1.6666666666666667
305844,11,1103,110303,Control,EoSY,Grade 7,nearly proficient,22,57,38.59649122807018
305965,11,1110,111001,Control,EoSY,Grade 7,nearly proficient,0,93,0
501076,11,1103,110305,Control,EoSY,Grade 7,nearly proficient,3,18,16.666666666666668
305889,11,1101,110101,Control,EoSY,Grade 7,nearly proficient,11,53,20.754716981132077
501074,11,1103,110306,Control,EoSY,Grade 7,nearly proficient,0,81,0
312408,7,705,70530,Control,EoSY,Grade 7,nearly proficient,0,74,0
501351,7,705,70522,Control,EoSY,Grade 7,nearly proficient,NA,NA,NA
501404,11,1101,110101,Control,EoSY,Grade 7,nearly proficient,0,17,0
305660,11,1101,110101,Control,EoSY,Grade 7,nearly proficient,0,39,0
303219,7,701,70101,Control,EoSY,Grade 7,nearly proficient,11,118,9.322033898305085
312450,7,705,70522,Control,EoSY,Grade 7,nearly proficient,0,119,0
324903,7,704,70401,Control,EoSY,Grade 7,nearly proficient,0,43,0
501065,11,1101,110101,Control,EoSY,Grade 7,nearly proficient,30,139,21.58273381294964
312451,7,705,70532,Control,EoSY,Grade 7,nearly proficient,10,77,12.987012987012987
501763,11,1103,110305,Control,EoSY,Grade 7,nearly proficient,3,42,7.142857142857143
316405,11,1110,111001,Control,EoSY,Grade 7,nearly proficient,12,151,7.947019867549669
316404,11,1110,111001,Control,EoSY,Grade 7,nearly proficient,13,56,23.214285714285715
316301,11,1107,110701,Control,EoSY,Grade 7,nearly proficient,41,217,18.89400921658986
312910,7,710,71001,Control,EoSY,Grade 7,nearly proficient,0,182,0
303011,7,705,70512,Control,EoSY,Grade 7,nearly proficient,0,60,0
305651,11,1101,110101,Control,EoSY,Grade 7,nearly proficient,11,34,32.35294117647059
305662,11,1101,110101,Control,EoSY,Grade 7,nearly proficient,0,50,0
305850,11,1105,110503,Control,EoSY,Grade 7,nearly proficient,0,27,0
312481,7,705,70518,Control,EoSY,Grade 7,nearly proficient,10,193,5.181347150259067
304409,11,1110,111001,Control,EoSY,Grade 7,nearly proficient,1,121,0.8264462809917356
303246,7,713,71303,Control,EoSY,Grade 7,nearly proficient,2,181,1.1049723756906078
501405,11,1101,110101,Control,EoSY,Grade 7,nearly proficient,15,65,23.076923076923077
305677,11,1105,110503,Control,EoSY,Grade 7,nearly proficient,7,61,11.475409836065573
500447,7,708,70801,Control,EoSY,Grade 7,nearly proficient,2,71,2.816901408450704
501305,7,708,70801,Control,EoSY,Grade 7,nearly proficient,3,30,10
305917,7,708,70801,Control,EoSY,Grade 7,nearly proficient,1,24,4.166666666666667
305722,7,703,70304,Control,EoSY,Grade 7,nearly proficient,1,58,1.7241379310344827
312953,7,713,71306,Control,EoSY,Grade 7,nearly proficient,5,37,13.513513513513514
305498,11,1101,110101,Control,EoSY,Grade 7,nearly proficient,0,77,0
305669,11,1101,110101,Control,EoSY,Grade 7,nearly proficient,14,39,35.8974358974359
312960,7,710,71002,Control,EoSY,Grade 7,nearly proficient,0,61,0
309906,5,508,50811,Treatment,EoSY,Grade 7,proficient,0,127,0
309934,5,508,50806,Treatment,EoSY,Grade 7,proficient,11,44,25
301871,5,501,50107,Treatment,EoSY,Grade 7,proficient,6,73,8.219178082191782
302134,5,508,50804,Treatment,EoSY,Grade 7,proficient,3,165,1.8181818181818181
302117,5,508,50803,Treatment,EoSY,Grade 7,proficient,0,94,0
309909,5,508,50801,Treatment,EoSY,Grade 7,proficient,0,124,0
309915,5,508,50801,Treatment,EoSY,Grade 7,proficient,0,49,0
501544,5,508,50815,Treatment,EoSY,Grade 7,proficient,0,68,0
301887,5,502,50205,Treatment,EoSY,Grade 7,proficient,1,99,1.0101010101010102
302175,5,508,50820,Treatment,EoSY,Grade 7,proficient,1,133,0.7518796992481203
302146,5,508,50812,Treatment,EoSY,Grade 7,proficient,0,142,0
309921,5,508,50805,Treatment,EoSY,Grade 7,proficient,0,93,0
302254,5,505,50501,Control,EoSY,Grade 7,proficient,0,90,0
309513,5,501,50112,Control,EoSY,Grade 7,proficient,0,122,0
500163,5,508,50801,Control,EoSY,Grade 7,proficient,0,52,0
302058,5,503,50333,Control,EoSY,Grade 7,proficient,0,124,0
302192,5,511,51103,Control,EoSY,Grade 7,proficient,44,283,15.547703180212014
302227,5,511,51105,Control,EoSY,Grade 7,proficient,0,75,0
302252,5,505,50501,Control,EoSY,Grade 7,proficient,0,99,0
309914,5,508,50806,Control,EoSY,Grade 7,proficient,0,222,0
309711,5,503,50317,Control,EoSY,Grade 7,proficient,2,63,3.1746031746031744
301817,5,507,50701,Control,EoSY,Grade 7,proficient,0,114,0
302165,5,508,50816,Control,EoSY,Grade 7,proficient,0,85,0
301974,5,503,50311,Treatment,EoSY,Grade 7,proficient,0,88,0
302256,5,505,50501,Control,EoSY,Grade 7,proficient,75,114,65.78947368421052
301834,5,501,50106,Control,EoSY,Grade 7,proficient,5,161,3.1055900621118013
309760,5,503,50306,Control,EoSY,Grade 7,proficient,0,34,0
309936,5,508,50819,Control,EoSY,Grade 7,proficient,0,57,0
302203,5,511,51102,Control,EoSY,Grade 7,proficient,1,80,1.25
302011,5,503,50314,Control,EoSY,Grade 7,proficient,0,199,0
500168,5,505,50501,Control,EoSY,Grade 7,proficient,0,90,0
301947,5,503,50306,Control,EoSY,Grade 7,proficient,6,365,1.643835616438356
309941,5,508,50812,Control,EoSY,Grade 7,proficient,1,223,0.4484304932735426
301839,5,501,50111,Control,EoSY,Grade 7,proficient,0,89,0
501843,5,508,50818,Treatment,EoSY,Grade 7,proficient,0,36,0
302111,5,508,50801,Control,EoSY,Grade 7,proficient,213,516,41.27906976744186
302133,5,509,50901,Control,EoSY,Grade 7,proficient,6,182,3.2967032967032965
301990,5,503,50317,Control,EoSY,Grade 7,proficient,0,48,0
309937,5,508,50819,Control,EoSY,Grade 7,proficient,8,78,10.256410256410257
302241,5,511,51105,Control,EoSY,Grade 7,proficient,0,152,0
500167,5,505,50501,Control,EoSY,Grade 7,proficient,0,67,0
309764,5,503,50320,Control,EoSY,Grade 7,proficient,3,32,9.375
302205,5,511,51106,Control,EoSY,Grade 7,proficient,2,136,1.4705882352941178
302014,5,503,50302,Control,EoSY,Grade 7,proficient,2,148,1.3513513513513513
309740,5,503,50315,Control,EoSY,Grade 7,proficient,0,38,0
309741,5,503,50315,Control,EoSY,Grade 7,proficient,0,101,0
302161,5,508,50803,Treatment,EoSY,Grade 7,proficient,0,98,0
302113,5,508,50818,Treatment,EoSY,Grade 7,proficient,67,98,68.36734693877551
302127,5,508,50817,Control,EoSY,Grade 7,proficient,0,50,0
301899,5,502,50205,Control,EoSY,Grade 7,proficient,0,127,0
309509,5,501,50113,Control,EoSY,Grade 7,proficient,0,94,0
309903,5,508,50816,Control,EoSY,Grade 7,proficient,0,88,0
301995,5,503,50310,Control,EoSY,Grade 7,proficient,14,59,23.728813559322035
309702,5,503,50325,Control,EoSY,Grade 7,proficient,0,239,0
501020,5,503,50310,Control,EoSY,Grade 7,proficient,0,33,0
309743,5,503,50332,Control,EoSY,Grade 7,proficient,2,116,1.7241379310344827
301816,5,501,50101,Control,EoSY,Grade 7,proficient,0,111,0
302054,5,503,50315,Control,EoSY,Grade 7,proficient,0,102,0
301862,5,507,50701,Control,EoSY,Grade 7,proficient,0,244,0
502477,5,501,50108,Control,EoSY,Grade 7,proficient,1,31,3.225806451612903
302283,5,513,51301,Control,EoSY,Grade 7,proficient,0,329,0
301900,5,502,50206,Control,EoSY,Grade 7,proficient,1,69,1.4492753623188406
302123,5,508,50808,Control,EoSY,Grade 7,proficient,0,83,0
309512,5,501,50110,Control,EoSY,Grade 7,proficient,0,51,0
302284,5,513,51301,Control,EoSY,Grade 7,proficient,0,183,0
500034,5,508,50819,Control,EoSY,Grade 7,proficient,0,37,0
302043,5,503,50305,Control,EoSY,Grade 7,proficient,16,200,8
302182,5,511,51107,Control,EoSY,Grade 7,proficient,0,86,0
301986,5,503,50334,Control,EoSY,Grade 7,proficient,1,202,0.49504950495049505
302109,5,508,50817,Control,EoSY,Grade 7,proficient,4,251,1.593625498007968
302061,5,503,50311,Control,EoSY,Grade 7,proficient,9,79,11.39240506329114
309931,5,508,50802,Control,EoSY,Grade 7,proficient,0,78,0
301984,5,503,50331,Control,EoSY,Grade 7,proficient,2,220,0.9090909090909091
302156,5,508,50803,Control,EoSY,Grade 7,proficient,0,104,0
309705,5,503,50330,Control,EoSY,Grade 7,proficient,0,86,0
500165,5,508,50804,Control,EoSY,Grade 7,proficient,6,48,12.5
301930,5,503,50328,Control,EoSY,Grade 7,proficient,0,100,0
302177,5,508,50806,Control,EoSY,Grade 7,proficient,0,109,0
302282,5,513,51301,Control,EoSY,Grade 7,proficient,0,287,0
502615,5,508,50802,Control,EoSY,Grade 7,proficient,0,21,0
302263,5,506,50601,Control,EoSY,Grade 7,proficient,0,61,0
301826,5,501,50103,Control,EoSY,Grade 7,proficient,0,56,0
305750,5,513,51301,Control,EoSY,Grade 7,proficient,0,65,0
301870,5,501,50110,Control,EoSY,Grade 7,proficient,16,124,12.903225806451612
302039,5,503,50316,Control,EoSY,Grade 7,proficient,1,330,0.30303030303030304
301868,5,501,50112,Control,EoSY,Grade 7,proficient,0,231,0
301963,5,503,50316,Control,EoSY,Grade 7,proficient,0,223,0
340567,15,1505,150501,Treatment,EoSY,Grade 7,proficient,0,201,0
320606,15,1515,151502,Treatment,EoSY,Grade 7,proficient,27,304,8.881578947368421
320202,15,1511,151101,Treatment,EoSY,Grade 7,proficient,24,135,17.77777777777778
305310,15,1507,150703,Treatment,EoSY,Grade 7,proficient,0,301,0
305418,15,1513,151301,Treatment,EoSY,Grade 7,proficient,2,1237,0.16168148746968472
500565,15,1515,151502,Treatment,EoSY,Grade 7,proficient,25,844,2.962085308056872
301258,4,413,41308,Treatment,EoSY,Grade 7,proficient,16,536,2.985074626865672
301214,4,411,41101,Treatment,EoSY,Grade 7,proficient,27,645,4.186046511627907
301497,4,414,41401,Treatment,EoSY,Grade 7,proficient,3,424,0.7075471698113207
305411,15,1515,151502,Treatment,EoSY,Grade 7,proficient,9,595,1.5126050420168067
305420,15,1513,151301,Treatment,EoSY,Grade 7,proficient,165,1351,12.21317542561066
301231,4,413,41302,Control,EoSY,Grade 7,proficient,16,225,7.111111111111111
301188,4,402,40201,Control,EoSY,Grade 7,proficient,0,691,0
307913,4,413,41309,Control,EoSY,Grade 7,proficient,5,334,1.4970059880239521
500566,15,1507,150710,Control,EoSY,Grade 7,proficient,20,684,2.9239766081871346
305453,15,1510,151001,Control,EoSY,Grade 7,proficient,243,892,27.242152466367713
305311,15,1507,150702,Control,EoSY,Grade 7,proficient,0,289,0
301425,4,401,40101,Control,EoSY,Grade 7,proficient,35,1032,3.391472868217054
301202,4,408,40812,Control,EoSY,Grade 7,proficient,1,416,0.2403846153846154
305412,15,1515,151502,Control,EoSY,Grade 7,proficient,35,1094,3.19926873857404
308105,4,417,41703,Control,EoSY,Grade 7,proficient,118,977,12.077789150460594
305341,15,1514,151401,Control,EoSY,Grade 7,proficient,32,1499,2.134756504336224
319604,15,1512,151201,Control,EoSY,Grade 7,proficient,95,385,24.675324675324674
305568,15,1516,151601,Control,EoSY,Grade 7,proficient,1,470,0.2127659574468085
305434,15,1503,150301,Control,EoSY,Grade 7,proficient,13,815,1.5950920245398772
301464,4,417,41710,Control,EoSY,Grade 7,proficient,10,642,1.557632398753894
305461,15,1515,151502,Control,EoSY,Grade 7,proficient,20,342,5.847953216374269
305384,15,1501,150101,Control,EoSY,Grade 7,proficient,28,472,5.932203389830509
301143,4,421,42101,Control,EoSY,Grade 7,proficient,7,1099,0.6369426751592356
305340,15,1514,151401,Control,EoSY,Grade 7,proficient,56,1218,4.597701149425287
305302,15,1507,150709,Treatment,EoSY,Grade 7,proficient,613,1186,51.68634064080944
308103,4,417,41712,Control,EoSY,Grade 7,proficient,0,427,0
308130,4,417,41711,Control,EoSY,Grade 7,proficient,0,155,0
301227,4,420,42001,Control,EoSY,Grade 7,proficient,0,808,0
305334,15,1514,151401,Control,EoSY,Grade 7,proficient,37,599,6.176961602671119
305367,15,1512,151201,Control,EoSY,Grade 7,proficient,730,1098,66.48451730418944
305635,15,1514,151401,Control,EoSY,Grade 7,proficient,3,493,0.6085192697768763
301218,4,408,40814,Control,EoSY,Grade 7,proficient,3,2225,0.1348314606741573
308501,4,415,41501,Control,EoSY,Grade 7,proficient,29,681,4.258443465491924
500332,15,1506,150601,Control,EoSY,Grade 7,proficient,0,311,0
305471,15,1509,150901,Control,EoSY,Grade 7,proficient,108,1006,10.73558648111332
305376,15,1501,150101,Treatment,EoSY,Grade 7,proficient,116,887,13.077790304396844
301432,4,417,41705,Control,EoSY,Grade 7,proficient,0,609,0
305459,15,1515,151502,Control,EoSY,Grade 7,proficient,370,865,42.774566473988436
305313,15,1507,150708,Control,EoSY,Grade 7,proficient,67,679,9.867452135493373
301186,4,410,41001,Control,EoSY,Grade 7,proficient,345,2044,16.87866927592955
301184,4,410,41001,Control,EoSY,Grade 7,proficient,7,1235,0.5668016194331984
305295,15,1507,150710,Control,EoSY,Grade 7,proficient,49,1295,3.7837837837837838
301416,4,422,42201,Control,EoSY,Grade 7,proficient,0,199,0
305450,15,1505,150501,Treatment,EoSY,Grade 7,proficient,129,486,26.54320987654321
301403,4,416,41606,Control,EoSY,Grade 7,proficient,5,548,0.9124087591240876
301451,4,417,41708,Control,EoSY,Grade 7,proficient,14,370,3.7837837837837838
305338,15,1514,151401,Control,EoSY,Grade 7,proficient,10,851,1.1750881316098707
301257,4,413,41312,Control,EoSY,Grade 7,proficient,27,1933,1.396792550439731
305416,15,1513,151301,Control,EoSY,Grade 7,proficient,73,1054,6.925996204933586
305337,15,1514,151401,Control,EoSY,Grade 7,proficient,193,2328,8.290378006872853
305353,15,1514,151401,Control,EoSY,Grade 7,proficient,0,365,0
301197,4,408,40812,Control,EoSY,Grade 7,proficient,27,430,6.27906976744186
301236,4,413,41308,Treatment,EoSY,Grade 7,proficient,55,324,16.97530864197531
305444,15,1516,151601,Control,EoSY,Grade 7,proficient,20,444,4.504504504504505
320306,15,1503,150301,Control,EoSY,Grade 7,proficient,0,875,0
301489,4,414,41401,Control,EoSY,Grade 7,proficient,0,377,0
301507,4,418,41801,Control,EoSY,Grade 7,proficient,0,129,0
301456,4,417,41710,Control,EoSY,Grade 7,proficient,63,642,9.813084112149532
301238,4,413,41303,Control,EoSY,Grade 7,proficient,12,639,1.8779342723004695
305438,15,1516,151601,Control,EoSY,Grade 7,proficient,0,916,0
305324,15,1514,151401,Control,EoSY,Grade 7,proficient,62,262,23.66412213740458
305454,15,1510,151001,Control,EoSY,Grade 7,proficient,26,136,19.11764705882353
308122,4,417,41708,Control,EoSY,Grade 7,proficient,14,225,6.222222222222222
301508,4,418,41801,Control,EoSY,Grade 7,proficient,5,258,1.937984496124031
305465,15,1515,151502,Control,EoSY,Grade 7,proficient,51,747,6.827309236947791
305428,15,1511,151101,Control,EoSY,Grade 7,proficient,143,408,35.049019607843135
301175,4,408,40807,Control,EoSY,Grade 7,proficient,470,683,68.81405563689604
301437,4,417,41704,Control,EoSY,Grade 7,proficient,30,1040,2.8846153846153846
320204,15,1511,151101,Control,EoSY,Grade 7,proficient,1,568,0.176056338028169
305447,15,1505,150501,Control,EoSY,Grade 7,proficient,445,822,54.13625304136253
301438,4,417,41704,Control,EoSY,Grade 7,proficient,5,524,0.9541984732824428
308135,4,417,41708,Control,EoSY,Grade 7,proficient,13,513,2.53411306042885
301418,4,401,40101,Control,EoSY,Grade 7,proficient,9,3110,0.28938906752411575
305288,15,1507,150710,Control,EoSY,Grade 7,proficient,20,645,3.10077519379845
301265,4,413,41301,Control,EoSY,Grade 7,proficient,78,425,18.352941176470587
305442,15,1516,151601,Control,EoSY,Grade 7,proficient,18,267,6.741573033707865
500339,15,1505,150501,Control,EoSY,Grade 7,proficient,19,352,5.3977272727272725
305435,15,1503,150301,Control,EoSY,Grade 7,proficient,75,467,16.059957173447536
308134,4,417,41708,Control,EoSY,Grade 7,proficient,0,703,0
305452,15,1505,150501,Control,EoSY,Grade 7,proficient,316,755,41.854304635761586
312330,7,703,70308,Treatment,EoSY,Grade 7,proficient,0,84,0
305710,7,703,70302,Treatment,EoSY,Grade 7,proficient,0,83,0
305655,11,1101,110101,Treatment,EoSY,Grade 7,proficient,1,26,3.8461538461538463
305581,7,703,70303,Treatment,EoSY,Grade 7,proficient,1,49,2.0408163265306123
303130,7,703,70309,Treatment,EoSY,Grade 7,proficient,0,182,0
312354,7,703,70309,Treatment,EoSY,Grade 7,proficient,0,27,0
305849,11,1105,110503,Treatment,EoSY,Grade 7,proficient,0,32,0
305500,11,1101,110101,Treatment,EoSY,Grade 7,proficient,0,36,0
312355,7,703,70304,Treatment,EoSY,Grade 7,proficient,0,38,0
501903,11,1110,111001,Treatment,EoSY,Grade 7,proficient,0,31,0
500665,7,705,70527,Control,EoSY,Grade 7,proficient,0,105,0
312462,7,705,70520,Control,EoSY,Grade 7,proficient,0,17,0
306038,11,1102,110202,Control,EoSY,Grade 7,proficient,6,33,18.181818181818183
500221,7,705,70527,Control,EoSY,Grade 7,proficient,0,26,0
500744,7,708,70801,Control,EoSY,Grade 7,proficient,0,55,0
305884,11,1101,110101,Control,EoSY,Grade 7,proficient,21,118,17.796610169491526
303170,7,709,70901,Control,EoSY,Grade 7,proficient,2,45,4.444444444444445
500787,7,708,70801,Control,EoSY,Grade 7,proficient,1,49,2.0408163265306123
500667,7,705,70528,Control,EoSY,Grade 7,proficient,0,59,0
501071,11,1101,110101,Control,EoSY,Grade 7,proficient,0,25,0
303046,7,705,70527,Control,EoSY,Grade 7,proficient,0,86,0
325303,7,707,70701,Control,EoSY,Grade 7,proficient,0,24,0
500208,7,703,70305,Control,EoSY,Grade 7,proficient,0,19,0
312401,7,705,70525,Control,EoSY,Grade 7,proficient,0,126,0
303136,7,706,70601,Control,EoSY,Grade 7,proficient,0,109,0
312435,7,707,70701,Control,EoSY,Grade 7,proficient,NA,NA,NA
502186,11,1101,110101,Control,EoSY,Grade 7,proficient,0,21,0
500782,7,708,70801,Control,EoSY,Grade 7,proficient,9,286,3.1468531468531467
306086,11,1106,110606,Control,EoSY,Grade 7,proficient,0,24,0
305755,7,705,70529,Control,EoSY,Grade 7,proficient,0,133,0
305665,11,1101,110101,Control,EoSY,Grade 7,proficient,3,28,10.714285714285714
501635,7,703,70301,Control,EoSY,Grade 7,proficient,0,77,0
305843,11,1110,111001,Control,EoSY,Grade 7,proficient,4,61,6.557377049180328
500894,7,705,70517,Control,EoSY,Grade 7,proficient,0,96,0
500671,7,705,70506,Control,EoSY,Grade 7,proficient,0,27,0
305847,11,1105,110503,Control,EoSY,Grade 7,proficient,0,36,0
500784,7,708,70801,Control,EoSY,Grade 7,proficient,0,21,0
501267,7,705,70525,Control,EoSY,Grade 7,proficient,0,37,0
306000,7,705,70525,Control,EoSY,Grade 7,proficient,0,64,0
305517,11,1106,110608,Control,EoSY,Grade 7,proficient,0,45,0
305713,7,710,71001,Control,EoSY,Grade 7,proficient,3,73,4.109589041095891
500768,7,705,70521,Control,EoSY,Grade 7,proficient,0,76,0
316303,11,1107,110701,Control,EoSY,Grade 7,proficient,0,74,0
316304,11,1107,110701,Control,EoSY,Grade 7,proficient,0,85,0
305506,11,1101,110101,Control,EoSY,Grade 7,proficient,0,25,0
500421,7,705,70507,Control,EoSY,Grade 7,proficient,0,114,0
305681,11,1110,111001,Control,EoSY,Grade 7,proficient,0,271,0
303186,7,711,71101,Control,EoSY,Grade 7,proficient,NA,NA,NA
501429,7,714,71402,Control,EoSY,Grade 7,proficient,0,60,0
305844,11,1103,110303,Control,EoSY,Grade 7,proficient,4,57,7.017543859649122
305965,11,1110,111001,Control,EoSY,Grade 7,proficient,0,93,0
501076,11,1103,110305,Control,EoSY,Grade 7,proficient,0,18,0
305889,11,1101,110101,Control,EoSY,Grade 7,proficient,0,53,0
501074,11,1103,110306,Control,EoSY,Grade 7,proficient,0,81,0
312408,7,705,70530,Control,EoSY,Grade 7,proficient,0,74,0
501351,7,705,70522,Control,EoSY,Grade 7,proficient,NA,NA,NA
501404,11,1101,110101,Control,EoSY,Grade 7,proficient,0,17,0
305660,11,1101,110101,Control,EoSY,Grade 7,proficient,0,39,0
303219,7,701,70101,Control,EoSY,Grade 7,proficient,0,118,0
312450,7,705,70522,Control,EoSY,Grade 7,proficient,0,119,0
324903,7,704,70401,Control,EoSY,Grade 7,proficient,0,43,0
501065,11,1101,110101,Control,EoSY,Grade 7,proficient,8,139,5.755395683453237
312451,7,705,70532,Control,EoSY,Grade 7,proficient,1,77,1.2987012987012987
501763,11,1103,110305,Control,EoSY,Grade 7,proficient,0,42,0
316405,11,1110,111001,Control,EoSY,Grade 7,proficient,1,151,0.6622516556291391
316404,11,1110,111001,Control,EoSY,Grade 7,proficient,0,56,0
316301,11,1107,110701,Control,EoSY,Grade 7,proficient,0,217,0
312910,7,710,71001,Control,EoSY,Grade 7,proficient,0,182,0
303011,7,705,70512,Control,EoSY,Grade 7,proficient,0,60,0
305651,11,1101,110101,Control,EoSY,Grade 7,proficient,10,34,29.41176470588235
305662,11,1101,110101,Control,EoSY,Grade 7,proficient,0,50,0
305850,11,1105,110503,Control,EoSY,Grade 7,proficient,0,27,0
312481,7,705,70518,Control,EoSY,Grade 7,proficient,0,193,0
304409,11,1110,111001,Control,EoSY,Grade 7,proficient,0,121,0
303246,7,713,71303,Control,EoSY,Grade 7,proficient,0,181,0
501405,11,1101,110101,Control,EoSY,Grade 7,proficient,15,65,23.076923076923077
305677,11,1105,110503,Control,EoSY,Grade 7,proficient,3,61,4.918032786885246
500447,7,708,70801,Control,EoSY,Grade 7,proficient,0,71,0
501305,7,708,70801,Control,EoSY,Grade 7,proficient,0,30,0
305917,7,708,70801,Control,EoSY,Grade 7,proficient,0,24,0
305722,7,703,70304,Control,EoSY,Grade 7,proficient,0,58,0
312953,7,713,71306,Control,EoSY,Grade 7,proficient,0,37,0
305498,11,1101,110101,Control,EoSY,Grade 7,proficient,0,77,0
305669,11,1101,110101,Control,EoSY,Grade 7,proficient,25,39,64.1025641025641
312960,7,710,71002,Control,EoSY,Grade 7,proficient,0,61,0
309906,5,508,50811,Treatment,EoSY,Grade 7,high proficient,0,127,0
309934,5,508,50806,Treatment,EoSY,Grade 7,high proficient,0,44,0
301871,5,501,50107,Treatment,EoSY,Grade 7,high proficient,1,73,1.36986301369863
302134,5,508,50804,Treatment,EoSY,Grade 7,high proficient,0,165,0
302117,5,508,50803,Treatment,EoSY,Grade 7,high proficient,0,94,0
309909,5,508,50801,Treatment,EoSY,Grade 7,high proficient,0,124,0
309915,5,508,50801,Treatment,EoSY,Grade 7,high proficient,0,49,0
501544,5,508,50815,Treatment,EoSY,Grade 7,high proficient,0,68,0
301887,5,502,50205,Treatment,EoSY,Grade 7,high proficient,0,99,0
302175,5,508,50820,Treatment,EoSY,Grade 7,high proficient,0,133,0
302146,5,508,50812,Treatment,EoSY,Grade 7,high proficient,0,142,0
309921,5,508,50805,Treatment,EoSY,Grade 7,high proficient,0,93,0
302254,5,505,50501,Control,EoSY,Grade 7,high proficient,0,90,0
309513,5,501,50112,Control,EoSY,Grade 7,high proficient,0,122,0
500163,5,508,50801,Control,EoSY,Grade 7,high proficient,0,52,0
302058,5,503,50333,Control,EoSY,Grade 7,high proficient,0,124,0
302192,5,511,51103,Control,EoSY,Grade 7,high proficient,4,283,1.4134275618374559
302227,5,511,51105,Control,EoSY,Grade 7,high proficient,0,75,0
302252,5,505,50501,Control,EoSY,Grade 7,high proficient,0,99,0
309914,5,508,50806,Control,EoSY,Grade 7,high proficient,0,222,0
309711,5,503,50317,Control,EoSY,Grade 7,high proficient,0,63,0
301817,5,507,50701,Control,EoSY,Grade 7,high proficient,0,114,0
302165,5,508,50816,Control,EoSY,Grade 7,high proficient,0,85,0
301974,5,503,50311,Treatment,EoSY,Grade 7,high proficient,0,88,0
302256,5,505,50501,Control,EoSY,Grade 7,high proficient,28,114,24.56140350877193
301834,5,501,50106,Control,EoSY,Grade 7,high proficient,0,161,0
309760,5,503,50306,Control,EoSY,Grade 7,high proficient,0,34,0
309936,5,508,50819,Control,EoSY,Grade 7,high proficient,0,57,0
302203,5,511,51102,Control,EoSY,Grade 7,high proficient,0,80,0
302011,5,503,50314,Control,EoSY,Grade 7,high proficient,1,199,0.5025125628140703
500168,5,505,50501,Control,EoSY,Grade 7,high proficient,0,90,0
301947,5,503,50306,Control,EoSY,Grade 7,high proficient,1,365,0.273972602739726
309941,5,508,50812,Control,EoSY,Grade 7,high proficient,0,223,0
301839,5,501,50111,Control,EoSY,Grade 7,high proficient,0,89,0
501843,5,508,50818,Treatment,EoSY,Grade 7,high proficient,0,36,0
302111,5,508,50801,Control,EoSY,Grade 7,high proficient,73,516,14.147286821705427
302133,5,509,50901,Control,EoSY,Grade 7,high proficient,2,182,1.098901098901099
301990,5,503,50317,Control,EoSY,Grade 7,high proficient,0,48,0
309937,5,508,50819,Control,EoSY,Grade 7,high proficient,0,78,0
302241,5,511,51105,Control,EoSY,Grade 7,high proficient,0,152,0
500167,5,505,50501,Control,EoSY,Grade 7,high proficient,0,67,0
309764,5,503,50320,Control,EoSY,Grade 7,high proficient,0,32,0
302205,5,511,51106,Control,EoSY,Grade 7,high proficient,0,136,0
302014,5,503,50302,Control,EoSY,Grade 7,high proficient,0,148,0
309740,5,503,50315,Control,EoSY,Grade 7,high proficient,0,38,0
309741,5,503,50315,Control,EoSY,Grade 7,high proficient,0,101,0
302161,5,508,50803,Treatment,EoSY,Grade 7,high proficient,0,98,0
302113,5,508,50818,Treatment,EoSY,Grade 7,high proficient,14,98,14.285714285714286
302127,5,508,50817,Control,EoSY,Grade 7,high proficient,0,50,0
301899,5,502,50205,Control,EoSY,Grade 7,high proficient,0,127,0
309509,5,501,50113,Control,EoSY,Grade 7,high proficient,0,94,0
309903,5,508,50816,Control,EoSY,Grade 7,high proficient,0,88,0
301995,5,503,50310,Control,EoSY,Grade 7,high proficient,0,59,0
309702,5,503,50325,Control,EoSY,Grade 7,high proficient,0,239,0
501020,5,503,50310,Control,EoSY,Grade 7,high proficient,0,33,0
309743,5,503,50332,Control,EoSY,Grade 7,high proficient,0,116,0
301816,5,501,50101,Control,EoSY,Grade 7,high proficient,0,111,0
302054,5,503,50315,Control,EoSY,Grade 7,high proficient,0,102,0
301862,5,507,50701,Control,EoSY,Grade 7,high proficient,0,244,0
502477,5,501,50108,Control,EoSY,Grade 7,high proficient,0,31,0
302283,5,513,51301,Control,EoSY,Grade 7,high proficient,0,329,0
301900,5,502,50206,Control,EoSY,Grade 7,high proficient,0,69,0
302123,5,508,50808,Control,EoSY,Grade 7,high proficient,0,83,0
309512,5,501,50110,Control,EoSY,Grade 7,high proficient,0,51,0
302284,5,513,51301,Control,EoSY,Grade 7,high proficient,0,183,0
500034,5,508,50819,Control,EoSY,Grade 7,high proficient,0,37,0
302043,5,503,50305,Control,EoSY,Grade 7,high proficient,0,200,0
302182,5,511,51107,Control,EoSY,Grade 7,high proficient,0,86,0
301986,5,503,50334,Control,EoSY,Grade 7,high proficient,0,202,0
302109,5,508,50817,Control,EoSY,Grade 7,high proficient,0,251,0
302061,5,503,50311,Control,EoSY,Grade 7,high proficient,4,79,5.063291139240507
309931,5,508,50802,Control,EoSY,Grade 7,high proficient,0,78,0
301984,5,503,50331,Control,EoSY,Grade 7,high proficient,0,220,0
302156,5,508,50803,Control,EoSY,Grade 7,high proficient,0,104,0
309705,5,503,50330,Control,EoSY,Grade 7,high proficient,0,86,0
500165,5,508,50804,Control,EoSY,Grade 7,high proficient,0,48,0
301930,5,503,50328,Control,EoSY,Grade 7,high proficient,0,100,0
302177,5,508,50806,Control,EoSY,Grade 7,high proficient,0,109,0
302282,5,513,51301,Control,EoSY,Grade 7,high proficient,0,287,0
502615,5,508,50802,Control,EoSY,Grade 7,high proficient,0,21,0
302263,5,506,50601,Control,EoSY,Grade 7,high proficient,0,61,0
301826,5,501,50103,Control,EoSY,Grade 7,high proficient,0,56,0
305750,5,513,51301,Control,EoSY,Grade 7,high proficient,0,65,0
301870,5,501,50110,Control,EoSY,Grade 7,high proficient,0,124,0
302039,5,503,50316,Control,EoSY,Grade 7,high proficient,0,330,0
301868,5,501,50112,Control,EoSY,Grade 7,high proficient,0,231,0
301963,5,503,50316,Control,EoSY,Grade 7,high proficient,0,223,0
340567,15,1505,150501,Treatment,EoSY,Grade 7,high proficient,0,201,0
320606,15,1515,151502,Treatment,EoSY,Grade 7,high proficient,0,304,0
320202,15,1511,151101,Treatment,EoSY,Grade 7,high proficient,4,135,2.962962962962963
305310,15,1507,150703,Treatment,EoSY,Grade 7,high proficient,0,301,0
305418,15,1513,151301,Treatment,EoSY,Grade 7,high proficient,0,1237,0
500565,15,1515,151502,Treatment,EoSY,Grade 7,high proficient,2,844,0.23696682464454977
301258,4,413,41308,Treatment,EoSY,Grade 7,high proficient,2,536,0.373134328358209
301214,4,411,41101,Treatment,EoSY,Grade 7,high proficient,0,645,0
301497,4,414,41401,Treatment,EoSY,Grade 7,high proficient,0,424,0
305411,15,1515,151502,Treatment,EoSY,Grade 7,high proficient,5,595,0.8403361344537815
305420,15,1513,151301,Treatment,EoSY,Grade 7,high proficient,521,1351,38.5640266469282
301231,4,413,41302,Control,EoSY,Grade 7,high proficient,0,225,0
301188,4,402,40201,Control,EoSY,Grade 7,high proficient,1,691,0.1447178002894356
307913,4,413,41309,Control,EoSY,Grade 7,high proficient,0,334,0
500566,15,1507,150710,Control,EoSY,Grade 7,high proficient,1,684,0.14619883040935672
305453,15,1510,151001,Control,EoSY,Grade 7,high proficient,171,892,19.170403587443946
305311,15,1507,150702,Control,EoSY,Grade 7,high proficient,0,289,0
301425,4,401,40101,Control,EoSY,Grade 7,high proficient,0,1032,0
301202,4,408,40812,Control,EoSY,Grade 7,high proficient,0,416,0
305412,15,1515,151502,Control,EoSY,Grade 7,high proficient,0,1094,0
308105,4,417,41703,Control,EoSY,Grade 7,high proficient,89,977,9.109518935516888
305341,15,1514,151401,Control,EoSY,Grade 7,high proficient,2,1499,0.133422281521014
319604,15,1512,151201,Control,EoSY,Grade 7,high proficient,18,385,4.675324675324675
305568,15,1516,151601,Control,EoSY,Grade 7,high proficient,0,470,0
305434,15,1503,150301,Control,EoSY,Grade 7,high proficient,0,815,0
301464,4,417,41710,Control,EoSY,Grade 7,high proficient,0,642,0
305461,15,1515,151502,Control,EoSY,Grade 7,high proficient,0,342,0
305384,15,1501,150101,Control,EoSY,Grade 7,high proficient,0,472,0
301143,4,421,42101,Control,EoSY,Grade 7,high proficient,0,1099,0
305340,15,1514,151401,Control,EoSY,Grade 7,high proficient,3,1218,0.24630541871921183
305302,15,1507,150709,Treatment,EoSY,Grade 7,high proficient,318,1186,26.81281618887015
308103,4,417,41712,Control,EoSY,Grade 7,high proficient,0,427,0
308130,4,417,41711,Control,EoSY,Grade 7,high proficient,0,155,0
301227,4,420,42001,Control,EoSY,Grade 7,high proficient,0,808,0
305334,15,1514,151401,Control,EoSY,Grade 7,high proficient,1,599,0.1669449081803005
305367,15,1512,151201,Control,EoSY,Grade 7,high proficient,117,1098,10.655737704918034
305635,15,1514,151401,Control,EoSY,Grade 7,high proficient,0,493,0
301218,4,408,40814,Control,EoSY,Grade 7,high proficient,0,2225,0
308501,4,415,41501,Control,EoSY,Grade 7,high proficient,0,681,0
500332,15,1506,150601,Control,EoSY,Grade 7,high proficient,1,311,0.3215434083601286
305471,15,1509,150901,Control,EoSY,Grade 7,high proficient,9,1006,0.8946322067594433
305376,15,1501,150101,Treatment,EoSY,Grade 7,high proficient,0,887,0
301432,4,417,41705,Control,EoSY,Grade 7,high proficient,0,609,0
305459,15,1515,151502,Control,EoSY,Grade 7,high proficient,149,865,17.22543352601156
305313,15,1507,150708,Control,EoSY,Grade 7,high proficient,0,679,0
301186,4,410,41001,Control,EoSY,Grade 7,high proficient,149,2044,7.289628180039139
301184,4,410,41001,Control,EoSY,Grade 7,high proficient,0,1235,0
305295,15,1507,150710,Control,EoSY,Grade 7,high proficient,6,1295,0.46332046332046334
301416,4,422,42201,Control,EoSY,Grade 7,high proficient,0,199,0
305450,15,1505,150501,Treatment,EoSY,Grade 7,high proficient,54,486,11.11111111111111
301403,4,416,41606,Control,EoSY,Grade 7,high proficient,0,548,0
301451,4,417,41708,Control,EoSY,Grade 7,high proficient,0,370,0
305338,15,1514,151401,Control,EoSY,Grade 7,high proficient,0,851,0
301257,4,413,41312,Control,EoSY,Grade 7,high proficient,2,1933,0.10346611484738748
305416,15,1513,151301,Control,EoSY,Grade 7,high proficient,1,1054,0.09487666034155598
305337,15,1514,151401,Control,EoSY,Grade 7,high proficient,87,2328,3.7371134020618557
305353,15,1514,151401,Control,EoSY,Grade 7,high proficient,0,365,0
301197,4,408,40812,Control,EoSY,Grade 7,high proficient,0,430,0
301236,4,413,41308,Treatment,EoSY,Grade 7,high proficient,19,324,5.864197530864198
305444,15,1516,151601,Control,EoSY,Grade 7,high proficient,7,444,1.5765765765765767
320306,15,1503,150301,Control,EoSY,Grade 7,high proficient,0,875,0
301489,4,414,41401,Control,EoSY,Grade 7,high proficient,0,377,0
301507,4,418,41801,Control,EoSY,Grade 7,high proficient,0,129,0
301456,4,417,41710,Control,EoSY,Grade 7,high proficient,0,642,0
301238,4,413,41303,Control,EoSY,Grade 7,high proficient,0,639,0
305438,15,1516,151601,Control,EoSY,Grade 7,high proficient,0,916,0
305324,15,1514,151401,Control,EoSY,Grade 7,high proficient,5,262,1.9083969465648856
305454,15,1510,151001,Control,EoSY,Grade 7,high proficient,0,136,0
308122,4,417,41708,Control,EoSY,Grade 7,high proficient,0,225,0
301508,4,418,41801,Control,EoSY,Grade 7,high proficient,0,258,0
305465,15,1515,151502,Control,EoSY,Grade 7,high proficient,0,747,0
305428,15,1511,151101,Control,EoSY,Grade 7,high proficient,48,408,11.764705882352942
301175,4,408,40807,Control,EoSY,Grade 7,high proficient,23,683,3.3674963396778916
301437,4,417,41704,Control,EoSY,Grade 7,high proficient,6,1040,0.5769230769230769
320204,15,1511,151101,Control,EoSY,Grade 7,high proficient,0,568,0
305447,15,1505,150501,Control,EoSY,Grade 7,high proficient,206,822,25.060827250608273
301438,4,417,41704,Control,EoSY,Grade 7,high proficient,0,524,0
308135,4,417,41708,Control,EoSY,Grade 7,high proficient,0,513,0
301418,4,401,40101,Control,EoSY,Grade 7,high proficient,1,3110,0.03215434083601286
305288,15,1507,150710,Control,EoSY,Grade 7,high proficient,1,645,0.15503875968992248
301265,4,413,41301,Control,EoSY,Grade 7,high proficient,17,425,4
305442,15,1516,151601,Control,EoSY,Grade 7,high proficient,1,267,0.37453183520599254
500339,15,1505,150501,Control,EoSY,Grade 7,high proficient,0,352,0
305435,15,1503,150301,Control,EoSY,Grade 7,high proficient,2,467,0.4282655246252677
308134,4,417,41708,Control,EoSY,Grade 7,high proficient,0,703,0
305452,15,1505,150501,Control,EoSY,Grade 7,high proficient,120,755,15.894039735099337
312330,7,703,70308,Treatment,EoSY,Grade 7,high proficient,0,84,0
305710,7,703,70302,Treatment,EoSY,Grade 7,high proficient,0,83,0
305655,11,1101,110101,Treatment,EoSY,Grade 7,high proficient,0,26,0
305581,7,703,70303,Treatment,EoSY,Grade 7,high proficient,1,49,2.0408163265306123
303130,7,703,70309,Treatment,EoSY,Grade 7,high proficient,0,182,0
312354,7,703,70309,Treatment,EoSY,Grade 7,high proficient,0,27,0
305849,11,1105,110503,Treatment,EoSY,Grade 7,high proficient,0,32,0
305500,11,1101,110101,Treatment,EoSY,Grade 7,high proficient,0,36,0
312355,7,703,70304,Treatment,EoSY,Grade 7,high proficient,0,38,0
501903,11,1110,111001,Treatment,EoSY,Grade 7,high proficient,0,31,0
500665,7,705,70527,Control,EoSY,Grade 7,high proficient,0,105,0
312462,7,705,70520,Control,EoSY,Grade 7,high proficient,0,17,0
306038,11,1102,110202,Control,EoSY,Grade 7,high proficient,0,33,0
500221,7,705,70527,Control,EoSY,Grade 7,high proficient,0,26,0
500744,7,708,70801,Control,EoSY,Grade 7,high proficient,0,55,0
305884,11,1101,110101,Control,EoSY,Grade 7,high proficient,1,118,0.847457627118644
303170,7,709,70901,Control,EoSY,Grade 7,high proficient,0,45,0
500787,7,708,70801,Control,EoSY,Grade 7,high proficient,0,49,0
500667,7,705,70528,Control,EoSY,Grade 7,high proficient,0,59,0
501071,11,1101,110101,Control,EoSY,Grade 7,high proficient,0,25,0
303046,7,705,70527,Control,EoSY,Grade 7,high proficient,0,86,0
325303,7,707,70701,Control,EoSY,Grade 7,high proficient,0,24,0
500208,7,703,70305,Control,EoSY,Grade 7,high proficient,0,19,0
312401,7,705,70525,Control,EoSY,Grade 7,high proficient,0,126,0
303136,7,706,70601,Control,EoSY,Grade 7,high proficient,0,109,0
312435,7,707,70701,Control,EoSY,Grade 7,high proficient,NA,NA,NA
502186,11,1101,110101,Control,EoSY,Grade 7,high proficient,0,21,0
500782,7,708,70801,Control,EoSY,Grade 7,high proficient,0,286,0
306086,11,1106,110606,Control,EoSY,Grade 7,high proficient,0,24,0
305755,7,705,70529,Control,EoSY,Grade 7,high proficient,0,133,0
305665,11,1101,110101,Control,EoSY,Grade 7,high proficient,0,28,0
501635,7,703,70301,Control,EoSY,Grade 7,high proficient,0,77,0
305843,11,1110,111001,Control,EoSY,Grade 7,high proficient,0,61,0
500894,7,705,70517,Control,EoSY,Grade 7,high proficient,0,96,0
500671,7,705,70506,Control,EoSY,Grade 7,high proficient,0,27,0
305847,11,1105,110503,Control,EoSY,Grade 7,high proficient,0,36,0
500784,7,708,70801,Control,EoSY,Grade 7,high proficient,0,21,0
501267,7,705,70525,Control,EoSY,Grade 7,high proficient,0,37,0
306000,7,705,70525,Control,EoSY,Grade 7,high proficient,0,64,0
305517,11,1106,110608,Control,EoSY,Grade 7,high proficient,0,45,0
305713,7,710,71001,Control,EoSY,Grade 7,high proficient,0,73,0
500768,7,705,70521,Control,EoSY,Grade 7,high proficient,0,76,0
316303,11,1107,110701,Control,EoSY,Grade 7,high proficient,0,74,0
316304,11,1107,110701,Control,EoSY,Grade 7,high proficient,0,85,0
305506,11,1101,110101,Control,EoSY,Grade 7,high proficient,0,25,0
500421,7,705,70507,Control,EoSY,Grade 7,high proficient,0,114,0
305681,11,1110,111001,Control,EoSY,Grade 7,high proficient,0,271,0
303186,7,711,71101,Control,EoSY,Grade 7,high proficient,NA,NA,NA
501429,7,714,71402,Control,EoSY,Grade 7,high proficient,0,60,0
305844,11,1103,110303,Control,EoSY,Grade 7,high proficient,0,57,0
305965,11,1110,111001,Control,EoSY,Grade 7,high proficient,0,93,0
501076,11,1103,110305,Control,EoSY,Grade 7,high proficient,0,18,0
305889,11,1101,110101,Control,EoSY,Grade 7,high proficient,0,53,0
501074,11,1103,110306,Control,EoSY,Grade 7,high proficient,0,81,0
312408,7,705,70530,Control,EoSY,Grade 7,high proficient,0,74,0
501351,7,705,70522,Control,EoSY,Grade 7,high proficient,NA,NA,NA
501404,11,1101,110101,Control,EoSY,Grade 7,high proficient,0,17,0
305660,11,1101,110101,Control,EoSY,Grade 7,high proficient,0,39,0
303219,7,701,70101,Control,EoSY,Grade 7,high proficient,0,118,0
312450,7,705,70522,Control,EoSY,Grade 7,high proficient,0,119,0
324903,7,704,70401,Control,EoSY,Grade 7,high proficient,0,43,0
501065,11,1101,110101,Control,EoSY,Grade 7,high proficient,0,139,0
312451,7,705,70532,Control,EoSY,Grade 7,high proficient,0,77,0
501763,11,1103,110305,Control,EoSY,Grade 7,high proficient,0,42,0
316405,11,1110,111001,Control,EoSY,Grade 7,high proficient,0,151,0
316404,11,1110,111001,Control,EoSY,Grade 7,high proficient,0,56,0
316301,11,1107,110701,Control,EoSY,Grade 7,high proficient,0,217,0
312910,7,710,71001,Control,EoSY,Grade 7,high proficient,0,182,0
303011,7,705,70512,Control,EoSY,Grade 7,high proficient,0,60,0
305651,11,1101,110101,Control,EoSY,Grade 7,high proficient,0,34,0
305662,11,1101,110101,Control,EoSY,Grade 7,high proficient,0,50,0
305850,11,1105,110503,Control,EoSY,Grade 7,high proficient,0,27,0
312481,7,705,70518,Control,EoSY,Grade 7,high proficient,0,193,0
304409,11,1110,111001,Control,EoSY,Grade 7,high proficient,0,121,0
303246,7,713,71303,Control,EoSY,Grade 7,high proficient,0,181,0
501405,11,1101,110101,Control,EoSY,Grade 7,high proficient,24,65,36.92307692307692
305677,11,1105,110503,Control,EoSY,Grade 7,high proficient,2,61,3.278688524590164
500447,7,708,70801,Control,EoSY,Grade 7,high proficient,0,71,0
501305,7,708,70801,Control,EoSY,Grade 7,high proficient,0,30,0
305917,7,708,70801,Control,EoSY,Grade 7,high proficient,0,24,0
305722,7,703,70304,Control,EoSY,Grade 7,high proficient,0,58,0
312953,7,713,71306,Control,EoSY,Grade 7,high proficient,0,37,0
305498,11,1101,110101,Control,EoSY,Grade 7,high proficient,0,77,0
305669,11,1101,110101,Control,EoSY,Grade 7,high proficient,0,39,0
312960,7,710,71002,Control,EoSY,Grade 7,high proficient,0,61,0
309906,5,508,50811,Treatment,EoSY,Grade 8,not proficient,99,149,66.44295302013423
309934,5,508,50806,Treatment,EoSY,Grade 8,not proficient,0,35,0
301871,5,501,50107,Treatment,EoSY,Grade 8,not proficient,0,97,0
302134,5,508,50804,Treatment,EoSY,Grade 8,not proficient,73,130,56.15384615384615
302117,5,508,50803,Treatment,EoSY,Grade 8,not proficient,38,69,55.072463768115945
309909,5,508,50801,Treatment,EoSY,Grade 8,not proficient,92,105,87.61904761904762
309915,5,508,50801,Treatment,EoSY,Grade 8,not proficient,25,35,71.42857142857143
501544,5,508,50815,Treatment,EoSY,Grade 8,not proficient,0,64,0
301887,5,502,50205,Treatment,EoSY,Grade 8,not proficient,46,66,69.6969696969697
302175,5,508,50820,Treatment,EoSY,Grade 8,not proficient,55,97,56.70103092783505
302146,5,508,50812,Treatment,EoSY,Grade 8,not proficient,127,127,100
309921,5,508,50805,Treatment,EoSY,Grade 8,not proficient,33,65,50.76923076923077
302254,5,505,50501,Control,EoSY,Grade 8,not proficient,64,94,68.08510638297872
309513,5,501,50112,Control,EoSY,Grade 8,not proficient,103,106,97.16981132075472
500163,5,508,50801,Control,EoSY,Grade 8,not proficient,30,79,37.9746835443038
302058,5,503,50333,Control,EoSY,Grade 8,not proficient,77,102,75.49019607843137
302192,5,511,51103,Control,EoSY,Grade 8,not proficient,127,289,43.944636678200695
302227,5,511,51105,Control,EoSY,Grade 8,not proficient,73,75,97.33333333333333
302252,5,505,50501,Control,EoSY,Grade 8,not proficient,5,87,5.747126436781609
309914,5,508,50806,Control,EoSY,Grade 8,not proficient,142,181,78.45303867403315
309711,5,503,50317,Control,EoSY,Grade 8,not proficient,0,62,0
301817,5,507,50701,Control,EoSY,Grade 8,not proficient,58,92,63.04347826086956
302165,5,508,50816,Control,EoSY,Grade 8,not proficient,62,68,91.17647058823529
301974,5,503,50311,Treatment,EoSY,Grade 8,not proficient,78,86,90.69767441860465
302256,5,505,50501,Control,EoSY,Grade 8,not proficient,6,109,5.504587155963303
301834,5,501,50106,Control,EoSY,Grade 8,not proficient,146,177,82.485875706214685
309760,5,503,50306,Control,EoSY,Grade 8,not proficient,2,55,3.6363636363636362
309936,5,508,50819,Control,EoSY,Grade 8,not proficient,49,49,100
302203,5,511,51102,Control,EoSY,Grade 8,not proficient,21,40,52.5
302011,5,503,50314,Control,EoSY,Grade 8,not proficient,56,92,60.869565217391305
500168,5,505,50501,Control,EoSY,Grade 8,not proficient,22,74,29.72972972972973
301947,5,503,50306,Control,EoSY,Grade 8,not proficient,334,344,97.09302325581395
309941,5,508,50812,Control,EoSY,Grade 8,not proficient,211,230,91.73913043478261
301839,5,501,50111,Control,EoSY,Grade 8,not proficient,27,85,31.764705882352942
501843,5,508,50818,Treatment,EoSY,Grade 8,not proficient,4,46,8.695652173913043
302111,5,508,50801,Control,EoSY,Grade 8,not proficient,67,441,15.192743764172336
302133,5,509,50901,Control,EoSY,Grade 8,not proficient,100,188,53.191489361702125
301990,5,503,50317,Control,EoSY,Grade 8,not proficient,1,45,2.2222222222222223
309937,5,508,50819,Control,EoSY,Grade 8,not proficient,73,74,98.64864864864865
302241,5,511,51105,Control,EoSY,Grade 8,not proficient,1,113,0.8849557522123894
500167,5,505,50501,Control,EoSY,Grade 8,not proficient,32,70,45.714285714285715
309764,5,503,50320,Control,EoSY,Grade 8,not proficient,46,54,85.18518518518519
302205,5,511,51106,Control,EoSY,Grade 8,not proficient,92,102,90.19607843137256
302014,5,503,50302,Control,EoSY,Grade 8,not proficient,50,139,35.97122302158273
309740,5,503,50315,Control,EoSY,Grade 8,not proficient,59,65,90.76923076923077
309741,5,503,50315,Control,EoSY,Grade 8,not proficient,89,91,97.8021978021978
302161,5,508,50803,Treatment,EoSY,Grade 8,not proficient,72,74,97.29729729729729
302113,5,508,50818,Treatment,EoSY,Grade 8,not proficient,0,110,0
302127,5,508,50817,Control,EoSY,Grade 8,not proficient,28,52,53.84615384615385
301899,5,502,50205,Control,EoSY,Grade 8,not proficient,101,135,74.81481481481481
309509,5,501,50113,Control,EoSY,Grade 8,not proficient,70,78,89.74358974358974
309903,5,508,50816,Control,EoSY,Grade 8,not proficient,54,70,77.14285714285714
301995,5,503,50310,Control,EoSY,Grade 8,not proficient,3,57,5.2631578947368425
309702,5,503,50325,Control,EoSY,Grade 8,not proficient,159,269,59.10780669144982
501020,5,503,50310,Control,EoSY,Grade 8,not proficient,1,24,4.166666666666667
309743,5,503,50332,Control,EoSY,Grade 8,not proficient,1,106,0.9433962264150944
301816,5,501,50101,Control,EoSY,Grade 8,not proficient,122,141,86.52482269503547
302054,5,503,50315,Control,EoSY,Grade 8,not proficient,28,115,24.347826086956523
301862,5,507,50701,Control,EoSY,Grade 8,not proficient,232,233,99.57081545064378
502477,5,501,50108,Control,EoSY,Grade 8,not proficient,1,35,2.857142857142857
302283,5,513,51301,Control,EoSY,Grade 8,not proficient,147,327,44.95412844036697
301900,5,502,50206,Control,EoSY,Grade 8,not proficient,54,59,91.52542372881356
302123,5,508,50808,Control,EoSY,Grade 8,not proficient,68,81,83.95061728395062
309512,5,501,50110,Control,EoSY,Grade 8,not proficient,5,79,6.329113924050633
302284,5,513,51301,Control,EoSY,Grade 8,not proficient,177,177,100
500034,5,508,50819,Control,EoSY,Grade 8,not proficient,21,43,48.83720930232558
302043,5,503,50305,Control,EoSY,Grade 8,not proficient,66,150,44
302182,5,511,51107,Control,EoSY,Grade 8,not proficient,33,78,42.30769230769231
301986,5,503,50334,Control,EoSY,Grade 8,not proficient,146,177,82.485875706214685
302109,5,508,50817,Control,EoSY,Grade 8,not proficient,159,243,65.4320987654321
302061,5,503,50311,Control,EoSY,Grade 8,not proficient,4,58,6.896551724137931
309931,5,508,50802,Control,EoSY,Grade 8,not proficient,56,72,77.77777777777777
301984,5,503,50331,Control,EoSY,Grade 8,not proficient,27,183,14.754098360655737
302156,5,508,50803,Control,EoSY,Grade 8,not proficient,53,106,50
309705,5,503,50330,Control,EoSY,Grade 8,not proficient,83,86,96.51162790697674
500165,5,508,50804,Control,EoSY,Grade 8,not proficient,21,43,48.83720930232558
301930,5,503,50328,Control,EoSY,Grade 8,not proficient,111,111,100
302177,5,508,50806,Control,EoSY,Grade 8,not proficient,51,65,78.46153846153847
302282,5,513,51301,Control,EoSY,Grade 8,not proficient,223,268,83.2089552238806
502615,5,508,50802,Control,EoSY,Grade 8,not proficient,18,21,85.71428571428571
302263,5,506,50601,Control,EoSY,Grade 8,not proficient,84,85,98.82352941176471
301826,5,501,50103,Control,EoSY,Grade 8,not proficient,14,43,32.55813953488372
305750,5,513,51301,Control,EoSY,Grade 8,not proficient,58,79,73.41772151898734
301870,5,501,50110,Control,EoSY,Grade 8,not proficient,2,138,1.4492753623188406
302039,5,503,50316,Control,EoSY,Grade 8,not proficient,153,292,52.397260273972606
301868,5,501,50112,Control,EoSY,Grade 8,not proficient,0,237,0
301963,5,503,50316,Control,EoSY,Grade 8,not proficient,134,262,51.14503816793893
340567,15,1505,150501,Treatment,EoSY,Grade 8,not proficient,176,187,94.11764705882354
320606,15,1515,151502,Treatment,EoSY,Grade 8,not proficient,5,401,1.2468827930174564
320202,15,1511,151101,Treatment,EoSY,Grade 8,not proficient,47,162,29.012345679012345
305310,15,1507,150703,Treatment,EoSY,Grade 8,not proficient,367,373,98.39142091152814
305418,15,1513,151301,Treatment,EoSY,Grade 8,not proficient,598,1101,54.31425976385105
500565,15,1515,151502,Treatment,EoSY,Grade 8,not proficient,8,778,1.0282776349614395
301258,4,413,41308,Treatment,EoSY,Grade 8,not proficient,250,539,46.3821892393321
301214,4,411,41101,Treatment,EoSY,Grade 8,not proficient,181,628,28.821656050955415
301497,4,414,41401,Treatment,EoSY,Grade 8,not proficient,312,356,87.64044943820225
305411,15,1515,151502,Treatment,EoSY,Grade 8,not proficient,351,666,52.7027027027027
305420,15,1513,151301,Treatment,EoSY,Grade 8,not proficient,317,1385,22.888086642599276
301231,4,413,41302,Control,EoSY,Grade 8,not proficient,105,234,44.87179487179487
301188,4,402,40201,Control,EoSY,Grade 8,not proficient,561,641,87.5195007800312
307913,4,413,41309,Control,EoSY,Grade 8,not proficient,9,325,2.769230769230769
500566,15,1507,150710,Control,EoSY,Grade 8,not proficient,523,602,86.87707641196013
305453,15,1510,151001,Control,EoSY,Grade 8,not proficient,0,1025,0
305311,15,1507,150702,Control,EoSY,Grade 8,not proficient,117,285,41.05263157894737
301425,4,401,40101,Control,EoSY,Grade 8,not proficient,605,1020,59.31372549019608
301202,4,408,40812,Control,EoSY,Grade 8,not proficient,145,374,38.77005347593583
305412,15,1515,151502,Control,EoSY,Grade 8,not proficient,461,1081,42.64569842738205
308105,4,417,41703,Control,EoSY,Grade 8,not proficient,243,876,27.73972602739726
305341,15,1514,151401,Control,EoSY,Grade 8,not proficient,1014,1454,69.73865199449794
319604,15,1512,151201,Control,EoSY,Grade 8,not proficient,0,322,0
305568,15,1516,151601,Control,EoSY,Grade 8,not proficient,262,405,64.69135802469135
305434,15,1503,150301,Control,EoSY,Grade 8,not proficient,483,703,68.70554765291607
301464,4,417,41710,Control,EoSY,Grade 8,not proficient,309,476,64.91596638655462
305461,15,1515,151502,Control,EoSY,Grade 8,not proficient,106,416,25.48076923076923
305384,15,1501,150101,Control,EoSY,Grade 8,not proficient,52,516,10.077519379844961
301143,4,421,42101,Control,EoSY,Grade 8,not proficient,858,1052,81.55893536121673
305340,15,1514,151401,Control,EoSY,Grade 8,not proficient,502,1121,44.781445138269405
305302,15,1507,150709,Treatment,EoSY,Grade 8,not proficient,759,1021,74.3388834476004
308103,4,417,41712,Control,EoSY,Grade 8,not proficient,274,388,70.61855670103093
308130,4,417,41711,Control,EoSY,Grade 8,not proficient,98,131,74.80916030534351
301227,4,420,42001,Control,EoSY,Grade 8,not proficient,692,817,84.70012239902081
305334,15,1514,151401,Control,EoSY,Grade 8,not proficient,323,650,49.69230769230769
305367,15,1512,151201,Control,EoSY,Grade 8,not proficient,1,1020,0.09803921568627451
305635,15,1514,151401,Control,EoSY,Grade 8,not proficient,211,451,46.78492239467849
301218,4,408,40814,Control,EoSY,Grade 8,not proficient,1542,2073,74.3849493487699
308501,4,415,41501,Control,EoSY,Grade 8,not proficient,412,612,67.3202614379085
500332,15,1506,150601,Control,EoSY,Grade 8,not proficient,201,311,64.63022508038586
305471,15,1509,150901,Control,EoSY,Grade 8,not proficient,286,793,36.0655737704918
305376,15,1501,150101,Treatment,EoSY,Grade 8,not proficient,0,790,0
301432,4,417,41705,Control,EoSY,Grade 8,not proficient,498,552,90.21739130434783
305459,15,1515,151502,Control,EoSY,Grade 8,not proficient,9,824,1.0922330097087378
305313,15,1507,150708,Control,EoSY,Grade 8,not proficient,1,646,0.15479876160990713
301186,4,410,41001,Control,EoSY,Grade 8,not proficient,259,1731,14.962449451184286
301184,4,410,41001,Control,EoSY,Grade 8,not proficient,46,1052,4.3726235741444865
305295,15,1507,150710,Control,EoSY,Grade 8,not proficient,404,1109,36.42921550946799
301416,4,422,42201,Control,EoSY,Grade 8,not proficient,145,161,90.06211180124224
305450,15,1505,150501,Treatment,EoSY,Grade 8,not proficient,11,418,2.6315789473684212
301403,4,416,41606,Control,EoSY,Grade 8,not proficient,390,490,79.59183673469387
301451,4,417,41708,Control,EoSY,Grade 8,not proficient,136,362,37.569060773480665
305338,15,1514,151401,Control,EoSY,Grade 8,not proficient,460,784,58.673469387755105
301257,4,413,41312,Control,EoSY,Grade 8,not proficient,1314,1798,73.08120133481647
305416,15,1513,151301,Control,EoSY,Grade 8,not proficient,113,996,11.345381526104418
305337,15,1514,151401,Control,EoSY,Grade 8,not proficient,1111,2053,54.11592791037506
305353,15,1514,151401,Control,EoSY,Grade 8,not proficient,182,442,41.1764705882353
301197,4,408,40812,Control,EoSY,Grade 8,not proficient,21,298,7.046979865771812
301236,4,413,41308,Treatment,EoSY,Grade 8,not proficient,106,325,32.61538461538461
305444,15,1516,151601,Control,EoSY,Grade 8,not proficient,224,372,60.215053763440864
320306,15,1503,150301,Control,EoSY,Grade 8,not proficient,853,884,96.49321266968326
301489,4,414,41401,Control,EoSY,Grade 8,not proficient,206,314,65.60509554140127
301507,4,418,41801,Control,EoSY,Grade 8,not proficient,93,121,76.85950413223141
301456,4,417,41710,Control,EoSY,Grade 8,not proficient,144,625,23.04
301238,4,413,41303,Control,EoSY,Grade 8,not proficient,355,546,65.01831501831502
305438,15,1516,151601,Control,EoSY,Grade 8,not proficient,610,851,71.68037602820212
305324,15,1514,151401,Control,EoSY,Grade 8,not proficient,32,305,10.491803278688524
305454,15,1510,151001,Control,EoSY,Grade 8,not proficient,0,134,0
308122,4,417,41708,Control,EoSY,Grade 8,not proficient,9,212,4.245283018867925
301508,4,418,41801,Control,EoSY,Grade 8,not proficient,155,284,54.57746478873239
305465,15,1515,151502,Control,EoSY,Grade 8,not proficient,171,929,18.406889128094726
305428,15,1511,151101,Control,EoSY,Grade 8,not proficient,99,425,23.294117647058822
301175,4,408,40807,Control,EoSY,Grade 8,not proficient,84,817,10.281517747858016
301437,4,417,41704,Control,EoSY,Grade 8,not proficient,823,1061,77.56833176248821
320204,15,1511,151101,Control,EoSY,Grade 8,not proficient,297,542,54.7970479704797
305447,15,1505,150501,Control,EoSY,Grade 8,not proficient,0,741,0
301438,4,417,41704,Control,EoSY,Grade 8,not proficient,292,514,56.809338521400775
308135,4,417,41708,Control,EoSY,Grade 8,not proficient,105,426,24.64788732394366
301418,4,401,40101,Control,EoSY,Grade 8,not proficient,1492,2800,53.285714285714285
305288,15,1507,150710,Control,EoSY,Grade 8,not proficient,285,661,43.11649016641452
301265,4,413,41301,Control,EoSY,Grade 8,not proficient,247,433,57.043879907621246
305442,15,1516,151601,Control,EoSY,Grade 8,not proficient,90,253,35.573122529644266
500339,15,1505,150501,Control,EoSY,Grade 8,not proficient,209,373,56.03217158176944
305435,15,1503,150301,Control,EoSY,Grade 8,not proficient,47,445,10.561797752808989
308134,4,417,41708,Control,EoSY,Grade 8,not proficient,398,551,72.23230490018149
305452,15,1505,150501,Control,EoSY,Grade 8,not proficient,24,648,3.7037037037037037
312330,7,703,70308,Treatment,EoSY,Grade 8,not proficient,87,116,75
305710,7,703,70302,Treatment,EoSY,Grade 8,not proficient,43,68,63.23529411764706
305655,11,1101,110101,Treatment,EoSY,Grade 8,not proficient,4,26,15.384615384615385
305581,7,703,70303,Treatment,EoSY,Grade 8,not proficient,35,45,77.77777777777777
303130,7,703,70309,Treatment,EoSY,Grade 8,not proficient,164,177,92.65536723163842
312354,7,703,70309,Treatment,EoSY,Grade 8,not proficient,37,37,100
305849,11,1105,110503,Treatment,EoSY,Grade 8,not proficient,16,26,61.53846153846154
305500,11,1101,110101,Treatment,EoSY,Grade 8,not proficient,31,35,88.57142857142857
312355,7,703,70304,Treatment,EoSY,Grade 8,not proficient,37,38,97.36842105263158
501903,11,1110,111001,Treatment,EoSY,Grade 8,not proficient,24,35,68.57142857142857
500665,7,705,70527,Control,EoSY,Grade 8,not proficient,88,88,100
312462,7,705,70520,Control,EoSY,Grade 8,not proficient,16,20,80
306038,11,1102,110202,Control,EoSY,Grade 8,not proficient,0,28,0
500221,7,705,70527,Control,EoSY,Grade 8,not proficient,16,26,61.53846153846154
500744,7,708,70801,Control,EoSY,Grade 8,not proficient,36,39,92.3076923076923
305884,11,1101,110101,Control,EoSY,Grade 8,not proficient,0,105,0
303170,7,709,70901,Control,EoSY,Grade 8,not proficient,41,60,68.33333333333333
500787,7,708,70801,Control,EoSY,Grade 8,not proficient,25,57,43.85964912280702
500667,7,705,70528,Control,EoSY,Grade 8,not proficient,38,48,79.16666666666667
501071,11,1101,110101,Control,EoSY,Grade 8,not proficient,17,29,58.62068965517241
303046,7,705,70527,Control,EoSY,Grade 8,not proficient,109,112,97.32142857142857
325303,7,707,70701,Control,EoSY,Grade 8,not proficient,3,26,11.538461538461538
500208,7,703,70305,Control,EoSY,Grade 8,not proficient,13,13,100
312401,7,705,70525,Control,EoSY,Grade 8,not proficient,118,119,99.15966386554622
303136,7,706,70601,Control,EoSY,Grade 8,not proficient,52,76,68.42105263157895
312435,7,707,70701,Control,EoSY,Grade 8,not proficient,NA,NA,NA
502186,11,1101,110101,Control,EoSY,Grade 8,not proficient,11,17,64.70588235294117
500782,7,708,70801,Control,EoSY,Grade 8,not proficient,55,247,22.267206477732792
306086,11,1106,110606,Control,EoSY,Grade 8,not proficient,23,23,100
305755,7,705,70529,Control,EoSY,Grade 8,not proficient,138,152,90.78947368421052
305665,11,1101,110101,Control,EoSY,Grade 8,not proficient,0,15,0
501635,7,703,70301,Control,EoSY,Grade 8,not proficient,76,76,100
305843,11,1110,111001,Control,EoSY,Grade 8,not proficient,9,37,24.324324324324323
500894,7,705,70517,Control,EoSY,Grade 8,not proficient,95,114,83.33333333333333
500671,7,705,70506,Control,EoSY,Grade 8,not proficient,25,34,73.52941176470588
305847,11,1105,110503,Control,EoSY,Grade 8,not proficient,39,39,100
500784,7,708,70801,Control,EoSY,Grade 8,not proficient,6,17,35.294117647058826
501267,7,705,70525,Control,EoSY,Grade 8,not proficient,28,29,96.55172413793103
306000,7,705,70525,Control,EoSY,Grade 8,not proficient,40,40,100
305517,11,1106,110608,Control,EoSY,Grade 8,not proficient,28,45,62.22222222222222
305713,7,710,71001,Control,EoSY,Grade 8,not proficient,0,50,0
500768,7,705,70521,Control,EoSY,Grade 8,not proficient,87,87,100
316303,11,1107,110701,Control,EoSY,Grade 8,not proficient,34,41,82.92682926829268
316304,11,1107,110701,Control,EoSY,Grade 8,not proficient,53,80,66.25
305506,11,1101,110101,Control,EoSY,Grade 8,not proficient,0,26,0
500421,7,705,70507,Control,EoSY,Grade 8,not proficient,106,114,92.98245614035088
305681,11,1110,111001,Control,EoSY,Grade 8,not proficient,49,150,32.666666666666664
303186,7,711,71101,Control,EoSY,Grade 8,not proficient,NA,NA,NA
501429,7,714,71402,Control,EoSY,Grade 8,not proficient,2,61,3.278688524590164
305844,11,1103,110303,Control,EoSY,Grade 8,not proficient,4,57,7.017543859649122
305965,11,1110,111001,Control,EoSY,Grade 8,not proficient,31,75,41.333333333333336
501076,11,1103,110305,Control,EoSY,Grade 8,not proficient,11,12,91.66666666666667
305889,11,1101,110101,Control,EoSY,Grade 8,not proficient,11,44,25
501074,11,1103,110306,Control,EoSY,Grade 8,not proficient,65,66,98.48484848484848
312408,7,705,70530,Control,EoSY,Grade 8,not proficient,69,75,92
501351,7,705,70522,Control,EoSY,Grade 8,not proficient,NA,NA,NA
501404,11,1101,110101,Control,EoSY,Grade 8,not proficient,14,31,45.16129032258065
305660,11,1101,110101,Control,EoSY,Grade 8,not proficient,34,36,94.44444444444444
303219,7,701,70101,Control,EoSY,Grade 8,not proficient,57,94,60.638297872340424
312450,7,705,70522,Control,EoSY,Grade 8,not proficient,52,95,54.73684210526316
324903,7,704,70401,Control,EoSY,Grade 8,not proficient,32,32,100
501065,11,1101,110101,Control,EoSY,Grade 8,not proficient,38,115,33.04347826086956
312451,7,705,70532,Control,EoSY,Grade 8,not proficient,22,67,32.83582089552239
501763,11,1103,110305,Control,EoSY,Grade 8,not proficient,24,56,42.857142857142854
316405,11,1110,111001,Control,EoSY,Grade 8,not proficient,122,157,77.70700636942675
316404,11,1110,111001,Control,EoSY,Grade 8,not proficient,15,53,28.30188679245283
316301,11,1107,110701,Control,EoSY,Grade 8,not proficient,75,183,40.98360655737705
312910,7,710,71001,Control,EoSY,Grade 8,not proficient,134,139,96.40287769784173
303011,7,705,70512,Control,EoSY,Grade 8,not proficient,42,44,95.45454545454545
305651,11,1101,110101,Control,EoSY,Grade 8,not proficient,4,34,11.764705882352942
305662,11,1101,110101,Control,EoSY,Grade 8,not proficient,33,34,97.05882352941177
305850,11,1105,110503,Control,EoSY,Grade 8,not proficient,27,29,93.10344827586206
312481,7,705,70518,Control,EoSY,Grade 8,not proficient,37,176,21.022727272727273
304409,11,1110,111001,Control,EoSY,Grade 8,not proficient,80,130,61.53846153846154
303246,7,713,71303,Control,EoSY,Grade 8,not proficient,106,129,82.17054263565892
501405,11,1101,110101,Control,EoSY,Grade 8,not proficient,5,75,6.666666666666667
305677,11,1105,110503,Control,EoSY,Grade 8,not proficient,48,51,94.11764705882354
500447,7,708,70801,Control,EoSY,Grade 8,not proficient,59,65,90.76923076923077
501305,7,708,70801,Control,EoSY,Grade 8,not proficient,26,31,83.87096774193549
305917,7,708,70801,Control,EoSY,Grade 8,not proficient,22,30,73.33333333333333
305722,7,703,70304,Control,EoSY,Grade 8,not proficient,65,66,98.48484848484848
312953,7,713,71306,Control,EoSY,Grade 8,not proficient,14,19,73.6842105263158
305498,11,1101,110101,Control,EoSY,Grade 8,not proficient,78,83,93.97590361445783
305669,11,1101,110101,Control,EoSY,Grade 8,not proficient,0,31,0
312960,7,710,71002,Control,EoSY,Grade 8,not proficient,42,56,75
309906,5,508,50811,Treatment,EoSY,Grade 8,low proficient,48,149,32.214765100671144
309934,5,508,50806,Treatment,EoSY,Grade 8,low proficient,6,35,17.142857142857142
301871,5,501,50107,Treatment,EoSY,Grade 8,low proficient,31,97,31.95876288659794
302134,5,508,50804,Treatment,EoSY,Grade 8,low proficient,38,130,29.23076923076923
302117,5,508,50803,Treatment,EoSY,Grade 8,low proficient,20,69,28.985507246376812
309909,5,508,50801,Treatment,EoSY,Grade 8,low proficient,13,105,12.380952380952381
309915,5,508,50801,Treatment,EoSY,Grade 8,low proficient,7,35,20
501544,5,508,50815,Treatment,EoSY,Grade 8,low proficient,7,64,10.9375
301887,5,502,50205,Treatment,EoSY,Grade 8,low proficient,19,66,28.78787878787879
302175,5,508,50820,Treatment,EoSY,Grade 8,low proficient,30,97,30.927835051546392
302146,5,508,50812,Treatment,EoSY,Grade 8,low proficient,0,127,0
309921,5,508,50805,Treatment,EoSY,Grade 8,low proficient,28,65,43.07692307692308
302254,5,505,50501,Control,EoSY,Grade 8,low proficient,30,94,31.914893617021278
309513,5,501,50112,Control,EoSY,Grade 8,low proficient,3,106,2.830188679245283
500163,5,508,50801,Control,EoSY,Grade 8,low proficient,35,79,44.30379746835443
302058,5,503,50333,Control,EoSY,Grade 8,low proficient,25,102,24.50980392156863
302192,5,511,51103,Control,EoSY,Grade 8,low proficient,119,289,41.1764705882353
302227,5,511,51105,Control,EoSY,Grade 8,low proficient,2,75,2.6666666666666665
302252,5,505,50501,Control,EoSY,Grade 8,low proficient,69,87,79.3103448275862
309914,5,508,50806,Control,EoSY,Grade 8,low proficient,34,181,18.784530386740332
309711,5,503,50317,Control,EoSY,Grade 8,low proficient,33,62,53.225806451612904
301817,5,507,50701,Control,EoSY,Grade 8,low proficient,34,92,36.95652173913044
302165,5,508,50816,Control,EoSY,Grade 8,low proficient,6,68,8.823529411764707
301974,5,503,50311,Treatment,EoSY,Grade 8,low proficient,7,86,8.13953488372093
302256,5,505,50501,Control,EoSY,Grade 8,low proficient,38,109,34.862385321100916
301834,5,501,50106,Control,EoSY,Grade 8,low proficient,29,177,16.384180790960453
309760,5,503,50306,Control,EoSY,Grade 8,low proficient,39,55,70.9090909090909
309936,5,508,50819,Control,EoSY,Grade 8,low proficient,0,49,0
302203,5,511,51102,Control,EoSY,Grade 8,low proficient,19,40,47.5
302011,5,503,50314,Control,EoSY,Grade 8,low proficient,33,92,35.869565217391305
500168,5,505,50501,Control,EoSY,Grade 8,low proficient,49,74,66.21621621621621
301947,5,503,50306,Control,EoSY,Grade 8,low proficient,10,344,2.9069767441860463
309941,5,508,50812,Control,EoSY,Grade 8,low proficient,18,230,7.826086956521739
301839,5,501,50111,Control,EoSY,Grade 8,low proficient,36,85,42.35294117647059
501843,5,508,50818,Treatment,EoSY,Grade 8,low proficient,41,46,89.1304347826087
302111,5,508,50801,Control,EoSY,Grade 8,low proficient,49,441,11.11111111111111
302133,5,509,50901,Control,EoSY,Grade 8,low proficient,38,188,20.21276595744681
301990,5,503,50317,Control,EoSY,Grade 8,low proficient,44,45,97.77777777777777
309937,5,508,50819,Control,EoSY,Grade 8,low proficient,1,74,1.3513513513513513
302241,5,511,51105,Control,EoSY,Grade 8,low proficient,72,113,63.716814159292035
500167,5,505,50501,Control,EoSY,Grade 8,low proficient,32,70,45.714285714285715
309764,5,503,50320,Control,EoSY,Grade 8,low proficient,8,54,14.814814814814815
302205,5,511,51106,Control,EoSY,Grade 8,low proficient,1,102,0.9803921568627451
302014,5,503,50302,Control,EoSY,Grade 8,low proficient,76,139,54.67625899280576
309740,5,503,50315,Control,EoSY,Grade 8,low proficient,6,65,9.23076923076923
309741,5,503,50315,Control,EoSY,Grade 8,low proficient,1,91,1.098901098901099
302161,5,508,50803,Treatment,EoSY,Grade 8,low proficient,2,74,2.7027027027027026
302113,5,508,50818,Treatment,EoSY,Grade 8,low proficient,22,110,20
302127,5,508,50817,Control,EoSY,Grade 8,low proficient,24,52,46.15384615384615
301899,5,502,50205,Control,EoSY,Grade 8,low proficient,29,135,21.48148148148148
309509,5,501,50113,Control,EoSY,Grade 8,low proficient,8,78,10.256410256410257
309903,5,508,50816,Control,EoSY,Grade 8,low proficient,16,70,22.857142857142858
301995,5,503,50310,Control,EoSY,Grade 8,low proficient,32,57,56.14035087719298
309702,5,503,50325,Control,EoSY,Grade 8,low proficient,106,269,39.405204460966544
501020,5,503,50310,Control,EoSY,Grade 8,low proficient,15,24,62.5
309743,5,503,50332,Control,EoSY,Grade 8,low proficient,82,106,77.35849056603773
301816,5,501,50101,Control,EoSY,Grade 8,low proficient,18,141,12.76595744680851
302054,5,503,50315,Control,EoSY,Grade 8,low proficient,83,115,72.17391304347827
301862,5,507,50701,Control,EoSY,Grade 8,low proficient,1,233,0.4291845493562232
502477,5,501,50108,Control,EoSY,Grade 8,low proficient,12,35,34.285714285714285
302283,5,513,51301,Control,EoSY,Grade 8,low proficient,122,327,37.308868501529055
301900,5,502,50206,Control,EoSY,Grade 8,low proficient,4,59,6.779661016949152
302123,5,508,50808,Control,EoSY,Grade 8,low proficient,12,81,14.814814814814815
309512,5,501,50110,Control,EoSY,Grade 8,low proficient,45,79,56.962025316455694
302284,5,513,51301,Control,EoSY,Grade 8,low proficient,0,177,0
500034,5,508,50819,Control,EoSY,Grade 8,low proficient,14,43,32.55813953488372
302043,5,503,50305,Control,EoSY,Grade 8,low proficient,27,150,18
302182,5,511,51107,Control,EoSY,Grade 8,low proficient,41,78,52.56410256410256
301986,5,503,50334,Control,EoSY,Grade 8,low proficient,31,177,17.51412429378531
302109,5,508,50817,Control,EoSY,Grade 8,low proficient,74,243,30.45267489711934
302061,5,503,50311,Control,EoSY,Grade 8,low proficient,11,58,18.96551724137931
309931,5,508,50802,Control,EoSY,Grade 8,low proficient,14,72,19.444444444444443
301984,5,503,50331,Control,EoSY,Grade 8,low proficient,147,183,80.32786885245902
302156,5,508,50803,Control,EoSY,Grade 8,low proficient,45,106,42.45283018867924
309705,5,503,50330,Control,EoSY,Grade 8,low proficient,3,86,3.488372093023256
500165,5,508,50804,Control,EoSY,Grade 8,low proficient,11,43,25.58139534883721
301930,5,503,50328,Control,EoSY,Grade 8,low proficient,0,111,0
302177,5,508,50806,Control,EoSY,Grade 8,low proficient,14,65,21.53846153846154
302282,5,513,51301,Control,EoSY,Grade 8,low proficient,44,268,16.417910447761194
502615,5,508,50802,Control,EoSY,Grade 8,low proficient,0,21,0
302263,5,506,50601,Control,EoSY,Grade 8,low proficient,1,85,1.1764705882352942
301826,5,501,50103,Control,EoSY,Grade 8,low proficient,29,43,67.44186046511628
305750,5,513,51301,Control,EoSY,Grade 8,low proficient,15,79,18.9873417721519
301870,5,501,50110,Control,EoSY,Grade 8,low proficient,82,138,59.42028985507246
302039,5,503,50316,Control,EoSY,Grade 8,low proficient,113,292,38.6986301369863
301868,5,501,50112,Control,EoSY,Grade 8,low proficient,124,237,52.32067510548523
301963,5,503,50316,Control,EoSY,Grade 8,low proficient,96,262,36.6412213740458
340567,15,1505,150501,Treatment,EoSY,Grade 8,low proficient,11,187,5.882352941176471
320606,15,1515,151502,Treatment,EoSY,Grade 8,low proficient,79,401,19.700748129675812
320202,15,1511,151101,Treatment,EoSY,Grade 8,low proficient,19,162,11.728395061728396
305310,15,1507,150703,Treatment,EoSY,Grade 8,low proficient,5,373,1.3404825737265416
305418,15,1513,151301,Treatment,EoSY,Grade 8,low proficient,296,1101,26.884650317892824
500565,15,1515,151502,Treatment,EoSY,Grade 8,low proficient,31,778,3.9845758354755785
301258,4,413,41308,Treatment,EoSY,Grade 8,low proficient,230,539,42.67161410018553
301214,4,411,41101,Treatment,EoSY,Grade 8,low proficient,353,628,56.210191082802545
301497,4,414,41401,Treatment,EoSY,Grade 8,low proficient,40,356,11.235955056179776
305411,15,1515,151502,Treatment,EoSY,Grade 8,low proficient,188,666,28.22822822822823
305420,15,1513,151301,Treatment,EoSY,Grade 8,low proficient,495,1385,35.74007220216607
301231,4,413,41302,Control,EoSY,Grade 8,low proficient,89,234,38.034188034188034
301188,4,402,40201,Control,EoSY,Grade 8,low proficient,78,641,12.168486739469579
307913,4,413,41309,Control,EoSY,Grade 8,low proficient,292,325,89.84615384615384
500566,15,1507,150710,Control,EoSY,Grade 8,low proficient,77,602,12.790697674418604
305453,15,1510,151001,Control,EoSY,Grade 8,low proficient,0,1025,0
305311,15,1507,150702,Control,EoSY,Grade 8,low proficient,77,285,27.017543859649123
301425,4,401,40101,Control,EoSY,Grade 8,low proficient,284,1020,27.84313725490196
301202,4,408,40812,Control,EoSY,Grade 8,low proficient,120,374,32.085561497326204
305412,15,1515,151502,Control,EoSY,Grade 8,low proficient,466,1081,43.10823311748381
308105,4,417,41703,Control,EoSY,Grade 8,low proficient,482,876,55.02283105022831
305341,15,1514,151401,Control,EoSY,Grade 8,low proficient,343,1454,23.59009628610729
319604,15,1512,151201,Control,EoSY,Grade 8,low proficient,65,322,20.18633540372671
305568,15,1516,151601,Control,EoSY,Grade 8,low proficient,107,405,26.419753086419753
305434,15,1503,150301,Control,EoSY,Grade 8,low proficient,207,703,29.445234708392604
301464,4,417,41710,Control,EoSY,Grade 8,low proficient,145,476,30.462184873949578
305461,15,1515,151502,Control,EoSY,Grade 8,low proficient,97,416,23.317307692307693
305384,15,1501,150101,Control,EoSY,Grade 8,low proficient,148,516,28.68217054263566
301143,4,421,42101,Control,EoSY,Grade 8,low proficient,184,1052,17.490494296577946
305340,15,1514,151401,Control,EoSY,Grade 8,low proficient,501,1121,44.69223907225691
305302,15,1507,150709,Treatment,EoSY,Grade 8,low proficient,192,1021,18.8050930460333
308103,4,417,41712,Control,EoSY,Grade 8,low proficient,85,388,21.90721649484536
308130,4,417,41711,Control,EoSY,Grade 8,low proficient,23,131,17.557251908396946
301227,4,420,42001,Control,EoSY,Grade 8,low proficient,118,817,14.443084455324357
305334,15,1514,151401,Control,EoSY,Grade 8,low proficient,214,650,32.92307692307692
305367,15,1512,151201,Control,EoSY,Grade 8,low proficient,0,1020,0
305635,15,1514,151401,Control,EoSY,Grade 8,low proficient,233,451,51.6629711751663
301218,4,408,40814,Control,EoSY,Grade 8,low proficient,290,2073,13.989387361312108
308501,4,415,41501,Control,EoSY,Grade 8,low proficient,169,612,27.61437908496732
500332,15,1506,150601,Control,EoSY,Grade 8,low proficient,94,311,30.225080385852092
305471,15,1509,150901,Control,EoSY,Grade 8,low proficient,418,793,52.711223203026485
305376,15,1501,150101,Treatment,EoSY,Grade 8,low proficient,3,790,0.379746835443038
301432,4,417,41705,Control,EoSY,Grade 8,low proficient,54,552,9.782608695652174
305459,15,1515,151502,Control,EoSY,Grade 8,low proficient,42,824,5.097087378640777
305313,15,1507,150708,Control,EoSY,Grade 8,low proficient,105,646,16.25386996904025
301186,4,410,41001,Control,EoSY,Grade 8,low proficient,380,1731,21.9526285384171
301184,4,410,41001,Control,EoSY,Grade 8,low proficient,249,1052,23.669201520912548
305295,15,1507,150710,Control,EoSY,Grade 8,low proficient,492,1109,44.36429215509468
301416,4,422,42201,Control,EoSY,Grade 8,low proficient,16,161,9.937888198757763
305450,15,1505,150501,Treatment,EoSY,Grade 8,low proficient,22,418,5.2631578947368425
301403,4,416,41606,Control,EoSY,Grade 8,low proficient,89,490,18.163265306122447
301451,4,417,41708,Control,EoSY,Grade 8,low proficient,118,362,32.59668508287293
305338,15,1514,151401,Control,EoSY,Grade 8,low proficient,291,784,37.11734693877551
301257,4,413,41312,Control,EoSY,Grade 8,low proficient,404,1798,22.469410456062292
305416,15,1513,151301,Control,EoSY,Grade 8,low proficient,395,996,39.65863453815261
305337,15,1514,151401,Control,EoSY,Grade 8,low proficient,648,2053,31.563565513882125
305353,15,1514,151401,Control,EoSY,Grade 8,low proficient,214,442,48.41628959276018
301197,4,408,40812,Control,EoSY,Grade 8,low proficient,142,298,47.651006711409394
301236,4,413,41308,Treatment,EoSY,Grade 8,low proficient,121,325,37.23076923076923
305444,15,1516,151601,Control,EoSY,Grade 8,low proficient,78,372,20.967741935483872
320306,15,1503,150301,Control,EoSY,Grade 8,low proficient,31,884,3.506787330316742
301489,4,414,41401,Control,EoSY,Grade 8,low proficient,90,314,28.662420382165607
301507,4,418,41801,Control,EoSY,Grade 8,low proficient,27,121,22.31404958677686
301456,4,417,41710,Control,EoSY,Grade 8,low proficient,187,625,29.92
301238,4,413,41303,Control,EoSY,Grade 8,low proficient,159,546,29.12087912087912
305438,15,1516,151601,Control,EoSY,Grade 8,low proficient,190,851,22.326674500587544
305324,15,1514,151401,Control,EoSY,Grade 8,low proficient,66,305,21.639344262295083
305454,15,1510,151001,Control,EoSY,Grade 8,low proficient,0,134,0
308122,4,417,41708,Control,EoSY,Grade 8,low proficient,118,212,55.660377358490564
301508,4,418,41801,Control,EoSY,Grade 8,low proficient,108,284,38.028169014084504
305465,15,1515,151502,Control,EoSY,Grade 8,low proficient,473,929,50.91496232508073
305428,15,1511,151101,Control,EoSY,Grade 8,low proficient,128,425,30.11764705882353
301175,4,408,40807,Control,EoSY,Grade 8,low proficient,379,817,46.38922888616891
301437,4,417,41704,Control,EoSY,Grade 8,low proficient,190,1061,17.907634307257304
320204,15,1511,151101,Control,EoSY,Grade 8,low proficient,223,542,41.14391143911439
305447,15,1505,150501,Control,EoSY,Grade 8,low proficient,7,741,0.9446693657219973
301438,4,417,41704,Control,EoSY,Grade 8,low proficient,190,514,36.96498054474708
308135,4,417,41708,Control,EoSY,Grade 8,low proficient,185,426,43.42723004694836
301418,4,401,40101,Control,EoSY,Grade 8,low proficient,1072,2800,38.285714285714285
305288,15,1507,150710,Control,EoSY,Grade 8,low proficient,303,661,45.839636913767016
301265,4,413,41301,Control,EoSY,Grade 8,low proficient,134,433,30.94688221709007
305442,15,1516,151601,Control,EoSY,Grade 8,low proficient,144,253,56.91699604743083
500339,15,1505,150501,Control,EoSY,Grade 8,low proficient,164,373,43.96782841823056
305435,15,1503,150301,Control,EoSY,Grade 8,low proficient,162,445,36.40449438202247
308134,4,417,41708,Control,EoSY,Grade 8,low proficient,132,551,23.95644283121597
305452,15,1505,150501,Control,EoSY,Grade 8,low proficient,158,648,24.382716049382715
312330,7,703,70308,Treatment,EoSY,Grade 8,low proficient,28,116,24.137931034482758
305710,7,703,70302,Treatment,EoSY,Grade 8,low proficient,24,68,35.294117647058826
305655,11,1101,110101,Treatment,EoSY,Grade 8,low proficient,11,26,42.30769230769231
305581,7,703,70303,Treatment,EoSY,Grade 8,low proficient,10,45,22.22222222222222
303130,7,703,70309,Treatment,EoSY,Grade 8,low proficient,12,177,6.779661016949152
312354,7,703,70309,Treatment,EoSY,Grade 8,low proficient,0,37,0
305849,11,1105,110503,Treatment,EoSY,Grade 8,low proficient,10,26,38.46153846153846
305500,11,1101,110101,Treatment,EoSY,Grade 8,low proficient,4,35,11.428571428571429
312355,7,703,70304,Treatment,EoSY,Grade 8,low proficient,1,38,2.6315789473684212
501903,11,1110,111001,Treatment,EoSY,Grade 8,low proficient,8,35,22.857142857142858
500665,7,705,70527,Control,EoSY,Grade 8,low proficient,0,88,0
312462,7,705,70520,Control,EoSY,Grade 8,low proficient,4,20,20
306038,11,1102,110202,Control,EoSY,Grade 8,low proficient,25,28,89.28571428571429
500221,7,705,70527,Control,EoSY,Grade 8,low proficient,9,26,34.61538461538461
500744,7,708,70801,Control,EoSY,Grade 8,low proficient,3,39,7.6923076923076925
305884,11,1101,110101,Control,EoSY,Grade 8,low proficient,6,105,5.714285714285714
303170,7,709,70901,Control,EoSY,Grade 8,low proficient,19,60,31.666666666666668
500787,7,708,70801,Control,EoSY,Grade 8,low proficient,32,57,56.14035087719298
500667,7,705,70528,Control,EoSY,Grade 8,low proficient,7,48,14.583333333333334
501071,11,1101,110101,Control,EoSY,Grade 8,low proficient,7,29,24.137931034482758
303046,7,705,70527,Control,EoSY,Grade 8,low proficient,3,112,2.6785714285714284
325303,7,707,70701,Control,EoSY,Grade 8,low proficient,19,26,73.07692307692308
500208,7,703,70305,Control,EoSY,Grade 8,low proficient,0,13,0
312401,7,705,70525,Control,EoSY,Grade 8,low proficient,1,119,0.8403361344537815
303136,7,706,70601,Control,EoSY,Grade 8,low proficient,21,76,27.63157894736842
312435,7,707,70701,Control,EoSY,Grade 8,low proficient,NA,NA,NA
502186,11,1101,110101,Control,EoSY,Grade 8,low proficient,5,17,29.41176470588235
500782,7,708,70801,Control,EoSY,Grade 8,low proficient,95,247,38.46153846153846
306086,11,1106,110606,Control,EoSY,Grade 8,low proficient,0,23,0
305755,7,705,70529,Control,EoSY,Grade 8,low proficient,14,152,9.210526315789474
305665,11,1101,110101,Control,EoSY,Grade 8,low proficient,6,15,40
501635,7,703,70301,Control,EoSY,Grade 8,low proficient,0,76,0
305843,11,1110,111001,Control,EoSY,Grade 8,low proficient,13,37,35.13513513513514
500894,7,705,70517,Control,EoSY,Grade 8,low proficient,16,114,14.035087719298245
500671,7,705,70506,Control,EoSY,Grade 8,low proficient,9,34,26.470588235294116
305847,11,1105,110503,Control,EoSY,Grade 8,low proficient,0,39,0
500784,7,708,70801,Control,EoSY,Grade 8,low proficient,6,17,35.294117647058826
501267,7,705,70525,Control,EoSY,Grade 8,low proficient,1,29,3.4482758620689653
306000,7,705,70525,Control,EoSY,Grade 8,low proficient,0,40,0
305517,11,1106,110608,Control,EoSY,Grade 8,low proficient,9,45,20
305713,7,710,71001,Control,EoSY,Grade 8,low proficient,3,50,6
500768,7,705,70521,Control,EoSY,Grade 8,low proficient,0,87,0
316303,11,1107,110701,Control,EoSY,Grade 8,low proficient,7,41,17.073170731707318
316304,11,1107,110701,Control,EoSY,Grade 8,low proficient,16,80,20
305506,11,1101,110101,Control,EoSY,Grade 8,low proficient,10,26,38.46153846153846
500421,7,705,70507,Control,EoSY,Grade 8,low proficient,8,114,7.017543859649122
305681,11,1110,111001,Control,EoSY,Grade 8,low proficient,72,150,48
303186,7,711,71101,Control,EoSY,Grade 8,low proficient,NA,NA,NA
501429,7,714,71402,Control,EoSY,Grade 8,low proficient,34,61,55.73770491803279
305844,11,1103,110303,Control,EoSY,Grade 8,low proficient,23,57,40.35087719298246
305965,11,1110,111001,Control,EoSY,Grade 8,low proficient,39,75,52
501076,11,1103,110305,Control,EoSY,Grade 8,low proficient,1,12,8.333333333333334
305889,11,1101,110101,Control,EoSY,Grade 8,low proficient,21,44,47.72727272727273
501074,11,1103,110306,Control,EoSY,Grade 8,low proficient,1,66,1.5151515151515151
312408,7,705,70530,Control,EoSY,Grade 8,low proficient,6,75,8
501351,7,705,70522,Control,EoSY,Grade 8,low proficient,NA,NA,NA
501404,11,1101,110101,Control,EoSY,Grade 8,low proficient,10,31,32.25806451612903
305660,11,1101,110101,Control,EoSY,Grade 8,low proficient,2,36,5.555555555555555
303219,7,701,70101,Control,EoSY,Grade 8,low proficient,25,94,26.595744680851062
312450,7,705,70522,Control,EoSY,Grade 8,low proficient,43,95,45.26315789473684
324903,7,704,70401,Control,EoSY,Grade 8,low proficient,0,32,0
501065,11,1101,110101,Control,EoSY,Grade 8,low proficient,54,115,46.95652173913044
312451,7,705,70532,Control,EoSY,Grade 8,low proficient,32,67,47.76119402985075
501763,11,1103,110305,Control,EoSY,Grade 8,low proficient,25,56,44.642857142857146
316405,11,1110,111001,Control,EoSY,Grade 8,low proficient,32,157,20.38216560509554
316404,11,1110,111001,Control,EoSY,Grade 8,low proficient,25,53,47.16981132075472
316301,11,1107,110701,Control,EoSY,Grade 8,low proficient,34,183,18.579234972677597
312910,7,710,71001,Control,EoSY,Grade 8,low proficient,5,139,3.5971223021582732
303011,7,705,70512,Control,EoSY,Grade 8,low proficient,2,44,4.545454545454546
305651,11,1101,110101,Control,EoSY,Grade 8,low proficient,11,34,32.35294117647059
305662,11,1101,110101,Control,EoSY,Grade 8,low proficient,1,34,2.9411764705882355
305850,11,1105,110503,Control,EoSY,Grade 8,low proficient,2,29,6.896551724137931
312481,7,705,70518,Control,EoSY,Grade 8,low proficient,102,176,57.95454545454545
304409,11,1110,111001,Control,EoSY,Grade 8,low proficient,49,130,37.69230769230769
303246,7,713,71303,Control,EoSY,Grade 8,low proficient,22,129,17.05426356589147
501405,11,1101,110101,Control,EoSY,Grade 8,low proficient,4,75,5.333333333333333
305677,11,1105,110503,Control,EoSY,Grade 8,low proficient,3,51,5.882352941176471
500447,7,708,70801,Control,EoSY,Grade 8,low proficient,5,65,7.6923076923076925
501305,7,708,70801,Control,EoSY,Grade 8,low proficient,5,31,16.129032258064516
305917,7,708,70801,Control,EoSY,Grade 8,low proficient,8,30,26.666666666666668
305722,7,703,70304,Control,EoSY,Grade 8,low proficient,1,66,1.5151515151515151
312953,7,713,71306,Control,EoSY,Grade 8,low proficient,5,19,26.31578947368421
305498,11,1101,110101,Control,EoSY,Grade 8,low proficient,5,83,6.024096385542169
305669,11,1101,110101,Control,EoSY,Grade 8,low proficient,0,31,0
312960,7,710,71002,Control,EoSY,Grade 8,low proficient,14,56,25
309906,5,508,50811,Treatment,EoSY,Grade 8,nearly proficient,2,149,1.342281879194631
309934,5,508,50806,Treatment,EoSY,Grade 8,nearly proficient,22,35,62.857142857142854
301871,5,501,50107,Treatment,EoSY,Grade 8,nearly proficient,63,97,64.94845360824742
302134,5,508,50804,Treatment,EoSY,Grade 8,nearly proficient,19,130,14.615384615384615
302117,5,508,50803,Treatment,EoSY,Grade 8,nearly proficient,11,69,15.942028985507246
309909,5,508,50801,Treatment,EoSY,Grade 8,nearly proficient,0,105,0
309915,5,508,50801,Treatment,EoSY,Grade 8,nearly proficient,3,35,8.571428571428571
501544,5,508,50815,Treatment,EoSY,Grade 8,nearly proficient,18,64,28.125
301887,5,502,50205,Treatment,EoSY,Grade 8,nearly proficient,1,66,1.5151515151515151
302175,5,508,50820,Treatment,EoSY,Grade 8,nearly proficient,12,97,12.371134020618557
302146,5,508,50812,Treatment,EoSY,Grade 8,nearly proficient,0,127,0
309921,5,508,50805,Treatment,EoSY,Grade 8,nearly proficient,4,65,6.153846153846154
302254,5,505,50501,Control,EoSY,Grade 8,nearly proficient,0,94,0
309513,5,501,50112,Control,EoSY,Grade 8,nearly proficient,0,106,0
500163,5,508,50801,Control,EoSY,Grade 8,nearly proficient,14,79,17.72151898734177
302058,5,503,50333,Control,EoSY,Grade 8,nearly proficient,0,102,0
302192,5,511,51103,Control,EoSY,Grade 8,nearly proficient,40,289,13.84083044982699
302227,5,511,51105,Control,EoSY,Grade 8,nearly proficient,0,75,0
302252,5,505,50501,Control,EoSY,Grade 8,nearly proficient,13,87,14.942528735632184
309914,5,508,50806,Control,EoSY,Grade 8,nearly proficient,5,181,2.7624309392265194
309711,5,503,50317,Control,EoSY,Grade 8,nearly proficient,29,62,46.774193548387096
301817,5,507,50701,Control,EoSY,Grade 8,nearly proficient,0,92,0
302165,5,508,50816,Control,EoSY,Grade 8,nearly proficient,0,68,0
301974,5,503,50311,Treatment,EoSY,Grade 8,nearly proficient,1,86,1.1627906976744187
302256,5,505,50501,Control,EoSY,Grade 8,nearly proficient,47,109,43.11926605504587
301834,5,501,50106,Control,EoSY,Grade 8,nearly proficient,2,177,1.1299435028248588
309760,5,503,50306,Control,EoSY,Grade 8,nearly proficient,14,55,25.454545454545453
309936,5,508,50819,Control,EoSY,Grade 8,nearly proficient,0,49,0
302203,5,511,51102,Control,EoSY,Grade 8,nearly proficient,0,40,0
302011,5,503,50314,Control,EoSY,Grade 8,nearly proficient,3,92,3.260869565217391
500168,5,505,50501,Control,EoSY,Grade 8,nearly proficient,3,74,4.054054054054054
301947,5,503,50306,Control,EoSY,Grade 8,nearly proficient,0,344,0
309941,5,508,50812,Control,EoSY,Grade 8,nearly proficient,1,230,0.43478260869565216
301839,5,501,50111,Control,EoSY,Grade 8,nearly proficient,22,85,25.88235294117647
501843,5,508,50818,Treatment,EoSY,Grade 8,nearly proficient,1,46,2.1739130434782608
302111,5,508,50801,Control,EoSY,Grade 8,nearly proficient,162,441,36.734693877551024
302133,5,509,50901,Control,EoSY,Grade 8,nearly proficient,42,188,22.340425531914892
301990,5,503,50317,Control,EoSY,Grade 8,nearly proficient,0,45,0
309937,5,508,50819,Control,EoSY,Grade 8,nearly proficient,0,74,0
302241,5,511,51105,Control,EoSY,Grade 8,nearly proficient,18,113,15.929203539823009
500167,5,505,50501,Control,EoSY,Grade 8,nearly proficient,6,70,8.571428571428571
309764,5,503,50320,Control,EoSY,Grade 8,nearly proficient,0,54,0
302205,5,511,51106,Control,EoSY,Grade 8,nearly proficient,7,102,6.862745098039215
302014,5,503,50302,Control,EoSY,Grade 8,nearly proficient,12,139,8.633093525179856
309740,5,503,50315,Control,EoSY,Grade 8,nearly proficient,0,65,0
309741,5,503,50315,Control,EoSY,Grade 8,nearly proficient,0,91,0
302161,5,508,50803,Treatment,EoSY,Grade 8,nearly proficient,0,74,0
302113,5,508,50818,Treatment,EoSY,Grade 8,nearly proficient,74,110,67.27272727272727
302127,5,508,50817,Control,EoSY,Grade 8,nearly proficient,0,52,0
301899,5,502,50205,Control,EoSY,Grade 8,nearly proficient,5,135,3.7037037037037037
309509,5,501,50113,Control,EoSY,Grade 8,nearly proficient,0,78,0
309903,5,508,50816,Control,EoSY,Grade 8,nearly proficient,0,70,0
301995,5,503,50310,Control,EoSY,Grade 8,nearly proficient,22,57,38.59649122807018
309702,5,503,50325,Control,EoSY,Grade 8,nearly proficient,4,269,1.486988847583643
501020,5,503,50310,Control,EoSY,Grade 8,nearly proficient,8,24,33.333333333333336
309743,5,503,50332,Control,EoSY,Grade 8,nearly proficient,23,106,21.69811320754717
301816,5,501,50101,Control,EoSY,Grade 8,nearly proficient,1,141,0.7092198581560284
302054,5,503,50315,Control,EoSY,Grade 8,nearly proficient,4,115,3.4782608695652173
301862,5,507,50701,Control,EoSY,Grade 8,nearly proficient,0,233,0
502477,5,501,50108,Control,EoSY,Grade 8,nearly proficient,19,35,54.285714285714285
302283,5,513,51301,Control,EoSY,Grade 8,nearly proficient,46,327,14.067278287461773
301900,5,502,50206,Control,EoSY,Grade 8,nearly proficient,0,59,0
302123,5,508,50808,Control,EoSY,Grade 8,nearly proficient,1,81,1.2345679012345678
309512,5,501,50110,Control,EoSY,Grade 8,nearly proficient,29,79,36.70886075949367
302284,5,513,51301,Control,EoSY,Grade 8,nearly proficient,0,177,0
500034,5,508,50819,Control,EoSY,Grade 8,nearly proficient,8,43,18.6046511627907
302043,5,503,50305,Control,EoSY,Grade 8,nearly proficient,49,150,32.666666666666664
302182,5,511,51107,Control,EoSY,Grade 8,nearly proficient,4,78,5.128205128205129
301986,5,503,50334,Control,EoSY,Grade 8,nearly proficient,0,177,0
302109,5,508,50817,Control,EoSY,Grade 8,nearly proficient,10,243,4.11522633744856
302061,5,503,50311,Control,EoSY,Grade 8,nearly proficient,32,58,55.172413793103445
309931,5,508,50802,Control,EoSY,Grade 8,nearly proficient,2,72,2.7777777777777777
301984,5,503,50331,Control,EoSY,Grade 8,nearly proficient,9,183,4.918032786885246
302156,5,508,50803,Control,EoSY,Grade 8,nearly proficient,8,106,7.547169811320755
309705,5,503,50330,Control,EoSY,Grade 8,nearly proficient,0,86,0
500165,5,508,50804,Control,EoSY,Grade 8,nearly proficient,9,43,20.930232558139537
301930,5,503,50328,Control,EoSY,Grade 8,nearly proficient,0,111,0
302177,5,508,50806,Control,EoSY,Grade 8,nearly proficient,0,65,0
302282,5,513,51301,Control,EoSY,Grade 8,nearly proficient,1,268,0.373134328358209
502615,5,508,50802,Control,EoSY,Grade 8,nearly proficient,3,21,14.285714285714286
302263,5,506,50601,Control,EoSY,Grade 8,nearly proficient,0,85,0
301826,5,501,50103,Control,EoSY,Grade 8,nearly proficient,0,43,0
305750,5,513,51301,Control,EoSY,Grade 8,nearly proficient,6,79,7.594936708860759
301870,5,501,50110,Control,EoSY,Grade 8,nearly proficient,41,138,29.71014492753623
302039,5,503,50316,Control,EoSY,Grade 8,nearly proficient,26,292,8.904109589041095
301868,5,501,50112,Control,EoSY,Grade 8,nearly proficient,113,237,47.67932489451477
301963,5,503,50316,Control,EoSY,Grade 8,nearly proficient,28,262,10.687022900763358
340567,15,1505,150501,Treatment,EoSY,Grade 8,nearly proficient,0,187,0
320606,15,1515,151502,Treatment,EoSY,Grade 8,nearly proficient,286,401,71.3216957605985
320202,15,1511,151101,Treatment,EoSY,Grade 8,nearly proficient,77,162,47.53086419753087
305310,15,1507,150703,Treatment,EoSY,Grade 8,nearly proficient,1,373,0.2680965147453083
305418,15,1513,151301,Treatment,EoSY,Grade 8,nearly proficient,207,1101,18.80108991825613
500565,15,1515,151502,Treatment,EoSY,Grade 8,nearly proficient,511,778,65.68123393316195
301258,4,413,41308,Treatment,EoSY,Grade 8,nearly proficient,56,539,10.38961038961039
301214,4,411,41101,Treatment,EoSY,Grade 8,nearly proficient,90,628,14.331210191082803
301497,4,414,41401,Treatment,EoSY,Grade 8,nearly proficient,2,356,0.5617977528089888
305411,15,1515,151502,Treatment,EoSY,Grade 8,nearly proficient,109,666,16.366366366366368
305420,15,1513,151301,Treatment,EoSY,Grade 8,nearly proficient,374,1385,27.00361010830325
301231,4,413,41302,Control,EoSY,Grade 8,nearly proficient,37,234,15.811965811965813
301188,4,402,40201,Control,EoSY,Grade 8,nearly proficient,2,641,0.31201248049922
307913,4,413,41309,Control,EoSY,Grade 8,nearly proficient,24,325,7.384615384615385
500566,15,1507,150710,Control,EoSY,Grade 8,nearly proficient,2,602,0.33222591362126247
305453,15,1510,151001,Control,EoSY,Grade 8,nearly proficient,564,1025,55.02439024390244
305311,15,1507,150702,Control,EoSY,Grade 8,nearly proficient,91,285,31.92982456140351
301425,4,401,40101,Control,EoSY,Grade 8,nearly proficient,104,1020,10.196078431372548
301202,4,408,40812,Control,EoSY,Grade 8,nearly proficient,68,374,18.181818181818183
305412,15,1515,151502,Control,EoSY,Grade 8,nearly proficient,136,1081,12.580943570767808
308105,4,417,41703,Control,EoSY,Grade 8,nearly proficient,105,876,11.986301369863014
305341,15,1514,151401,Control,EoSY,Grade 8,nearly proficient,68,1454,4.6767537826685
319604,15,1512,151201,Control,EoSY,Grade 8,nearly proficient,156,322,48.4472049689441
305568,15,1516,151601,Control,EoSY,Grade 8,nearly proficient,35,405,8.641975308641975
305434,15,1503,150301,Control,EoSY,Grade 8,nearly proficient,13,703,1.8492176386913228
301464,4,417,41710,Control,EoSY,Grade 8,nearly proficient,17,476,3.5714285714285716
305461,15,1515,151502,Control,EoSY,Grade 8,nearly proficient,133,416,31.971153846153847
305384,15,1501,150101,Control,EoSY,Grade 8,nearly proficient,241,516,46.70542635658915
301143,4,421,42101,Control,EoSY,Grade 8,nearly proficient,9,1052,0.8555133079847909
305340,15,1514,151401,Control,EoSY,Grade 8,nearly proficient,102,1121,9.099018733273862
305302,15,1507,150709,Treatment,EoSY,Grade 8,nearly proficient,43,1021,4.211557296767874
308103,4,417,41712,Control,EoSY,Grade 8,nearly proficient,29,388,7.474226804123711
308130,4,417,41711,Control,EoSY,Grade 8,nearly proficient,10,131,7.633587786259542
301227,4,420,42001,Control,EoSY,Grade 8,nearly proficient,7,817,0.8567931456548348
305334,15,1514,151401,Control,EoSY,Grade 8,nearly proficient,80,650,12.307692307692308
305367,15,1512,151201,Control,EoSY,Grade 8,nearly proficient,684,1020,67.05882352941177
305635,15,1514,151401,Control,EoSY,Grade 8,nearly proficient,7,451,1.5521064301552105
301218,4,408,40814,Control,EoSY,Grade 8,nearly proficient,107,2073,5.161601543656537
308501,4,415,41501,Control,EoSY,Grade 8,nearly proficient,30,612,4.901960784313726
500332,15,1506,150601,Control,EoSY,Grade 8,nearly proficient,14,311,4.501607717041801
305471,15,1509,150901,Control,EoSY,Grade 8,nearly proficient,74,793,9.331651954602775
305376,15,1501,150101,Treatment,EoSY,Grade 8,nearly proficient,60,790,7.594936708860759
301432,4,417,41705,Control,EoSY,Grade 8,nearly proficient,0,552,0
305459,15,1515,151502,Control,EoSY,Grade 8,nearly proficient,287,824,34.83009708737864
305313,15,1507,150708,Control,EoSY,Grade 8,nearly proficient,451,646,69.81424148606811
301186,4,410,41001,Control,EoSY,Grade 8,nearly proficient,402,1731,23.223570190641247
301184,4,410,41001,Control,EoSY,Grade 8,nearly proficient,473,1052,44.961977186311785
305295,15,1507,150710,Control,EoSY,Grade 8,nearly proficient,143,1109,12.894499549143372
301416,4,422,42201,Control,EoSY,Grade 8,nearly proficient,0,161,0
305450,15,1505,150501,Treatment,EoSY,Grade 8,nearly proficient,203,418,48.56459330143541
301403,4,416,41606,Control,EoSY,Grade 8,nearly proficient,9,490,1.836734693877551
301451,4,417,41708,Control,EoSY,Grade 8,nearly proficient,92,362,25.414364640883978
305338,15,1514,151401,Control,EoSY,Grade 8,nearly proficient,28,784,3.5714285714285716
301257,4,413,41312,Control,EoSY,Grade 8,nearly proficient,65,1798,3.6151279199110125
305416,15,1513,151301,Control,EoSY,Grade 8,nearly proficient,412,996,41.36546184738956
305337,15,1514,151401,Control,EoSY,Grade 8,nearly proficient,254,2053,12.372138334145154
305353,15,1514,151401,Control,EoSY,Grade 8,nearly proficient,39,442,8.823529411764707
301197,4,408,40812,Control,EoSY,Grade 8,nearly proficient,121,298,40.604026845637584
301236,4,413,41308,Treatment,EoSY,Grade 8,nearly proficient,75,325,23.076923076923077
305444,15,1516,151601,Control,EoSY,Grade 8,nearly proficient,33,372,8.870967741935484
320306,15,1503,150301,Control,EoSY,Grade 8,nearly proficient,0,884,0
301489,4,414,41401,Control,EoSY,Grade 8,nearly proficient,15,314,4.777070063694268
301507,4,418,41801,Control,EoSY,Grade 8,nearly proficient,1,121,0.8264462809917356
301456,4,417,41710,Control,EoSY,Grade 8,nearly proficient,183,625,29.28
301238,4,413,41303,Control,EoSY,Grade 8,nearly proficient,30,546,5.4945054945054945
305438,15,1516,151601,Control,EoSY,Grade 8,nearly proficient,43,851,5.052878965922444
305324,15,1514,151401,Control,EoSY,Grade 8,nearly proficient,171,305,56.0655737704918
305454,15,1510,151001,Control,EoSY,Grade 8,nearly proficient,101,134,75.3731343283582
308122,4,417,41708,Control,EoSY,Grade 8,nearly proficient,75,212,35.37735849056604
301508,4,418,41801,Control,EoSY,Grade 8,nearly proficient,20,284,7.042253521126761
305465,15,1515,151502,Control,EoSY,Grade 8,nearly proficient,245,929,26.372443487621098
305428,15,1511,151101,Control,EoSY,Grade 8,nearly proficient,141,425,33.1764705882353
301175,4,408,40807,Control,EoSY,Grade 8,nearly proficient,271,817,33.17013463892289
301437,4,417,41704,Control,EoSY,Grade 8,nearly proficient,42,1061,3.9585296889726673
320204,15,1511,151101,Control,EoSY,Grade 8,nearly proficient,22,542,4.059040590405904
305447,15,1505,150501,Control,EoSY,Grade 8,nearly proficient,161,741,21.727395411605936
301438,4,417,41704,Control,EoSY,Grade 8,nearly proficient,32,514,6.22568093385214
308135,4,417,41708,Control,EoSY,Grade 8,nearly proficient,132,426,30.985915492957748
301418,4,401,40101,Control,EoSY,Grade 8,nearly proficient,232,2800,8.285714285714286
305288,15,1507,150710,Control,EoSY,Grade 8,nearly proficient,72,661,10.892586989409985
301265,4,413,41301,Control,EoSY,Grade 8,nearly proficient,47,433,10.854503464203233
305442,15,1516,151601,Control,EoSY,Grade 8,nearly proficient,18,253,7.1146245059288535
500339,15,1505,150501,Control,EoSY,Grade 8,nearly proficient,0,373,0
305435,15,1503,150301,Control,EoSY,Grade 8,nearly proficient,203,445,45.61797752808989
308134,4,417,41708,Control,EoSY,Grade 8,nearly proficient,20,551,3.629764065335753
305452,15,1505,150501,Control,EoSY,Grade 8,nearly proficient,281,648,43.364197530864196
312330,7,703,70308,Treatment,EoSY,Grade 8,nearly proficient,1,116,0.8620689655172413
305710,7,703,70302,Treatment,EoSY,Grade 8,nearly proficient,1,68,1.4705882352941178
305655,11,1101,110101,Treatment,EoSY,Grade 8,nearly proficient,7,26,26.923076923076923
305581,7,703,70303,Treatment,EoSY,Grade 8,nearly proficient,0,45,0
303130,7,703,70309,Treatment,EoSY,Grade 8,nearly proficient,1,177,0.5649717514124294
312354,7,703,70309,Treatment,EoSY,Grade 8,nearly proficient,0,37,0
305849,11,1105,110503,Treatment,EoSY,Grade 8,nearly proficient,0,26,0
305500,11,1101,110101,Treatment,EoSY,Grade 8,nearly proficient,0,35,0
312355,7,703,70304,Treatment,EoSY,Grade 8,nearly proficient,0,38,0
501903,11,1110,111001,Treatment,EoSY,Grade 8,nearly proficient,3,35,8.571428571428571
500665,7,705,70527,Control,EoSY,Grade 8,nearly proficient,0,88,0
312462,7,705,70520,Control,EoSY,Grade 8,nearly proficient,0,20,0
306038,11,1102,110202,Control,EoSY,Grade 8,nearly proficient,2,28,7.142857142857143
500221,7,705,70527,Control,EoSY,Grade 8,nearly proficient,1,26,3.8461538461538463
500744,7,708,70801,Control,EoSY,Grade 8,nearly proficient,0,39,0
305884,11,1101,110101,Control,EoSY,Grade 8,nearly proficient,67,105,63.80952380952381
303170,7,709,70901,Control,EoSY,Grade 8,nearly proficient,0,60,0
500787,7,708,70801,Control,EoSY,Grade 8,nearly proficient,0,57,0
500667,7,705,70528,Control,EoSY,Grade 8,nearly proficient,3,48,6.25
501071,11,1101,110101,Control,EoSY,Grade 8,nearly proficient,5,29,17.24137931034483
303046,7,705,70527,Control,EoSY,Grade 8,nearly proficient,0,112,0
325303,7,707,70701,Control,EoSY,Grade 8,nearly proficient,4,26,15.384615384615385
500208,7,703,70305,Control,EoSY,Grade 8,nearly proficient,0,13,0
312401,7,705,70525,Control,EoSY,Grade 8,nearly proficient,0,119,0
303136,7,706,70601,Control,EoSY,Grade 8,nearly proficient,3,76,3.9473684210526314
312435,7,707,70701,Control,EoSY,Grade 8,nearly proficient,NA,NA,NA
502186,11,1101,110101,Control,EoSY,Grade 8,nearly proficient,1,17,5.882352941176471
500782,7,708,70801,Control,EoSY,Grade 8,nearly proficient,83,247,33.60323886639676
306086,11,1106,110606,Control,EoSY,Grade 8,nearly proficient,0,23,0
305755,7,705,70529,Control,EoSY,Grade 8,nearly proficient,0,152,0
305665,11,1101,110101,Control,EoSY,Grade 8,nearly proficient,7,15,46.666666666666664
501635,7,703,70301,Control,EoSY,Grade 8,nearly proficient,0,76,0
305843,11,1110,111001,Control,EoSY,Grade 8,nearly proficient,11,37,29.72972972972973
500894,7,705,70517,Control,EoSY,Grade 8,nearly proficient,3,114,2.6315789473684212
500671,7,705,70506,Control,EoSY,Grade 8,nearly proficient,0,34,0
305847,11,1105,110503,Control,EoSY,Grade 8,nearly proficient,0,39,0
500784,7,708,70801,Control,EoSY,Grade 8,nearly proficient,5,17,29.41176470588235
501267,7,705,70525,Control,EoSY,Grade 8,nearly proficient,0,29,0
306000,7,705,70525,Control,EoSY,Grade 8,nearly proficient,0,40,0
305517,11,1106,110608,Control,EoSY,Grade 8,nearly proficient,8,45,17.77777777777778
305713,7,710,71001,Control,EoSY,Grade 8,nearly proficient,47,50,94
500768,7,705,70521,Control,EoSY,Grade 8,nearly proficient,0,87,0
316303,11,1107,110701,Control,EoSY,Grade 8,nearly proficient,0,41,0
316304,11,1107,110701,Control,EoSY,Grade 8,nearly proficient,11,80,13.75
305506,11,1101,110101,Control,EoSY,Grade 8,nearly proficient,12,26,46.15384615384615
500421,7,705,70507,Control,EoSY,Grade 8,nearly proficient,0,114,0
305681,11,1110,111001,Control,EoSY,Grade 8,nearly proficient,29,150,19.333333333333332
303186,7,711,71101,Control,EoSY,Grade 8,nearly proficient,NA,NA,NA
501429,7,714,71402,Control,EoSY,Grade 8,nearly proficient,25,61,40.98360655737705
305844,11,1103,110303,Control,EoSY,Grade 8,nearly proficient,15,57,26.31578947368421
305965,11,1110,111001,Control,EoSY,Grade 8,nearly proficient,5,75,6.666666666666667
501076,11,1103,110305,Control,EoSY,Grade 8,nearly proficient,0,12,0
305889,11,1101,110101,Control,EoSY,Grade 8,nearly proficient,12,44,27.272727272727273
501074,11,1103,110306,Control,EoSY,Grade 8,nearly proficient,0,66,0
312408,7,705,70530,Control,EoSY,Grade 8,nearly proficient,0,75,0
501351,7,705,70522,Control,EoSY,Grade 8,nearly proficient,NA,NA,NA
501404,11,1101,110101,Control,EoSY,Grade 8,nearly proficient,7,31,22.580645161290324
305660,11,1101,110101,Control,EoSY,Grade 8,nearly proficient,0,36,0
303219,7,701,70101,Control,EoSY,Grade 8,nearly proficient,12,94,12.76595744680851
312450,7,705,70522,Control,EoSY,Grade 8,nearly proficient,0,95,0
324903,7,704,70401,Control,EoSY,Grade 8,nearly proficient,0,32,0
501065,11,1101,110101,Control,EoSY,Grade 8,nearly proficient,19,115,16.52173913043478
312451,7,705,70532,Control,EoSY,Grade 8,nearly proficient,12,67,17.91044776119403
501763,11,1103,110305,Control,EoSY,Grade 8,nearly proficient,7,56,12.5
316405,11,1110,111001,Control,EoSY,Grade 8,nearly proficient,3,157,1.910828025477707
316404,11,1110,111001,Control,EoSY,Grade 8,nearly proficient,13,53,24.528301886792452
316301,11,1107,110701,Control,EoSY,Grade 8,nearly proficient,44,183,24.043715846994534
312910,7,710,71001,Control,EoSY,Grade 8,nearly proficient,0,139,0
303011,7,705,70512,Control,EoSY,Grade 8,nearly proficient,0,44,0
305651,11,1101,110101,Control,EoSY,Grade 8,nearly proficient,9,34,26.470588235294116
305662,11,1101,110101,Control,EoSY,Grade 8,nearly proficient,0,34,0
305850,11,1105,110503,Control,EoSY,Grade 8,nearly proficient,0,29,0
312481,7,705,70518,Control,EoSY,Grade 8,nearly proficient,33,176,18.75
304409,11,1110,111001,Control,EoSY,Grade 8,nearly proficient,1,130,0.7692307692307693
303246,7,713,71303,Control,EoSY,Grade 8,nearly proficient,1,129,0.7751937984496124
501405,11,1101,110101,Control,EoSY,Grade 8,nearly proficient,17,75,22.666666666666668
305677,11,1105,110503,Control,EoSY,Grade 8,nearly proficient,0,51,0
500447,7,708,70801,Control,EoSY,Grade 8,nearly proficient,1,65,1.5384615384615385
501305,7,708,70801,Control,EoSY,Grade 8,nearly proficient,0,31,0
305917,7,708,70801,Control,EoSY,Grade 8,nearly proficient,0,30,0
305722,7,703,70304,Control,EoSY,Grade 8,nearly proficient,0,66,0
312953,7,713,71306,Control,EoSY,Grade 8,nearly proficient,0,19,0
305498,11,1101,110101,Control,EoSY,Grade 8,nearly proficient,0,83,0
305669,11,1101,110101,Control,EoSY,Grade 8,nearly proficient,15,31,48.38709677419355
312960,7,710,71002,Control,EoSY,Grade 8,nearly proficient,0,56,0
309906,5,508,50811,Treatment,EoSY,Grade 8,proficient,0,149,0
309934,5,508,50806,Treatment,EoSY,Grade 8,proficient,7,35,20
301871,5,501,50107,Treatment,EoSY,Grade 8,proficient,3,97,3.0927835051546393
302134,5,508,50804,Treatment,EoSY,Grade 8,proficient,0,130,0
302117,5,508,50803,Treatment,EoSY,Grade 8,proficient,0,69,0
309909,5,508,50801,Treatment,EoSY,Grade 8,proficient,0,105,0
309915,5,508,50801,Treatment,EoSY,Grade 8,proficient,0,35,0
501544,5,508,50815,Treatment,EoSY,Grade 8,proficient,22,64,34.375
301887,5,502,50205,Treatment,EoSY,Grade 8,proficient,0,66,0
302175,5,508,50820,Treatment,EoSY,Grade 8,proficient,0,97,0
302146,5,508,50812,Treatment,EoSY,Grade 8,proficient,0,127,0
309921,5,508,50805,Treatment,EoSY,Grade 8,proficient,0,65,0
302254,5,505,50501,Control,EoSY,Grade 8,proficient,0,94,0
309513,5,501,50112,Control,EoSY,Grade 8,proficient,0,106,0
500163,5,508,50801,Control,EoSY,Grade 8,proficient,0,79,0
302058,5,503,50333,Control,EoSY,Grade 8,proficient,0,102,0
302192,5,511,51103,Control,EoSY,Grade 8,proficient,3,289,1.0380622837370241
302227,5,511,51105,Control,EoSY,Grade 8,proficient,0,75,0
302252,5,505,50501,Control,EoSY,Grade 8,proficient,0,87,0
309914,5,508,50806,Control,EoSY,Grade 8,proficient,0,181,0
309711,5,503,50317,Control,EoSY,Grade 8,proficient,0,62,0
301817,5,507,50701,Control,EoSY,Grade 8,proficient,0,92,0
302165,5,508,50816,Control,EoSY,Grade 8,proficient,0,68,0
301974,5,503,50311,Treatment,EoSY,Grade 8,proficient,0,86,0
302256,5,505,50501,Control,EoSY,Grade 8,proficient,18,109,16.513761467889907
301834,5,501,50106,Control,EoSY,Grade 8,proficient,0,177,0
309760,5,503,50306,Control,EoSY,Grade 8,proficient,0,55,0
309936,5,508,50819,Control,EoSY,Grade 8,proficient,0,49,0
302203,5,511,51102,Control,EoSY,Grade 8,proficient,0,40,0
302011,5,503,50314,Control,EoSY,Grade 8,proficient,0,92,0
500168,5,505,50501,Control,EoSY,Grade 8,proficient,0,74,0
301947,5,503,50306,Control,EoSY,Grade 8,proficient,0,344,0
309941,5,508,50812,Control,EoSY,Grade 8,proficient,0,230,0
301839,5,501,50111,Control,EoSY,Grade 8,proficient,0,85,0
501843,5,508,50818,Treatment,EoSY,Grade 8,proficient,0,46,0
302111,5,508,50801,Control,EoSY,Grade 8,proficient,107,441,24.263038548752835
302133,5,509,50901,Control,EoSY,Grade 8,proficient,7,188,3.723404255319149
301990,5,503,50317,Control,EoSY,Grade 8,proficient,0,45,0
309937,5,508,50819,Control,EoSY,Grade 8,proficient,0,74,0
302241,5,511,51105,Control,EoSY,Grade 8,proficient,8,113,7.079646017699115
500167,5,505,50501,Control,EoSY,Grade 8,proficient,0,70,0
309764,5,503,50320,Control,EoSY,Grade 8,proficient,0,54,0
302205,5,511,51106,Control,EoSY,Grade 8,proficient,2,102,1.9607843137254901
302014,5,503,50302,Control,EoSY,Grade 8,proficient,1,139,0.7194244604316546
309740,5,503,50315,Control,EoSY,Grade 8,proficient,0,65,0
309741,5,503,50315,Control,EoSY,Grade 8,proficient,1,91,1.098901098901099
302161,5,508,50803,Treatment,EoSY,Grade 8,proficient,0,74,0
302113,5,508,50818,Treatment,EoSY,Grade 8,proficient,14,110,12.727272727272727
302127,5,508,50817,Control,EoSY,Grade 8,proficient,0,52,0
301899,5,502,50205,Control,EoSY,Grade 8,proficient,0,135,0
309509,5,501,50113,Control,EoSY,Grade 8,proficient,0,78,0
309903,5,508,50816,Control,EoSY,Grade 8,proficient,0,70,0
301995,5,503,50310,Control,EoSY,Grade 8,proficient,0,57,0
309702,5,503,50325,Control,EoSY,Grade 8,proficient,0,269,0
501020,5,503,50310,Control,EoSY,Grade 8,proficient,0,24,0
309743,5,503,50332,Control,EoSY,Grade 8,proficient,0,106,0
301816,5,501,50101,Control,EoSY,Grade 8,proficient,0,141,0
302054,5,503,50315,Control,EoSY,Grade 8,proficient,0,115,0
301862,5,507,50701,Control,EoSY,Grade 8,proficient,0,233,0
502477,5,501,50108,Control,EoSY,Grade 8,proficient,3,35,8.571428571428571
302283,5,513,51301,Control,EoSY,Grade 8,proficient,12,327,3.669724770642202
301900,5,502,50206,Control,EoSY,Grade 8,proficient,0,59,0
302123,5,508,50808,Control,EoSY,Grade 8,proficient,0,81,0
309512,5,501,50110,Control,EoSY,Grade 8,proficient,0,79,0
302284,5,513,51301,Control,EoSY,Grade 8,proficient,0,177,0
500034,5,508,50819,Control,EoSY,Grade 8,proficient,0,43,0
302043,5,503,50305,Control,EoSY,Grade 8,proficient,8,150,5.333333333333333
302182,5,511,51107,Control,EoSY,Grade 8,proficient,0,78,0
301986,5,503,50334,Control,EoSY,Grade 8,proficient,0,177,0
302109,5,508,50817,Control,EoSY,Grade 8,proficient,0,243,0
302061,5,503,50311,Control,EoSY,Grade 8,proficient,7,58,12.068965517241379
309931,5,508,50802,Control,EoSY,Grade 8,proficient,0,72,0
301984,5,503,50331,Control,EoSY,Grade 8,proficient,0,183,0
302156,5,508,50803,Control,EoSY,Grade 8,proficient,0,106,0
309705,5,503,50330,Control,EoSY,Grade 8,proficient,0,86,0
500165,5,508,50804,Control,EoSY,Grade 8,proficient,2,43,4.651162790697675
301930,5,503,50328,Control,EoSY,Grade 8,proficient,0,111,0
302177,5,508,50806,Control,EoSY,Grade 8,proficient,0,65,0
302282,5,513,51301,Control,EoSY,Grade 8,proficient,0,268,0
502615,5,508,50802,Control,EoSY,Grade 8,proficient,0,21,0
302263,5,506,50601,Control,EoSY,Grade 8,proficient,0,85,0
301826,5,501,50103,Control,EoSY,Grade 8,proficient,0,43,0
305750,5,513,51301,Control,EoSY,Grade 8,proficient,0,79,0
301870,5,501,50110,Control,EoSY,Grade 8,proficient,13,138,9.420289855072463
302039,5,503,50316,Control,EoSY,Grade 8,proficient,0,292,0
301868,5,501,50112,Control,EoSY,Grade 8,proficient,0,237,0
301963,5,503,50316,Control,EoSY,Grade 8,proficient,4,262,1.5267175572519085
340567,15,1505,150501,Treatment,EoSY,Grade 8,proficient,0,187,0
320606,15,1515,151502,Treatment,EoSY,Grade 8,proficient,31,401,7.73067331670823
320202,15,1511,151101,Treatment,EoSY,Grade 8,proficient,18,162,11.11111111111111
305310,15,1507,150703,Treatment,EoSY,Grade 8,proficient,0,373,0
305418,15,1513,151301,Treatment,EoSY,Grade 8,proficient,0,1101,0
500565,15,1515,151502,Treatment,EoSY,Grade 8,proficient,225,778,28.920308483290487
301258,4,413,41308,Treatment,EoSY,Grade 8,proficient,3,539,0.5565862708719852
301214,4,411,41101,Treatment,EoSY,Grade 8,proficient,4,628,0.6369426751592356
301497,4,414,41401,Treatment,EoSY,Grade 8,proficient,2,356,0.5617977528089888
305411,15,1515,151502,Treatment,EoSY,Grade 8,proficient,16,666,2.4024024024024024
305420,15,1513,151301,Treatment,EoSY,Grade 8,proficient,155,1385,11.191335740072201
301231,4,413,41302,Control,EoSY,Grade 8,proficient,3,234,1.2820512820512822
301188,4,402,40201,Control,EoSY,Grade 8,proficient,0,641,0
307913,4,413,41309,Control,EoSY,Grade 8,proficient,0,325,0
500566,15,1507,150710,Control,EoSY,Grade 8,proficient,0,602,0
305453,15,1510,151001,Control,EoSY,Grade 8,proficient,260,1025,25.365853658536587
305311,15,1507,150702,Control,EoSY,Grade 8,proficient,0,285,0
301425,4,401,40101,Control,EoSY,Grade 8,proficient,25,1020,2.450980392156863
301202,4,408,40812,Control,EoSY,Grade 8,proficient,34,374,9.090909090909092
305412,15,1515,151502,Control,EoSY,Grade 8,proficient,17,1081,1.572617946345976
308105,4,417,41703,Control,EoSY,Grade 8,proficient,39,876,4.4520547945205475
305341,15,1514,151401,Control,EoSY,Grade 8,proficient,23,1454,1.5818431911966988
319604,15,1512,151201,Control,EoSY,Grade 8,proficient,82,322,25.46583850931677
305568,15,1516,151601,Control,EoSY,Grade 8,proficient,1,405,0.24691358024691357
305434,15,1503,150301,Control,EoSY,Grade 8,proficient,0,703,0
301464,4,417,41710,Control,EoSY,Grade 8,proficient,3,476,0.6302521008403361
305461,15,1515,151502,Control,EoSY,Grade 8,proficient,72,416,17.307692307692307
305384,15,1501,150101,Control,EoSY,Grade 8,proficient,73,516,14.147286821705427
301143,4,421,42101,Control,EoSY,Grade 8,proficient,1,1052,0.09505703422053231
305340,15,1514,151401,Control,EoSY,Grade 8,proficient,16,1121,1.4272970561998215
305302,15,1507,150709,Treatment,EoSY,Grade 8,proficient,20,1021,1.9588638589618022
308103,4,417,41712,Control,EoSY,Grade 8,proficient,0,388,0
308130,4,417,41711,Control,EoSY,Grade 8,proficient,0,131,0
301227,4,420,42001,Control,EoSY,Grade 8,proficient,0,817,0
305334,15,1514,151401,Control,EoSY,Grade 8,proficient,32,650,4.923076923076923
305367,15,1512,151201,Control,EoSY,Grade 8,proficient,247,1020,24.215686274509803
305635,15,1514,151401,Control,EoSY,Grade 8,proficient,0,451,0
301218,4,408,40814,Control,EoSY,Grade 8,proficient,100,2073,4.82392667631452
308501,4,415,41501,Control,EoSY,Grade 8,proficient,1,612,0.16339869281045752
500332,15,1506,150601,Control,EoSY,Grade 8,proficient,2,311,0.6430868167202572
305471,15,1509,150901,Control,EoSY,Grade 8,proficient,15,793,1.8915510718789408
305376,15,1501,150101,Treatment,EoSY,Grade 8,proficient,418,790,52.91139240506329
301432,4,417,41705,Control,EoSY,Grade 8,proficient,0,552,0
305459,15,1515,151502,Control,EoSY,Grade 8,proficient,334,824,40.53398058252427
305313,15,1507,150708,Control,EoSY,Grade 8,proficient,89,646,13.777089783281733
301186,4,410,41001,Control,EoSY,Grade 8,proficient,448,1731,25.88099364529174
301184,4,410,41001,Control,EoSY,Grade 8,proficient,201,1052,19.106463878326995
305295,15,1507,150710,Control,EoSY,Grade 8,proficient,41,1109,3.69702434625789
301416,4,422,42201,Control,EoSY,Grade 8,proficient,0,161,0
305450,15,1505,150501,Treatment,EoSY,Grade 8,proficient,105,418,25.119617224880383
301403,4,416,41606,Control,EoSY,Grade 8,proficient,2,490,0.40816326530612246
301451,4,417,41708,Control,EoSY,Grade 8,proficient,16,362,4.419889502762431
305338,15,1514,151401,Control,EoSY,Grade 8,proficient,5,784,0.6377551020408163
301257,4,413,41312,Control,EoSY,Grade 8,proficient,13,1798,0.7230255839822024
305416,15,1513,151301,Control,EoSY,Grade 8,proficient,68,996,6.827309236947791
305337,15,1514,151401,Control,EoSY,Grade 8,proficient,36,2053,1.7535314174378958
305353,15,1514,151401,Control,EoSY,Grade 8,proficient,7,442,1.583710407239819
301197,4,408,40812,Control,EoSY,Grade 8,proficient,14,298,4.697986577181208
301236,4,413,41308,Treatment,EoSY,Grade 8,proficient,13,325,4
305444,15,1516,151601,Control,EoSY,Grade 8,proficient,22,372,5.913978494623656
320306,15,1503,150301,Control,EoSY,Grade 8,proficient,0,884,0
301489,4,414,41401,Control,EoSY,Grade 8,proficient,3,314,0.9554140127388535
301507,4,418,41801,Control,EoSY,Grade 8,proficient,0,121,0
301456,4,417,41710,Control,EoSY,Grade 8,proficient,45,625,7.2
301238,4,413,41303,Control,EoSY,Grade 8,proficient,2,546,0.3663003663003663
305438,15,1516,151601,Control,EoSY,Grade 8,proficient,8,851,0.9400705052878966
305324,15,1514,151401,Control,EoSY,Grade 8,proficient,35,305,11.475409836065573
305454,15,1510,151001,Control,EoSY,Grade 8,proficient,33,134,24.62686567164179
308122,4,417,41708,Control,EoSY,Grade 8,proficient,10,212,4.716981132075472
301508,4,418,41801,Control,EoSY,Grade 8,proficient,1,284,0.352112676056338
305465,15,1515,151502,Control,EoSY,Grade 8,proficient,29,929,3.1216361679224973
305428,15,1511,151101,Control,EoSY,Grade 8,proficient,47,425,11.058823529411764
301175,4,408,40807,Control,EoSY,Grade 8,proficient,61,817,7.466340269277846
301437,4,417,41704,Control,EoSY,Grade 8,proficient,4,1061,0.3770028275212064
320204,15,1511,151101,Control,EoSY,Grade 8,proficient,0,542,0
305447,15,1505,150501,Control,EoSY,Grade 8,proficient,415,741,56.00539811066127
301438,4,417,41704,Control,EoSY,Grade 8,proficient,0,514,0
308135,4,417,41708,Control,EoSY,Grade 8,proficient,4,426,0.9389671361502347
301418,4,401,40101,Control,EoSY,Grade 8,proficient,4,2800,0.14285714285714285
305288,15,1507,150710,Control,EoSY,Grade 8,proficient,1,661,0.15128593040847202
301265,4,413,41301,Control,EoSY,Grade 8,proficient,5,433,1.1547344110854503
305442,15,1516,151601,Control,EoSY,Grade 8,proficient,1,253,0.3952569169960474
500339,15,1505,150501,Control,EoSY,Grade 8,proficient,0,373,0
305435,15,1503,150301,Control,EoSY,Grade 8,proficient,32,445,7.191011235955056
308134,4,417,41708,Control,EoSY,Grade 8,proficient,1,551,0.18148820326678766
305452,15,1505,150501,Control,EoSY,Grade 8,proficient,149,648,22.993827160493826
312330,7,703,70308,Treatment,EoSY,Grade 8,proficient,0,116,0
305710,7,703,70302,Treatment,EoSY,Grade 8,proficient,0,68,0
305655,11,1101,110101,Treatment,EoSY,Grade 8,proficient,4,26,15.384615384615385
305581,7,703,70303,Treatment,EoSY,Grade 8,proficient,0,45,0
303130,7,703,70309,Treatment,EoSY,Grade 8,proficient,0,177,0
312354,7,703,70309,Treatment,EoSY,Grade 8,proficient,0,37,0
305849,11,1105,110503,Treatment,EoSY,Grade 8,proficient,0,26,0
305500,11,1101,110101,Treatment,EoSY,Grade 8,proficient,0,35,0
312355,7,703,70304,Treatment,EoSY,Grade 8,proficient,0,38,0
501903,11,1110,111001,Treatment,EoSY,Grade 8,proficient,0,35,0
500665,7,705,70527,Control,EoSY,Grade 8,proficient,0,88,0
312462,7,705,70520,Control,EoSY,Grade 8,proficient,0,20,0
306038,11,1102,110202,Control,EoSY,Grade 8,proficient,1,28,3.5714285714285716
500221,7,705,70527,Control,EoSY,Grade 8,proficient,0,26,0
500744,7,708,70801,Control,EoSY,Grade 8,proficient,0,39,0
305884,11,1101,110101,Control,EoSY,Grade 8,proficient,32,105,30.476190476190474
303170,7,709,70901,Control,EoSY,Grade 8,proficient,0,60,0
500787,7,708,70801,Control,EoSY,Grade 8,proficient,0,57,0
500667,7,705,70528,Control,EoSY,Grade 8,proficient,0,48,0
501071,11,1101,110101,Control,EoSY,Grade 8,proficient,0,29,0
303046,7,705,70527,Control,EoSY,Grade 8,proficient,0,112,0
325303,7,707,70701,Control,EoSY,Grade 8,proficient,0,26,0
500208,7,703,70305,Control,EoSY,Grade 8,proficient,0,13,0
312401,7,705,70525,Control,EoSY,Grade 8,proficient,0,119,0
303136,7,706,70601,Control,EoSY,Grade 8,proficient,0,76,0
312435,7,707,70701,Control,EoSY,Grade 8,proficient,NA,NA,NA
502186,11,1101,110101,Control,EoSY,Grade 8,proficient,0,17,0
500782,7,708,70801,Control,EoSY,Grade 8,proficient,14,247,5.668016194331984
306086,11,1106,110606,Control,EoSY,Grade 8,proficient,0,23,0
305755,7,705,70529,Control,EoSY,Grade 8,proficient,0,152,0
305665,11,1101,110101,Control,EoSY,Grade 8,proficient,2,15,13.333333333333334
501635,7,703,70301,Control,EoSY,Grade 8,proficient,0,76,0
305843,11,1110,111001,Control,EoSY,Grade 8,proficient,3,37,8.108108108108109
500894,7,705,70517,Control,EoSY,Grade 8,proficient,0,114,0
500671,7,705,70506,Control,EoSY,Grade 8,proficient,0,34,0
305847,11,1105,110503,Control,EoSY,Grade 8,proficient,0,39,0
500784,7,708,70801,Control,EoSY,Grade 8,proficient,0,17,0
501267,7,705,70525,Control,EoSY,Grade 8,proficient,0,29,0
306000,7,705,70525,Control,EoSY,Grade 8,proficient,0,40,0
305517,11,1106,110608,Control,EoSY,Grade 8,proficient,0,45,0
305713,7,710,71001,Control,EoSY,Grade 8,proficient,0,50,0
500768,7,705,70521,Control,EoSY,Grade 8,proficient,0,87,0
316303,11,1107,110701,Control,EoSY,Grade 8,proficient,0,41,0
316304,11,1107,110701,Control,EoSY,Grade 8,proficient,0,80,0
305506,11,1101,110101,Control,EoSY,Grade 8,proficient,4,26,15.384615384615385
500421,7,705,70507,Control,EoSY,Grade 8,proficient,0,114,0
305681,11,1110,111001,Control,EoSY,Grade 8,proficient,0,150,0
303186,7,711,71101,Control,EoSY,Grade 8,proficient,NA,NA,NA
501429,7,714,71402,Control,EoSY,Grade 8,proficient,0,61,0
305844,11,1103,110303,Control,EoSY,Grade 8,proficient,15,57,26.31578947368421
305965,11,1110,111001,Control,EoSY,Grade 8,proficient,0,75,0
501076,11,1103,110305,Control,EoSY,Grade 8,proficient,0,12,0
305889,11,1101,110101,Control,EoSY,Grade 8,proficient,0,44,0
501074,11,1103,110306,Control,EoSY,Grade 8,proficient,0,66,0
312408,7,705,70530,Control,EoSY,Grade 8,proficient,0,75,0
501351,7,705,70522,Control,EoSY,Grade 8,proficient,NA,NA,NA
501404,11,1101,110101,Control,EoSY,Grade 8,proficient,0,31,0
305660,11,1101,110101,Control,EoSY,Grade 8,proficient,0,36,0
303219,7,701,70101,Control,EoSY,Grade 8,proficient,0,94,0
312450,7,705,70522,Control,EoSY,Grade 8,proficient,0,95,0
324903,7,704,70401,Control,EoSY,Grade 8,proficient,0,32,0
501065,11,1101,110101,Control,EoSY,Grade 8,proficient,3,115,2.608695652173913
312451,7,705,70532,Control,EoSY,Grade 8,proficient,1,67,1.492537313432836
501763,11,1103,110305,Control,EoSY,Grade 8,proficient,0,56,0
316405,11,1110,111001,Control,EoSY,Grade 8,proficient,0,157,0
316404,11,1110,111001,Control,EoSY,Grade 8,proficient,0,53,0
316301,11,1107,110701,Control,EoSY,Grade 8,proficient,23,183,12.568306010928962
312910,7,710,71001,Control,EoSY,Grade 8,proficient,0,139,0
303011,7,705,70512,Control,EoSY,Grade 8,proficient,0,44,0
305651,11,1101,110101,Control,EoSY,Grade 8,proficient,10,34,29.41176470588235
305662,11,1101,110101,Control,EoSY,Grade 8,proficient,0,34,0
305850,11,1105,110503,Control,EoSY,Grade 8,proficient,0,29,0
312481,7,705,70518,Control,EoSY,Grade 8,proficient,4,176,2.272727272727273
304409,11,1110,111001,Control,EoSY,Grade 8,proficient,0,130,0
303246,7,713,71303,Control,EoSY,Grade 8,proficient,0,129,0
501405,11,1101,110101,Control,EoSY,Grade 8,proficient,21,75,28
305677,11,1105,110503,Control,EoSY,Grade 8,proficient,0,51,0
500447,7,708,70801,Control,EoSY,Grade 8,proficient,0,65,0
501305,7,708,70801,Control,EoSY,Grade 8,proficient,0,31,0
305917,7,708,70801,Control,EoSY,Grade 8,proficient,0,30,0
305722,7,703,70304,Control,EoSY,Grade 8,proficient,0,66,0
312953,7,713,71306,Control,EoSY,Grade 8,proficient,0,19,0
305498,11,1101,110101,Control,EoSY,Grade 8,proficient,0,83,0
305669,11,1101,110101,Control,EoSY,Grade 8,proficient,16,31,51.61290322580645
312960,7,710,71002,Control,EoSY,Grade 8,proficient,0,56,0
309906,5,508,50811,Treatment,EoSY,Grade 8,high proficient,0,149,0
309934,5,508,50806,Treatment,EoSY,Grade 8,high proficient,0,35,0
301871,5,501,50107,Treatment,EoSY,Grade 8,high proficient,0,97,0
302134,5,508,50804,Treatment,EoSY,Grade 8,high proficient,0,130,0
302117,5,508,50803,Treatment,EoSY,Grade 8,high proficient,0,69,0
309909,5,508,50801,Treatment,EoSY,Grade 8,high proficient,0,105,0
309915,5,508,50801,Treatment,EoSY,Grade 8,high proficient,0,35,0
501544,5,508,50815,Treatment,EoSY,Grade 8,high proficient,17,64,26.5625
301887,5,502,50205,Treatment,EoSY,Grade 8,high proficient,0,66,0
302175,5,508,50820,Treatment,EoSY,Grade 8,high proficient,0,97,0
302146,5,508,50812,Treatment,EoSY,Grade 8,high proficient,0,127,0
309921,5,508,50805,Treatment,EoSY,Grade 8,high proficient,0,65,0
302254,5,505,50501,Control,EoSY,Grade 8,high proficient,0,94,0
309513,5,501,50112,Control,EoSY,Grade 8,high proficient,0,106,0
500163,5,508,50801,Control,EoSY,Grade 8,high proficient,0,79,0
302058,5,503,50333,Control,EoSY,Grade 8,high proficient,0,102,0
302192,5,511,51103,Control,EoSY,Grade 8,high proficient,0,289,0
302227,5,511,51105,Control,EoSY,Grade 8,high proficient,0,75,0
302252,5,505,50501,Control,EoSY,Grade 8,high proficient,0,87,0
309914,5,508,50806,Control,EoSY,Grade 8,high proficient,0,181,0
309711,5,503,50317,Control,EoSY,Grade 8,high proficient,0,62,0
301817,5,507,50701,Control,EoSY,Grade 8,high proficient,0,92,0
302165,5,508,50816,Control,EoSY,Grade 8,high proficient,0,68,0
301974,5,503,50311,Treatment,EoSY,Grade 8,high proficient,0,86,0
302256,5,505,50501,Control,EoSY,Grade 8,high proficient,0,109,0
301834,5,501,50106,Control,EoSY,Grade 8,high proficient,0,177,0
309760,5,503,50306,Control,EoSY,Grade 8,high proficient,0,55,0
309936,5,508,50819,Control,EoSY,Grade 8,high proficient,0,49,0
302203,5,511,51102,Control,EoSY,Grade 8,high proficient,0,40,0
302011,5,503,50314,Control,EoSY,Grade 8,high proficient,0,92,0
500168,5,505,50501,Control,EoSY,Grade 8,high proficient,0,74,0
301947,5,503,50306,Control,EoSY,Grade 8,high proficient,0,344,0
309941,5,508,50812,Control,EoSY,Grade 8,high proficient,0,230,0
301839,5,501,50111,Control,EoSY,Grade 8,high proficient,0,85,0
501843,5,508,50818,Treatment,EoSY,Grade 8,high proficient,0,46,0
302111,5,508,50801,Control,EoSY,Grade 8,high proficient,56,441,12.698412698412698
302133,5,509,50901,Control,EoSY,Grade 8,high proficient,1,188,0.5319148936170213
301990,5,503,50317,Control,EoSY,Grade 8,high proficient,0,45,0
309937,5,508,50819,Control,EoSY,Grade 8,high proficient,0,74,0
302241,5,511,51105,Control,EoSY,Grade 8,high proficient,14,113,12.389380530973451
500167,5,505,50501,Control,EoSY,Grade 8,high proficient,0,70,0
309764,5,503,50320,Control,EoSY,Grade 8,high proficient,0,54,0
302205,5,511,51106,Control,EoSY,Grade 8,high proficient,0,102,0
302014,5,503,50302,Control,EoSY,Grade 8,high proficient,0,139,0
309740,5,503,50315,Control,EoSY,Grade 8,high proficient,0,65,0
309741,5,503,50315,Control,EoSY,Grade 8,high proficient,0,91,0
302161,5,508,50803,Treatment,EoSY,Grade 8,high proficient,0,74,0
302113,5,508,50818,Treatment,EoSY,Grade 8,high proficient,0,110,0
302127,5,508,50817,Control,EoSY,Grade 8,high proficient,0,52,0
301899,5,502,50205,Control,EoSY,Grade 8,high proficient,0,135,0
309509,5,501,50113,Control,EoSY,Grade 8,high proficient,0,78,0
309903,5,508,50816,Control,EoSY,Grade 8,high proficient,0,70,0
301995,5,503,50310,Control,EoSY,Grade 8,high proficient,0,57,0
309702,5,503,50325,Control,EoSY,Grade 8,high proficient,0,269,0
501020,5,503,50310,Control,EoSY,Grade 8,high proficient,0,24,0
309743,5,503,50332,Control,EoSY,Grade 8,high proficient,0,106,0
301816,5,501,50101,Control,EoSY,Grade 8,high proficient,0,141,0
302054,5,503,50315,Control,EoSY,Grade 8,high proficient,0,115,0
301862,5,507,50701,Control,EoSY,Grade 8,high proficient,0,233,0
502477,5,501,50108,Control,EoSY,Grade 8,high proficient,0,35,0
302283,5,513,51301,Control,EoSY,Grade 8,high proficient,0,327,0
301900,5,502,50206,Control,EoSY,Grade 8,high proficient,1,59,1.694915254237288
302123,5,508,50808,Control,EoSY,Grade 8,high proficient,0,81,0
309512,5,501,50110,Control,EoSY,Grade 8,high proficient,0,79,0
302284,5,513,51301,Control,EoSY,Grade 8,high proficient,0,177,0
500034,5,508,50819,Control,EoSY,Grade 8,high proficient,0,43,0
302043,5,503,50305,Control,EoSY,Grade 8,high proficient,0,150,0
302182,5,511,51107,Control,EoSY,Grade 8,high proficient,0,78,0
301986,5,503,50334,Control,EoSY,Grade 8,high proficient,0,177,0
302109,5,508,50817,Control,EoSY,Grade 8,high proficient,0,243,0
302061,5,503,50311,Control,EoSY,Grade 8,high proficient,4,58,6.896551724137931
309931,5,508,50802,Control,EoSY,Grade 8,high proficient,0,72,0
301984,5,503,50331,Control,EoSY,Grade 8,high proficient,0,183,0
302156,5,508,50803,Control,EoSY,Grade 8,high proficient,0,106,0
309705,5,503,50330,Control,EoSY,Grade 8,high proficient,0,86,0
500165,5,508,50804,Control,EoSY,Grade 8,high proficient,0,43,0
301930,5,503,50328,Control,EoSY,Grade 8,high proficient,0,111,0
302177,5,508,50806,Control,EoSY,Grade 8,high proficient,0,65,0
302282,5,513,51301,Control,EoSY,Grade 8,high proficient,0,268,0
502615,5,508,50802,Control,EoSY,Grade 8,high proficient,0,21,0
302263,5,506,50601,Control,EoSY,Grade 8,high proficient,0,85,0
301826,5,501,50103,Control,EoSY,Grade 8,high proficient,0,43,0
305750,5,513,51301,Control,EoSY,Grade 8,high proficient,0,79,0
301870,5,501,50110,Control,EoSY,Grade 8,high proficient,0,138,0
302039,5,503,50316,Control,EoSY,Grade 8,high proficient,0,292,0
301868,5,501,50112,Control,EoSY,Grade 8,high proficient,0,237,0
301963,5,503,50316,Control,EoSY,Grade 8,high proficient,0,262,0
340567,15,1505,150501,Treatment,EoSY,Grade 8,high proficient,0,187,0
320606,15,1515,151502,Treatment,EoSY,Grade 8,high proficient,0,401,0
320202,15,1511,151101,Treatment,EoSY,Grade 8,high proficient,1,162,0.6172839506172839
305310,15,1507,150703,Treatment,EoSY,Grade 8,high proficient,0,373,0
305418,15,1513,151301,Treatment,EoSY,Grade 8,high proficient,0,1101,0
500565,15,1515,151502,Treatment,EoSY,Grade 8,high proficient,3,778,0.3856041131105398
301258,4,413,41308,Treatment,EoSY,Grade 8,high proficient,0,539,0
301214,4,411,41101,Treatment,EoSY,Grade 8,high proficient,0,628,0
301497,4,414,41401,Treatment,EoSY,Grade 8,high proficient,0,356,0
305411,15,1515,151502,Treatment,EoSY,Grade 8,high proficient,2,666,0.3003003003003003
305420,15,1513,151301,Treatment,EoSY,Grade 8,high proficient,44,1385,3.1768953068592056
301231,4,413,41302,Control,EoSY,Grade 8,high proficient,0,234,0
301188,4,402,40201,Control,EoSY,Grade 8,high proficient,0,641,0
307913,4,413,41309,Control,EoSY,Grade 8,high proficient,0,325,0
500566,15,1507,150710,Control,EoSY,Grade 8,high proficient,0,602,0
305453,15,1510,151001,Control,EoSY,Grade 8,high proficient,201,1025,19.609756097560975
305311,15,1507,150702,Control,EoSY,Grade 8,high proficient,0,285,0
301425,4,401,40101,Control,EoSY,Grade 8,high proficient,2,1020,0.19607843137254902
301202,4,408,40812,Control,EoSY,Grade 8,high proficient,7,374,1.8716577540106951
305412,15,1515,151502,Control,EoSY,Grade 8,high proficient,1,1081,0.09250693802035152
308105,4,417,41703,Control,EoSY,Grade 8,high proficient,7,876,0.7990867579908676
305341,15,1514,151401,Control,EoSY,Grade 8,high proficient,6,1454,0.4126547455295736
319604,15,1512,151201,Control,EoSY,Grade 8,high proficient,19,322,5.900621118012422
305568,15,1516,151601,Control,EoSY,Grade 8,high proficient,0,405,0
305434,15,1503,150301,Control,EoSY,Grade 8,high proficient,0,703,0
301464,4,417,41710,Control,EoSY,Grade 8,high proficient,2,476,0.42016806722689076
305461,15,1515,151502,Control,EoSY,Grade 8,high proficient,8,416,1.9230769230769231
305384,15,1501,150101,Control,EoSY,Grade 8,high proficient,2,516,0.3875968992248062
301143,4,421,42101,Control,EoSY,Grade 8,high proficient,0,1052,0
305340,15,1514,151401,Control,EoSY,Grade 8,high proficient,0,1121,0
305302,15,1507,150709,Treatment,EoSY,Grade 8,high proficient,7,1021,0.6856023506366308
308103,4,417,41712,Control,EoSY,Grade 8,high proficient,0,388,0
308130,4,417,41711,Control,EoSY,Grade 8,high proficient,0,131,0
301227,4,420,42001,Control,EoSY,Grade 8,high proficient,0,817,0
305334,15,1514,151401,Control,EoSY,Grade 8,high proficient,1,650,0.15384615384615385
305367,15,1512,151201,Control,EoSY,Grade 8,high proficient,88,1020,8.627450980392156
305635,15,1514,151401,Control,EoSY,Grade 8,high proficient,0,451,0
301218,4,408,40814,Control,EoSY,Grade 8,high proficient,34,2073,1.6401350699469368
308501,4,415,41501,Control,EoSY,Grade 8,high proficient,0,612,0
500332,15,1506,150601,Control,EoSY,Grade 8,high proficient,0,311,0
305471,15,1509,150901,Control,EoSY,Grade 8,high proficient,0,793,0
305376,15,1501,150101,Treatment,EoSY,Grade 8,high proficient,309,790,39.11392405063291
301432,4,417,41705,Control,EoSY,Grade 8,high proficient,0,552,0
305459,15,1515,151502,Control,EoSY,Grade 8,high proficient,152,824,18.446601941747574
305313,15,1507,150708,Control,EoSY,Grade 8,high proficient,0,646,0
301186,4,410,41001,Control,EoSY,Grade 8,high proficient,242,1731,13.980358174465627
301184,4,410,41001,Control,EoSY,Grade 8,high proficient,83,1052,7.889733840304182
305295,15,1507,150710,Control,EoSY,Grade 8,high proficient,29,1109,2.6149684400360687
301416,4,422,42201,Control,EoSY,Grade 8,high proficient,0,161,0
305450,15,1505,150501,Treatment,EoSY,Grade 8,high proficient,77,418,18.42105263157895
301403,4,416,41606,Control,EoSY,Grade 8,high proficient,0,490,0
301451,4,417,41708,Control,EoSY,Grade 8,high proficient,0,362,0
305338,15,1514,151401,Control,EoSY,Grade 8,high proficient,0,784,0
301257,4,413,41312,Control,EoSY,Grade 8,high proficient,2,1798,0.11123470522803114
305416,15,1513,151301,Control,EoSY,Grade 8,high proficient,8,996,0.8032128514056225
305337,15,1514,151401,Control,EoSY,Grade 8,high proficient,4,2053,0.1948368241597662
305353,15,1514,151401,Control,EoSY,Grade 8,high proficient,0,442,0
301197,4,408,40812,Control,EoSY,Grade 8,high proficient,0,298,0
301236,4,413,41308,Treatment,EoSY,Grade 8,high proficient,10,325,3.076923076923077
305444,15,1516,151601,Control,EoSY,Grade 8,high proficient,15,372,4.032258064516129
320306,15,1503,150301,Control,EoSY,Grade 8,high proficient,0,884,0
301489,4,414,41401,Control,EoSY,Grade 8,high proficient,0,314,0
301507,4,418,41801,Control,EoSY,Grade 8,high proficient,0,121,0
301456,4,417,41710,Control,EoSY,Grade 8,high proficient,66,625,10.56
301238,4,413,41303,Control,EoSY,Grade 8,high proficient,0,546,0
305438,15,1516,151601,Control,EoSY,Grade 8,high proficient,0,851,0
305324,15,1514,151401,Control,EoSY,Grade 8,high proficient,1,305,0.32786885245901637
305454,15,1510,151001,Control,EoSY,Grade 8,high proficient,0,134,0
308122,4,417,41708,Control,EoSY,Grade 8,high proficient,0,212,0
301508,4,418,41801,Control,EoSY,Grade 8,high proficient,0,284,0
305465,15,1515,151502,Control,EoSY,Grade 8,high proficient,11,929,1.1840688912809472
305428,15,1511,151101,Control,EoSY,Grade 8,high proficient,10,425,2.3529411764705883
301175,4,408,40807,Control,EoSY,Grade 8,high proficient,22,817,2.692778457772338
301437,4,417,41704,Control,EoSY,Grade 8,high proficient,2,1061,0.1885014137606032
320204,15,1511,151101,Control,EoSY,Grade 8,high proficient,0,542,0
305447,15,1505,150501,Control,EoSY,Grade 8,high proficient,158,741,21.322537112010796
301438,4,417,41704,Control,EoSY,Grade 8,high proficient,0,514,0
308135,4,417,41708,Control,EoSY,Grade 8,high proficient,0,426,0
301418,4,401,40101,Control,EoSY,Grade 8,high proficient,0,2800,0
305288,15,1507,150710,Control,EoSY,Grade 8,high proficient,0,661,0
301265,4,413,41301,Control,EoSY,Grade 8,high proficient,0,433,0
305442,15,1516,151601,Control,EoSY,Grade 8,high proficient,0,253,0
500339,15,1505,150501,Control,EoSY,Grade 8,high proficient,0,373,0
305435,15,1503,150301,Control,EoSY,Grade 8,high proficient,1,445,0.2247191011235955
308134,4,417,41708,Control,EoSY,Grade 8,high proficient,0,551,0
305452,15,1505,150501,Control,EoSY,Grade 8,high proficient,36,648,5.555555555555555
312330,7,703,70308,Treatment,EoSY,Grade 8,high proficient,0,116,0
305710,7,703,70302,Treatment,EoSY,Grade 8,high proficient,0,68,0
305655,11,1101,110101,Treatment,EoSY,Grade 8,high proficient,0,26,0
305581,7,703,70303,Treatment,EoSY,Grade 8,high proficient,0,45,0
303130,7,703,70309,Treatment,EoSY,Grade 8,high proficient,0,177,0
312354,7,703,70309,Treatment,EoSY,Grade 8,high proficient,0,37,0
305849,11,1105,110503,Treatment,EoSY,Grade 8,high proficient,0,26,0
305500,11,1101,110101,Treatment,EoSY,Grade 8,high proficient,0,35,0
312355,7,703,70304,Treatment,EoSY,Grade 8,high proficient,0,38,0
501903,11,1110,111001,Treatment,EoSY,Grade 8,high proficient,0,35,0
500665,7,705,70527,Control,EoSY,Grade 8,high proficient,0,88,0
312462,7,705,70520,Control,EoSY,Grade 8,high proficient,0,20,0
306038,11,1102,110202,Control,EoSY,Grade 8,high proficient,0,28,0
500221,7,705,70527,Control,EoSY,Grade 8,high proficient,0,26,0
500744,7,708,70801,Control,EoSY,Grade 8,high proficient,0,39,0
305884,11,1101,110101,Control,EoSY,Grade 8,high proficient,0,105,0
303170,7,709,70901,Control,EoSY,Grade 8,high proficient,0,60,0
500787,7,708,70801,Control,EoSY,Grade 8,high proficient,0,57,0
500667,7,705,70528,Control,EoSY,Grade 8,high proficient,0,48,0
501071,11,1101,110101,Control,EoSY,Grade 8,high proficient,0,29,0
303046,7,705,70527,Control,EoSY,Grade 8,high proficient,0,112,0
325303,7,707,70701,Control,EoSY,Grade 8,high proficient,0,26,0
500208,7,703,70305,Control,EoSY,Grade 8,high proficient,0,13,0
312401,7,705,70525,Control,EoSY,Grade 8,high proficient,0,119,0
303136,7,706,70601,Control,EoSY,Grade 8,high proficient,0,76,0
312435,7,707,70701,Control,EoSY,Grade 8,high proficient,NA,NA,NA
502186,11,1101,110101,Control,EoSY,Grade 8,high proficient,0,17,0
500782,7,708,70801,Control,EoSY,Grade 8,high proficient,0,247,0
306086,11,1106,110606,Control,EoSY,Grade 8,high proficient,0,23,0
305755,7,705,70529,Control,EoSY,Grade 8,high proficient,0,152,0
305665,11,1101,110101,Control,EoSY,Grade 8,high proficient,0,15,0
501635,7,703,70301,Control,EoSY,Grade 8,high proficient,0,76,0
305843,11,1110,111001,Control,EoSY,Grade 8,high proficient,1,37,2.7027027027027026
500894,7,705,70517,Control,EoSY,Grade 8,high proficient,0,114,0
500671,7,705,70506,Control,EoSY,Grade 8,high proficient,0,34,0
305847,11,1105,110503,Control,EoSY,Grade 8,high proficient,0,39,0
500784,7,708,70801,Control,EoSY,Grade 8,high proficient,0,17,0
501267,7,705,70525,Control,EoSY,Grade 8,high proficient,0,29,0
306000,7,705,70525,Control,EoSY,Grade 8,high proficient,0,40,0
305517,11,1106,110608,Control,EoSY,Grade 8,high proficient,0,45,0
305713,7,710,71001,Control,EoSY,Grade 8,high proficient,0,50,0
500768,7,705,70521,Control,EoSY,Grade 8,high proficient,0,87,0
316303,11,1107,110701,Control,EoSY,Grade 8,high proficient,0,41,0
316304,11,1107,110701,Control,EoSY,Grade 8,high proficient,0,80,0
305506,11,1101,110101,Control,EoSY,Grade 8,high proficient,0,26,0
500421,7,705,70507,Control,EoSY,Grade 8,high proficient,0,114,0
305681,11,1110,111001,Control,EoSY,Grade 8,high proficient,0,150,0
303186,7,711,71101,Control,EoSY,Grade 8,high proficient,NA,NA,NA
501429,7,714,71402,Control,EoSY,Grade 8,high proficient,0,61,0
305844,11,1103,110303,Control,EoSY,Grade 8,high proficient,0,57,0
305965,11,1110,111001,Control,EoSY,Grade 8,high proficient,0,75,0
501076,11,1103,110305,Control,EoSY,Grade 8,high proficient,0,12,0
305889,11,1101,110101,Control,EoSY,Grade 8,high proficient,0,44,0
501074,11,1103,110306,Control,EoSY,Grade 8,high proficient,0,66,0
312408,7,705,70530,Control,EoSY,Grade 8,high proficient,0,75,0
501351,7,705,70522,Control,EoSY,Grade 8,high proficient,NA,NA,NA
501404,11,1101,110101,Control,EoSY,Grade 8,high proficient,0,31,0
305660,11,1101,110101,Control,EoSY,Grade 8,high proficient,0,36,0
303219,7,701,70101,Control,EoSY,Grade 8,high proficient,0,94,0
312450,7,705,70522,Control,EoSY,Grade 8,high proficient,0,95,0
324903,7,704,70401,Control,EoSY,Grade 8,high proficient,0,32,0
501065,11,1101,110101,Control,EoSY,Grade 8,high proficient,1,115,0.8695652173913043
312451,7,705,70532,Control,EoSY,Grade 8,high proficient,0,67,0
501763,11,1103,110305,Control,EoSY,Grade 8,high proficient,0,56,0
316405,11,1110,111001,Control,EoSY,Grade 8,high proficient,0,157,0
316404,11,1110,111001,Control,EoSY,Grade 8,high proficient,0,53,0
316301,11,1107,110701,Control,EoSY,Grade 8,high proficient,7,183,3.8251366120218577
312910,7,710,71001,Control,EoSY,Grade 8,high proficient,0,139,0
303011,7,705,70512,Control,EoSY,Grade 8,high proficient,0,44,0
305651,11,1101,110101,Control,EoSY,Grade 8,high proficient,0,34,0
305662,11,1101,110101,Control,EoSY,Grade 8,high proficient,0,34,0
305850,11,1105,110503,Control,EoSY,Grade 8,high proficient,0,29,0
312481,7,705,70518,Control,EoSY,Grade 8,high proficient,0,176,0
304409,11,1110,111001,Control,EoSY,Grade 8,high proficient,0,130,0
303246,7,713,71303,Control,EoSY,Grade 8,high proficient,0,129,0
501405,11,1101,110101,Control,EoSY,Grade 8,high proficient,28,75,37.333333333333336
305677,11,1105,110503,Control,EoSY,Grade 8,high proficient,0,51,0
500447,7,708,70801,Control,EoSY,Grade 8,high proficient,0,65,0
501305,7,708,70801,Control,EoSY,Grade 8,high proficient,0,31,0
305917,7,708,70801,Control,EoSY,Grade 8,high proficient,0,30,0
305722,7,703,70304,Control,EoSY,Grade 8,high proficient,0,66,0
312953,7,713,71306,Control,EoSY,Grade 8,high proficient,0,19,0
305498,11,1101,110101,Control,EoSY,Grade 8,high proficient,0,83,0
305669,11,1101,110101,Control,EoSY,Grade 8,high proficient,0,31,0
312960,7,710,71002,Control,EoSY,Grade 8,high proficient,0,56,0
309906,5,508,50811,Treatment,EoSY,Grade 9,not proficient,107,108,99.07407407407408
309934,5,508,50806,Treatment,EoSY,Grade 9,not proficient,2,32,6.25
301871,5,501,50107,Treatment,EoSY,Grade 9,not proficient,65,65,100
302134,5,508,50804,Treatment,EoSY,Grade 9,not proficient,95,124,76.61290322580645
302117,5,508,50803,Treatment,EoSY,Grade 9,not proficient,11,56,19.642857142857142
309909,5,508,50801,Treatment,EoSY,Grade 9,not proficient,77,90,85.55555555555556
309915,5,508,50801,Treatment,EoSY,Grade 9,not proficient,26,34,76.47058823529412
501544,5,508,50815,Treatment,EoSY,Grade 9,not proficient,26,71,36.61971830985915
301887,5,502,50205,Treatment,EoSY,Grade 9,not proficient,50,69,72.46376811594203
302175,5,508,50820,Treatment,EoSY,Grade 9,not proficient,105,115,91.30434782608695
302146,5,508,50812,Treatment,EoSY,Grade 9,not proficient,121,133,90.97744360902256
309921,5,508,50805,Treatment,EoSY,Grade 9,not proficient,59,67,88.05970149253731
302254,5,505,50501,Control,EoSY,Grade 9,not proficient,75,89,84.26966292134831
309513,5,501,50112,Control,EoSY,Grade 9,not proficient,72,84,85.71428571428571
500163,5,508,50801,Control,EoSY,Grade 9,not proficient,41,65,63.07692307692308
302058,5,503,50333,Control,EoSY,Grade 9,not proficient,123,123,100
302192,5,511,51103,Control,EoSY,Grade 9,not proficient,88,208,42.30769230769231
302227,5,511,51105,Control,EoSY,Grade 9,not proficient,46,46,100
302252,5,505,50501,Control,EoSY,Grade 9,not proficient,2,57,3.508771929824561
309914,5,508,50806,Control,EoSY,Grade 9,not proficient,131,156,83.97435897435898
309711,5,503,50317,Control,EoSY,Grade 9,not proficient,31,57,54.3859649122807
301817,5,507,50701,Control,EoSY,Grade 9,not proficient,67,76,88.15789473684211
302165,5,508,50816,Control,EoSY,Grade 9,not proficient,56,58,96.55172413793103
301974,5,503,50311,Treatment,EoSY,Grade 9,not proficient,33,46,71.73913043478261
302256,5,505,50501,Control,EoSY,Grade 9,not proficient,59,91,64.83516483516483
301834,5,501,50106,Control,EoSY,Grade 9,not proficient,110,128,85.9375
309760,5,503,50306,Control,EoSY,Grade 9,not proficient,5,47,10.638297872340425
309936,5,508,50819,Control,EoSY,Grade 9,not proficient,45,45,100
302203,5,511,51102,Control,EoSY,Grade 9,not proficient,33,36,91.66666666666667
302011,5,503,50314,Control,EoSY,Grade 9,not proficient,94,102,92.15686274509804
500168,5,505,50501,Control,EoSY,Grade 9,not proficient,55,57,96.49122807017544
301947,5,503,50306,Control,EoSY,Grade 9,not proficient,154,312,49.35897435897436
309941,5,508,50812,Control,EoSY,Grade 9,not proficient,98,151,64.90066225165563
301839,5,501,50111,Control,EoSY,Grade 9,not proficient,29,64,45.3125
501843,5,508,50818,Treatment,EoSY,Grade 9,not proficient,18,36,50
302111,5,508,50801,Control,EoSY,Grade 9,not proficient,13,400,3.25
302133,5,509,50901,Control,EoSY,Grade 9,not proficient,45,156,28.846153846153847
301990,5,503,50317,Control,EoSY,Grade 9,not proficient,39,40,97.5
309937,5,508,50819,Control,EoSY,Grade 9,not proficient,37,48,77.08333333333333
302241,5,511,51105,Control,EoSY,Grade 9,not proficient,4,85,4.705882352941177
500167,5,505,50501,Control,EoSY,Grade 9,not proficient,36,58,62.06896551724138
309764,5,503,50320,Control,EoSY,Grade 9,not proficient,31,31,100
302205,5,511,51106,Control,EoSY,Grade 9,not proficient,101,101,100
302014,5,503,50302,Control,EoSY,Grade 9,not proficient,58,110,52.72727272727273
309740,5,503,50315,Control,EoSY,Grade 9,not proficient,51,65,78.46153846153847
309741,5,503,50315,Control,EoSY,Grade 9,not proficient,77,77,100
302161,5,508,50803,Treatment,EoSY,Grade 9,not proficient,72,73,98.63013698630137
302113,5,508,50818,Treatment,EoSY,Grade 9,not proficient,0,62,0
302127,5,508,50817,Control,EoSY,Grade 9,not proficient,32,32,100
301899,5,502,50205,Control,EoSY,Grade 9,not proficient,97,103,94.1747572815534
309509,5,501,50113,Control,EoSY,Grade 9,not proficient,78,81,96.29629629629629
309903,5,508,50816,Control,EoSY,Grade 9,not proficient,10,75,13.333333333333334
301995,5,503,50310,Control,EoSY,Grade 9,not proficient,6,55,10.909090909090908
309702,5,503,50325,Control,EoSY,Grade 9,not proficient,171,177,96.61016949152543
501020,5,503,50310,Control,EoSY,Grade 9,not proficient,27,28,96.42857142857143
309743,5,503,50332,Control,EoSY,Grade 9,not proficient,35,118,29.661016949152543
301816,5,501,50101,Control,EoSY,Grade 9,not proficient,71,95,74.73684210526316
302054,5,503,50315,Control,EoSY,Grade 9,not proficient,61,87,70.11494252873563
301862,5,507,50701,Control,EoSY,Grade 9,not proficient,189,191,98.95287958115183
502477,5,501,50108,Control,EoSY,Grade 9,not proficient,3,23,13.043478260869565
302283,5,513,51301,Control,EoSY,Grade 9,not proficient,97,238,40.7563025210084
301900,5,502,50206,Control,EoSY,Grade 9,not proficient,15,53,28.30188679245283
302123,5,508,50808,Control,EoSY,Grade 9,not proficient,78,78,100
309512,5,501,50110,Control,EoSY,Grade 9,not proficient,1,42,2.380952380952381
302284,5,513,51301,Control,EoSY,Grade 9,not proficient,144,145,99.3103448275862
500034,5,508,50819,Control,EoSY,Grade 9,not proficient,7,32,21.875
302043,5,503,50305,Control,EoSY,Grade 9,not proficient,72,156,46.15384615384615
302182,5,511,51107,Control,EoSY,Grade 9,not proficient,26,83,31.325301204819276
301986,5,503,50334,Control,EoSY,Grade 9,not proficient,180,184,97.82608695652173
302109,5,508,50817,Control,EoSY,Grade 9,not proficient,144,193,74.61139896373057
302061,5,503,50311,Control,EoSY,Grade 9,not proficient,5,45,11.11111111111111
309931,5,508,50802,Control,EoSY,Grade 9,not proficient,43,58,74.13793103448276
301984,5,503,50331,Control,EoSY,Grade 9,not proficient,139,171,81.28654970760233
302156,5,508,50803,Control,EoSY,Grade 9,not proficient,76,88,86.36363636363636
309705,5,503,50330,Control,EoSY,Grade 9,not proficient,62,71,87.32394366197182
500165,5,508,50804,Control,EoSY,Grade 9,not proficient,14,39,35.8974358974359
301930,5,503,50328,Control,EoSY,Grade 9,not proficient,72,73,98.63013698630137
302177,5,508,50806,Control,EoSY,Grade 9,not proficient,74,74,100
302282,5,513,51301,Control,EoSY,Grade 9,not proficient,258,277,93.14079422382672
502615,5,508,50802,Control,EoSY,Grade 9,not proficient,10,11,90.9090909090909
302263,5,506,50601,Control,EoSY,Grade 9,not proficient,34,62,54.83870967741935
301826,5,501,50103,Control,EoSY,Grade 9,not proficient,15,35,42.857142857142854
305750,5,513,51301,Control,EoSY,Grade 9,not proficient,43,43,100
301870,5,501,50110,Control,EoSY,Grade 9,not proficient,4,67,5.970149253731344
302039,5,503,50316,Control,EoSY,Grade 9,not proficient,177,234,75.64102564102564
301868,5,501,50112,Control,EoSY,Grade 9,not proficient,0,174,0
301963,5,503,50316,Control,EoSY,Grade 9,not proficient,41,157,26.11464968152866
340567,15,1505,150501,Treatment,EoSY,Grade 9,not proficient,147,158,93.0379746835443
320606,15,1515,151502,Treatment,EoSY,Grade 9,not proficient,6,308,1.948051948051948
320202,15,1511,151101,Treatment,EoSY,Grade 9,not proficient,38,107,35.51401869158879
305310,15,1507,150703,Treatment,EoSY,Grade 9,not proficient,284,284,100
305418,15,1513,151301,Treatment,EoSY,Grade 9,not proficient,619,960,64.47916666666667
500565,15,1515,151502,Treatment,EoSY,Grade 9,not proficient,6,689,0.8708272859216255
301258,4,413,41308,Treatment,EoSY,Grade 9,not proficient,297,375,79.2
301214,4,411,41101,Treatment,EoSY,Grade 9,not proficient,2,654,0.3058103975535168
301497,4,414,41401,Treatment,EoSY,Grade 9,not proficient,235,319,73.66771159874608
305411,15,1515,151502,Treatment,EoSY,Grade 9,not proficient,486,755,64.37086092715232
305420,15,1513,151301,Treatment,EoSY,Grade 9,not proficient,439,1092,40.201465201465204
301231,4,413,41302,Control,EoSY,Grade 9,not proficient,37,157,23.56687898089172
301188,4,402,40201,Control,EoSY,Grade 9,not proficient,570,610,93.44262295081967
307913,4,413,41309,Control,EoSY,Grade 9,not proficient,3,237,1.2658227848101267
500566,15,1507,150710,Control,EoSY,Grade 9,not proficient,442,680,65
305453,15,1510,151001,Control,EoSY,Grade 9,not proficient,0,803,0
305311,15,1507,150702,Control,EoSY,Grade 9,not proficient,107,277,38.628158844765345
301425,4,401,40101,Control,EoSY,Grade 9,not proficient,404,774,52.19638242894057
301202,4,408,40812,Control,EoSY,Grade 9,not proficient,18,285,6.315789473684211
305412,15,1515,151502,Control,EoSY,Grade 9,not proficient,614,908,67.62114537444934
308105,4,417,41703,Control,EoSY,Grade 9,not proficient,186,626,29.712460063897762
305341,15,1514,151401,Control,EoSY,Grade 9,not proficient,919,1278,71.90923317683881
319604,15,1512,151201,Control,EoSY,Grade 9,not proficient,8,288,2.7777777777777777
305568,15,1516,151601,Control,EoSY,Grade 9,not proficient,307,317,96.84542586750788
305434,15,1503,150301,Control,EoSY,Grade 9,not proficient,524,606,86.46864686468646
301464,4,417,41710,Control,EoSY,Grade 9,not proficient,383,497,77.06237424547284
305461,15,1515,151502,Control,EoSY,Grade 9,not proficient,216,265,81.50943396226415
305384,15,1501,150101,Control,EoSY,Grade 9,not proficient,43,373,11.528150134048257
301143,4,421,42101,Control,EoSY,Grade 9,not proficient,667,716,93.15642458100558
305340,15,1514,151401,Control,EoSY,Grade 9,not proficient,742,1021,72.67384916748286
305302,15,1507,150709,Treatment,EoSY,Grade 9,not proficient,820,1108,74.0072202166065
308103,4,417,41712,Control,EoSY,Grade 9,not proficient,123,278,44.24460431654676
308130,4,417,41711,Control,EoSY,Grade 9,not proficient,114,128,89.0625
301227,4,420,42001,Control,EoSY,Grade 9,not proficient,498,562,88.61209964412811
305334,15,1514,151401,Control,EoSY,Grade 9,not proficient,331,539,61.4100185528757
305367,15,1512,151201,Control,EoSY,Grade 9,not proficient,0,811,0
305635,15,1514,151401,Control,EoSY,Grade 9,not proficient,227,384,59.114583333333336
301218,4,408,40814,Control,EoSY,Grade 9,not proficient,1531,1805,84.81994459833795
308501,4,415,41501,Control,EoSY,Grade 9,not proficient,277,427,64.8711943793911
500332,15,1506,150601,Control,EoSY,Grade 9,not proficient,145,318,45.59748427672956
305471,15,1509,150901,Control,EoSY,Grade 9,not proficient,79,640,12.34375
305376,15,1501,150101,Treatment,EoSY,Grade 9,not proficient,0,795,0
301432,4,417,41705,Control,EoSY,Grade 9,not proficient,392,446,87.89237668161435
305459,15,1515,151502,Control,EoSY,Grade 9,not proficient,1,677,0.14771048744460857
305313,15,1507,150708,Control,EoSY,Grade 9,not proficient,0,508,0
301186,4,410,41001,Control,EoSY,Grade 9,not proficient,367,1470,24.965986394557824
301184,4,410,41001,Control,EoSY,Grade 9,not proficient,0,862,0
305295,15,1507,150710,Control,EoSY,Grade 9,not proficient,796,1178,67.57215619694398
301416,4,422,42201,Control,EoSY,Grade 9,not proficient,132,135,97.77777777777777
305450,15,1505,150501,Treatment,EoSY,Grade 9,not proficient,11,347,3.170028818443804
301403,4,416,41606,Control,EoSY,Grade 9,not proficient,294,341,86.21700879765396
301451,4,417,41708,Control,EoSY,Grade 9,not proficient,50,254,19.68503937007874
305338,15,1514,151401,Control,EoSY,Grade 9,not proficient,517,633,81.67456556082149
301257,4,413,41312,Control,EoSY,Grade 9,not proficient,1443,1669,86.45895745955661
305416,15,1513,151301,Control,EoSY,Grade 9,not proficient,190,859,22.11874272409779
305337,15,1514,151401,Control,EoSY,Grade 9,not proficient,1312,1903,68.94377299001576
305353,15,1514,151401,Control,EoSY,Grade 9,not proficient,344,377,91.24668435013263
301197,4,408,40812,Control,EoSY,Grade 9,not proficient,3,348,0.8620689655172413
301236,4,413,41308,Treatment,EoSY,Grade 9,not proficient,178,245,72.65306122448979
305444,15,1516,151601,Control,EoSY,Grade 9,not proficient,210,291,72.16494845360825
320306,15,1503,150301,Control,EoSY,Grade 9,not proficient,495,688,71.94767441860465
301489,4,414,41401,Control,EoSY,Grade 9,not proficient,284,292,97.26027397260275
301507,4,418,41801,Control,EoSY,Grade 9,not proficient,93,100,93
301456,4,417,41710,Control,EoSY,Grade 9,not proficient,365,442,82.57918552036199
301238,4,413,41303,Control,EoSY,Grade 9,not proficient,311,441,70.52154195011337
305438,15,1516,151601,Control,EoSY,Grade 9,not proficient,691,882,78.34467120181407
305324,15,1514,151401,Control,EoSY,Grade 9,not proficient,29,291,9.965635738831615
305454,15,1510,151001,Control,EoSY,Grade 9,not proficient,0,119,0
308122,4,417,41708,Control,EoSY,Grade 9,not proficient,63,148,42.567567567567565
301508,4,418,41801,Control,EoSY,Grade 9,not proficient,87,242,35.950413223140494
305465,15,1515,151502,Control,EoSY,Grade 9,not proficient,229,743,30.82099596231494
305428,15,1511,151101,Control,EoSY,Grade 9,not proficient,108,345,31.304347826086957
301175,4,408,40807,Control,EoSY,Grade 9,not proficient,0,482,0
301437,4,417,41704,Control,EoSY,Grade 9,not proficient,672,919,73.12295973884657
320204,15,1511,151101,Control,EoSY,Grade 9,not proficient,460,552,83.33333333333333
305447,15,1505,150501,Control,EoSY,Grade 9,not proficient,0,631,0
301438,4,417,41704,Control,EoSY,Grade 9,not proficient,136,443,30.69977426636569
308135,4,417,41708,Control,EoSY,Grade 9,not proficient,225,346,65.02890173410404
301418,4,401,40101,Control,EoSY,Grade 9,not proficient,1802,2300,78.34782608695652
305288,15,1507,150710,Control,EoSY,Grade 9,not proficient,358,671,53.3532041728763
301265,4,413,41301,Control,EoSY,Grade 9,not proficient,186,328,56.707317073170735
305442,15,1516,151601,Control,EoSY,Grade 9,not proficient,125,260,48.07692307692308
500339,15,1505,150501,Control,EoSY,Grade 9,not proficient,203,311,65.27331189710611
305435,15,1503,150301,Control,EoSY,Grade 9,not proficient,128,348,36.7816091954023
308134,4,417,41708,Control,EoSY,Grade 9,not proficient,408,446,91.4798206278027
305452,15,1505,150501,Control,EoSY,Grade 9,not proficient,9,593,1.5177065767284992
312330,7,703,70308,Treatment,EoSY,Grade 9,not proficient,44,48,91.66666666666667
305710,7,703,70302,Treatment,EoSY,Grade 9,not proficient,64,67,95.5223880597015
305655,11,1101,110101,Treatment,EoSY,Grade 9,not proficient,2,14,14.285714285714286
305581,7,703,70303,Treatment,EoSY,Grade 9,not proficient,28,29,96.55172413793103
303130,7,703,70309,Treatment,EoSY,Grade 9,not proficient,131,133,98.49624060150376
312354,7,703,70309,Treatment,EoSY,Grade 9,not proficient,19,19,100
305849,11,1105,110503,Treatment,EoSY,Grade 9,not proficient,22,23,95.65217391304348
305500,11,1101,110101,Treatment,EoSY,Grade 9,not proficient,23,23,100
312355,7,703,70304,Treatment,EoSY,Grade 9,not proficient,27,28,96.42857142857143
501903,11,1110,111001,Treatment,EoSY,Grade 9,not proficient,15,16,93.75
500665,7,705,70527,Control,EoSY,Grade 9,not proficient,63,63,100
312462,7,705,70520,Control,EoSY,Grade 9,not proficient,18,25,72
306038,11,1102,110202,Control,EoSY,Grade 9,not proficient,0,21,0
500221,7,705,70527,Control,EoSY,Grade 9,not proficient,19,22,86.36363636363636
500744,7,708,70801,Control,EoSY,Grade 9,not proficient,31,34,91.17647058823529
305884,11,1101,110101,Control,EoSY,Grade 9,not proficient,0,77,0
303170,7,709,70901,Control,EoSY,Grade 9,not proficient,33,33,100
500787,7,708,70801,Control,EoSY,Grade 9,not proficient,24,42,57.142857142857146
500667,7,705,70528,Control,EoSY,Grade 9,not proficient,22,31,70.96774193548387
501071,11,1101,110101,Control,EoSY,Grade 9,not proficient,14,16,87.5
303046,7,705,70527,Control,EoSY,Grade 9,not proficient,72,75,96
325303,7,707,70701,Control,EoSY,Grade 9,not proficient,7,25,28
500208,7,703,70305,Control,EoSY,Grade 9,not proficient,15,15,100
312401,7,705,70525,Control,EoSY,Grade 9,not proficient,100,102,98.03921568627452
303136,7,706,70601,Control,EoSY,Grade 9,not proficient,34,48,70.83333333333333
312435,7,707,70701,Control,EoSY,Grade 9,not proficient,NA,NA,NA
502186,11,1101,110101,Control,EoSY,Grade 9,not proficient,7,8,87.5
500782,7,708,70801,Control,EoSY,Grade 9,not proficient,26,188,13.829787234042554
306086,11,1106,110606,Control,EoSY,Grade 9,not proficient,15,15,100
305755,7,705,70529,Control,EoSY,Grade 9,not proficient,90,95,94.73684210526316
305665,11,1101,110101,Control,EoSY,Grade 9,not proficient,0,13,0
501635,7,703,70301,Control,EoSY,Grade 9,not proficient,49,52,94.23076923076923
305843,11,1110,111001,Control,EoSY,Grade 9,not proficient,7,36,19.444444444444443
500894,7,705,70517,Control,EoSY,Grade 9,not proficient,79,81,97.53086419753086
500671,7,705,70506,Control,EoSY,Grade 9,not proficient,21,25,84
305847,11,1105,110503,Control,EoSY,Grade 9,not proficient,22,22,100
500784,7,708,70801,Control,EoSY,Grade 9,not proficient,6,9,66.66666666666667
501267,7,705,70525,Control,EoSY,Grade 9,not proficient,21,21,100
306000,7,705,70525,Control,EoSY,Grade 9,not proficient,24,24,100
305517,11,1106,110608,Control,EoSY,Grade 9,not proficient,21,41,51.21951219512195
305713,7,710,71001,Control,EoSY,Grade 9,not proficient,0,47,0
500768,7,705,70521,Control,EoSY,Grade 9,not proficient,63,63,100
316303,11,1107,110701,Control,EoSY,Grade 9,not proficient,45,55,81.81818181818181
316304,11,1107,110701,Control,EoSY,Grade 9,not proficient,21,39,53.84615384615385
305506,11,1101,110101,Control,EoSY,Grade 9,not proficient,1,17,5.882352941176471
500421,7,705,70507,Control,EoSY,Grade 9,not proficient,82,82,100
305681,11,1110,111001,Control,EoSY,Grade 9,not proficient,70,163,42.94478527607362
303186,7,711,71101,Control,EoSY,Grade 9,not proficient,NA,NA,NA
501429,7,714,71402,Control,EoSY,Grade 9,not proficient,43,55,78.18181818181819
305844,11,1103,110303,Control,EoSY,Grade 9,not proficient,0,47,0
305965,11,1110,111001,Control,EoSY,Grade 9,not proficient,50,56,89.28571428571429
501076,11,1103,110305,Control,EoSY,Grade 9,not proficient,8,8,100
305889,11,1101,110101,Control,EoSY,Grade 9,not proficient,2,34,5.882352941176471
501074,11,1103,110306,Control,EoSY,Grade 9,not proficient,38,40,95
312408,7,705,70530,Control,EoSY,Grade 9,not proficient,45,47,95.74468085106383
501351,7,705,70522,Control,EoSY,Grade 9,not proficient,NA,NA,NA
501404,11,1101,110101,Control,EoSY,Grade 9,not proficient,17,26,65.38461538461539
305660,11,1101,110101,Control,EoSY,Grade 9,not proficient,33,36,91.66666666666667
303219,7,701,70101,Control,EoSY,Grade 9,not proficient,64,105,60.95238095238095
312450,7,705,70522,Control,EoSY,Grade 9,not proficient,48,72,66.66666666666667
324903,7,704,70401,Control,EoSY,Grade 9,not proficient,21,21,100
501065,11,1101,110101,Control,EoSY,Grade 9,not proficient,38,107,35.51401869158879
312451,7,705,70532,Control,EoSY,Grade 9,not proficient,9,42,21.428571428571427
501763,11,1103,110305,Control,EoSY,Grade 9,not proficient,10,24,41.666666666666664
316405,11,1110,111001,Control,EoSY,Grade 9,not proficient,38,83,45.78313253012048
316404,11,1110,111001,Control,EoSY,Grade 9,not proficient,9,49,18.367346938775512
316301,11,1107,110701,Control,EoSY,Grade 9,not proficient,41,150,27.333333333333332
312910,7,710,71001,Control,EoSY,Grade 9,not proficient,100,102,98.03921568627452
303011,7,705,70512,Control,EoSY,Grade 9,not proficient,29,30,96.66666666666667
305651,11,1101,110101,Control,EoSY,Grade 9,not proficient,0,27,0
305662,11,1101,110101,Control,EoSY,Grade 9,not proficient,27,31,87.09677419354838
305850,11,1105,110503,Control,EoSY,Grade 9,not proficient,29,29,100
312481,7,705,70518,Control,EoSY,Grade 9,not proficient,42,169,24.85207100591716
304409,11,1110,111001,Control,EoSY,Grade 9,not proficient,62,99,62.62626262626262
303246,7,713,71303,Control,EoSY,Grade 9,not proficient,69,102,67.6470588235294
501405,11,1101,110101,Control,EoSY,Grade 9,not proficient,2,37,5.405405405405405
305677,11,1105,110503,Control,EoSY,Grade 9,not proficient,44,50,88
500447,7,708,70801,Control,EoSY,Grade 9,not proficient,39,45,86.66666666666667
501305,7,708,70801,Control,EoSY,Grade 9,not proficient,23,25,92
305917,7,708,70801,Control,EoSY,Grade 9,not proficient,26,28,92.85714285714286
305722,7,703,70304,Control,EoSY,Grade 9,not proficient,48,48,100
312953,7,713,71306,Control,EoSY,Grade 9,not proficient,22,22,100
305498,11,1101,110101,Control,EoSY,Grade 9,not proficient,46,47,97.87234042553192
305669,11,1101,110101,Control,EoSY,Grade 9,not proficient,0,21,0
312960,7,710,71002,Control,EoSY,Grade 9,not proficient,50,69,72.46376811594203
309906,5,508,50811,Treatment,EoSY,Grade 9,low proficient,1,108,0.9259259259259259
309934,5,508,50806,Treatment,EoSY,Grade 9,low proficient,13,32,40.625
301871,5,501,50107,Treatment,EoSY,Grade 9,low proficient,0,65,0
302134,5,508,50804,Treatment,EoSY,Grade 9,low proficient,25,124,20.161290322580644
302117,5,508,50803,Treatment,EoSY,Grade 9,low proficient,45,56,80.35714285714286
309909,5,508,50801,Treatment,EoSY,Grade 9,low proficient,13,90,14.444444444444445
309915,5,508,50801,Treatment,EoSY,Grade 9,low proficient,6,34,17.647058823529413
501544,5,508,50815,Treatment,EoSY,Grade 9,low proficient,41,71,57.74647887323944
301887,5,502,50205,Treatment,EoSY,Grade 9,low proficient,14,69,20.28985507246377
302175,5,508,50820,Treatment,EoSY,Grade 9,low proficient,10,115,8.695652173913043
302146,5,508,50812,Treatment,EoSY,Grade 9,low proficient,11,133,8.270676691729323
309921,5,508,50805,Treatment,EoSY,Grade 9,low proficient,8,67,11.940298507462687
302254,5,505,50501,Control,EoSY,Grade 9,low proficient,14,89,15.730337078651685
309513,5,501,50112,Control,EoSY,Grade 9,low proficient,9,84,10.714285714285714
500163,5,508,50801,Control,EoSY,Grade 9,low proficient,24,65,36.92307692307692
302058,5,503,50333,Control,EoSY,Grade 9,low proficient,0,123,0
302192,5,511,51103,Control,EoSY,Grade 9,low proficient,117,208,56.25
302227,5,511,51105,Control,EoSY,Grade 9,low proficient,0,46,0
302252,5,505,50501,Control,EoSY,Grade 9,low proficient,47,57,82.45614035087719
309914,5,508,50806,Control,EoSY,Grade 9,low proficient,25,156,16.025641025641026
309711,5,503,50317,Control,EoSY,Grade 9,low proficient,23,57,40.35087719298246
301817,5,507,50701,Control,EoSY,Grade 9,low proficient,9,76,11.842105263157896
302165,5,508,50816,Control,EoSY,Grade 9,low proficient,2,58,3.4482758620689653
301974,5,503,50311,Treatment,EoSY,Grade 9,low proficient,13,46,28.26086956521739
302256,5,505,50501,Control,EoSY,Grade 9,low proficient,30,91,32.967032967032964
301834,5,501,50106,Control,EoSY,Grade 9,low proficient,18,128,14.0625
309760,5,503,50306,Control,EoSY,Grade 9,low proficient,25,47,53.191489361702125
309936,5,508,50819,Control,EoSY,Grade 9,low proficient,0,45,0
302203,5,511,51102,Control,EoSY,Grade 9,low proficient,3,36,8.333333333333334
302011,5,503,50314,Control,EoSY,Grade 9,low proficient,8,102,7.8431372549019605
500168,5,505,50501,Control,EoSY,Grade 9,low proficient,2,57,3.508771929824561
301947,5,503,50306,Control,EoSY,Grade 9,low proficient,158,312,50.64102564102564
309941,5,508,50812,Control,EoSY,Grade 9,low proficient,52,151,34.437086092715234
301839,5,501,50111,Control,EoSY,Grade 9,low proficient,21,64,32.8125
501843,5,508,50818,Treatment,EoSY,Grade 9,low proficient,18,36,50
302111,5,508,50801,Control,EoSY,Grade 9,low proficient,55,400,13.75
302133,5,509,50901,Control,EoSY,Grade 9,low proficient,74,156,47.43589743589744
301990,5,503,50317,Control,EoSY,Grade 9,low proficient,1,40,2.5
309937,5,508,50819,Control,EoSY,Grade 9,low proficient,11,48,22.916666666666668
302241,5,511,51105,Control,EoSY,Grade 9,low proficient,36,85,42.35294117647059
500167,5,505,50501,Control,EoSY,Grade 9,low proficient,22,58,37.93103448275862
309764,5,503,50320,Control,EoSY,Grade 9,low proficient,0,31,0
302205,5,511,51106,Control,EoSY,Grade 9,low proficient,0,101,0
302014,5,503,50302,Control,EoSY,Grade 9,low proficient,52,110,47.27272727272727
309740,5,503,50315,Control,EoSY,Grade 9,low proficient,14,65,21.53846153846154
309741,5,503,50315,Control,EoSY,Grade 9,low proficient,0,77,0
302161,5,508,50803,Treatment,EoSY,Grade 9,low proficient,1,73,1.36986301369863
302113,5,508,50818,Treatment,EoSY,Grade 9,low proficient,0,62,0
302127,5,508,50817,Control,EoSY,Grade 9,low proficient,0,32,0
301899,5,502,50205,Control,EoSY,Grade 9,low proficient,6,103,5.825242718446602
309509,5,501,50113,Control,EoSY,Grade 9,low proficient,3,81,3.7037037037037037
309903,5,508,50816,Control,EoSY,Grade 9,low proficient,58,75,77.33333333333333
301995,5,503,50310,Control,EoSY,Grade 9,low proficient,49,55,89.0909090909091
309702,5,503,50325,Control,EoSY,Grade 9,low proficient,6,177,3.389830508474576
501020,5,503,50310,Control,EoSY,Grade 9,low proficient,1,28,3.5714285714285716
309743,5,503,50332,Control,EoSY,Grade 9,low proficient,82,118,69.49152542372882
301816,5,501,50101,Control,EoSY,Grade 9,low proficient,24,95,25.263157894736842
302054,5,503,50315,Control,EoSY,Grade 9,low proficient,26,87,29.885057471264368
301862,5,507,50701,Control,EoSY,Grade 9,low proficient,2,191,1.0471204188481675
502477,5,501,50108,Control,EoSY,Grade 9,low proficient,5,23,21.73913043478261
302283,5,513,51301,Control,EoSY,Grade 9,low proficient,118,238,49.57983193277311
301900,5,502,50206,Control,EoSY,Grade 9,low proficient,38,53,71.69811320754717
302123,5,508,50808,Control,EoSY,Grade 9,low proficient,0,78,0
309512,5,501,50110,Control,EoSY,Grade 9,low proficient,25,42,59.523809523809526
302284,5,513,51301,Control,EoSY,Grade 9,low proficient,1,145,0.6896551724137931
500034,5,508,50819,Control,EoSY,Grade 9,low proficient,17,32,53.125
302043,5,503,50305,Control,EoSY,Grade 9,low proficient,71,156,45.51282051282051
302182,5,511,51107,Control,EoSY,Grade 9,low proficient,51,83,61.44578313253012
301986,5,503,50334,Control,EoSY,Grade 9,low proficient,3,184,1.6304347826086956
302109,5,508,50817,Control,EoSY,Grade 9,low proficient,24,193,12.435233160621761
302061,5,503,50311,Control,EoSY,Grade 9,low proficient,8,45,17.77777777777778
309931,5,508,50802,Control,EoSY,Grade 9,low proficient,13,58,22.413793103448278
301984,5,503,50331,Control,EoSY,Grade 9,low proficient,32,171,18.71345029239766
302156,5,508,50803,Control,EoSY,Grade 9,low proficient,12,88,13.636363636363637
309705,5,503,50330,Control,EoSY,Grade 9,low proficient,9,71,12.67605633802817
500165,5,508,50804,Control,EoSY,Grade 9,low proficient,18,39,46.15384615384615
301930,5,503,50328,Control,EoSY,Grade 9,low proficient,1,73,1.36986301369863
302177,5,508,50806,Control,EoSY,Grade 9,low proficient,0,74,0
302282,5,513,51301,Control,EoSY,Grade 9,low proficient,17,277,6.137184115523466
502615,5,508,50802,Control,EoSY,Grade 9,low proficient,1,11,9.090909090909092
302263,5,506,50601,Control,EoSY,Grade 9,low proficient,28,62,45.16129032258065
301826,5,501,50103,Control,EoSY,Grade 9,low proficient,17,35,48.57142857142857
305750,5,513,51301,Control,EoSY,Grade 9,low proficient,0,43,0
301870,5,501,50110,Control,EoSY,Grade 9,low proficient,48,67,71.64179104477611
302039,5,503,50316,Control,EoSY,Grade 9,low proficient,57,234,24.358974358974358
301868,5,501,50112,Control,EoSY,Grade 9,low proficient,161,174,92.52873563218391
301963,5,503,50316,Control,EoSY,Grade 9,low proficient,116,157,73.88535031847134
340567,15,1505,150501,Treatment,EoSY,Grade 9,low proficient,11,158,6.962025316455696
320606,15,1515,151502,Treatment,EoSY,Grade 9,low proficient,87,308,28.246753246753247
320202,15,1511,151101,Treatment,EoSY,Grade 9,low proficient,63,107,58.87850467289719
305310,15,1507,150703,Treatment,EoSY,Grade 9,low proficient,0,284,0
305418,15,1513,151301,Treatment,EoSY,Grade 9,low proficient,259,960,26.979166666666668
500565,15,1515,151502,Treatment,EoSY,Grade 9,low proficient,70,689,10.159651669085632
301258,4,413,41308,Treatment,EoSY,Grade 9,low proficient,78,375,20.8
301214,4,411,41101,Treatment,EoSY,Grade 9,low proficient,216,654,33.027522935779814
301497,4,414,41401,Treatment,EoSY,Grade 9,low proficient,81,319,25.391849529780565
305411,15,1515,151502,Treatment,EoSY,Grade 9,low proficient,268,755,35.496688741721854
305420,15,1513,151301,Treatment,EoSY,Grade 9,low proficient,459,1092,42.032967032967036
301231,4,413,41302,Control,EoSY,Grade 9,low proficient,84,157,53.503184713375795
301188,4,402,40201,Control,EoSY,Grade 9,low proficient,40,610,6.557377049180328
307913,4,413,41309,Control,EoSY,Grade 9,low proficient,135,237,56.962025316455694
500566,15,1507,150710,Control,EoSY,Grade 9,low proficient,202,680,29.705882352941178
305453,15,1510,151001,Control,EoSY,Grade 9,low proficient,0,803,0
305311,15,1507,150702,Control,EoSY,Grade 9,low proficient,89,277,32.12996389891697
301425,4,401,40101,Control,EoSY,Grade 9,low proficient,264,774,34.10852713178294
301202,4,408,40812,Control,EoSY,Grade 9,low proficient,56,285,19.649122807017545
305412,15,1515,151502,Control,EoSY,Grade 9,low proficient,290,908,31.938325991189426
308105,4,417,41703,Control,EoSY,Grade 9,low proficient,307,626,49.04153354632588
305341,15,1514,151401,Control,EoSY,Grade 9,low proficient,336,1278,26.291079812206572
319604,15,1512,151201,Control,EoSY,Grade 9,low proficient,66,288,22.916666666666668
305568,15,1516,151601,Control,EoSY,Grade 9,low proficient,10,317,3.1545741324921135
305434,15,1503,150301,Control,EoSY,Grade 9,low proficient,82,606,13.531353135313532
301464,4,417,41710,Control,EoSY,Grade 9,low proficient,66,497,13.279678068410464
305461,15,1515,151502,Control,EoSY,Grade 9,low proficient,48,265,18.11320754716981
305384,15,1501,150101,Control,EoSY,Grade 9,low proficient,106,373,28.41823056300268
301143,4,421,42101,Control,EoSY,Grade 9,low proficient,48,716,6.70391061452514
305340,15,1514,151401,Control,EoSY,Grade 9,low proficient,273,1021,26.738491674828598
305302,15,1507,150709,Treatment,EoSY,Grade 9,low proficient,287,1108,25.902527075812273
308103,4,417,41712,Control,EoSY,Grade 9,low proficient,103,278,37.05035971223022
308130,4,417,41711,Control,EoSY,Grade 9,low proficient,14,128,10.9375
301227,4,420,42001,Control,EoSY,Grade 9,low proficient,64,562,11.387900355871887
305334,15,1514,151401,Control,EoSY,Grade 9,low proficient,196,539,36.36363636363637
305367,15,1512,151201,Control,EoSY,Grade 9,low proficient,0,811,0
305635,15,1514,151401,Control,EoSY,Grade 9,low proficient,156,384,40.625
301218,4,408,40814,Control,EoSY,Grade 9,low proficient,269,1805,14.903047091412743
308501,4,415,41501,Control,EoSY,Grade 9,low proficient,140,427,32.78688524590164
500332,15,1506,150601,Control,EoSY,Grade 9,low proficient,173,318,54.40251572327044
305471,15,1509,150901,Control,EoSY,Grade 9,low proficient,434,640,67.8125
305376,15,1501,150101,Treatment,EoSY,Grade 9,low proficient,6,795,0.7547169811320755
301432,4,417,41705,Control,EoSY,Grade 9,low proficient,54,446,12.10762331838565
305459,15,1515,151502,Control,EoSY,Grade 9,low proficient,141,677,20.82717872968981
305313,15,1507,150708,Control,EoSY,Grade 9,low proficient,50,508,9.84251968503937
301186,4,410,41001,Control,EoSY,Grade 9,low proficient,344,1470,23.401360544217688
301184,4,410,41001,Control,EoSY,Grade 9,low proficient,156,862,18.097447795823665
305295,15,1507,150710,Control,EoSY,Grade 9,low proficient,301,1178,25.551782682512734
301416,4,422,42201,Control,EoSY,Grade 9,low proficient,3,135,2.2222222222222223
305450,15,1505,150501,Treatment,EoSY,Grade 9,low proficient,86,347,24.78386167146974
301403,4,416,41606,Control,EoSY,Grade 9,low proficient,47,341,13.782991202346041
301451,4,417,41708,Control,EoSY,Grade 9,low proficient,131,254,51.574803149606296
305338,15,1514,151401,Control,EoSY,Grade 9,low proficient,105,633,16.587677725118482
301257,4,413,41312,Control,EoSY,Grade 9,low proficient,204,1669,12.222887956860395
305416,15,1513,151301,Control,EoSY,Grade 9,low proficient,370,859,43.07334109429569
305337,15,1514,151401,Control,EoSY,Grade 9,low proficient,566,1903,29.74251182343668
305353,15,1514,151401,Control,EoSY,Grade 9,low proficient,33,377,8.753315649867375
301197,4,408,40812,Control,EoSY,Grade 9,low proficient,1,348,0.28735632183908044
301236,4,413,41308,Treatment,EoSY,Grade 9,low proficient,63,245,25.714285714285715
305444,15,1516,151601,Control,EoSY,Grade 9,low proficient,81,291,27.835051546391753
320306,15,1503,150301,Control,EoSY,Grade 9,low proficient,193,688,28.052325581395348
301489,4,414,41401,Control,EoSY,Grade 9,low proficient,8,292,2.73972602739726
301507,4,418,41801,Control,EoSY,Grade 9,low proficient,7,100,7
301456,4,417,41710,Control,EoSY,Grade 9,low proficient,77,442,17.420814479638008
301238,4,413,41303,Control,EoSY,Grade 9,low proficient,126,441,28.571428571428573
305438,15,1516,151601,Control,EoSY,Grade 9,low proficient,188,882,21.31519274376417
305324,15,1514,151401,Control,EoSY,Grade 9,low proficient,24,291,8.24742268041237
305454,15,1510,151001,Control,EoSY,Grade 9,low proficient,0,119,0
308122,4,417,41708,Control,EoSY,Grade 9,low proficient,77,148,52.027027027027025
301508,4,418,41801,Control,EoSY,Grade 9,low proficient,138,242,57.02479338842975
305465,15,1515,151502,Control,EoSY,Grade 9,low proficient,375,743,50.47106325706595
305428,15,1511,151101,Control,EoSY,Grade 9,low proficient,205,345,59.42028985507246
301175,4,408,40807,Control,EoSY,Grade 9,low proficient,173,482,35.892116182572614
301437,4,417,41704,Control,EoSY,Grade 9,low proficient,244,919,26.550598476605007
320204,15,1511,151101,Control,EoSY,Grade 9,low proficient,57,552,10.326086956521738
305447,15,1505,150501,Control,EoSY,Grade 9,low proficient,37,631,5.863708399366086
301438,4,417,41704,Control,EoSY,Grade 9,low proficient,294,443,66.36568848758465
308135,4,417,41708,Control,EoSY,Grade 9,low proficient,115,346,33.23699421965318
301418,4,401,40101,Control,EoSY,Grade 9,low proficient,423,2300,18.391304347826086
305288,15,1507,150710,Control,EoSY,Grade 9,low proficient,302,671,45.007451564828614
301265,4,413,41301,Control,EoSY,Grade 9,low proficient,117,328,35.670731707317074
305442,15,1516,151601,Control,EoSY,Grade 9,low proficient,110,260,42.30769230769231
500339,15,1505,150501,Control,EoSY,Grade 9,low proficient,102,311,32.79742765273312
305435,15,1503,150301,Control,EoSY,Grade 9,low proficient,137,348,39.367816091954026
308134,4,417,41708,Control,EoSY,Grade 9,low proficient,38,446,8.52017937219731
305452,15,1505,150501,Control,EoSY,Grade 9,low proficient,65,593,10.961214165261383
312330,7,703,70308,Treatment,EoSY,Grade 9,low proficient,4,48,8.333333333333334
305710,7,703,70302,Treatment,EoSY,Grade 9,low proficient,3,67,4.477611940298507
305655,11,1101,110101,Treatment,EoSY,Grade 9,low proficient,7,14,50
305581,7,703,70303,Treatment,EoSY,Grade 9,low proficient,1,29,3.4482758620689653
303130,7,703,70309,Treatment,EoSY,Grade 9,low proficient,2,133,1.5037593984962405
312354,7,703,70309,Treatment,EoSY,Grade 9,low proficient,0,19,0
305849,11,1105,110503,Treatment,EoSY,Grade 9,low proficient,1,23,4.3478260869565215
305500,11,1101,110101,Treatment,EoSY,Grade 9,low proficient,0,23,0
312355,7,703,70304,Treatment,EoSY,Grade 9,low proficient,1,28,3.5714285714285716
501903,11,1110,111001,Treatment,EoSY,Grade 9,low proficient,1,16,6.25
500665,7,705,70527,Control,EoSY,Grade 9,low proficient,0,63,0
312462,7,705,70520,Control,EoSY,Grade 9,low proficient,7,25,28
306038,11,1102,110202,Control,EoSY,Grade 9,low proficient,13,21,61.904761904761905
500221,7,705,70527,Control,EoSY,Grade 9,low proficient,3,22,13.636363636363637
500744,7,708,70801,Control,EoSY,Grade 9,low proficient,3,34,8.823529411764707
305884,11,1101,110101,Control,EoSY,Grade 9,low proficient,6,77,7.792207792207792
303170,7,709,70901,Control,EoSY,Grade 9,low proficient,0,33,0
500787,7,708,70801,Control,EoSY,Grade 9,low proficient,17,42,40.476190476190474
500667,7,705,70528,Control,EoSY,Grade 9,low proficient,6,31,19.35483870967742
501071,11,1101,110101,Control,EoSY,Grade 9,low proficient,2,16,12.5
303046,7,705,70527,Control,EoSY,Grade 9,low proficient,3,75,4
325303,7,707,70701,Control,EoSY,Grade 9,low proficient,17,25,68
500208,7,703,70305,Control,EoSY,Grade 9,low proficient,0,15,0
312401,7,705,70525,Control,EoSY,Grade 9,low proficient,2,102,1.9607843137254901
303136,7,706,70601,Control,EoSY,Grade 9,low proficient,14,48,29.166666666666668
312435,7,707,70701,Control,EoSY,Grade 9,low proficient,NA,NA,NA
502186,11,1101,110101,Control,EoSY,Grade 9,low proficient,1,8,12.5
500782,7,708,70801,Control,EoSY,Grade 9,low proficient,142,188,75.53191489361703
306086,11,1106,110606,Control,EoSY,Grade 9,low proficient,0,15,0
305755,7,705,70529,Control,EoSY,Grade 9,low proficient,4,95,4.2105263157894735
305665,11,1101,110101,Control,EoSY,Grade 9,low proficient,7,13,53.84615384615385
501635,7,703,70301,Control,EoSY,Grade 9,low proficient,3,52,5.769230769230769
305843,11,1110,111001,Control,EoSY,Grade 9,low proficient,26,36,72.22222222222223
500894,7,705,70517,Control,EoSY,Grade 9,low proficient,2,81,2.4691358024691357
500671,7,705,70506,Control,EoSY,Grade 9,low proficient,4,25,16
305847,11,1105,110503,Control,EoSY,Grade 9,low proficient,0,22,0
500784,7,708,70801,Control,EoSY,Grade 9,low proficient,3,9,33.333333333333336
501267,7,705,70525,Control,EoSY,Grade 9,low proficient,0,21,0
306000,7,705,70525,Control,EoSY,Grade 9,low proficient,0,24,0
305517,11,1106,110608,Control,EoSY,Grade 9,low proficient,16,41,39.02439024390244
305713,7,710,71001,Control,EoSY,Grade 9,low proficient,13,47,27.659574468085108
500768,7,705,70521,Control,EoSY,Grade 9,low proficient,0,63,0
316303,11,1107,110701,Control,EoSY,Grade 9,low proficient,10,55,18.181818181818183
316304,11,1107,110701,Control,EoSY,Grade 9,low proficient,10,39,25.641025641025642
305506,11,1101,110101,Control,EoSY,Grade 9,low proficient,6,17,35.294117647058826
500421,7,705,70507,Control,EoSY,Grade 9,low proficient,0,82,0
305681,11,1110,111001,Control,EoSY,Grade 9,low proficient,75,163,46.012269938650306
303186,7,711,71101,Control,EoSY,Grade 9,low proficient,NA,NA,NA
501429,7,714,71402,Control,EoSY,Grade 9,low proficient,12,55,21.818181818181817
305844,11,1103,110303,Control,EoSY,Grade 9,low proficient,27,47,57.4468085106383
305965,11,1110,111001,Control,EoSY,Grade 9,low proficient,4,56,7.142857142857143
501076,11,1103,110305,Control,EoSY,Grade 9,low proficient,0,8,0
305889,11,1101,110101,Control,EoSY,Grade 9,low proficient,19,34,55.88235294117647
501074,11,1103,110306,Control,EoSY,Grade 9,low proficient,2,40,5
312408,7,705,70530,Control,EoSY,Grade 9,low proficient,2,47,4.25531914893617
501351,7,705,70522,Control,EoSY,Grade 9,low proficient,NA,NA,NA
501404,11,1101,110101,Control,EoSY,Grade 9,low proficient,9,26,34.61538461538461
305660,11,1101,110101,Control,EoSY,Grade 9,low proficient,3,36,8.333333333333334
303219,7,701,70101,Control,EoSY,Grade 9,low proficient,22,105,20.952380952380953
312450,7,705,70522,Control,EoSY,Grade 9,low proficient,24,72,33.333333333333336
324903,7,704,70401,Control,EoSY,Grade 9,low proficient,0,21,0
501065,11,1101,110101,Control,EoSY,Grade 9,low proficient,3,107,2.803738317757009
312451,7,705,70532,Control,EoSY,Grade 9,low proficient,26,42,61.904761904761905
501763,11,1103,110305,Control,EoSY,Grade 9,low proficient,12,24,50
316405,11,1110,111001,Control,EoSY,Grade 9,low proficient,42,83,50.602409638554214
316404,11,1110,111001,Control,EoSY,Grade 9,low proficient,40,49,81.63265306122449
316301,11,1107,110701,Control,EoSY,Grade 9,low proficient,63,150,42
312910,7,710,71001,Control,EoSY,Grade 9,low proficient,2,102,1.9607843137254901
303011,7,705,70512,Control,EoSY,Grade 9,low proficient,1,30,3.3333333333333335
305651,11,1101,110101,Control,EoSY,Grade 9,low proficient,14,27,51.851851851851855
305662,11,1101,110101,Control,EoSY,Grade 9,low proficient,4,31,12.903225806451612
305850,11,1105,110503,Control,EoSY,Grade 9,low proficient,0,29,0
312481,7,705,70518,Control,EoSY,Grade 9,low proficient,117,169,69.23076923076923
304409,11,1110,111001,Control,EoSY,Grade 9,low proficient,23,99,23.232323232323232
303246,7,713,71303,Control,EoSY,Grade 9,low proficient,32,102,31.372549019607842
501405,11,1101,110101,Control,EoSY,Grade 9,low proficient,4,37,10.81081081081081
305677,11,1105,110503,Control,EoSY,Grade 9,low proficient,4,50,8
500447,7,708,70801,Control,EoSY,Grade 9,low proficient,6,45,13.333333333333334
501305,7,708,70801,Control,EoSY,Grade 9,low proficient,2,25,8
305917,7,708,70801,Control,EoSY,Grade 9,low proficient,2,28,7.142857142857143
305722,7,703,70304,Control,EoSY,Grade 9,low proficient,0,48,0
312953,7,713,71306,Control,EoSY,Grade 9,low proficient,0,22,0
305498,11,1101,110101,Control,EoSY,Grade 9,low proficient,1,47,2.127659574468085
305669,11,1101,110101,Control,EoSY,Grade 9,low proficient,21,21,100
312960,7,710,71002,Control,EoSY,Grade 9,low proficient,19,69,27.536231884057973
309906,5,508,50811,Treatment,EoSY,Grade 9,nearly proficient,0,108,0
309934,5,508,50806,Treatment,EoSY,Grade 9,nearly proficient,11,32,34.375
301871,5,501,50107,Treatment,EoSY,Grade 9,nearly proficient,0,65,0
302134,5,508,50804,Treatment,EoSY,Grade 9,nearly proficient,4,124,3.225806451612903
302117,5,508,50803,Treatment,EoSY,Grade 9,nearly proficient,0,56,0
309909,5,508,50801,Treatment,EoSY,Grade 9,nearly proficient,0,90,0
309915,5,508,50801,Treatment,EoSY,Grade 9,nearly proficient,2,34,5.882352941176471
501544,5,508,50815,Treatment,EoSY,Grade 9,nearly proficient,4,71,5.633802816901408
301887,5,502,50205,Treatment,EoSY,Grade 9,nearly proficient,4,69,5.797101449275362
302175,5,508,50820,Treatment,EoSY,Grade 9,nearly proficient,0,115,0
302146,5,508,50812,Treatment,EoSY,Grade 9,nearly proficient,1,133,0.7518796992481203
309921,5,508,50805,Treatment,EoSY,Grade 9,nearly proficient,0,67,0
302254,5,505,50501,Control,EoSY,Grade 9,nearly proficient,0,89,0
309513,5,501,50112,Control,EoSY,Grade 9,nearly proficient,3,84,3.5714285714285716
500163,5,508,50801,Control,EoSY,Grade 9,nearly proficient,0,65,0
302058,5,503,50333,Control,EoSY,Grade 9,nearly proficient,0,123,0
302192,5,511,51103,Control,EoSY,Grade 9,nearly proficient,1,208,0.4807692307692308
302227,5,511,51105,Control,EoSY,Grade 9,nearly proficient,0,46,0
302252,5,505,50501,Control,EoSY,Grade 9,nearly proficient,7,57,12.280701754385966
309914,5,508,50806,Control,EoSY,Grade 9,nearly proficient,0,156,0
309711,5,503,50317,Control,EoSY,Grade 9,nearly proficient,3,57,5.2631578947368425
301817,5,507,50701,Control,EoSY,Grade 9,nearly proficient,0,76,0
302165,5,508,50816,Control,EoSY,Grade 9,nearly proficient,0,58,0
301974,5,503,50311,Treatment,EoSY,Grade 9,nearly proficient,0,46,0
302256,5,505,50501,Control,EoSY,Grade 9,nearly proficient,2,91,2.197802197802198
301834,5,501,50106,Control,EoSY,Grade 9,nearly proficient,0,128,0
309760,5,503,50306,Control,EoSY,Grade 9,nearly proficient,17,47,36.170212765957444
309936,5,508,50819,Control,EoSY,Grade 9,nearly proficient,0,45,0
302203,5,511,51102,Control,EoSY,Grade 9,nearly proficient,0,36,0
302011,5,503,50314,Control,EoSY,Grade 9,nearly proficient,0,102,0
500168,5,505,50501,Control,EoSY,Grade 9,nearly proficient,0,57,0
301947,5,503,50306,Control,EoSY,Grade 9,nearly proficient,0,312,0
309941,5,508,50812,Control,EoSY,Grade 9,nearly proficient,1,151,0.6622516556291391
301839,5,501,50111,Control,EoSY,Grade 9,nearly proficient,14,64,21.875
501843,5,508,50818,Treatment,EoSY,Grade 9,nearly proficient,0,36,0
302111,5,508,50801,Control,EoSY,Grade 9,nearly proficient,194,400,48.5
302133,5,509,50901,Control,EoSY,Grade 9,nearly proficient,31,156,19.871794871794872
301990,5,503,50317,Control,EoSY,Grade 9,nearly proficient,0,40,0
309937,5,508,50819,Control,EoSY,Grade 9,nearly proficient,0,48,0
302241,5,511,51105,Control,EoSY,Grade 9,nearly proficient,33,85,38.8235294117647
500167,5,505,50501,Control,EoSY,Grade 9,nearly proficient,0,58,0
309764,5,503,50320,Control,EoSY,Grade 9,nearly proficient,0,31,0
302205,5,511,51106,Control,EoSY,Grade 9,nearly proficient,0,101,0
302014,5,503,50302,Control,EoSY,Grade 9,nearly proficient,0,110,0
309740,5,503,50315,Control,EoSY,Grade 9,nearly proficient,0,65,0
309741,5,503,50315,Control,EoSY,Grade 9,nearly proficient,0,77,0
302161,5,508,50803,Treatment,EoSY,Grade 9,nearly proficient,0,73,0
302113,5,508,50818,Treatment,EoSY,Grade 9,nearly proficient,58,62,93.54838709677419
302127,5,508,50817,Control,EoSY,Grade 9,nearly proficient,0,32,0
301899,5,502,50205,Control,EoSY,Grade 9,nearly proficient,0,103,0
309509,5,501,50113,Control,EoSY,Grade 9,nearly proficient,0,81,0
309903,5,508,50816,Control,EoSY,Grade 9,nearly proficient,7,75,9.333333333333334
301995,5,503,50310,Control,EoSY,Grade 9,nearly proficient,0,55,0
309702,5,503,50325,Control,EoSY,Grade 9,nearly proficient,0,177,0
501020,5,503,50310,Control,EoSY,Grade 9,nearly proficient,0,28,0
309743,5,503,50332,Control,EoSY,Grade 9,nearly proficient,1,118,0.847457627118644
301816,5,501,50101,Control,EoSY,Grade 9,nearly proficient,0,95,0
302054,5,503,50315,Control,EoSY,Grade 9,nearly proficient,0,87,0
301862,5,507,50701,Control,EoSY,Grade 9,nearly proficient,0,191,0
502477,5,501,50108,Control,EoSY,Grade 9,nearly proficient,12,23,52.17391304347826
302283,5,513,51301,Control,EoSY,Grade 9,nearly proficient,23,238,9.663865546218487
301900,5,502,50206,Control,EoSY,Grade 9,nearly proficient,0,53,0
302123,5,508,50808,Control,EoSY,Grade 9,nearly proficient,0,78,0
309512,5,501,50110,Control,EoSY,Grade 9,nearly proficient,16,42,38.095238095238095
302284,5,513,51301,Control,EoSY,Grade 9,nearly proficient,0,145,0
500034,5,508,50819,Control,EoSY,Grade 9,nearly proficient,8,32,25
302043,5,503,50305,Control,EoSY,Grade 9,nearly proficient,13,156,8.333333333333334
302182,5,511,51107,Control,EoSY,Grade 9,nearly proficient,6,83,7.228915662650603
301986,5,503,50334,Control,EoSY,Grade 9,nearly proficient,1,184,0.5434782608695652
302109,5,508,50817,Control,EoSY,Grade 9,nearly proficient,12,193,6.217616580310881
302061,5,503,50311,Control,EoSY,Grade 9,nearly proficient,19,45,42.22222222222222
309931,5,508,50802,Control,EoSY,Grade 9,nearly proficient,2,58,3.4482758620689653
301984,5,503,50331,Control,EoSY,Grade 9,nearly proficient,0,171,0
302156,5,508,50803,Control,EoSY,Grade 9,nearly proficient,0,88,0
309705,5,503,50330,Control,EoSY,Grade 9,nearly proficient,0,71,0
500165,5,508,50804,Control,EoSY,Grade 9,nearly proficient,4,39,10.256410256410257
301930,5,503,50328,Control,EoSY,Grade 9,nearly proficient,0,73,0
302177,5,508,50806,Control,EoSY,Grade 9,nearly proficient,0,74,0
302282,5,513,51301,Control,EoSY,Grade 9,nearly proficient,2,277,0.7220216606498195
502615,5,508,50802,Control,EoSY,Grade 9,nearly proficient,0,11,0
302263,5,506,50601,Control,EoSY,Grade 9,nearly proficient,0,62,0
301826,5,501,50103,Control,EoSY,Grade 9,nearly proficient,2,35,5.714285714285714
305750,5,513,51301,Control,EoSY,Grade 9,nearly proficient,0,43,0
301870,5,501,50110,Control,EoSY,Grade 9,nearly proficient,15,67,22.388059701492537
302039,5,503,50316,Control,EoSY,Grade 9,nearly proficient,0,234,0
301868,5,501,50112,Control,EoSY,Grade 9,nearly proficient,13,174,7.471264367816092
301963,5,503,50316,Control,EoSY,Grade 9,nearly proficient,0,157,0
340567,15,1505,150501,Treatment,EoSY,Grade 9,nearly proficient,0,158,0
320606,15,1515,151502,Treatment,EoSY,Grade 9,nearly proficient,188,308,61.03896103896104
320202,15,1511,151101,Treatment,EoSY,Grade 9,nearly proficient,5,107,4.672897196261682
305310,15,1507,150703,Treatment,EoSY,Grade 9,nearly proficient,0,284,0
305418,15,1513,151301,Treatment,EoSY,Grade 9,nearly proficient,82,960,8.541666666666666
500565,15,1515,151502,Treatment,EoSY,Grade 9,nearly proficient,511,689,74.1654571843251
301258,4,413,41308,Treatment,EoSY,Grade 9,nearly proficient,0,375,0
301214,4,411,41101,Treatment,EoSY,Grade 9,nearly proficient,258,654,39.44954128440367
301497,4,414,41401,Treatment,EoSY,Grade 9,nearly proficient,2,319,0.6269592476489029
305411,15,1515,151502,Treatment,EoSY,Grade 9,nearly proficient,0,755,0
305420,15,1513,151301,Treatment,EoSY,Grade 9,nearly proficient,93,1092,8.516483516483516
301231,4,413,41302,Control,EoSY,Grade 9,nearly proficient,21,157,13.375796178343949
301188,4,402,40201,Control,EoSY,Grade 9,nearly proficient,0,610,0
307913,4,413,41309,Control,EoSY,Grade 9,nearly proficient,70,237,29.535864978902953
500566,15,1507,150710,Control,EoSY,Grade 9,nearly proficient,7,680,1.0294117647058822
305453,15,1510,151001,Control,EoSY,Grade 9,nearly proficient,399,803,49.68866749688667
305311,15,1507,150702,Control,EoSY,Grade 9,nearly proficient,81,277,29.24187725631769
301425,4,401,40101,Control,EoSY,Grade 9,nearly proficient,66,774,8.527131782945736
301202,4,408,40812,Control,EoSY,Grade 9,nearly proficient,123,285,43.1578947368421
305412,15,1515,151502,Control,EoSY,Grade 9,nearly proficient,4,908,0.44052863436123346
308105,4,417,41703,Control,EoSY,Grade 9,nearly proficient,43,626,6.8690095846645365
305341,15,1514,151401,Control,EoSY,Grade 9,nearly proficient,11,1278,0.8607198748043818
319604,15,1512,151201,Control,EoSY,Grade 9,nearly proficient,109,288,37.84722222222222
305568,15,1516,151601,Control,EoSY,Grade 9,nearly proficient,0,317,0
305434,15,1503,150301,Control,EoSY,Grade 9,nearly proficient,0,606,0
301464,4,417,41710,Control,EoSY,Grade 9,nearly proficient,39,497,7.847082494969819
305461,15,1515,151502,Control,EoSY,Grade 9,nearly proficient,1,265,0.37735849056603776
305384,15,1501,150101,Control,EoSY,Grade 9,nearly proficient,177,373,47.45308310991957
301143,4,421,42101,Control,EoSY,Grade 9,nearly proficient,1,716,0.13966480446927373
305340,15,1514,151401,Control,EoSY,Grade 9,nearly proficient,6,1021,0.5876591576885406
305302,15,1507,150709,Treatment,EoSY,Grade 9,nearly proficient,0,1108,0
308103,4,417,41712,Control,EoSY,Grade 9,nearly proficient,38,278,13.66906474820144
308130,4,417,41711,Control,EoSY,Grade 9,nearly proficient,0,128,0
301227,4,420,42001,Control,EoSY,Grade 9,nearly proficient,0,562,0
305334,15,1514,151401,Control,EoSY,Grade 9,nearly proficient,8,539,1.484230055658627
305367,15,1512,151201,Control,EoSY,Grade 9,nearly proficient,465,811,57.33662145499383
305635,15,1514,151401,Control,EoSY,Grade 9,nearly proficient,1,384,0.2604166666666667
301218,4,408,40814,Control,EoSY,Grade 9,nearly proficient,3,1805,0.16620498614958448
308501,4,415,41501,Control,EoSY,Grade 9,nearly proficient,8,427,1.873536299765808
500332,15,1506,150601,Control,EoSY,Grade 9,nearly proficient,0,318,0
305471,15,1509,150901,Control,EoSY,Grade 9,nearly proficient,85,640,13.28125
305376,15,1501,150101,Treatment,EoSY,Grade 9,nearly proficient,281,795,35.34591194968554
301432,4,417,41705,Control,EoSY,Grade 9,nearly proficient,0,446,0
305459,15,1515,151502,Control,EoSY,Grade 9,nearly proficient,284,677,41.949778434268836
305313,15,1507,150708,Control,EoSY,Grade 9,nearly proficient,389,508,76.5748031496063
301186,4,410,41001,Control,EoSY,Grade 9,nearly proficient,313,1470,21.292517006802722
301184,4,410,41001,Control,EoSY,Grade 9,nearly proficient,555,862,64.38515081206496
305295,15,1507,150710,Control,EoSY,Grade 9,nearly proficient,42,1178,3.565365025466893
301416,4,422,42201,Control,EoSY,Grade 9,nearly proficient,0,135,0
305450,15,1505,150501,Treatment,EoSY,Grade 9,nearly proficient,153,347,44.09221902017291
301403,4,416,41606,Control,EoSY,Grade 9,nearly proficient,0,341,0
301451,4,417,41708,Control,EoSY,Grade 9,nearly proficient,62,254,24.409448818897637
305338,15,1514,151401,Control,EoSY,Grade 9,nearly proficient,11,633,1.7377567140600316
301257,4,413,41312,Control,EoSY,Grade 9,nearly proficient,10,1669,0.5991611743559018
305416,15,1513,151301,Control,EoSY,Grade 9,nearly proficient,262,859,30.50058207217695
305337,15,1514,151401,Control,EoSY,Grade 9,nearly proficient,25,1903,1.3137151865475565
305353,15,1514,151401,Control,EoSY,Grade 9,nearly proficient,0,377,0
301197,4,408,40812,Control,EoSY,Grade 9,nearly proficient,70,348,20.114942528735632
301236,4,413,41308,Treatment,EoSY,Grade 9,nearly proficient,3,245,1.2244897959183674
305444,15,1516,151601,Control,EoSY,Grade 9,nearly proficient,0,291,0
320306,15,1503,150301,Control,EoSY,Grade 9,nearly proficient,0,688,0
301489,4,414,41401,Control,EoSY,Grade 9,nearly proficient,0,292,0
301507,4,418,41801,Control,EoSY,Grade 9,nearly proficient,0,100,0
301456,4,417,41710,Control,EoSY,Grade 9,nearly proficient,0,442,0
301238,4,413,41303,Control,EoSY,Grade 9,nearly proficient,3,441,0.6802721088435374
305438,15,1516,151601,Control,EoSY,Grade 9,nearly proficient,2,882,0.22675736961451248
305324,15,1514,151401,Control,EoSY,Grade 9,nearly proficient,113,291,38.83161512027491
305454,15,1510,151001,Control,EoSY,Grade 9,nearly proficient,87,119,73.10924369747899
308122,4,417,41708,Control,EoSY,Grade 9,nearly proficient,8,148,5.405405405405405
301508,4,418,41801,Control,EoSY,Grade 9,nearly proficient,16,242,6.6115702479338845
305465,15,1515,151502,Control,EoSY,Grade 9,nearly proficient,128,743,17.227456258411845
305428,15,1511,151101,Control,EoSY,Grade 9,nearly proficient,18,345,5.217391304347826
301175,4,408,40807,Control,EoSY,Grade 9,nearly proficient,157,482,32.572614107883815
301437,4,417,41704,Control,EoSY,Grade 9,nearly proficient,2,919,0.2176278563656148
320204,15,1511,151101,Control,EoSY,Grade 9,nearly proficient,22,552,3.9855072463768115
305447,15,1505,150501,Control,EoSY,Grade 9,nearly proficient,133,631,21.077654516640255
301438,4,417,41704,Control,EoSY,Grade 9,nearly proficient,6,443,1.3544018058690745
308135,4,417,41708,Control,EoSY,Grade 9,nearly proficient,6,346,1.7341040462427746
301418,4,401,40101,Control,EoSY,Grade 9,nearly proficient,68,2300,2.9565217391304346
305288,15,1507,150710,Control,EoSY,Grade 9,nearly proficient,9,671,1.3412816691505216
301265,4,413,41301,Control,EoSY,Grade 9,nearly proficient,25,328,7.621951219512195
305442,15,1516,151601,Control,EoSY,Grade 9,nearly proficient,14,260,5.384615384615385
500339,15,1505,150501,Control,EoSY,Grade 9,nearly proficient,5,311,1.607717041800643
305435,15,1503,150301,Control,EoSY,Grade 9,nearly proficient,79,348,22.701149425287355
308134,4,417,41708,Control,EoSY,Grade 9,nearly proficient,0,446,0
305452,15,1505,150501,Control,EoSY,Grade 9,nearly proficient,187,593,31.534569983136592
312330,7,703,70308,Treatment,EoSY,Grade 9,nearly proficient,0,48,0
305710,7,703,70302,Treatment,EoSY,Grade 9,nearly proficient,0,67,0
305655,11,1101,110101,Treatment,EoSY,Grade 9,nearly proficient,4,14,28.571428571428573
305581,7,703,70303,Treatment,EoSY,Grade 9,nearly proficient,0,29,0
303130,7,703,70309,Treatment,EoSY,Grade 9,nearly proficient,0,133,0
312354,7,703,70309,Treatment,EoSY,Grade 9,nearly proficient,0,19,0
305849,11,1105,110503,Treatment,EoSY,Grade 9,nearly proficient,0,23,0
305500,11,1101,110101,Treatment,EoSY,Grade 9,nearly proficient,0,23,0
312355,7,703,70304,Treatment,EoSY,Grade 9,nearly proficient,0,28,0
501903,11,1110,111001,Treatment,EoSY,Grade 9,nearly proficient,0,16,0
500665,7,705,70527,Control,EoSY,Grade 9,nearly proficient,0,63,0
312462,7,705,70520,Control,EoSY,Grade 9,nearly proficient,0,25,0
306038,11,1102,110202,Control,EoSY,Grade 9,nearly proficient,4,21,19.047619047619047
500221,7,705,70527,Control,EoSY,Grade 9,nearly proficient,0,22,0
500744,7,708,70801,Control,EoSY,Grade 9,nearly proficient,0,34,0
305884,11,1101,110101,Control,EoSY,Grade 9,nearly proficient,61,77,79.22077922077922
303170,7,709,70901,Control,EoSY,Grade 9,nearly proficient,0,33,0
500787,7,708,70801,Control,EoSY,Grade 9,nearly proficient,1,42,2.380952380952381
500667,7,705,70528,Control,EoSY,Grade 9,nearly proficient,3,31,9.67741935483871
501071,11,1101,110101,Control,EoSY,Grade 9,nearly proficient,0,16,0
303046,7,705,70527,Control,EoSY,Grade 9,nearly proficient,0,75,0
325303,7,707,70701,Control,EoSY,Grade 9,nearly proficient,1,25,4
500208,7,703,70305,Control,EoSY,Grade 9,nearly proficient,0,15,0
312401,7,705,70525,Control,EoSY,Grade 9,nearly proficient,0,102,0
303136,7,706,70601,Control,EoSY,Grade 9,nearly proficient,0,48,0
312435,7,707,70701,Control,EoSY,Grade 9,nearly proficient,NA,NA,NA
502186,11,1101,110101,Control,EoSY,Grade 9,nearly proficient,0,8,0
500782,7,708,70801,Control,EoSY,Grade 9,nearly proficient,8,188,4.25531914893617
306086,11,1106,110606,Control,EoSY,Grade 9,nearly proficient,0,15,0
305755,7,705,70529,Control,EoSY,Grade 9,nearly proficient,1,95,1.0526315789473684
305665,11,1101,110101,Control,EoSY,Grade 9,nearly proficient,5,13,38.46153846153846
501635,7,703,70301,Control,EoSY,Grade 9,nearly proficient,0,52,0
305843,11,1110,111001,Control,EoSY,Grade 9,nearly proficient,2,36,5.555555555555555
500894,7,705,70517,Control,EoSY,Grade 9,nearly proficient,0,81,0
500671,7,705,70506,Control,EoSY,Grade 9,nearly proficient,0,25,0
305847,11,1105,110503,Control,EoSY,Grade 9,nearly proficient,0,22,0
500784,7,708,70801,Control,EoSY,Grade 9,nearly proficient,0,9,0
501267,7,705,70525,Control,EoSY,Grade 9,nearly proficient,0,21,0
306000,7,705,70525,Control,EoSY,Grade 9,nearly proficient,0,24,0
305517,11,1106,110608,Control,EoSY,Grade 9,nearly proficient,4,41,9.75609756097561
305713,7,710,71001,Control,EoSY,Grade 9,nearly proficient,8,47,17.02127659574468
500768,7,705,70521,Control,EoSY,Grade 9,nearly proficient,0,63,0
316303,11,1107,110701,Control,EoSY,Grade 9,nearly proficient,0,55,0
316304,11,1107,110701,Control,EoSY,Grade 9,nearly proficient,8,39,20.512820512820515
305506,11,1101,110101,Control,EoSY,Grade 9,nearly proficient,9,17,52.94117647058823
500421,7,705,70507,Control,EoSY,Grade 9,nearly proficient,0,82,0
305681,11,1110,111001,Control,EoSY,Grade 9,nearly proficient,18,163,11.042944785276074
303186,7,711,71101,Control,EoSY,Grade 9,nearly proficient,NA,NA,NA
501429,7,714,71402,Control,EoSY,Grade 9,nearly proficient,0,55,0
305844,11,1103,110303,Control,EoSY,Grade 9,nearly proficient,15,47,31.914893617021278
305965,11,1110,111001,Control,EoSY,Grade 9,nearly proficient,2,56,3.5714285714285716
501076,11,1103,110305,Control,EoSY,Grade 9,nearly proficient,0,8,0
305889,11,1101,110101,Control,EoSY,Grade 9,nearly proficient,13,34,38.23529411764706
501074,11,1103,110306,Control,EoSY,Grade 9,nearly proficient,0,40,0
312408,7,705,70530,Control,EoSY,Grade 9,nearly proficient,0,47,0
501351,7,705,70522,Control,EoSY,Grade 9,nearly proficient,NA,NA,NA
501404,11,1101,110101,Control,EoSY,Grade 9,nearly proficient,0,26,0
305660,11,1101,110101,Control,EoSY,Grade 9,nearly proficient,0,36,0
303219,7,701,70101,Control,EoSY,Grade 9,nearly proficient,18,105,17.142857142857142
312450,7,705,70522,Control,EoSY,Grade 9,nearly proficient,0,72,0
324903,7,704,70401,Control,EoSY,Grade 9,nearly proficient,0,21,0
501065,11,1101,110101,Control,EoSY,Grade 9,nearly proficient,52,107,48.598130841121495
312451,7,705,70532,Control,EoSY,Grade 9,nearly proficient,4,42,9.523809523809524
501763,11,1103,110305,Control,EoSY,Grade 9,nearly proficient,2,24,8.333333333333334
316405,11,1110,111001,Control,EoSY,Grade 9,nearly proficient,3,83,3.6144578313253013
316404,11,1110,111001,Control,EoSY,Grade 9,nearly proficient,0,49,0
316301,11,1107,110701,Control,EoSY,Grade 9,nearly proficient,31,150,20.666666666666668
312910,7,710,71001,Control,EoSY,Grade 9,nearly proficient,0,102,0
303011,7,705,70512,Control,EoSY,Grade 9,nearly proficient,0,30,0
305651,11,1101,110101,Control,EoSY,Grade 9,nearly proficient,11,27,40.74074074074074
305662,11,1101,110101,Control,EoSY,Grade 9,nearly proficient,0,31,0
305850,11,1105,110503,Control,EoSY,Grade 9,nearly proficient,0,29,0
312481,7,705,70518,Control,EoSY,Grade 9,nearly proficient,7,169,4.1420118343195265
304409,11,1110,111001,Control,EoSY,Grade 9,nearly proficient,14,99,14.141414141414142
303246,7,713,71303,Control,EoSY,Grade 9,nearly proficient,1,102,0.9803921568627451
501405,11,1101,110101,Control,EoSY,Grade 9,nearly proficient,8,37,21.62162162162162
305677,11,1105,110503,Control,EoSY,Grade 9,nearly proficient,2,50,4
500447,7,708,70801,Control,EoSY,Grade 9,nearly proficient,0,45,0
501305,7,708,70801,Control,EoSY,Grade 9,nearly proficient,0,25,0
305917,7,708,70801,Control,EoSY,Grade 9,nearly proficient,0,28,0
305722,7,703,70304,Control,EoSY,Grade 9,nearly proficient,0,48,0
312953,7,713,71306,Control,EoSY,Grade 9,nearly proficient,0,22,0
305498,11,1101,110101,Control,EoSY,Grade 9,nearly proficient,0,47,0
305669,11,1101,110101,Control,EoSY,Grade 9,nearly proficient,0,21,0
312960,7,710,71002,Control,EoSY,Grade 9,nearly proficient,0,69,0
309906,5,508,50811,Treatment,EoSY,Grade 9,proficient,0,108,0
309934,5,508,50806,Treatment,EoSY,Grade 9,proficient,6,32,18.75
301871,5,501,50107,Treatment,EoSY,Grade 9,proficient,0,65,0
302134,5,508,50804,Treatment,EoSY,Grade 9,proficient,0,124,0
302117,5,508,50803,Treatment,EoSY,Grade 9,proficient,0,56,0
309909,5,508,50801,Treatment,EoSY,Grade 9,proficient,0,90,0
309915,5,508,50801,Treatment,EoSY,Grade 9,proficient,0,34,0
501544,5,508,50815,Treatment,EoSY,Grade 9,proficient,0,71,0
301887,5,502,50205,Treatment,EoSY,Grade 9,proficient,1,69,1.4492753623188406
302175,5,508,50820,Treatment,EoSY,Grade 9,proficient,0,115,0
302146,5,508,50812,Treatment,EoSY,Grade 9,proficient,0,133,0
309921,5,508,50805,Treatment,EoSY,Grade 9,proficient,0,67,0
302254,5,505,50501,Control,EoSY,Grade 9,proficient,0,89,0
309513,5,501,50112,Control,EoSY,Grade 9,proficient,0,84,0
500163,5,508,50801,Control,EoSY,Grade 9,proficient,0,65,0
302058,5,503,50333,Control,EoSY,Grade 9,proficient,0,123,0
302192,5,511,51103,Control,EoSY,Grade 9,proficient,2,208,0.9615384615384616
302227,5,511,51105,Control,EoSY,Grade 9,proficient,0,46,0
302252,5,505,50501,Control,EoSY,Grade 9,proficient,1,57,1.7543859649122806
309914,5,508,50806,Control,EoSY,Grade 9,proficient,0,156,0
309711,5,503,50317,Control,EoSY,Grade 9,proficient,0,57,0
301817,5,507,50701,Control,EoSY,Grade 9,proficient,0,76,0
302165,5,508,50816,Control,EoSY,Grade 9,proficient,0,58,0
301974,5,503,50311,Treatment,EoSY,Grade 9,proficient,0,46,0
302256,5,505,50501,Control,EoSY,Grade 9,proficient,0,91,0
301834,5,501,50106,Control,EoSY,Grade 9,proficient,0,128,0
309760,5,503,50306,Control,EoSY,Grade 9,proficient,0,47,0
309936,5,508,50819,Control,EoSY,Grade 9,proficient,0,45,0
302203,5,511,51102,Control,EoSY,Grade 9,proficient,0,36,0
302011,5,503,50314,Control,EoSY,Grade 9,proficient,0,102,0
500168,5,505,50501,Control,EoSY,Grade 9,proficient,0,57,0
301947,5,503,50306,Control,EoSY,Grade 9,proficient,0,312,0
309941,5,508,50812,Control,EoSY,Grade 9,proficient,0,151,0
301839,5,501,50111,Control,EoSY,Grade 9,proficient,0,64,0
501843,5,508,50818,Treatment,EoSY,Grade 9,proficient,0,36,0
302111,5,508,50801,Control,EoSY,Grade 9,proficient,87,400,21.75
302133,5,509,50901,Control,EoSY,Grade 9,proficient,4,156,2.5641025641025643
301990,5,503,50317,Control,EoSY,Grade 9,proficient,0,40,0
309937,5,508,50819,Control,EoSY,Grade 9,proficient,0,48,0
302241,5,511,51105,Control,EoSY,Grade 9,proficient,12,85,14.117647058823529
500167,5,505,50501,Control,EoSY,Grade 9,proficient,0,58,0
309764,5,503,50320,Control,EoSY,Grade 9,proficient,0,31,0
302205,5,511,51106,Control,EoSY,Grade 9,proficient,0,101,0
302014,5,503,50302,Control,EoSY,Grade 9,proficient,0,110,0
309740,5,503,50315,Control,EoSY,Grade 9,proficient,0,65,0
309741,5,503,50315,Control,EoSY,Grade 9,proficient,0,77,0
302161,5,508,50803,Treatment,EoSY,Grade 9,proficient,0,73,0
302113,5,508,50818,Treatment,EoSY,Grade 9,proficient,4,62,6.451612903225806
302127,5,508,50817,Control,EoSY,Grade 9,proficient,0,32,0
301899,5,502,50205,Control,EoSY,Grade 9,proficient,0,103,0
309509,5,501,50113,Control,EoSY,Grade 9,proficient,0,81,0
309903,5,508,50816,Control,EoSY,Grade 9,proficient,0,75,0
301995,5,503,50310,Control,EoSY,Grade 9,proficient,0,55,0
309702,5,503,50325,Control,EoSY,Grade 9,proficient,0,177,0
501020,5,503,50310,Control,EoSY,Grade 9,proficient,0,28,0
309743,5,503,50332,Control,EoSY,Grade 9,proficient,0,118,0
301816,5,501,50101,Control,EoSY,Grade 9,proficient,0,95,0
302054,5,503,50315,Control,EoSY,Grade 9,proficient,0,87,0
301862,5,507,50701,Control,EoSY,Grade 9,proficient,0,191,0
502477,5,501,50108,Control,EoSY,Grade 9,proficient,3,23,13.043478260869565
302283,5,513,51301,Control,EoSY,Grade 9,proficient,0,238,0
301900,5,502,50206,Control,EoSY,Grade 9,proficient,0,53,0
302123,5,508,50808,Control,EoSY,Grade 9,proficient,0,78,0
309512,5,501,50110,Control,EoSY,Grade 9,proficient,0,42,0
302284,5,513,51301,Control,EoSY,Grade 9,proficient,0,145,0
500034,5,508,50819,Control,EoSY,Grade 9,proficient,0,32,0
302043,5,503,50305,Control,EoSY,Grade 9,proficient,0,156,0
302182,5,511,51107,Control,EoSY,Grade 9,proficient,0,83,0
301986,5,503,50334,Control,EoSY,Grade 9,proficient,0,184,0
302109,5,508,50817,Control,EoSY,Grade 9,proficient,8,193,4.1450777202072535
302061,5,503,50311,Control,EoSY,Grade 9,proficient,11,45,24.444444444444443
309931,5,508,50802,Control,EoSY,Grade 9,proficient,0,58,0
301984,5,503,50331,Control,EoSY,Grade 9,proficient,0,171,0
302156,5,508,50803,Control,EoSY,Grade 9,proficient,0,88,0
309705,5,503,50330,Control,EoSY,Grade 9,proficient,0,71,0
500165,5,508,50804,Control,EoSY,Grade 9,proficient,3,39,7.6923076923076925
301930,5,503,50328,Control,EoSY,Grade 9,proficient,0,73,0
302177,5,508,50806,Control,EoSY,Grade 9,proficient,0,74,0
302282,5,513,51301,Control,EoSY,Grade 9,proficient,0,277,0
502615,5,508,50802,Control,EoSY,Grade 9,proficient,0,11,0
302263,5,506,50601,Control,EoSY,Grade 9,proficient,0,62,0
301826,5,501,50103,Control,EoSY,Grade 9,proficient,1,35,2.857142857142857
305750,5,513,51301,Control,EoSY,Grade 9,proficient,0,43,0
301870,5,501,50110,Control,EoSY,Grade 9,proficient,0,67,0
302039,5,503,50316,Control,EoSY,Grade 9,proficient,0,234,0
301868,5,501,50112,Control,EoSY,Grade 9,proficient,0,174,0
301963,5,503,50316,Control,EoSY,Grade 9,proficient,0,157,0
340567,15,1505,150501,Treatment,EoSY,Grade 9,proficient,0,158,0
320606,15,1515,151502,Treatment,EoSY,Grade 9,proficient,27,308,8.766233766233766
320202,15,1511,151101,Treatment,EoSY,Grade 9,proficient,1,107,0.9345794392523364
305310,15,1507,150703,Treatment,EoSY,Grade 9,proficient,0,284,0
305418,15,1513,151301,Treatment,EoSY,Grade 9,proficient,0,960,0
500565,15,1515,151502,Treatment,EoSY,Grade 9,proficient,98,689,14.223512336719883
301258,4,413,41308,Treatment,EoSY,Grade 9,proficient,0,375,0
301214,4,411,41101,Treatment,EoSY,Grade 9,proficient,145,654,22.171253822629968
301497,4,414,41401,Treatment,EoSY,Grade 9,proficient,1,319,0.31347962382445144
305411,15,1515,151502,Treatment,EoSY,Grade 9,proficient,0,755,0
305420,15,1513,151301,Treatment,EoSY,Grade 9,proficient,73,1092,6.684981684981685
301231,4,413,41302,Control,EoSY,Grade 9,proficient,12,157,7.643312101910828
301188,4,402,40201,Control,EoSY,Grade 9,proficient,0,610,0
307913,4,413,41309,Control,EoSY,Grade 9,proficient,25,237,10.548523206751055
500566,15,1507,150710,Control,EoSY,Grade 9,proficient,13,680,1.911764705882353
305453,15,1510,151001,Control,EoSY,Grade 9,proficient,221,803,27.521793275217934
305311,15,1507,150702,Control,EoSY,Grade 9,proficient,0,277,0
301425,4,401,40101,Control,EoSY,Grade 9,proficient,29,774,3.746770025839793
301202,4,408,40812,Control,EoSY,Grade 9,proficient,63,285,22.105263157894736
305412,15,1515,151502,Control,EoSY,Grade 9,proficient,0,908,0
308105,4,417,41703,Control,EoSY,Grade 9,proficient,37,626,5.9105431309904155
305341,15,1514,151401,Control,EoSY,Grade 9,proficient,11,1278,0.8607198748043818
319604,15,1512,151201,Control,EoSY,Grade 9,proficient,91,288,31.59722222222222
305568,15,1516,151601,Control,EoSY,Grade 9,proficient,0,317,0
305434,15,1503,150301,Control,EoSY,Grade 9,proficient,0,606,0
301464,4,417,41710,Control,EoSY,Grade 9,proficient,9,497,1.8108651911468814
305461,15,1515,151502,Control,EoSY,Grade 9,proficient,0,265,0
305384,15,1501,150101,Control,EoSY,Grade 9,proficient,41,373,10.99195710455764
301143,4,421,42101,Control,EoSY,Grade 9,proficient,0,716,0
305340,15,1514,151401,Control,EoSY,Grade 9,proficient,0,1021,0
305302,15,1507,150709,Treatment,EoSY,Grade 9,proficient,1,1108,0.09025270758122744
308103,4,417,41712,Control,EoSY,Grade 9,proficient,8,278,2.8776978417266186
308130,4,417,41711,Control,EoSY,Grade 9,proficient,0,128,0
301227,4,420,42001,Control,EoSY,Grade 9,proficient,0,562,0
305334,15,1514,151401,Control,EoSY,Grade 9,proficient,4,539,0.7421150278293135
305367,15,1512,151201,Control,EoSY,Grade 9,proficient,290,811,35.75832305795314
305635,15,1514,151401,Control,EoSY,Grade 9,proficient,0,384,0
301218,4,408,40814,Control,EoSY,Grade 9,proficient,2,1805,0.11080332409972299
308501,4,415,41501,Control,EoSY,Grade 9,proficient,2,427,0.468384074941452
500332,15,1506,150601,Control,EoSY,Grade 9,proficient,0,318,0
305471,15,1509,150901,Control,EoSY,Grade 9,proficient,35,640,5.46875
305376,15,1501,150101,Treatment,EoSY,Grade 9,proficient,348,795,43.77358490566038
301432,4,417,41705,Control,EoSY,Grade 9,proficient,0,446,0
305459,15,1515,151502,Control,EoSY,Grade 9,proficient,168,677,24.815361890694238
305313,15,1507,150708,Control,EoSY,Grade 9,proficient,69,508,13.582677165354331
301186,4,410,41001,Control,EoSY,Grade 9,proficient,237,1470,16.122448979591837
301184,4,410,41001,Control,EoSY,Grade 9,proficient,151,862,17.51740139211137
305295,15,1507,150710,Control,EoSY,Grade 9,proficient,21,1178,1.7826825127334465
301416,4,422,42201,Control,EoSY,Grade 9,proficient,0,135,0
305450,15,1505,150501,Treatment,EoSY,Grade 9,proficient,53,347,15.27377521613833
301403,4,416,41606,Control,EoSY,Grade 9,proficient,0,341,0
301451,4,417,41708,Control,EoSY,Grade 9,proficient,11,254,4.330708661417323
305338,15,1514,151401,Control,EoSY,Grade 9,proficient,0,633,0
301257,4,413,41312,Control,EoSY,Grade 9,proficient,9,1669,0.5392450569203115
305416,15,1513,151301,Control,EoSY,Grade 9,proficient,35,859,4.074505238649593
305337,15,1514,151401,Control,EoSY,Grade 9,proficient,0,1903,0
305353,15,1514,151401,Control,EoSY,Grade 9,proficient,0,377,0
301197,4,408,40812,Control,EoSY,Grade 9,proficient,166,348,47.701149425287355
301236,4,413,41308,Treatment,EoSY,Grade 9,proficient,1,245,0.40816326530612246
305444,15,1516,151601,Control,EoSY,Grade 9,proficient,0,291,0
320306,15,1503,150301,Control,EoSY,Grade 9,proficient,0,688,0
301489,4,414,41401,Control,EoSY,Grade 9,proficient,0,292,0
301507,4,418,41801,Control,EoSY,Grade 9,proficient,0,100,0
301456,4,417,41710,Control,EoSY,Grade 9,proficient,0,442,0
301238,4,413,41303,Control,EoSY,Grade 9,proficient,1,441,0.22675736961451248
305438,15,1516,151601,Control,EoSY,Grade 9,proficient,1,882,0.11337868480725624
305324,15,1514,151401,Control,EoSY,Grade 9,proficient,54,291,18.556701030927837
305454,15,1510,151001,Control,EoSY,Grade 9,proficient,26,119,21.84873949579832
308122,4,417,41708,Control,EoSY,Grade 9,proficient,0,148,0
301508,4,418,41801,Control,EoSY,Grade 9,proficient,0,242,0
305465,15,1515,151502,Control,EoSY,Grade 9,proficient,11,743,1.4804845222072678
305428,15,1511,151101,Control,EoSY,Grade 9,proficient,12,345,3.4782608695652173
301175,4,408,40807,Control,EoSY,Grade 9,proficient,114,482,23.651452282157678
301437,4,417,41704,Control,EoSY,Grade 9,proficient,1,919,0.1088139281828074
320204,15,1511,151101,Control,EoSY,Grade 9,proficient,13,552,2.3550724637681157
305447,15,1505,150501,Control,EoSY,Grade 9,proficient,325,631,51.50554675118859
301438,4,417,41704,Control,EoSY,Grade 9,proficient,6,443,1.3544018058690745
308135,4,417,41708,Control,EoSY,Grade 9,proficient,0,346,0
301418,4,401,40101,Control,EoSY,Grade 9,proficient,6,2300,0.2608695652173913
305288,15,1507,150710,Control,EoSY,Grade 9,proficient,2,671,0.29806259314456035
301265,4,413,41301,Control,EoSY,Grade 9,proficient,0,328,0
305442,15,1516,151601,Control,EoSY,Grade 9,proficient,8,260,3.076923076923077
500339,15,1505,150501,Control,EoSY,Grade 9,proficient,1,311,0.3215434083601286
305435,15,1503,150301,Control,EoSY,Grade 9,proficient,4,348,1.1494252873563218
308134,4,417,41708,Control,EoSY,Grade 9,proficient,0,446,0
305452,15,1505,150501,Control,EoSY,Grade 9,proficient,219,593,36.930860033726816
312330,7,703,70308,Treatment,EoSY,Grade 9,proficient,0,48,0
305710,7,703,70302,Treatment,EoSY,Grade 9,proficient,0,67,0
305655,11,1101,110101,Treatment,EoSY,Grade 9,proficient,1,14,7.142857142857143
305581,7,703,70303,Treatment,EoSY,Grade 9,proficient,0,29,0
303130,7,703,70309,Treatment,EoSY,Grade 9,proficient,0,133,0
312354,7,703,70309,Treatment,EoSY,Grade 9,proficient,0,19,0
305849,11,1105,110503,Treatment,EoSY,Grade 9,proficient,0,23,0
305500,11,1101,110101,Treatment,EoSY,Grade 9,proficient,0,23,0
312355,7,703,70304,Treatment,EoSY,Grade 9,proficient,0,28,0
501903,11,1110,111001,Treatment,EoSY,Grade 9,proficient,0,16,0
500665,7,705,70527,Control,EoSY,Grade 9,proficient,0,63,0
312462,7,705,70520,Control,EoSY,Grade 9,proficient,0,25,0
306038,11,1102,110202,Control,EoSY,Grade 9,proficient,4,21,19.047619047619047
500221,7,705,70527,Control,EoSY,Grade 9,proficient,0,22,0
500744,7,708,70801,Control,EoSY,Grade 9,proficient,0,34,0
305884,11,1101,110101,Control,EoSY,Grade 9,proficient,10,77,12.987012987012987
303170,7,709,70901,Control,EoSY,Grade 9,proficient,0,33,0
500787,7,708,70801,Control,EoSY,Grade 9,proficient,0,42,0
500667,7,705,70528,Control,EoSY,Grade 9,proficient,0,31,0
501071,11,1101,110101,Control,EoSY,Grade 9,proficient,0,16,0
303046,7,705,70527,Control,EoSY,Grade 9,proficient,0,75,0
325303,7,707,70701,Control,EoSY,Grade 9,proficient,0,25,0
500208,7,703,70305,Control,EoSY,Grade 9,proficient,0,15,0
312401,7,705,70525,Control,EoSY,Grade 9,proficient,0,102,0
303136,7,706,70601,Control,EoSY,Grade 9,proficient,0,48,0
312435,7,707,70701,Control,EoSY,Grade 9,proficient,NA,NA,NA
502186,11,1101,110101,Control,EoSY,Grade 9,proficient,0,8,0
500782,7,708,70801,Control,EoSY,Grade 9,proficient,10,188,5.319148936170213
306086,11,1106,110606,Control,EoSY,Grade 9,proficient,0,15,0
305755,7,705,70529,Control,EoSY,Grade 9,proficient,0,95,0
305665,11,1101,110101,Control,EoSY,Grade 9,proficient,1,13,7.6923076923076925
501635,7,703,70301,Control,EoSY,Grade 9,proficient,0,52,0
305843,11,1110,111001,Control,EoSY,Grade 9,proficient,1,36,2.7777777777777777
500894,7,705,70517,Control,EoSY,Grade 9,proficient,0,81,0
500671,7,705,70506,Control,EoSY,Grade 9,proficient,0,25,0
305847,11,1105,110503,Control,EoSY,Grade 9,proficient,0,22,0
500784,7,708,70801,Control,EoSY,Grade 9,proficient,0,9,0
501267,7,705,70525,Control,EoSY,Grade 9,proficient,0,21,0
306000,7,705,70525,Control,EoSY,Grade 9,proficient,0,24,0
305517,11,1106,110608,Control,EoSY,Grade 9,proficient,0,41,0
305713,7,710,71001,Control,EoSY,Grade 9,proficient,5,47,10.638297872340425
500768,7,705,70521,Control,EoSY,Grade 9,proficient,0,63,0
316303,11,1107,110701,Control,EoSY,Grade 9,proficient,0,55,0
316304,11,1107,110701,Control,EoSY,Grade 9,proficient,0,39,0
305506,11,1101,110101,Control,EoSY,Grade 9,proficient,1,17,5.882352941176471
500421,7,705,70507,Control,EoSY,Grade 9,proficient,0,82,0
305681,11,1110,111001,Control,EoSY,Grade 9,proficient,0,163,0
303186,7,711,71101,Control,EoSY,Grade 9,proficient,NA,NA,NA
501429,7,714,71402,Control,EoSY,Grade 9,proficient,0,55,0
305844,11,1103,110303,Control,EoSY,Grade 9,proficient,5,47,10.638297872340425
305965,11,1110,111001,Control,EoSY,Grade 9,proficient,0,56,0
501076,11,1103,110305,Control,EoSY,Grade 9,proficient,0,8,0
305889,11,1101,110101,Control,EoSY,Grade 9,proficient,0,34,0
501074,11,1103,110306,Control,EoSY,Grade 9,proficient,0,40,0
312408,7,705,70530,Control,EoSY,Grade 9,proficient,0,47,0
501351,7,705,70522,Control,EoSY,Grade 9,proficient,NA,NA,NA
501404,11,1101,110101,Control,EoSY,Grade 9,proficient,0,26,0
305660,11,1101,110101,Control,EoSY,Grade 9,proficient,0,36,0
303219,7,701,70101,Control,EoSY,Grade 9,proficient,1,105,0.9523809523809523
312450,7,705,70522,Control,EoSY,Grade 9,proficient,0,72,0
324903,7,704,70401,Control,EoSY,Grade 9,proficient,0,21,0
501065,11,1101,110101,Control,EoSY,Grade 9,proficient,13,107,12.149532710280374
312451,7,705,70532,Control,EoSY,Grade 9,proficient,3,42,7.142857142857143
501763,11,1103,110305,Control,EoSY,Grade 9,proficient,0,24,0
316405,11,1110,111001,Control,EoSY,Grade 9,proficient,0,83,0
316404,11,1110,111001,Control,EoSY,Grade 9,proficient,0,49,0
316301,11,1107,110701,Control,EoSY,Grade 9,proficient,15,150,10
312910,7,710,71001,Control,EoSY,Grade 9,proficient,0,102,0
303011,7,705,70512,Control,EoSY,Grade 9,proficient,0,30,0
305651,11,1101,110101,Control,EoSY,Grade 9,proficient,2,27,7.407407407407407
305662,11,1101,110101,Control,EoSY,Grade 9,proficient,0,31,0
305850,11,1105,110503,Control,EoSY,Grade 9,proficient,0,29,0
312481,7,705,70518,Control,EoSY,Grade 9,proficient,3,169,1.7751479289940828
304409,11,1110,111001,Control,EoSY,Grade 9,proficient,0,99,0
303246,7,713,71303,Control,EoSY,Grade 9,proficient,0,102,0
501405,11,1101,110101,Control,EoSY,Grade 9,proficient,11,37,29.72972972972973
305677,11,1105,110503,Control,EoSY,Grade 9,proficient,0,50,0
500447,7,708,70801,Control,EoSY,Grade 9,proficient,0,45,0
501305,7,708,70801,Control,EoSY,Grade 9,proficient,0,25,0
305917,7,708,70801,Control,EoSY,Grade 9,proficient,0,28,0
305722,7,703,70304,Control,EoSY,Grade 9,proficient,0,48,0
312953,7,713,71306,Control,EoSY,Grade 9,proficient,0,22,0
305498,11,1101,110101,Control,EoSY,Grade 9,proficient,0,47,0
305669,11,1101,110101,Control,EoSY,Grade 9,proficient,0,21,0
312960,7,710,71002,Control,EoSY,Grade 9,proficient,0,69,0
309906,5,508,50811,Treatment,EoSY,Grade 9,high proficient,0,108,0
309934,5,508,50806,Treatment,EoSY,Grade 9,high proficient,0,32,0
301871,5,501,50107,Treatment,EoSY,Grade 9,high proficient,0,65,0
302134,5,508,50804,Treatment,EoSY,Grade 9,high proficient,0,124,0
302117,5,508,50803,Treatment,EoSY,Grade 9,high proficient,0,56,0
309909,5,508,50801,Treatment,EoSY,Grade 9,high proficient,0,90,0
309915,5,508,50801,Treatment,EoSY,Grade 9,high proficient,0,34,0
501544,5,508,50815,Treatment,EoSY,Grade 9,high proficient,0,71,0
301887,5,502,50205,Treatment,EoSY,Grade 9,high proficient,0,69,0
302175,5,508,50820,Treatment,EoSY,Grade 9,high proficient,0,115,0
302146,5,508,50812,Treatment,EoSY,Grade 9,high proficient,0,133,0
309921,5,508,50805,Treatment,EoSY,Grade 9,high proficient,0,67,0
302254,5,505,50501,Control,EoSY,Grade 9,high proficient,0,89,0
309513,5,501,50112,Control,EoSY,Grade 9,high proficient,0,84,0
500163,5,508,50801,Control,EoSY,Grade 9,high proficient,0,65,0
302058,5,503,50333,Control,EoSY,Grade 9,high proficient,0,123,0
302192,5,511,51103,Control,EoSY,Grade 9,high proficient,0,208,0
302227,5,511,51105,Control,EoSY,Grade 9,high proficient,0,46,0
302252,5,505,50501,Control,EoSY,Grade 9,high proficient,0,57,0
309914,5,508,50806,Control,EoSY,Grade 9,high proficient,0,156,0
309711,5,503,50317,Control,EoSY,Grade 9,high proficient,0,57,0
301817,5,507,50701,Control,EoSY,Grade 9,high proficient,0,76,0
302165,5,508,50816,Control,EoSY,Grade 9,high proficient,0,58,0
301974,5,503,50311,Treatment,EoSY,Grade 9,high proficient,0,46,0
302256,5,505,50501,Control,EoSY,Grade 9,high proficient,0,91,0
301834,5,501,50106,Control,EoSY,Grade 9,high proficient,0,128,0
309760,5,503,50306,Control,EoSY,Grade 9,high proficient,0,47,0
309936,5,508,50819,Control,EoSY,Grade 9,high proficient,0,45,0
302203,5,511,51102,Control,EoSY,Grade 9,high proficient,0,36,0
302011,5,503,50314,Control,EoSY,Grade 9,high proficient,0,102,0
500168,5,505,50501,Control,EoSY,Grade 9,high proficient,0,57,0
301947,5,503,50306,Control,EoSY,Grade 9,high proficient,0,312,0
309941,5,508,50812,Control,EoSY,Grade 9,high proficient,0,151,0
301839,5,501,50111,Control,EoSY,Grade 9,high proficient,0,64,0
501843,5,508,50818,Treatment,EoSY,Grade 9,high proficient,0,36,0
302111,5,508,50801,Control,EoSY,Grade 9,high proficient,51,400,12.75
302133,5,509,50901,Control,EoSY,Grade 9,high proficient,2,156,1.2820512820512822
301990,5,503,50317,Control,EoSY,Grade 9,high proficient,0,40,0
309937,5,508,50819,Control,EoSY,Grade 9,high proficient,0,48,0
302241,5,511,51105,Control,EoSY,Grade 9,high proficient,0,85,0
500167,5,505,50501,Control,EoSY,Grade 9,high proficient,0,58,0
309764,5,503,50320,Control,EoSY,Grade 9,high proficient,0,31,0
302205,5,511,51106,Control,EoSY,Grade 9,high proficient,0,101,0
302014,5,503,50302,Control,EoSY,Grade 9,high proficient,0,110,0
309740,5,503,50315,Control,EoSY,Grade 9,high proficient,0,65,0
309741,5,503,50315,Control,EoSY,Grade 9,high proficient,0,77,0
302161,5,508,50803,Treatment,EoSY,Grade 9,high proficient,0,73,0
302113,5,508,50818,Treatment,EoSY,Grade 9,high proficient,0,62,0
302127,5,508,50817,Control,EoSY,Grade 9,high proficient,0,32,0
301899,5,502,50205,Control,EoSY,Grade 9,high proficient,0,103,0
309509,5,501,50113,Control,EoSY,Grade 9,high proficient,0,81,0
309903,5,508,50816,Control,EoSY,Grade 9,high proficient,0,75,0
301995,5,503,50310,Control,EoSY,Grade 9,high proficient,0,55,0
309702,5,503,50325,Control,EoSY,Grade 9,high proficient,0,177,0
501020,5,503,50310,Control,EoSY,Grade 9,high proficient,0,28,0
309743,5,503,50332,Control,EoSY,Grade 9,high proficient,0,118,0
301816,5,501,50101,Control,EoSY,Grade 9,high proficient,0,95,0
302054,5,503,50315,Control,EoSY,Grade 9,high proficient,0,87,0
301862,5,507,50701,Control,EoSY,Grade 9,high proficient,0,191,0
502477,5,501,50108,Control,EoSY,Grade 9,high proficient,0,23,0
302283,5,513,51301,Control,EoSY,Grade 9,high proficient,0,238,0
301900,5,502,50206,Control,EoSY,Grade 9,high proficient,0,53,0
302123,5,508,50808,Control,EoSY,Grade 9,high proficient,0,78,0
309512,5,501,50110,Control,EoSY,Grade 9,high proficient,0,42,0
302284,5,513,51301,Control,EoSY,Grade 9,high proficient,0,145,0
500034,5,508,50819,Control,EoSY,Grade 9,high proficient,0,32,0
302043,5,503,50305,Control,EoSY,Grade 9,high proficient,0,156,0
302182,5,511,51107,Control,EoSY,Grade 9,high proficient,0,83,0
301986,5,503,50334,Control,EoSY,Grade 9,high proficient,0,184,0
302109,5,508,50817,Control,EoSY,Grade 9,high proficient,5,193,2.5906735751295336
302061,5,503,50311,Control,EoSY,Grade 9,high proficient,2,45,4.444444444444445
309931,5,508,50802,Control,EoSY,Grade 9,high proficient,0,58,0
301984,5,503,50331,Control,EoSY,Grade 9,high proficient,0,171,0
302156,5,508,50803,Control,EoSY,Grade 9,high proficient,0,88,0
309705,5,503,50330,Control,EoSY,Grade 9,high proficient,0,71,0
500165,5,508,50804,Control,EoSY,Grade 9,high proficient,0,39,0
301930,5,503,50328,Control,EoSY,Grade 9,high proficient,0,73,0
302177,5,508,50806,Control,EoSY,Grade 9,high proficient,0,74,0
302282,5,513,51301,Control,EoSY,Grade 9,high proficient,0,277,0
502615,5,508,50802,Control,EoSY,Grade 9,high proficient,0,11,0
302263,5,506,50601,Control,EoSY,Grade 9,high proficient,0,62,0
301826,5,501,50103,Control,EoSY,Grade 9,high proficient,0,35,0
305750,5,513,51301,Control,EoSY,Grade 9,high proficient,0,43,0
301870,5,501,50110,Control,EoSY,Grade 9,high proficient,0,67,0
302039,5,503,50316,Control,EoSY,Grade 9,high proficient,0,234,0
301868,5,501,50112,Control,EoSY,Grade 9,high proficient,0,174,0
301963,5,503,50316,Control,EoSY,Grade 9,high proficient,0,157,0
340567,15,1505,150501,Treatment,EoSY,Grade 9,high proficient,0,158,0
320606,15,1515,151502,Treatment,EoSY,Grade 9,high proficient,0,308,0
320202,15,1511,151101,Treatment,EoSY,Grade 9,high proficient,0,107,0
305310,15,1507,150703,Treatment,EoSY,Grade 9,high proficient,0,284,0
305418,15,1513,151301,Treatment,EoSY,Grade 9,high proficient,0,960,0
500565,15,1515,151502,Treatment,EoSY,Grade 9,high proficient,4,689,0.5805515239477503
301258,4,413,41308,Treatment,EoSY,Grade 9,high proficient,0,375,0
301214,4,411,41101,Treatment,EoSY,Grade 9,high proficient,33,654,5.045871559633028
301497,4,414,41401,Treatment,EoSY,Grade 9,high proficient,0,319,0
305411,15,1515,151502,Treatment,EoSY,Grade 9,high proficient,1,755,0.13245033112582782
305420,15,1513,151301,Treatment,EoSY,Grade 9,high proficient,28,1092,2.5641025641025643
301231,4,413,41302,Control,EoSY,Grade 9,high proficient,3,157,1.910828025477707
301188,4,402,40201,Control,EoSY,Grade 9,high proficient,0,610,0
307913,4,413,41309,Control,EoSY,Grade 9,high proficient,4,237,1.6877637130801688
500566,15,1507,150710,Control,EoSY,Grade 9,high proficient,16,680,2.3529411764705883
305453,15,1510,151001,Control,EoSY,Grade 9,high proficient,183,803,22.789539227895393
305311,15,1507,150702,Control,EoSY,Grade 9,high proficient,0,277,0
301425,4,401,40101,Control,EoSY,Grade 9,high proficient,11,774,1.421188630490956
301202,4,408,40812,Control,EoSY,Grade 9,high proficient,25,285,8.771929824561404
305412,15,1515,151502,Control,EoSY,Grade 9,high proficient,0,908,0
308105,4,417,41703,Control,EoSY,Grade 9,high proficient,53,626,8.466453674121405
305341,15,1514,151401,Control,EoSY,Grade 9,high proficient,1,1278,0.0782472613458529
319604,15,1512,151201,Control,EoSY,Grade 9,high proficient,14,288,4.861111111111111
305568,15,1516,151601,Control,EoSY,Grade 9,high proficient,0,317,0
305434,15,1503,150301,Control,EoSY,Grade 9,high proficient,0,606,0
301464,4,417,41710,Control,EoSY,Grade 9,high proficient,0,497,0
305461,15,1515,151502,Control,EoSY,Grade 9,high proficient,0,265,0
305384,15,1501,150101,Control,EoSY,Grade 9,high proficient,6,373,1.6085790884718498
301143,4,421,42101,Control,EoSY,Grade 9,high proficient,0,716,0
305340,15,1514,151401,Control,EoSY,Grade 9,high proficient,0,1021,0
305302,15,1507,150709,Treatment,EoSY,Grade 9,high proficient,0,1108,0
308103,4,417,41712,Control,EoSY,Grade 9,high proficient,6,278,2.158273381294964
308130,4,417,41711,Control,EoSY,Grade 9,high proficient,0,128,0
301227,4,420,42001,Control,EoSY,Grade 9,high proficient,0,562,0
305334,15,1514,151401,Control,EoSY,Grade 9,high proficient,0,539,0
305367,15,1512,151201,Control,EoSY,Grade 9,high proficient,56,811,6.905055487053021
305635,15,1514,151401,Control,EoSY,Grade 9,high proficient,0,384,0
301218,4,408,40814,Control,EoSY,Grade 9,high proficient,0,1805,0
308501,4,415,41501,Control,EoSY,Grade 9,high proficient,0,427,0
500332,15,1506,150601,Control,EoSY,Grade 9,high proficient,0,318,0
305471,15,1509,150901,Control,EoSY,Grade 9,high proficient,7,640,1.09375
305376,15,1501,150101,Treatment,EoSY,Grade 9,high proficient,160,795,20.12578616352201
301432,4,417,41705,Control,EoSY,Grade 9,high proficient,0,446,0
305459,15,1515,151502,Control,EoSY,Grade 9,high proficient,83,677,12.259970457902511
305313,15,1507,150708,Control,EoSY,Grade 9,high proficient,0,508,0
301186,4,410,41001,Control,EoSY,Grade 9,high proficient,209,1470,14.217687074829932
301184,4,410,41001,Control,EoSY,Grade 9,high proficient,0,862,0
305295,15,1507,150710,Control,EoSY,Grade 9,high proficient,18,1178,1.5280135823429541
301416,4,422,42201,Control,EoSY,Grade 9,high proficient,0,135,0
305450,15,1505,150501,Treatment,EoSY,Grade 9,high proficient,44,347,12.680115273775217
301403,4,416,41606,Control,EoSY,Grade 9,high proficient,0,341,0
301451,4,417,41708,Control,EoSY,Grade 9,high proficient,0,254,0
305338,15,1514,151401,Control,EoSY,Grade 9,high proficient,0,633,0
301257,4,413,41312,Control,EoSY,Grade 9,high proficient,3,1669,0.17974835230677053
305416,15,1513,151301,Control,EoSY,Grade 9,high proficient,2,859,0.23282887077997672
305337,15,1514,151401,Control,EoSY,Grade 9,high proficient,0,1903,0
305353,15,1514,151401,Control,EoSY,Grade 9,high proficient,0,377,0
301197,4,408,40812,Control,EoSY,Grade 9,high proficient,108,348,31.03448275862069
301236,4,413,41308,Treatment,EoSY,Grade 9,high proficient,0,245,0
305444,15,1516,151601,Control,EoSY,Grade 9,high proficient,0,291,0
320306,15,1503,150301,Control,EoSY,Grade 9,high proficient,0,688,0
301489,4,414,41401,Control,EoSY,Grade 9,high proficient,0,292,0
301507,4,418,41801,Control,EoSY,Grade 9,high proficient,0,100,0
301456,4,417,41710,Control,EoSY,Grade 9,high proficient,0,442,0
301238,4,413,41303,Control,EoSY,Grade 9,high proficient,0,441,0
305438,15,1516,151601,Control,EoSY,Grade 9,high proficient,0,882,0
305324,15,1514,151401,Control,EoSY,Grade 9,high proficient,71,291,24.398625429553263
305454,15,1510,151001,Control,EoSY,Grade 9,high proficient,6,119,5.042016806722689
308122,4,417,41708,Control,EoSY,Grade 9,high proficient,0,148,0
301508,4,418,41801,Control,EoSY,Grade 9,high proficient,1,242,0.4132231404958678
305465,15,1515,151502,Control,EoSY,Grade 9,high proficient,0,743,0
305428,15,1511,151101,Control,EoSY,Grade 9,high proficient,2,345,0.5797101449275363
301175,4,408,40807,Control,EoSY,Grade 9,high proficient,38,482,7.8838174273858925
301437,4,417,41704,Control,EoSY,Grade 9,high proficient,0,919,0
320204,15,1511,151101,Control,EoSY,Grade 9,high proficient,0,552,0
305447,15,1505,150501,Control,EoSY,Grade 9,high proficient,136,631,21.55309033280507
301438,4,417,41704,Control,EoSY,Grade 9,high proficient,1,443,0.22573363431151242
308135,4,417,41708,Control,EoSY,Grade 9,high proficient,0,346,0
301418,4,401,40101,Control,EoSY,Grade 9,high proficient,1,2300,0.043478260869565216
305288,15,1507,150710,Control,EoSY,Grade 9,high proficient,0,671,0
301265,4,413,41301,Control,EoSY,Grade 9,high proficient,0,328,0
305442,15,1516,151601,Control,EoSY,Grade 9,high proficient,3,260,1.1538461538461537
500339,15,1505,150501,Control,EoSY,Grade 9,high proficient,0,311,0
305435,15,1503,150301,Control,EoSY,Grade 9,high proficient,0,348,0
308134,4,417,41708,Control,EoSY,Grade 9,high proficient,0,446,0
305452,15,1505,150501,Control,EoSY,Grade 9,high proficient,113,593,19.05564924114671
312330,7,703,70308,Treatment,EoSY,Grade 9,high proficient,0,48,0
305710,7,703,70302,Treatment,EoSY,Grade 9,high proficient,0,67,0
305655,11,1101,110101,Treatment,EoSY,Grade 9,high proficient,0,14,0
305581,7,703,70303,Treatment,EoSY,Grade 9,high proficient,0,29,0
303130,7,703,70309,Treatment,EoSY,Grade 9,high proficient,0,133,0
312354,7,703,70309,Treatment,EoSY,Grade 9,high proficient,0,19,0
305849,11,1105,110503,Treatment,EoSY,Grade 9,high proficient,0,23,0
305500,11,1101,110101,Treatment,EoSY,Grade 9,high proficient,0,23,0
312355,7,703,70304,Treatment,EoSY,Grade 9,high proficient,0,28,0
501903,11,1110,111001,Treatment,EoSY,Grade 9,high proficient,0,16,0
500665,7,705,70527,Control,EoSY,Grade 9,high proficient,0,63,0
312462,7,705,70520,Control,EoSY,Grade 9,high proficient,0,25,0
306038,11,1102,110202,Control,EoSY,Grade 9,high proficient,0,21,0
500221,7,705,70527,Control,EoSY,Grade 9,high proficient,0,22,0
500744,7,708,70801,Control,EoSY,Grade 9,high proficient,0,34,0
305884,11,1101,110101,Control,EoSY,Grade 9,high proficient,0,77,0
303170,7,709,70901,Control,EoSY,Grade 9,high proficient,0,33,0
500787,7,708,70801,Control,EoSY,Grade 9,high proficient,0,42,0
500667,7,705,70528,Control,EoSY,Grade 9,high proficient,0,31,0
501071,11,1101,110101,Control,EoSY,Grade 9,high proficient,0,16,0
303046,7,705,70527,Control,EoSY,Grade 9,high proficient,0,75,0
325303,7,707,70701,Control,EoSY,Grade 9,high proficient,0,25,0
500208,7,703,70305,Control,EoSY,Grade 9,high proficient,0,15,0
312401,7,705,70525,Control,EoSY,Grade 9,high proficient,0,102,0
303136,7,706,70601,Control,EoSY,Grade 9,high proficient,0,48,0
312435,7,707,70701,Control,EoSY,Grade 9,high proficient,NA,NA,NA
502186,11,1101,110101,Control,EoSY,Grade 9,high proficient,0,8,0
500782,7,708,70801,Control,EoSY,Grade 9,high proficient,2,188,1.0638297872340425
306086,11,1106,110606,Control,EoSY,Grade 9,high proficient,0,15,0
305755,7,705,70529,Control,EoSY,Grade 9,high proficient,0,95,0
305665,11,1101,110101,Control,EoSY,Grade 9,high proficient,0,13,0
501635,7,703,70301,Control,EoSY,Grade 9,high proficient,0,52,0
305843,11,1110,111001,Control,EoSY,Grade 9,high proficient,0,36,0
500894,7,705,70517,Control,EoSY,Grade 9,high proficient,0,81,0
500671,7,705,70506,Control,EoSY,Grade 9,high proficient,0,25,0
305847,11,1105,110503,Control,EoSY,Grade 9,high proficient,0,22,0
500784,7,708,70801,Control,EoSY,Grade 9,high proficient,0,9,0
501267,7,705,70525,Control,EoSY,Grade 9,high proficient,0,21,0
306000,7,705,70525,Control,EoSY,Grade 9,high proficient,0,24,0
305517,11,1106,110608,Control,EoSY,Grade 9,high proficient,0,41,0
305713,7,710,71001,Control,EoSY,Grade 9,high proficient,21,47,44.680851063829785
500768,7,705,70521,Control,EoSY,Grade 9,high proficient,0,63,0
316303,11,1107,110701,Control,EoSY,Grade 9,high proficient,0,55,0
316304,11,1107,110701,Control,EoSY,Grade 9,high proficient,0,39,0
305506,11,1101,110101,Control,EoSY,Grade 9,high proficient,0,17,0
500421,7,705,70507,Control,EoSY,Grade 9,high proficient,0,82,0
305681,11,1110,111001,Control,EoSY,Grade 9,high proficient,0,163,0
303186,7,711,71101,Control,EoSY,Grade 9,high proficient,NA,NA,NA
501429,7,714,71402,Control,EoSY,Grade 9,high proficient,0,55,0
305844,11,1103,110303,Control,EoSY,Grade 9,high proficient,0,47,0
305965,11,1110,111001,Control,EoSY,Grade 9,high proficient,0,56,0
501076,11,1103,110305,Control,EoSY,Grade 9,high proficient,0,8,0
305889,11,1101,110101,Control,EoSY,Grade 9,high proficient,0,34,0
501074,11,1103,110306,Control,EoSY,Grade 9,high proficient,0,40,0
312408,7,705,70530,Control,EoSY,Grade 9,high proficient,0,47,0
501351,7,705,70522,Control,EoSY,Grade 9,high proficient,NA,NA,NA
501404,11,1101,110101,Control,EoSY,Grade 9,high proficient,0,26,0
305660,11,1101,110101,Control,EoSY,Grade 9,high proficient,0,36,0
303219,7,701,70101,Control,EoSY,Grade 9,high proficient,0,105,0
312450,7,705,70522,Control,EoSY,Grade 9,high proficient,0,72,0
324903,7,704,70401,Control,EoSY,Grade 9,high proficient,0,21,0
501065,11,1101,110101,Control,EoSY,Grade 9,high proficient,1,107,0.9345794392523364
312451,7,705,70532,Control,EoSY,Grade 9,high proficient,0,42,0
501763,11,1103,110305,Control,EoSY,Grade 9,high proficient,0,24,0
316405,11,1110,111001,Control,EoSY,Grade 9,high proficient,0,83,0
316404,11,1110,111001,Control,EoSY,Grade 9,high proficient,0,49,0
316301,11,1107,110701,Control,EoSY,Grade 9,high proficient,0,150,0
312910,7,710,71001,Control,EoSY,Grade 9,high proficient,0,102,0
303011,7,705,70512,Control,EoSY,Grade 9,high proficient,0,30,0
305651,11,1101,110101,Control,EoSY,Grade 9,high proficient,0,27,0
305662,11,1101,110101,Control,EoSY,Grade 9,high proficient,0,31,0
305850,11,1105,110503,Control,EoSY,Grade 9,high proficient,0,29,0
312481,7,705,70518,Control,EoSY,Grade 9,high proficient,0,169,0
304409,11,1110,111001,Control,EoSY,Grade 9,high proficient,0,99,0
303246,7,713,71303,Control,EoSY,Grade 9,high proficient,0,102,0
501405,11,1101,110101,Control,EoSY,Grade 9,high proficient,12,37,32.432432432432435
305677,11,1105,110503,Control,EoSY,Grade 9,high proficient,0,50,0
500447,7,708,70801,Control,EoSY,Grade 9,high proficient,0,45,0
501305,7,708,70801,Control,EoSY,Grade 9,high proficient,0,25,0
305917,7,708,70801,Control,EoSY,Grade 9,high proficient,0,28,0
305722,7,703,70304,Control,EoSY,Grade 9,high proficient,0,48,0
312953,7,713,71306,Control,EoSY,Grade 9,high proficient,0,22,0
305498,11,1101,110101,Control,EoSY,Grade 9,high proficient,0,47,0
305669,11,1101,110101,Control,EoSY,Grade 9,high proficient,0,21,0
312960,7,710,71002,Control,EoSY,Grade 9,high proficient,0,69,0
309906,5,508,50811,Treatment,EoSY,Grade 10,not proficient,103,109,94.4954128440367
309934,5,508,50806,Treatment,EoSY,Grade 10,not proficient,1,28,3.5714285714285716
301871,5,501,50107,Treatment,EoSY,Grade 10,not proficient,46,82,56.09756097560975
302134,5,508,50804,Treatment,EoSY,Grade 10,not proficient,99,120,82.5
302117,5,508,50803,Treatment,EoSY,Grade 10,not proficient,5,64,7.8125
309909,5,508,50801,Treatment,EoSY,Grade 10,not proficient,84,92,91.30434782608695
309915,5,508,50801,Treatment,EoSY,Grade 10,not proficient,18,31,58.064516129032256
501544,5,508,50815,Treatment,EoSY,Grade 10,not proficient,21,79,26.582278481012658
301887,5,502,50205,Treatment,EoSY,Grade 10,not proficient,53,66,80.3030303030303
302175,5,508,50820,Treatment,EoSY,Grade 10,not proficient,67,91,73.62637362637362
302146,5,508,50812,Treatment,EoSY,Grade 10,not proficient,102,109,93.57798165137615
309921,5,508,50805,Treatment,EoSY,Grade 10,not proficient,51,53,96.22641509433963
302254,5,505,50501,Control,EoSY,Grade 10,not proficient,3,98,3.061224489795918
309513,5,501,50112,Control,EoSY,Grade 10,not proficient,104,105,99.04761904761905
500163,5,508,50801,Control,EoSY,Grade 10,not proficient,51,69,73.91304347826087
302058,5,503,50333,Control,EoSY,Grade 10,not proficient,103,105,98.0952380952381
302192,5,511,51103,Control,EoSY,Grade 10,not proficient,97,162,59.876543209876544
302227,5,511,51105,Control,EoSY,Grade 10,not proficient,49,57,85.96491228070175
302252,5,505,50501,Control,EoSY,Grade 10,not proficient,6,70,8.571428571428571
309914,5,508,50806,Control,EoSY,Grade 10,not proficient,76,183,41.53005464480874
309711,5,503,50317,Control,EoSY,Grade 10,not proficient,15,48,31.25
301817,5,507,50701,Control,EoSY,Grade 10,not proficient,93,94,98.93617021276596
302165,5,508,50816,Control,EoSY,Grade 10,not proficient,52,52,100
301974,5,503,50311,Treatment,EoSY,Grade 10,not proficient,45,52,86.53846153846153
302256,5,505,50501,Control,EoSY,Grade 10,not proficient,55,116,47.41379310344828
301834,5,501,50106,Control,EoSY,Grade 10,not proficient,81,155,52.25806451612903
309760,5,503,50306,Control,EoSY,Grade 10,not proficient,1,45,2.2222222222222223
309936,5,508,50819,Control,EoSY,Grade 10,not proficient,56,56,100
302203,5,511,51102,Control,EoSY,Grade 10,not proficient,22,38,57.89473684210526
302011,5,503,50314,Control,EoSY,Grade 10,not proficient,35,75,46.666666666666664
500168,5,505,50501,Control,EoSY,Grade 10,not proficient,56,68,82.3529411764706
301947,5,503,50306,Control,EoSY,Grade 10,not proficient,315,336,93.75
309941,5,508,50812,Control,EoSY,Grade 10,not proficient,150,172,87.20930232558139
301839,5,501,50111,Control,EoSY,Grade 10,not proficient,41,71,57.74647887323944
501843,5,508,50818,Treatment,EoSY,Grade 10,not proficient,6,18,33.333333333333336
302111,5,508,50801,Control,EoSY,Grade 10,not proficient,71,444,15.99099099099099
302133,5,509,50901,Control,EoSY,Grade 10,not proficient,7,111,6.306306306306307
301990,5,503,50317,Control,EoSY,Grade 10,not proficient,36,40,90
309937,5,508,50819,Control,EoSY,Grade 10,not proficient,17,32,53.125
302241,5,511,51105,Control,EoSY,Grade 10,not proficient,0,82,0
500167,5,505,50501,Control,EoSY,Grade 10,not proficient,47,54,87.03703703703704
309764,5,503,50320,Control,EoSY,Grade 10,not proficient,35,35,100
302205,5,511,51106,Control,EoSY,Grade 10,not proficient,75,87,86.20689655172414
302014,5,503,50302,Control,EoSY,Grade 10,not proficient,66,101,65.34653465346534
309740,5,503,50315,Control,EoSY,Grade 10,not proficient,50,62,80.64516129032258
309741,5,503,50315,Control,EoSY,Grade 10,not proficient,52,56,92.85714285714286
302161,5,508,50803,Treatment,EoSY,Grade 10,not proficient,74,80,92.5
302113,5,508,50818,Treatment,EoSY,Grade 10,not proficient,0,83,0
302127,5,508,50817,Control,EoSY,Grade 10,not proficient,25,33,75.75757575757575
301899,5,502,50205,Control,EoSY,Grade 10,not proficient,94,114,82.45614035087719
309509,5,501,50113,Control,EoSY,Grade 10,not proficient,57,63,90.47619047619048
309903,5,508,50816,Control,EoSY,Grade 10,not proficient,34,54,62.96296296296296
301995,5,503,50310,Control,EoSY,Grade 10,not proficient,8,52,15.384615384615385
309702,5,503,50325,Control,EoSY,Grade 10,not proficient,169,203,83.2512315270936
501020,5,503,50310,Control,EoSY,Grade 10,not proficient,15,25,60
309743,5,503,50332,Control,EoSY,Grade 10,not proficient,35,63,55.55555555555556
301816,5,501,50101,Control,EoSY,Grade 10,not proficient,122,144,84.72222222222223
302054,5,503,50315,Control,EoSY,Grade 10,not proficient,61,92,66.30434782608695
301862,5,507,50701,Control,EoSY,Grade 10,not proficient,186,196,94.89795918367346
502477,5,501,50108,Control,EoSY,Grade 10,not proficient,0,0,NA
302283,5,513,51301,Control,EoSY,Grade 10,not proficient,181,288,62.84722222222222
301900,5,502,50206,Control,EoSY,Grade 10,not proficient,14,40,35
302123,5,508,50808,Control,EoSY,Grade 10,not proficient,52,53,98.11320754716981
309512,5,501,50110,Control,EoSY,Grade 10,not proficient,2,73,2.73972602739726
302284,5,513,51301,Control,EoSY,Grade 10,not proficient,170,170,100
500034,5,508,50819,Control,EoSY,Grade 10,not proficient,3,24,12.5
302043,5,503,50305,Control,EoSY,Grade 10,not proficient,27,187,14.438502673796792
302182,5,511,51107,Control,EoSY,Grade 10,not proficient,26,90,28.88888888888889
301986,5,503,50334,Control,EoSY,Grade 10,not proficient,151,151,100
302109,5,508,50817,Control,EoSY,Grade 10,not proficient,64,237,27.0042194092827
302061,5,503,50311,Control,EoSY,Grade 10,not proficient,0,51,0
309931,5,508,50802,Control,EoSY,Grade 10,not proficient,35,49,71.42857142857143
301984,5,503,50331,Control,EoSY,Grade 10,not proficient,67,178,37.640449438202246
302156,5,508,50803,Control,EoSY,Grade 10,not proficient,76,97,78.35051546391753
309705,5,503,50330,Control,EoSY,Grade 10,not proficient,54,79,68.35443037974683
500165,5,508,50804,Control,EoSY,Grade 10,not proficient,0,34,0
301930,5,503,50328,Control,EoSY,Grade 10,not proficient,78,78,100
302177,5,508,50806,Control,EoSY,Grade 10,not proficient,74,74,100
302282,5,513,51301,Control,EoSY,Grade 10,not proficient,104,282,36.87943262411348
502615,5,508,50802,Control,EoSY,Grade 10,not proficient,0,0,NA
302263,5,506,50601,Control,EoSY,Grade 10,not proficient,37,87,42.52873563218391
301826,5,501,50103,Control,EoSY,Grade 10,not proficient,13,40,32.5
305750,5,513,51301,Control,EoSY,Grade 10,not proficient,22,43,51.16279069767442
301870,5,501,50110,Control,EoSY,Grade 10,not proficient,72,104,69.23076923076923
302039,5,503,50316,Control,EoSY,Grade 10,not proficient,202,233,86.69527896995709
301868,5,501,50112,Control,EoSY,Grade 10,not proficient,1,236,0.423728813559322
301963,5,503,50316,Control,EoSY,Grade 10,not proficient,2,148,1.3513513513513513
340567,15,1505,150501,Treatment,EoSY,Grade 10,not proficient,121,160,75.625
320606,15,1515,151502,Treatment,EoSY,Grade 10,not proficient,1,312,0.32051282051282054
320202,15,1511,151101,Treatment,EoSY,Grade 10,not proficient,10,131,7.633587786259542
305310,15,1507,150703,Treatment,EoSY,Grade 10,not proficient,310,310,100
305418,15,1513,151301,Treatment,EoSY,Grade 10,not proficient,762,1108,68.7725631768953
500565,15,1515,151502,Treatment,EoSY,Grade 10,not proficient,194,846,22.93144208037825
301258,4,413,41308,Treatment,EoSY,Grade 10,not proficient,374,467,80.08565310492506
301214,4,411,41101,Treatment,EoSY,Grade 10,not proficient,1,715,0.13986013986013987
301497,4,414,41401,Treatment,EoSY,Grade 10,not proficient,191,344,55.52325581395349
305411,15,1515,151502,Treatment,EoSY,Grade 10,not proficient,654,979,66.80286006128702
305420,15,1513,151301,Treatment,EoSY,Grade 10,not proficient,369,1200,30.75
301231,4,413,41302,Control,EoSY,Grade 10,not proficient,28,183,15.300546448087431
301188,4,402,40201,Control,EoSY,Grade 10,not proficient,457,587,77.85349233390119
307913,4,413,41309,Control,EoSY,Grade 10,not proficient,0,272,0
500566,15,1507,150710,Control,EoSY,Grade 10,not proficient,472,653,72.28177641653905
305453,15,1510,151001,Control,EoSY,Grade 10,not proficient,0,637,0
305311,15,1507,150702,Control,EoSY,Grade 10,not proficient,113,303,37.29372937293729
301425,4,401,40101,Control,EoSY,Grade 10,not proficient,373,826,45.157384987893465
301202,4,408,40812,Control,EoSY,Grade 10,not proficient,94,314,29.936305732484076
305412,15,1515,151502,Control,EoSY,Grade 10,not proficient,480,931,51.557465091299676
308105,4,417,41703,Control,EoSY,Grade 10,not proficient,185,733,25.238744884038198
305341,15,1514,151401,Control,EoSY,Grade 10,not proficient,1078,1624,66.37931034482759
319604,15,1512,151201,Control,EoSY,Grade 10,not proficient,2,275,0.7272727272727273
305568,15,1516,151601,Control,EoSY,Grade 10,not proficient,367,400,91.75
305434,15,1503,150301,Control,EoSY,Grade 10,not proficient,576,698,82.52148997134671
301464,4,417,41710,Control,EoSY,Grade 10,not proficient,236,516,45.736434108527135
305461,15,1515,151502,Control,EoSY,Grade 10,not proficient,161,273,58.97435897435897
305384,15,1501,150101,Control,EoSY,Grade 10,not proficient,39,401,9.72568578553616
301143,4,421,42101,Control,EoSY,Grade 10,not proficient,916,984,93.08943089430895
305340,15,1514,151401,Control,EoSY,Grade 10,not proficient,980,1297,75.55898226676946
305302,15,1507,150709,Treatment,EoSY,Grade 10,not proficient,451,1068,42.22846441947566
308103,4,417,41712,Control,EoSY,Grade 10,not proficient,44,257,17.120622568093385
308130,4,417,41711,Control,EoSY,Grade 10,not proficient,138,145,95.17241379310344
301227,4,420,42001,Control,EoSY,Grade 10,not proficient,688,792,86.86868686868686
305334,15,1514,151401,Control,EoSY,Grade 10,not proficient,275,632,43.5126582278481
305367,15,1512,151201,Control,EoSY,Grade 10,not proficient,0,876,0
305635,15,1514,151401,Control,EoSY,Grade 10,not proficient,334,399,83.70927318295739
301218,4,408,40814,Control,EoSY,Grade 10,not proficient,907,1763,51.446398184912084
308501,4,415,41501,Control,EoSY,Grade 10,not proficient,351,490,71.63265306122449
500332,15,1506,150601,Control,EoSY,Grade 10,not proficient,255,390,65.38461538461539
305471,15,1509,150901,Control,EoSY,Grade 10,not proficient,145,534,27.153558052434455
305376,15,1501,150101,Treatment,EoSY,Grade 10,not proficient,121,824,14.684466019417476
301432,4,417,41705,Control,EoSY,Grade 10,not proficient,371,442,83.9366515837104
305459,15,1515,151502,Control,EoSY,Grade 10,not proficient,13,967,1.344364012409514
305313,15,1507,150708,Control,EoSY,Grade 10,not proficient,0,563,0
301186,4,410,41001,Control,EoSY,Grade 10,not proficient,309,1392,22.198275862068964
301184,4,410,41001,Control,EoSY,Grade 10,not proficient,0,911,0
305295,15,1507,150710,Control,EoSY,Grade 10,not proficient,455,1212,37.54125412541254
301416,4,422,42201,Control,EoSY,Grade 10,not proficient,122,126,96.82539682539682
305450,15,1505,150501,Treatment,EoSY,Grade 10,not proficient,57,333,17.117117117117118
301403,4,416,41606,Control,EoSY,Grade 10,not proficient,273,423,64.53900709219859
301451,4,417,41708,Control,EoSY,Grade 10,not proficient,82,280,29.285714285714285
305338,15,1514,151401,Control,EoSY,Grade 10,not proficient,407,739,55.0744248985115
301257,4,413,41312,Control,EoSY,Grade 10,not proficient,1335,1827,73.07060755336617
305416,15,1513,151301,Control,EoSY,Grade 10,not proficient,213,898,23.719376391982184
305337,15,1514,151401,Control,EoSY,Grade 10,not proficient,1721,1906,90.29380902413432
305353,15,1514,151401,Control,EoSY,Grade 10,not proficient,368,490,75.10204081632654
301197,4,408,40812,Control,EoSY,Grade 10,not proficient,46,337,13.649851632047477
301236,4,413,41308,Treatment,EoSY,Grade 10,not proficient,103,238,43.27731092436975
305444,15,1516,151601,Control,EoSY,Grade 10,not proficient,310,355,87.32394366197182
320306,15,1503,150301,Control,EoSY,Grade 10,not proficient,568,724,78.45303867403315
301489,4,414,41401,Control,EoSY,Grade 10,not proficient,195,293,66.55290102389078
301507,4,418,41801,Control,EoSY,Grade 10,not proficient,81,124,65.3225806451613
301456,4,417,41710,Control,EoSY,Grade 10,not proficient,335,491,68.22810590631364
301238,4,413,41303,Control,EoSY,Grade 10,not proficient,347,486,71.39917695473251
305438,15,1516,151601,Control,EoSY,Grade 10,not proficient,789,878,89.86332574031891
305324,15,1514,151401,Control,EoSY,Grade 10,not proficient,35,293,11.945392491467576
305454,15,1510,151001,Control,EoSY,Grade 10,not proficient,0,117,0
308122,4,417,41708,Control,EoSY,Grade 10,not proficient,149,184,80.97826086956522
301508,4,418,41801,Control,EoSY,Grade 10,not proficient,4,233,1.7167381974248928
305465,15,1515,151502,Control,EoSY,Grade 10,not proficient,249,800,31.125
305428,15,1511,151101,Control,EoSY,Grade 10,not proficient,159,386,41.19170984455958
301175,4,408,40807,Control,EoSY,Grade 10,not proficient,0,501,0
301437,4,417,41704,Control,EoSY,Grade 10,not proficient,499,916,54.47598253275109
320204,15,1511,151101,Control,EoSY,Grade 10,not proficient,392,473,82.8752642706131
305447,15,1505,150501,Control,EoSY,Grade 10,not proficient,0,601,0
301438,4,417,41704,Control,EoSY,Grade 10,not proficient,289,435,66.4367816091954
308135,4,417,41708,Control,EoSY,Grade 10,not proficient,75,411,18.248175182481752
301418,4,401,40101,Control,EoSY,Grade 10,not proficient,1542,2487,62.002412545235224
305288,15,1507,150710,Control,EoSY,Grade 10,not proficient,116,721,16.08876560332871
301265,4,413,41301,Control,EoSY,Grade 10,not proficient,274,373,73.45844504021447
305442,15,1516,151601,Control,EoSY,Grade 10,not proficient,85,248,34.274193548387096
500339,15,1505,150501,Control,EoSY,Grade 10,not proficient,21,364,5.769230769230769
305435,15,1503,150301,Control,EoSY,Grade 10,not proficient,33,424,7.783018867924528
308134,4,417,41708,Control,EoSY,Grade 10,not proficient,244,526,46.38783269961977
305452,15,1505,150501,Control,EoSY,Grade 10,not proficient,12,612,1.9607843137254901
312330,7,703,70308,Treatment,EoSY,Grade 10,not proficient,56,86,65.11627906976744
305710,7,703,70302,Treatment,EoSY,Grade 10,not proficient,79,81,97.53086419753086
305655,11,1101,110101,Treatment,EoSY,Grade 10,not proficient,5,27,18.51851851851852
305581,7,703,70303,Treatment,EoSY,Grade 10,not proficient,39,40,97.5
303130,7,703,70309,Treatment,EoSY,Grade 10,not proficient,169,195,86.66666666666667
312354,7,703,70309,Treatment,EoSY,Grade 10,not proficient,20,20,100
305849,11,1105,110503,Treatment,EoSY,Grade 10,not proficient,16,16,100
305500,11,1101,110101,Treatment,EoSY,Grade 10,not proficient,27,29,93.10344827586206
312355,7,703,70304,Treatment,EoSY,Grade 10,not proficient,40,41,97.5609756097561
501903,11,1110,111001,Treatment,EoSY,Grade 10,not proficient,21,25,84
500665,7,705,70527,Control,EoSY,Grade 10,not proficient,74,74,100
312462,7,705,70520,Control,EoSY,Grade 10,not proficient,9,14,64.28571428571429
306038,11,1102,110202,Control,EoSY,Grade 10,not proficient,0,29,0
500221,7,705,70527,Control,EoSY,Grade 10,not proficient,30,34,88.23529411764706
500744,7,708,70801,Control,EoSY,Grade 10,not proficient,38,38,100
305884,11,1101,110101,Control,EoSY,Grade 10,not proficient,0,100,0
303170,7,709,70901,Control,EoSY,Grade 10,not proficient,48,49,97.95918367346938
500787,7,708,70801,Control,EoSY,Grade 10,not proficient,19,49,38.775510204081634
500667,7,705,70528,Control,EoSY,Grade 10,not proficient,37,51,72.54901960784314
501071,11,1101,110101,Control,EoSY,Grade 10,not proficient,19,24,79.16666666666667
303046,7,705,70527,Control,EoSY,Grade 10,not proficient,81,94,86.17021276595744
325303,7,707,70701,Control,EoSY,Grade 10,not proficient,20,26,76.92307692307692
500208,7,703,70305,Control,EoSY,Grade 10,not proficient,15,15,100
312401,7,705,70525,Control,EoSY,Grade 10,not proficient,101,120,84.16666666666667
303136,7,706,70601,Control,EoSY,Grade 10,not proficient,27,65,41.53846153846154
312435,7,707,70701,Control,EoSY,Grade 10,not proficient,NA,NA,NA
502186,11,1101,110101,Control,EoSY,Grade 10,not proficient,13,14,92.85714285714286
500782,7,708,70801,Control,EoSY,Grade 10,not proficient,53,221,23.981900452488688
306086,11,1106,110606,Control,EoSY,Grade 10,not proficient,13,17,76.47058823529412
305755,7,705,70529,Control,EoSY,Grade 10,not proficient,82,88,93.18181818181819
305665,11,1101,110101,Control,EoSY,Grade 10,not proficient,0,16,0
501635,7,703,70301,Control,EoSY,Grade 10,not proficient,60,60,100
305843,11,1110,111001,Control,EoSY,Grade 10,not proficient,7,36,19.444444444444443
500894,7,705,70517,Control,EoSY,Grade 10,not proficient,73,77,94.8051948051948
500671,7,705,70506,Control,EoSY,Grade 10,not proficient,37,39,94.87179487179488
305847,11,1105,110503,Control,EoSY,Grade 10,not proficient,21,21,100
500784,7,708,70801,Control,EoSY,Grade 10,not proficient,7,10,70
501267,7,705,70525,Control,EoSY,Grade 10,not proficient,21,26,80.76923076923077
306000,7,705,70525,Control,EoSY,Grade 10,not proficient,27,28,96.42857142857143
305517,11,1106,110608,Control,EoSY,Grade 10,not proficient,14,33,42.42424242424242
305713,7,710,71001,Control,EoSY,Grade 10,not proficient,0,26,0
500768,7,705,70521,Control,EoSY,Grade 10,not proficient,74,82,90.2439024390244
316303,11,1107,110701,Control,EoSY,Grade 10,not proficient,34,50,68
316304,11,1107,110701,Control,EoSY,Grade 10,not proficient,45,59,76.27118644067797
305506,11,1101,110101,Control,EoSY,Grade 10,not proficient,0,11,0
500421,7,705,70507,Control,EoSY,Grade 10,not proficient,114,117,97.43589743589743
305681,11,1110,111001,Control,EoSY,Grade 10,not proficient,46,160,28.75
303186,7,711,71101,Control,EoSY,Grade 10,not proficient,NA,NA,NA
501429,7,714,71402,Control,EoSY,Grade 10,not proficient,8,68,11.764705882352942
305844,11,1103,110303,Control,EoSY,Grade 10,not proficient,1,46,2.1739130434782608
305965,11,1110,111001,Control,EoSY,Grade 10,not proficient,37,55,67.27272727272727
501076,11,1103,110305,Control,EoSY,Grade 10,not proficient,9,12,75
305889,11,1101,110101,Control,EoSY,Grade 10,not proficient,7,45,15.555555555555555
501074,11,1103,110306,Control,EoSY,Grade 10,not proficient,45,46,97.82608695652173
312408,7,705,70530,Control,EoSY,Grade 10,not proficient,53,54,98.14814814814815
501351,7,705,70522,Control,EoSY,Grade 10,not proficient,NA,NA,NA
501404,11,1101,110101,Control,EoSY,Grade 10,not proficient,5,13,38.46153846153846
305660,11,1101,110101,Control,EoSY,Grade 10,not proficient,9,31,29.032258064516128
303219,7,701,70101,Control,EoSY,Grade 10,not proficient,44,97,45.36082474226804
312450,7,705,70522,Control,EoSY,Grade 10,not proficient,42,105,40
324903,7,704,70401,Control,EoSY,Grade 10,not proficient,26,27,96.29629629629629
501065,11,1101,110101,Control,EoSY,Grade 10,not proficient,16,118,13.559322033898304
312451,7,705,70532,Control,EoSY,Grade 10,not proficient,9,48,18.75
501763,11,1103,110305,Control,EoSY,Grade 10,not proficient,6,18,33.333333333333336
316405,11,1110,111001,Control,EoSY,Grade 10,not proficient,60,110,54.54545454545455
316404,11,1110,111001,Control,EoSY,Grade 10,not proficient,23,31,74.19354838709677
316301,11,1107,110701,Control,EoSY,Grade 10,not proficient,34,126,26.984126984126984
312910,7,710,71001,Control,EoSY,Grade 10,not proficient,69,72,95.83333333333333
303011,7,705,70512,Control,EoSY,Grade 10,not proficient,36,36,100
305651,11,1101,110101,Control,EoSY,Grade 10,not proficient,2,28,7.142857142857143
305662,11,1101,110101,Control,EoSY,Grade 10,not proficient,23,24,95.83333333333333
305850,11,1105,110503,Control,EoSY,Grade 10,not proficient,15,15,100
312481,7,705,70518,Control,EoSY,Grade 10,not proficient,113,172,65.69767441860465
304409,11,1110,111001,Control,EoSY,Grade 10,not proficient,59,88,67.04545454545455
303246,7,713,71303,Control,EoSY,Grade 10,not proficient,41,77,53.246753246753244
501405,11,1101,110101,Control,EoSY,Grade 10,not proficient,0,46,0
305677,11,1105,110503,Control,EoSY,Grade 10,not proficient,33,39,84.61538461538461
500447,7,708,70801,Control,EoSY,Grade 10,not proficient,42,43,97.67441860465117
501305,7,708,70801,Control,EoSY,Grade 10,not proficient,23,27,85.18518518518519
305917,7,708,70801,Control,EoSY,Grade 10,not proficient,22,26,84.61538461538461
305722,7,703,70304,Control,EoSY,Grade 10,not proficient,43,43,100
312953,7,713,71306,Control,EoSY,Grade 10,not proficient,28,34,82.3529411764706
305498,11,1101,110101,Control,EoSY,Grade 10,not proficient,53,53,100
305669,11,1101,110101,Control,EoSY,Grade 10,not proficient,0,38,0
312960,7,710,71002,Control,EoSY,Grade 10,not proficient,22,31,70.96774193548387
309906,5,508,50811,Treatment,EoSY,Grade 10,low proficient,6,109,5.504587155963303
309934,5,508,50806,Treatment,EoSY,Grade 10,low proficient,24,28,85.71428571428571
301871,5,501,50107,Treatment,EoSY,Grade 10,low proficient,21,82,25.609756097560975
302134,5,508,50804,Treatment,EoSY,Grade 10,low proficient,19,120,15.833333333333334
302117,5,508,50803,Treatment,EoSY,Grade 10,low proficient,59,64,92.1875
309909,5,508,50801,Treatment,EoSY,Grade 10,low proficient,8,92,8.695652173913043
309915,5,508,50801,Treatment,EoSY,Grade 10,low proficient,10,31,32.25806451612903
501544,5,508,50815,Treatment,EoSY,Grade 10,low proficient,48,79,60.75949367088607
301887,5,502,50205,Treatment,EoSY,Grade 10,low proficient,8,66,12.121212121212121
302175,5,508,50820,Treatment,EoSY,Grade 10,low proficient,24,91,26.373626373626372
302146,5,508,50812,Treatment,EoSY,Grade 10,low proficient,7,109,6.422018348623853
309921,5,508,50805,Treatment,EoSY,Grade 10,low proficient,2,53,3.7735849056603774
302254,5,505,50501,Control,EoSY,Grade 10,low proficient,85,98,86.73469387755102
309513,5,501,50112,Control,EoSY,Grade 10,low proficient,1,105,0.9523809523809523
500163,5,508,50801,Control,EoSY,Grade 10,low proficient,18,69,26.08695652173913
302058,5,503,50333,Control,EoSY,Grade 10,low proficient,2,105,1.9047619047619047
302192,5,511,51103,Control,EoSY,Grade 10,low proficient,65,162,40.123456790123456
302227,5,511,51105,Control,EoSY,Grade 10,low proficient,8,57,14.035087719298245
302252,5,505,50501,Control,EoSY,Grade 10,low proficient,55,70,78.57142857142857
309914,5,508,50806,Control,EoSY,Grade 10,low proficient,107,183,58.46994535519126
309711,5,503,50317,Control,EoSY,Grade 10,low proficient,27,48,56.25
301817,5,507,50701,Control,EoSY,Grade 10,low proficient,1,94,1.0638297872340425
302165,5,508,50816,Control,EoSY,Grade 10,low proficient,0,52,0
301974,5,503,50311,Treatment,EoSY,Grade 10,low proficient,7,52,13.461538461538462
302256,5,505,50501,Control,EoSY,Grade 10,low proficient,42,116,36.206896551724135
301834,5,501,50106,Control,EoSY,Grade 10,low proficient,74,155,47.74193548387097
309760,5,503,50306,Control,EoSY,Grade 10,low proficient,23,45,51.111111111111114
309936,5,508,50819,Control,EoSY,Grade 10,low proficient,0,56,0
302203,5,511,51102,Control,EoSY,Grade 10,low proficient,7,38,18.42105263157895
302011,5,503,50314,Control,EoSY,Grade 10,low proficient,30,75,40
500168,5,505,50501,Control,EoSY,Grade 10,low proficient,12,68,17.647058823529413
301947,5,503,50306,Control,EoSY,Grade 10,low proficient,21,336,6.25
309941,5,508,50812,Control,EoSY,Grade 10,low proficient,22,172,12.790697674418604
301839,5,501,50111,Control,EoSY,Grade 10,low proficient,20,71,28.169014084507044
501843,5,508,50818,Treatment,EoSY,Grade 10,low proficient,10,18,55.55555555555556
302111,5,508,50801,Control,EoSY,Grade 10,low proficient,173,444,38.96396396396396
302133,5,509,50901,Control,EoSY,Grade 10,low proficient,75,111,67.56756756756756
301990,5,503,50317,Control,EoSY,Grade 10,low proficient,4,40,10
309937,5,508,50819,Control,EoSY,Grade 10,low proficient,13,32,40.625
302241,5,511,51105,Control,EoSY,Grade 10,low proficient,71,82,86.58536585365853
500167,5,505,50501,Control,EoSY,Grade 10,low proficient,2,54,3.7037037037037037
309764,5,503,50320,Control,EoSY,Grade 10,low proficient,0,35,0
302205,5,511,51106,Control,EoSY,Grade 10,low proficient,7,87,8.045977011494253
302014,5,503,50302,Control,EoSY,Grade 10,low proficient,35,101,34.65346534653465
309740,5,503,50315,Control,EoSY,Grade 10,low proficient,12,62,19.35483870967742
309741,5,503,50315,Control,EoSY,Grade 10,low proficient,4,56,7.142857142857143
302161,5,508,50803,Treatment,EoSY,Grade 10,low proficient,6,80,7.5
302113,5,508,50818,Treatment,EoSY,Grade 10,low proficient,19,83,22.89156626506024
302127,5,508,50817,Control,EoSY,Grade 10,low proficient,8,33,24.242424242424242
301899,5,502,50205,Control,EoSY,Grade 10,low proficient,20,114,17.54385964912281
309509,5,501,50113,Control,EoSY,Grade 10,low proficient,6,63,9.523809523809524
309903,5,508,50816,Control,EoSY,Grade 10,low proficient,15,54,27.77777777777778
301995,5,503,50310,Control,EoSY,Grade 10,low proficient,44,52,84.61538461538461
309702,5,503,50325,Control,EoSY,Grade 10,low proficient,34,203,16.748768472906406
501020,5,503,50310,Control,EoSY,Grade 10,low proficient,8,25,32
309743,5,503,50332,Control,EoSY,Grade 10,low proficient,25,63,39.682539682539684
301816,5,501,50101,Control,EoSY,Grade 10,low proficient,22,144,15.277777777777779
302054,5,503,50315,Control,EoSY,Grade 10,low proficient,31,92,33.69565217391305
301862,5,507,50701,Control,EoSY,Grade 10,low proficient,10,196,5.1020408163265305
502477,5,501,50108,Control,EoSY,Grade 10,low proficient,0,0,NA
302283,5,513,51301,Control,EoSY,Grade 10,low proficient,107,288,37.15277777777778
301900,5,502,50206,Control,EoSY,Grade 10,low proficient,26,40,65
302123,5,508,50808,Control,EoSY,Grade 10,low proficient,1,53,1.8867924528301887
309512,5,501,50110,Control,EoSY,Grade 10,low proficient,47,73,64.38356164383562
302284,5,513,51301,Control,EoSY,Grade 10,low proficient,0,170,0
500034,5,508,50819,Control,EoSY,Grade 10,low proficient,14,24,58.333333333333336
302043,5,503,50305,Control,EoSY,Grade 10,low proficient,106,187,56.68449197860963
302182,5,511,51107,Control,EoSY,Grade 10,low proficient,59,90,65.55555555555556
301986,5,503,50334,Control,EoSY,Grade 10,low proficient,0,151,0
302109,5,508,50817,Control,EoSY,Grade 10,low proficient,152,237,64.13502109704642
302061,5,503,50311,Control,EoSY,Grade 10,low proficient,11,51,21.568627450980394
309931,5,508,50802,Control,EoSY,Grade 10,low proficient,12,49,24.489795918367346
301984,5,503,50331,Control,EoSY,Grade 10,low proficient,111,178,62.359550561797754
302156,5,508,50803,Control,EoSY,Grade 10,low proficient,21,97,21.649484536082475
309705,5,503,50330,Control,EoSY,Grade 10,low proficient,25,79,31.645569620253166
500165,5,508,50804,Control,EoSY,Grade 10,low proficient,17,34,50
301930,5,503,50328,Control,EoSY,Grade 10,low proficient,0,78,0
302177,5,508,50806,Control,EoSY,Grade 10,low proficient,0,74,0
302282,5,513,51301,Control,EoSY,Grade 10,low proficient,162,282,57.4468085106383
502615,5,508,50802,Control,EoSY,Grade 10,low proficient,0,0,NA
302263,5,506,50601,Control,EoSY,Grade 10,low proficient,50,87,57.47126436781609
301826,5,501,50103,Control,EoSY,Grade 10,low proficient,22,40,55
305750,5,513,51301,Control,EoSY,Grade 10,low proficient,20,43,46.51162790697674
301870,5,501,50110,Control,EoSY,Grade 10,low proficient,32,104,30.76923076923077
302039,5,503,50316,Control,EoSY,Grade 10,low proficient,31,233,13.304721030042918
301868,5,501,50112,Control,EoSY,Grade 10,low proficient,42,236,17.796610169491526
301963,5,503,50316,Control,EoSY,Grade 10,low proficient,145,148,97.97297297297297
340567,15,1505,150501,Treatment,EoSY,Grade 10,low proficient,35,160,21.875
320606,15,1515,151502,Treatment,EoSY,Grade 10,low proficient,71,312,22.756410256410255
320202,15,1511,151101,Treatment,EoSY,Grade 10,low proficient,102,131,77.86259541984732
305310,15,1507,150703,Treatment,EoSY,Grade 10,low proficient,0,310,0
305418,15,1513,151301,Treatment,EoSY,Grade 10,low proficient,183,1108,16.51624548736462
500565,15,1515,151502,Treatment,EoSY,Grade 10,low proficient,179,846,21.15839243498818
301258,4,413,41308,Treatment,EoSY,Grade 10,low proficient,86,467,18.41541755888651
301214,4,411,41101,Treatment,EoSY,Grade 10,low proficient,76,715,10.62937062937063
301497,4,414,41401,Treatment,EoSY,Grade 10,low proficient,143,344,41.56976744186046
305411,15,1515,151502,Treatment,EoSY,Grade 10,low proficient,308,979,31.46067415730337
305420,15,1513,151301,Treatment,EoSY,Grade 10,low proficient,514,1200,42.833333333333336
301231,4,413,41302,Control,EoSY,Grade 10,low proficient,96,183,52.459016393442624
301188,4,402,40201,Control,EoSY,Grade 10,low proficient,130,587,22.146507666098806
307913,4,413,41309,Control,EoSY,Grade 10,low proficient,270,272,99.26470588235294
500566,15,1507,150710,Control,EoSY,Grade 10,low proficient,172,653,26.339969372128635
305453,15,1510,151001,Control,EoSY,Grade 10,low proficient,0,637,0
305311,15,1507,150702,Control,EoSY,Grade 10,low proficient,97,303,32.01320132013201
301425,4,401,40101,Control,EoSY,Grade 10,low proficient,444,826,53.753026634382564
301202,4,408,40812,Control,EoSY,Grade 10,low proficient,119,314,37.89808917197452
305412,15,1515,151502,Control,EoSY,Grade 10,low proficient,425,931,45.64983888292159
308105,4,417,41703,Control,EoSY,Grade 10,low proficient,351,733,47.88540245566166
305341,15,1514,151401,Control,EoSY,Grade 10,low proficient,505,1624,31.09605911330049
319604,15,1512,151201,Control,EoSY,Grade 10,low proficient,55,275,20
305568,15,1516,151601,Control,EoSY,Grade 10,low proficient,31,400,7.75
305434,15,1503,150301,Control,EoSY,Grade 10,low proficient,121,698,17.335243553008596
301464,4,417,41710,Control,EoSY,Grade 10,low proficient,199,516,38.565891472868216
305461,15,1515,151502,Control,EoSY,Grade 10,low proficient,108,273,39.56043956043956
305384,15,1501,150101,Control,EoSY,Grade 10,low proficient,109,401,27.18204488778055
301143,4,421,42101,Control,EoSY,Grade 10,low proficient,68,984,6.9105691056910565
305340,15,1514,151401,Control,EoSY,Grade 10,low proficient,308,1297,23.74710871241326
305302,15,1507,150709,Treatment,EoSY,Grade 10,low proficient,534,1068,50
308103,4,417,41712,Control,EoSY,Grade 10,low proficient,168,257,65.36964980544747
308130,4,417,41711,Control,EoSY,Grade 10,low proficient,7,145,4.827586206896552
301227,4,420,42001,Control,EoSY,Grade 10,low proficient,104,792,13.131313131313131
305334,15,1514,151401,Control,EoSY,Grade 10,low proficient,333,632,52.68987341772152
305367,15,1512,151201,Control,EoSY,Grade 10,low proficient,0,876,0
305635,15,1514,151401,Control,EoSY,Grade 10,low proficient,64,399,16.040100250626566
301218,4,408,40814,Control,EoSY,Grade 10,low proficient,799,1763,45.32047646057856
308501,4,415,41501,Control,EoSY,Grade 10,low proficient,136,490,27.755102040816325
500332,15,1506,150601,Control,EoSY,Grade 10,low proficient,132,390,33.84615384615385
305471,15,1509,150901,Control,EoSY,Grade 10,low proficient,357,534,66.85393258426966
305376,15,1501,150101,Treatment,EoSY,Grade 10,low proficient,253,824,30.703883495145632
301432,4,417,41705,Control,EoSY,Grade 10,low proficient,71,442,16.063348416289593
305459,15,1515,151502,Control,EoSY,Grade 10,low proficient,296,967,30.610134436401243
305313,15,1507,150708,Control,EoSY,Grade 10,low proficient,27,563,4.7957371225577266
301186,4,410,41001,Control,EoSY,Grade 10,low proficient,439,1392,31.53735632183908
301184,4,410,41001,Control,EoSY,Grade 10,low proficient,0,911,0
305295,15,1507,150710,Control,EoSY,Grade 10,low proficient,729,1212,60.148514851485146
301416,4,422,42201,Control,EoSY,Grade 10,low proficient,4,126,3.1746031746031744
305450,15,1505,150501,Treatment,EoSY,Grade 10,low proficient,118,333,35.43543543543544
301403,4,416,41606,Control,EoSY,Grade 10,low proficient,148,423,34.988179669030735
301451,4,417,41708,Control,EoSY,Grade 10,low proficient,168,280,60
305338,15,1514,151401,Control,EoSY,Grade 10,low proficient,314,739,42.48985115020298
301257,4,413,41312,Control,EoSY,Grade 10,low proficient,477,1827,26.108374384236452
305416,15,1513,151301,Control,EoSY,Grade 10,low proficient,564,898,62.806236080178174
305337,15,1514,151401,Control,EoSY,Grade 10,low proficient,117,1906,6.138509968520462
305353,15,1514,151401,Control,EoSY,Grade 10,low proficient,116,490,23.6734693877551
301197,4,408,40812,Control,EoSY,Grade 10,low proficient,265,337,78.63501483679525
301236,4,413,41308,Treatment,EoSY,Grade 10,low proficient,122,238,51.260504201680675
305444,15,1516,151601,Control,EoSY,Grade 10,low proficient,45,355,12.67605633802817
320306,15,1503,150301,Control,EoSY,Grade 10,low proficient,153,724,21.132596685082873
301489,4,414,41401,Control,EoSY,Grade 10,low proficient,76,293,25.938566552901023
301507,4,418,41801,Control,EoSY,Grade 10,low proficient,43,124,34.67741935483871
301456,4,417,41710,Control,EoSY,Grade 10,low proficient,90,491,18.329938900203665
301238,4,413,41303,Control,EoSY,Grade 10,low proficient,138,486,28.395061728395063
305438,15,1516,151601,Control,EoSY,Grade 10,low proficient,89,878,10.136674259681094
305324,15,1514,151401,Control,EoSY,Grade 10,low proficient,159,293,54.26621160409557
305454,15,1510,151001,Control,EoSY,Grade 10,low proficient,0,117,0
308122,4,417,41708,Control,EoSY,Grade 10,low proficient,17,184,9.23913043478261
301508,4,418,41801,Control,EoSY,Grade 10,low proficient,227,233,97.42489270386267
305465,15,1515,151502,Control,EoSY,Grade 10,low proficient,330,800,41.25
305428,15,1511,151101,Control,EoSY,Grade 10,low proficient,220,386,56.994818652849744
301175,4,408,40807,Control,EoSY,Grade 10,low proficient,148,501,29.540918163672654
301437,4,417,41704,Control,EoSY,Grade 10,low proficient,336,916,36.68122270742358
320204,15,1511,151101,Control,EoSY,Grade 10,low proficient,77,473,16.27906976744186
305447,15,1505,150501,Control,EoSY,Grade 10,low proficient,29,601,4.825291181364393
301438,4,417,41704,Control,EoSY,Grade 10,low proficient,140,435,32.18390804597701
308135,4,417,41708,Control,EoSY,Grade 10,low proficient,296,411,72.01946472019465
301418,4,401,40101,Control,EoSY,Grade 10,low proficient,912,2487,36.67068757539204
305288,15,1507,150710,Control,EoSY,Grade 10,low proficient,333,721,46.18585298196949
301265,4,413,41301,Control,EoSY,Grade 10,low proficient,96,373,25.737265415549597
305442,15,1516,151601,Control,EoSY,Grade 10,low proficient,162,248,65.3225806451613
500339,15,1505,150501,Control,EoSY,Grade 10,low proficient,272,364,74.72527472527473
305435,15,1503,150301,Control,EoSY,Grade 10,low proficient,368,424,86.79245283018868
308134,4,417,41708,Control,EoSY,Grade 10,low proficient,277,526,52.661596958174904
305452,15,1505,150501,Control,EoSY,Grade 10,low proficient,210,612,34.31372549019608
312330,7,703,70308,Treatment,EoSY,Grade 10,low proficient,29,86,33.72093023255814
305710,7,703,70302,Treatment,EoSY,Grade 10,low proficient,2,81,2.4691358024691357
305655,11,1101,110101,Treatment,EoSY,Grade 10,low proficient,8,27,29.62962962962963
305581,7,703,70303,Treatment,EoSY,Grade 10,low proficient,1,40,2.5
303130,7,703,70309,Treatment,EoSY,Grade 10,low proficient,26,195,13.333333333333334
312354,7,703,70309,Treatment,EoSY,Grade 10,low proficient,0,20,0
305849,11,1105,110503,Treatment,EoSY,Grade 10,low proficient,0,16,0
305500,11,1101,110101,Treatment,EoSY,Grade 10,low proficient,2,29,6.896551724137931
312355,7,703,70304,Treatment,EoSY,Grade 10,low proficient,1,41,2.4390243902439024
501903,11,1110,111001,Treatment,EoSY,Grade 10,low proficient,4,25,16
500665,7,705,70527,Control,EoSY,Grade 10,low proficient,0,74,0
312462,7,705,70520,Control,EoSY,Grade 10,low proficient,5,14,35.714285714285715
306038,11,1102,110202,Control,EoSY,Grade 10,low proficient,17,29,58.62068965517241
500221,7,705,70527,Control,EoSY,Grade 10,low proficient,4,34,11.764705882352942
500744,7,708,70801,Control,EoSY,Grade 10,low proficient,0,38,0
305884,11,1101,110101,Control,EoSY,Grade 10,low proficient,6,100,6
303170,7,709,70901,Control,EoSY,Grade 10,low proficient,1,49,2.0408163265306123
500787,7,708,70801,Control,EoSY,Grade 10,low proficient,28,49,57.142857142857146
500667,7,705,70528,Control,EoSY,Grade 10,low proficient,8,51,15.686274509803921
501071,11,1101,110101,Control,EoSY,Grade 10,low proficient,2,24,8.333333333333334
303046,7,705,70527,Control,EoSY,Grade 10,low proficient,13,94,13.829787234042554
325303,7,707,70701,Control,EoSY,Grade 10,low proficient,6,26,23.076923076923077
500208,7,703,70305,Control,EoSY,Grade 10,low proficient,0,15,0
312401,7,705,70525,Control,EoSY,Grade 10,low proficient,19,120,15.833333333333334
303136,7,706,70601,Control,EoSY,Grade 10,low proficient,0,65,0
312435,7,707,70701,Control,EoSY,Grade 10,low proficient,NA,NA,NA
502186,11,1101,110101,Control,EoSY,Grade 10,low proficient,1,14,7.142857142857143
500782,7,708,70801,Control,EoSY,Grade 10,low proficient,155,221,70.13574660633485
306086,11,1106,110606,Control,EoSY,Grade 10,low proficient,4,17,23.529411764705884
305755,7,705,70529,Control,EoSY,Grade 10,low proficient,6,88,6.818181818181818
305665,11,1101,110101,Control,EoSY,Grade 10,low proficient,10,16,62.5
501635,7,703,70301,Control,EoSY,Grade 10,low proficient,0,60,0
305843,11,1110,111001,Control,EoSY,Grade 10,low proficient,19,36,52.77777777777778
500894,7,705,70517,Control,EoSY,Grade 10,low proficient,4,77,5.194805194805195
500671,7,705,70506,Control,EoSY,Grade 10,low proficient,2,39,5.128205128205129
305847,11,1105,110503,Control,EoSY,Grade 10,low proficient,0,21,0
500784,7,708,70801,Control,EoSY,Grade 10,low proficient,3,10,30
501267,7,705,70525,Control,EoSY,Grade 10,low proficient,5,26,19.23076923076923
306000,7,705,70525,Control,EoSY,Grade 10,low proficient,1,28,3.5714285714285716
305517,11,1106,110608,Control,EoSY,Grade 10,low proficient,7,33,21.21212121212121
305713,7,710,71001,Control,EoSY,Grade 10,low proficient,8,26,30.76923076923077
500768,7,705,70521,Control,EoSY,Grade 10,low proficient,4,82,4.878048780487805
316303,11,1107,110701,Control,EoSY,Grade 10,low proficient,16,50,32
316304,11,1107,110701,Control,EoSY,Grade 10,low proficient,6,59,10.169491525423728
305506,11,1101,110101,Control,EoSY,Grade 10,low proficient,5,11,45.45454545454545
500421,7,705,70507,Control,EoSY,Grade 10,low proficient,3,117,2.5641025641025643
305681,11,1110,111001,Control,EoSY,Grade 10,low proficient,65,160,40.625
303186,7,711,71101,Control,EoSY,Grade 10,low proficient,NA,NA,NA
501429,7,714,71402,Control,EoSY,Grade 10,low proficient,44,68,64.70588235294117
305844,11,1103,110303,Control,EoSY,Grade 10,low proficient,24,46,52.17391304347826
305965,11,1110,111001,Control,EoSY,Grade 10,low proficient,18,55,32.72727272727273
501076,11,1103,110305,Control,EoSY,Grade 10,low proficient,3,12,25
305889,11,1101,110101,Control,EoSY,Grade 10,low proficient,31,45,68.88888888888889
501074,11,1103,110306,Control,EoSY,Grade 10,low proficient,1,46,2.1739130434782608
312408,7,705,70530,Control,EoSY,Grade 10,low proficient,1,54,1.8518518518518519
501351,7,705,70522,Control,EoSY,Grade 10,low proficient,NA,NA,NA
501404,11,1101,110101,Control,EoSY,Grade 10,low proficient,8,13,61.53846153846154
305660,11,1101,110101,Control,EoSY,Grade 10,low proficient,22,31,70.96774193548387
303219,7,701,70101,Control,EoSY,Grade 10,low proficient,24,97,24.742268041237114
312450,7,705,70522,Control,EoSY,Grade 10,low proficient,63,105,60
324903,7,704,70401,Control,EoSY,Grade 10,low proficient,1,27,3.7037037037037037
501065,11,1101,110101,Control,EoSY,Grade 10,low proficient,1,118,0.847457627118644
312451,7,705,70532,Control,EoSY,Grade 10,low proficient,30,48,62.5
501763,11,1103,110305,Control,EoSY,Grade 10,low proficient,10,18,55.55555555555556
316405,11,1110,111001,Control,EoSY,Grade 10,low proficient,37,110,33.63636363636363
316404,11,1110,111001,Control,EoSY,Grade 10,low proficient,7,31,22.580645161290324
316301,11,1107,110701,Control,EoSY,Grade 10,low proficient,53,126,42.06349206349206
312910,7,710,71001,Control,EoSY,Grade 10,low proficient,3,72,4.166666666666667
303011,7,705,70512,Control,EoSY,Grade 10,low proficient,0,36,0
305651,11,1101,110101,Control,EoSY,Grade 10,low proficient,16,28,57.142857142857146
305662,11,1101,110101,Control,EoSY,Grade 10,low proficient,1,24,4.166666666666667
305850,11,1105,110503,Control,EoSY,Grade 10,low proficient,0,15,0
312481,7,705,70518,Control,EoSY,Grade 10,low proficient,51,172,29.651162790697676
304409,11,1110,111001,Control,EoSY,Grade 10,low proficient,17,88,19.318181818181817
303246,7,713,71303,Control,EoSY,Grade 10,low proficient,31,77,40.25974025974026
501405,11,1101,110101,Control,EoSY,Grade 10,low proficient,3,46,6.521739130434782
305677,11,1105,110503,Control,EoSY,Grade 10,low proficient,6,39,15.384615384615385
500447,7,708,70801,Control,EoSY,Grade 10,low proficient,1,43,2.3255813953488373
501305,7,708,70801,Control,EoSY,Grade 10,low proficient,4,27,14.814814814814815
305917,7,708,70801,Control,EoSY,Grade 10,low proficient,4,26,15.384615384615385
305722,7,703,70304,Control,EoSY,Grade 10,low proficient,0,43,0
312953,7,713,71306,Control,EoSY,Grade 10,low proficient,6,34,17.647058823529413
305498,11,1101,110101,Control,EoSY,Grade 10,low proficient,0,53,0
305669,11,1101,110101,Control,EoSY,Grade 10,low proficient,15,38,39.473684210526315
312960,7,710,71002,Control,EoSY,Grade 10,low proficient,9,31,29.032258064516128
309906,5,508,50811,Treatment,EoSY,Grade 10,nearly proficient,0,109,0
309934,5,508,50806,Treatment,EoSY,Grade 10,nearly proficient,3,28,10.714285714285714
301871,5,501,50107,Treatment,EoSY,Grade 10,nearly proficient,13,82,15.853658536585366
302134,5,508,50804,Treatment,EoSY,Grade 10,nearly proficient,2,120,1.6666666666666667
302117,5,508,50803,Treatment,EoSY,Grade 10,nearly proficient,0,64,0
309909,5,508,50801,Treatment,EoSY,Grade 10,nearly proficient,0,92,0
309915,5,508,50801,Treatment,EoSY,Grade 10,nearly proficient,3,31,9.67741935483871
501544,5,508,50815,Treatment,EoSY,Grade 10,nearly proficient,10,79,12.658227848101266
301887,5,502,50205,Treatment,EoSY,Grade 10,nearly proficient,3,66,4.545454545454546
302175,5,508,50820,Treatment,EoSY,Grade 10,nearly proficient,0,91,0
302146,5,508,50812,Treatment,EoSY,Grade 10,nearly proficient,0,109,0
309921,5,508,50805,Treatment,EoSY,Grade 10,nearly proficient,0,53,0
302254,5,505,50501,Control,EoSY,Grade 10,nearly proficient,10,98,10.204081632653061
309513,5,501,50112,Control,EoSY,Grade 10,nearly proficient,0,105,0
500163,5,508,50801,Control,EoSY,Grade 10,nearly proficient,0,69,0
302058,5,503,50333,Control,EoSY,Grade 10,nearly proficient,0,105,0
302192,5,511,51103,Control,EoSY,Grade 10,nearly proficient,0,162,0
302227,5,511,51105,Control,EoSY,Grade 10,nearly proficient,0,57,0
302252,5,505,50501,Control,EoSY,Grade 10,nearly proficient,7,70,10
309914,5,508,50806,Control,EoSY,Grade 10,nearly proficient,0,183,0
309711,5,503,50317,Control,EoSY,Grade 10,nearly proficient,6,48,12.5
301817,5,507,50701,Control,EoSY,Grade 10,nearly proficient,0,94,0
302165,5,508,50816,Control,EoSY,Grade 10,nearly proficient,0,52,0
301974,5,503,50311,Treatment,EoSY,Grade 10,nearly proficient,0,52,0
302256,5,505,50501,Control,EoSY,Grade 10,nearly proficient,13,116,11.206896551724139
301834,5,501,50106,Control,EoSY,Grade 10,nearly proficient,0,155,0
309760,5,503,50306,Control,EoSY,Grade 10,nearly proficient,21,45,46.666666666666664
309936,5,508,50819,Control,EoSY,Grade 10,nearly proficient,0,56,0
302203,5,511,51102,Control,EoSY,Grade 10,nearly proficient,8,38,21.05263157894737
302011,5,503,50314,Control,EoSY,Grade 10,nearly proficient,9,75,12
500168,5,505,50501,Control,EoSY,Grade 10,nearly proficient,0,68,0
301947,5,503,50306,Control,EoSY,Grade 10,nearly proficient,0,336,0
309941,5,508,50812,Control,EoSY,Grade 10,nearly proficient,0,172,0
301839,5,501,50111,Control,EoSY,Grade 10,nearly proficient,10,71,14.084507042253522
501843,5,508,50818,Treatment,EoSY,Grade 10,nearly proficient,2,18,11.11111111111111
302111,5,508,50801,Control,EoSY,Grade 10,nearly proficient,65,444,14.63963963963964
302133,5,509,50901,Control,EoSY,Grade 10,nearly proficient,21,111,18.91891891891892
301990,5,503,50317,Control,EoSY,Grade 10,nearly proficient,0,40,0
309937,5,508,50819,Control,EoSY,Grade 10,nearly proficient,2,32,6.25
302241,5,511,51105,Control,EoSY,Grade 10,nearly proficient,11,82,13.414634146341463
500167,5,505,50501,Control,EoSY,Grade 10,nearly proficient,5,54,9.25925925925926
309764,5,503,50320,Control,EoSY,Grade 10,nearly proficient,0,35,0
302205,5,511,51106,Control,EoSY,Grade 10,nearly proficient,4,87,4.597701149425287
302014,5,503,50302,Control,EoSY,Grade 10,nearly proficient,0,101,0
309740,5,503,50315,Control,EoSY,Grade 10,nearly proficient,0,62,0
309741,5,503,50315,Control,EoSY,Grade 10,nearly proficient,0,56,0
302161,5,508,50803,Treatment,EoSY,Grade 10,nearly proficient,0,80,0
302113,5,508,50818,Treatment,EoSY,Grade 10,nearly proficient,46,83,55.42168674698795
302127,5,508,50817,Control,EoSY,Grade 10,nearly proficient,0,33,0
301899,5,502,50205,Control,EoSY,Grade 10,nearly proficient,0,114,0
309509,5,501,50113,Control,EoSY,Grade 10,nearly proficient,0,63,0
309903,5,508,50816,Control,EoSY,Grade 10,nearly proficient,3,54,5.555555555555555
301995,5,503,50310,Control,EoSY,Grade 10,nearly proficient,0,52,0
309702,5,503,50325,Control,EoSY,Grade 10,nearly proficient,0,203,0
501020,5,503,50310,Control,EoSY,Grade 10,nearly proficient,2,25,8
309743,5,503,50332,Control,EoSY,Grade 10,nearly proficient,3,63,4.761904761904762
301816,5,501,50101,Control,EoSY,Grade 10,nearly proficient,0,144,0
302054,5,503,50315,Control,EoSY,Grade 10,nearly proficient,0,92,0
301862,5,507,50701,Control,EoSY,Grade 10,nearly proficient,0,196,0
502477,5,501,50108,Control,EoSY,Grade 10,nearly proficient,0,0,NA
302283,5,513,51301,Control,EoSY,Grade 10,nearly proficient,0,288,0
301900,5,502,50206,Control,EoSY,Grade 10,nearly proficient,0,40,0
302123,5,508,50808,Control,EoSY,Grade 10,nearly proficient,0,53,0
309512,5,501,50110,Control,EoSY,Grade 10,nearly proficient,24,73,32.87671232876713
302284,5,513,51301,Control,EoSY,Grade 10,nearly proficient,0,170,0
500034,5,508,50819,Control,EoSY,Grade 10,nearly proficient,7,24,29.166666666666668
302043,5,503,50305,Control,EoSY,Grade 10,nearly proficient,47,187,25.13368983957219
302182,5,511,51107,Control,EoSY,Grade 10,nearly proficient,5,90,5.555555555555555
301986,5,503,50334,Control,EoSY,Grade 10,nearly proficient,0,151,0
302109,5,508,50817,Control,EoSY,Grade 10,nearly proficient,8,237,3.3755274261603376
302061,5,503,50311,Control,EoSY,Grade 10,nearly proficient,28,51,54.90196078431372
309931,5,508,50802,Control,EoSY,Grade 10,nearly proficient,2,49,4.081632653061225
301984,5,503,50331,Control,EoSY,Grade 10,nearly proficient,0,178,0
302156,5,508,50803,Control,EoSY,Grade 10,nearly proficient,0,97,0
309705,5,503,50330,Control,EoSY,Grade 10,nearly proficient,0,79,0
500165,5,508,50804,Control,EoSY,Grade 10,nearly proficient,12,34,35.294117647058826
301930,5,503,50328,Control,EoSY,Grade 10,nearly proficient,0,78,0
302177,5,508,50806,Control,EoSY,Grade 10,nearly proficient,0,74,0
302282,5,513,51301,Control,EoSY,Grade 10,nearly proficient,16,282,5.673758865248227
502615,5,508,50802,Control,EoSY,Grade 10,nearly proficient,0,0,NA
302263,5,506,50601,Control,EoSY,Grade 10,nearly proficient,0,87,0
301826,5,501,50103,Control,EoSY,Grade 10,nearly proficient,4,40,10
305750,5,513,51301,Control,EoSY,Grade 10,nearly proficient,1,43,2.3255813953488373
301870,5,501,50110,Control,EoSY,Grade 10,nearly proficient,0,104,0
302039,5,503,50316,Control,EoSY,Grade 10,nearly proficient,0,233,0
301868,5,501,50112,Control,EoSY,Grade 10,nearly proficient,182,236,77.11864406779661
301963,5,503,50316,Control,EoSY,Grade 10,nearly proficient,1,148,0.6756756756756757
340567,15,1505,150501,Treatment,EoSY,Grade 10,nearly proficient,3,160,1.875
320606,15,1515,151502,Treatment,EoSY,Grade 10,nearly proficient,207,312,66.34615384615384
320202,15,1511,151101,Treatment,EoSY,Grade 10,nearly proficient,16,131,12.213740458015268
305310,15,1507,150703,Treatment,EoSY,Grade 10,nearly proficient,0,310,0
305418,15,1513,151301,Treatment,EoSY,Grade 10,nearly proficient,163,1108,14.711191335740072
500565,15,1515,151502,Treatment,EoSY,Grade 10,nearly proficient,377,846,44.56264775413712
301258,4,413,41308,Treatment,EoSY,Grade 10,nearly proficient,6,467,1.284796573875803
301214,4,411,41101,Treatment,EoSY,Grade 10,nearly proficient,430,715,60.13986013986014
301497,4,414,41401,Treatment,EoSY,Grade 10,nearly proficient,3,344,0.872093023255814
305411,15,1515,151502,Treatment,EoSY,Grade 10,nearly proficient,4,979,0.40858018386108275
305420,15,1513,151301,Treatment,EoSY,Grade 10,nearly proficient,116,1200,9.666666666666666
301231,4,413,41302,Control,EoSY,Grade 10,nearly proficient,32,183,17.48633879781421
301188,4,402,40201,Control,EoSY,Grade 10,nearly proficient,0,587,0
307913,4,413,41309,Control,EoSY,Grade 10,nearly proficient,1,272,0.36764705882352944
500566,15,1507,150710,Control,EoSY,Grade 10,nearly proficient,5,653,0.7656967840735069
305453,15,1510,151001,Control,EoSY,Grade 10,nearly proficient,342,637,53.68916797488226
305311,15,1507,150702,Control,EoSY,Grade 10,nearly proficient,93,303,30.693069306930692
301425,4,401,40101,Control,EoSY,Grade 10,nearly proficient,9,826,1.089588377723971
301202,4,408,40812,Control,EoSY,Grade 10,nearly proficient,72,314,22.929936305732483
305412,15,1515,151502,Control,EoSY,Grade 10,nearly proficient,24,931,2.577873254564984
308105,4,417,41703,Control,EoSY,Grade 10,nearly proficient,127,733,17.32605729877217
305341,15,1514,151401,Control,EoSY,Grade 10,nearly proficient,26,1624,1.6009852216748768
319604,15,1512,151201,Control,EoSY,Grade 10,nearly proficient,122,275,44.36363636363637
305568,15,1516,151601,Control,EoSY,Grade 10,nearly proficient,2,400,0.5
305434,15,1503,150301,Control,EoSY,Grade 10,nearly proficient,1,698,0.14326647564469913
301464,4,417,41710,Control,EoSY,Grade 10,nearly proficient,55,516,10.65891472868217
305461,15,1515,151502,Control,EoSY,Grade 10,nearly proficient,3,273,1.098901098901099
305384,15,1501,150101,Control,EoSY,Grade 10,nearly proficient,193,401,48.12967581047381
301143,4,421,42101,Control,EoSY,Grade 10,nearly proficient,0,984,0
305340,15,1514,151401,Control,EoSY,Grade 10,nearly proficient,8,1297,0.6168080185042406
305302,15,1507,150709,Treatment,EoSY,Grade 10,nearly proficient,42,1068,3.932584269662921
308103,4,417,41712,Control,EoSY,Grade 10,nearly proficient,37,257,14.396887159533074
308130,4,417,41711,Control,EoSY,Grade 10,nearly proficient,0,145,0
301227,4,420,42001,Control,EoSY,Grade 10,nearly proficient,0,792,0
305334,15,1514,151401,Control,EoSY,Grade 10,nearly proficient,18,632,2.848101265822785
305367,15,1512,151201,Control,EoSY,Grade 10,nearly proficient,594,876,67.8082191780822
305635,15,1514,151401,Control,EoSY,Grade 10,nearly proficient,1,399,0.2506265664160401
301218,4,408,40814,Control,EoSY,Grade 10,nearly proficient,26,1763,1.474758933635848
308501,4,415,41501,Control,EoSY,Grade 10,nearly proficient,3,490,0.6122448979591837
500332,15,1506,150601,Control,EoSY,Grade 10,nearly proficient,3,390,0.7692307692307693
305471,15,1509,150901,Control,EoSY,Grade 10,nearly proficient,22,534,4.119850187265918
305376,15,1501,150101,Treatment,EoSY,Grade 10,nearly proficient,164,824,19.902912621359224
301432,4,417,41705,Control,EoSY,Grade 10,nearly proficient,0,442,0
305459,15,1515,151502,Control,EoSY,Grade 10,nearly proficient,331,967,34.22957600827301
305313,15,1507,150708,Control,EoSY,Grade 10,nearly proficient,348,563,61.81172291296625
301186,4,410,41001,Control,EoSY,Grade 10,nearly proficient,301,1392,21.623563218390803
301184,4,410,41001,Control,EoSY,Grade 10,nearly proficient,659,911,72.33809001097694
305295,15,1507,150710,Control,EoSY,Grade 10,nearly proficient,21,1212,1.7326732673267327
301416,4,422,42201,Control,EoSY,Grade 10,nearly proficient,0,126,0
305450,15,1505,150501,Treatment,EoSY,Grade 10,nearly proficient,128,333,38.43843843843844
301403,4,416,41606,Control,EoSY,Grade 10,nearly proficient,2,423,0.4728132387706856
301451,4,417,41708,Control,EoSY,Grade 10,nearly proficient,21,280,7.5
305338,15,1514,151401,Control,EoSY,Grade 10,nearly proficient,18,739,2.435723951285521
301257,4,413,41312,Control,EoSY,Grade 10,nearly proficient,12,1827,0.6568144499178982
305416,15,1513,151301,Control,EoSY,Grade 10,nearly proficient,69,898,7.6837416481069045
305337,15,1514,151401,Control,EoSY,Grade 10,nearly proficient,15,1906,0.7869884575026233
305353,15,1514,151401,Control,EoSY,Grade 10,nearly proficient,6,490,1.2244897959183674
301197,4,408,40812,Control,EoSY,Grade 10,nearly proficient,20,337,5.9347181008902075
301236,4,413,41308,Treatment,EoSY,Grade 10,nearly proficient,6,238,2.5210084033613445
305444,15,1516,151601,Control,EoSY,Grade 10,nearly proficient,0,355,0
320306,15,1503,150301,Control,EoSY,Grade 10,nearly proficient,3,724,0.4143646408839779
301489,4,414,41401,Control,EoSY,Grade 10,nearly proficient,13,293,4.436860068259386
301507,4,418,41801,Control,EoSY,Grade 10,nearly proficient,0,124,0
301456,4,417,41710,Control,EoSY,Grade 10,nearly proficient,39,491,7.942973523421589
301238,4,413,41303,Control,EoSY,Grade 10,nearly proficient,1,486,0.205761316872428
305438,15,1516,151601,Control,EoSY,Grade 10,nearly proficient,0,878,0
305324,15,1514,151401,Control,EoSY,Grade 10,nearly proficient,80,293,27.303754266211605
305454,15,1510,151001,Control,EoSY,Grade 10,nearly proficient,87,117,74.35897435897436
308122,4,417,41708,Control,EoSY,Grade 10,nearly proficient,18,184,9.782608695652174
301508,4,418,41801,Control,EoSY,Grade 10,nearly proficient,2,233,0.8583690987124464
305465,15,1515,151502,Control,EoSY,Grade 10,nearly proficient,203,800,25.375
305428,15,1511,151101,Control,EoSY,Grade 10,nearly proficient,6,386,1.5544041450777202
301175,4,408,40807,Control,EoSY,Grade 10,nearly proficient,161,501,32.13572854291417
301437,4,417,41704,Control,EoSY,Grade 10,nearly proficient,52,916,5.676855895196507
320204,15,1511,151101,Control,EoSY,Grade 10,nearly proficient,4,473,0.8456659619450317
305447,15,1505,150501,Control,EoSY,Grade 10,nearly proficient,97,601,16.139767054908486
301438,4,417,41704,Control,EoSY,Grade 10,nearly proficient,3,435,0.6896551724137931
308135,4,417,41708,Control,EoSY,Grade 10,nearly proficient,39,411,9.489051094890511
301418,4,401,40101,Control,EoSY,Grade 10,nearly proficient,27,2487,1.0856453558504222
305288,15,1507,150710,Control,EoSY,Grade 10,nearly proficient,219,721,30.374479889042995
301265,4,413,41301,Control,EoSY,Grade 10,nearly proficient,1,373,0.2680965147453083
305442,15,1516,151601,Control,EoSY,Grade 10,nearly proficient,1,248,0.4032258064516129
500339,15,1505,150501,Control,EoSY,Grade 10,nearly proficient,63,364,17.307692307692307
305435,15,1503,150301,Control,EoSY,Grade 10,nearly proficient,23,424,5.4245283018867925
308134,4,417,41708,Control,EoSY,Grade 10,nearly proficient,3,526,0.5703422053231939
305452,15,1505,150501,Control,EoSY,Grade 10,nearly proficient,292,612,47.712418300653596
312330,7,703,70308,Treatment,EoSY,Grade 10,nearly proficient,0,86,0
305710,7,703,70302,Treatment,EoSY,Grade 10,nearly proficient,0,81,0
305655,11,1101,110101,Treatment,EoSY,Grade 10,nearly proficient,10,27,37.03703703703704
305581,7,703,70303,Treatment,EoSY,Grade 10,nearly proficient,0,40,0
303130,7,703,70309,Treatment,EoSY,Grade 10,nearly proficient,0,195,0
312354,7,703,70309,Treatment,EoSY,Grade 10,nearly proficient,0,20,0
305849,11,1105,110503,Treatment,EoSY,Grade 10,nearly proficient,0,16,0
305500,11,1101,110101,Treatment,EoSY,Grade 10,nearly proficient,0,29,0
312355,7,703,70304,Treatment,EoSY,Grade 10,nearly proficient,0,41,0
501903,11,1110,111001,Treatment,EoSY,Grade 10,nearly proficient,0,25,0
500665,7,705,70527,Control,EoSY,Grade 10,nearly proficient,0,74,0
312462,7,705,70520,Control,EoSY,Grade 10,nearly proficient,0,14,0
306038,11,1102,110202,Control,EoSY,Grade 10,nearly proficient,6,29,20.689655172413794
500221,7,705,70527,Control,EoSY,Grade 10,nearly proficient,0,34,0
500744,7,708,70801,Control,EoSY,Grade 10,nearly proficient,0,38,0
305884,11,1101,110101,Control,EoSY,Grade 10,nearly proficient,79,100,79
303170,7,709,70901,Control,EoSY,Grade 10,nearly proficient,0,49,0
500787,7,708,70801,Control,EoSY,Grade 10,nearly proficient,2,49,4.081632653061225
500667,7,705,70528,Control,EoSY,Grade 10,nearly proficient,6,51,11.764705882352942
501071,11,1101,110101,Control,EoSY,Grade 10,nearly proficient,3,24,12.5
303046,7,705,70527,Control,EoSY,Grade 10,nearly proficient,0,94,0
325303,7,707,70701,Control,EoSY,Grade 10,nearly proficient,0,26,0
500208,7,703,70305,Control,EoSY,Grade 10,nearly proficient,0,15,0
312401,7,705,70525,Control,EoSY,Grade 10,nearly proficient,0,120,0
303136,7,706,70601,Control,EoSY,Grade 10,nearly proficient,22,65,33.84615384615385
312435,7,707,70701,Control,EoSY,Grade 10,nearly proficient,NA,NA,NA
502186,11,1101,110101,Control,EoSY,Grade 10,nearly proficient,0,14,0
500782,7,708,70801,Control,EoSY,Grade 10,nearly proficient,9,221,4.072398190045249
306086,11,1106,110606,Control,EoSY,Grade 10,nearly proficient,0,17,0
305755,7,705,70529,Control,EoSY,Grade 10,nearly proficient,0,88,0
305665,11,1101,110101,Control,EoSY,Grade 10,nearly proficient,3,16,18.75
501635,7,703,70301,Control,EoSY,Grade 10,nearly proficient,0,60,0
305843,11,1110,111001,Control,EoSY,Grade 10,nearly proficient,5,36,13.88888888888889
500894,7,705,70517,Control,EoSY,Grade 10,nearly proficient,0,77,0
500671,7,705,70506,Control,EoSY,Grade 10,nearly proficient,0,39,0
305847,11,1105,110503,Control,EoSY,Grade 10,nearly proficient,0,21,0
500784,7,708,70801,Control,EoSY,Grade 10,nearly proficient,0,10,0
501267,7,705,70525,Control,EoSY,Grade 10,nearly proficient,0,26,0
306000,7,705,70525,Control,EoSY,Grade 10,nearly proficient,0,28,0
305517,11,1106,110608,Control,EoSY,Grade 10,nearly proficient,12,33,36.36363636363637
305713,7,710,71001,Control,EoSY,Grade 10,nearly proficient,6,26,23.076923076923077
500768,7,705,70521,Control,EoSY,Grade 10,nearly proficient,4,82,4.878048780487805
316303,11,1107,110701,Control,EoSY,Grade 10,nearly proficient,0,50,0
316304,11,1107,110701,Control,EoSY,Grade 10,nearly proficient,8,59,13.559322033898304
305506,11,1101,110101,Control,EoSY,Grade 10,nearly proficient,6,11,54.54545454545455
500421,7,705,70507,Control,EoSY,Grade 10,nearly proficient,0,117,0
305681,11,1110,111001,Control,EoSY,Grade 10,nearly proficient,43,160,26.875
303186,7,711,71101,Control,EoSY,Grade 10,nearly proficient,NA,NA,NA
501429,7,714,71402,Control,EoSY,Grade 10,nearly proficient,12,68,17.647058823529413
305844,11,1103,110303,Control,EoSY,Grade 10,nearly proficient,7,46,15.217391304347826
305965,11,1110,111001,Control,EoSY,Grade 10,nearly proficient,0,55,0
501076,11,1103,110305,Control,EoSY,Grade 10,nearly proficient,0,12,0
305889,11,1101,110101,Control,EoSY,Grade 10,nearly proficient,7,45,15.555555555555555
501074,11,1103,110306,Control,EoSY,Grade 10,nearly proficient,0,46,0
312408,7,705,70530,Control,EoSY,Grade 10,nearly proficient,0,54,0
501351,7,705,70522,Control,EoSY,Grade 10,nearly proficient,NA,NA,NA
501404,11,1101,110101,Control,EoSY,Grade 10,nearly proficient,0,13,0
305660,11,1101,110101,Control,EoSY,Grade 10,nearly proficient,0,31,0
303219,7,701,70101,Control,EoSY,Grade 10,nearly proficient,20,97,20.61855670103093
312450,7,705,70522,Control,EoSY,Grade 10,nearly proficient,0,105,0
324903,7,704,70401,Control,EoSY,Grade 10,nearly proficient,0,27,0
501065,11,1101,110101,Control,EoSY,Grade 10,nearly proficient,0,118,0
312451,7,705,70532,Control,EoSY,Grade 10,nearly proficient,8,48,16.666666666666668
501763,11,1103,110305,Control,EoSY,Grade 10,nearly proficient,2,18,11.11111111111111
316405,11,1110,111001,Control,EoSY,Grade 10,nearly proficient,10,110,9.090909090909092
316404,11,1110,111001,Control,EoSY,Grade 10,nearly proficient,1,31,3.225806451612903
316301,11,1107,110701,Control,EoSY,Grade 10,nearly proficient,27,126,21.428571428571427
312910,7,710,71001,Control,EoSY,Grade 10,nearly proficient,0,72,0
303011,7,705,70512,Control,EoSY,Grade 10,nearly proficient,0,36,0
305651,11,1101,110101,Control,EoSY,Grade 10,nearly proficient,7,28,25
305662,11,1101,110101,Control,EoSY,Grade 10,nearly proficient,0,24,0
305850,11,1105,110503,Control,EoSY,Grade 10,nearly proficient,0,15,0
312481,7,705,70518,Control,EoSY,Grade 10,nearly proficient,8,172,4.651162790697675
304409,11,1110,111001,Control,EoSY,Grade 10,nearly proficient,11,88,12.5
303246,7,713,71303,Control,EoSY,Grade 10,nearly proficient,5,77,6.4935064935064934
501405,11,1101,110101,Control,EoSY,Grade 10,nearly proficient,12,46,26.08695652173913
305677,11,1105,110503,Control,EoSY,Grade 10,nearly proficient,0,39,0
500447,7,708,70801,Control,EoSY,Grade 10,nearly proficient,0,43,0
501305,7,708,70801,Control,EoSY,Grade 10,nearly proficient,0,27,0
305917,7,708,70801,Control,EoSY,Grade 10,nearly proficient,0,26,0
305722,7,703,70304,Control,EoSY,Grade 10,nearly proficient,0,43,0
312953,7,713,71306,Control,EoSY,Grade 10,nearly proficient,0,34,0
305498,11,1101,110101,Control,EoSY,Grade 10,nearly proficient,0,53,0
305669,11,1101,110101,Control,EoSY,Grade 10,nearly proficient,20,38,52.63157894736842
312960,7,710,71002,Control,EoSY,Grade 10,nearly proficient,0,31,0
309906,5,508,50811,Treatment,EoSY,Grade 10,proficient,0,109,0
309934,5,508,50806,Treatment,EoSY,Grade 10,proficient,0,28,0
301871,5,501,50107,Treatment,EoSY,Grade 10,proficient,1,82,1.2195121951219512
302134,5,508,50804,Treatment,EoSY,Grade 10,proficient,0,120,0
302117,5,508,50803,Treatment,EoSY,Grade 10,proficient,0,64,0
309909,5,508,50801,Treatment,EoSY,Grade 10,proficient,0,92,0
309915,5,508,50801,Treatment,EoSY,Grade 10,proficient,0,31,0
501544,5,508,50815,Treatment,EoSY,Grade 10,proficient,0,79,0
301887,5,502,50205,Treatment,EoSY,Grade 10,proficient,2,66,3.0303030303030303
302175,5,508,50820,Treatment,EoSY,Grade 10,proficient,0,91,0
302146,5,508,50812,Treatment,EoSY,Grade 10,proficient,0,109,0
309921,5,508,50805,Treatment,EoSY,Grade 10,proficient,0,53,0
302254,5,505,50501,Control,EoSY,Grade 10,proficient,0,98,0
309513,5,501,50112,Control,EoSY,Grade 10,proficient,0,105,0
500163,5,508,50801,Control,EoSY,Grade 10,proficient,0,69,0
302058,5,503,50333,Control,EoSY,Grade 10,proficient,0,105,0
302192,5,511,51103,Control,EoSY,Grade 10,proficient,0,162,0
302227,5,511,51105,Control,EoSY,Grade 10,proficient,0,57,0
302252,5,505,50501,Control,EoSY,Grade 10,proficient,2,70,2.857142857142857
309914,5,508,50806,Control,EoSY,Grade 10,proficient,0,183,0
309711,5,503,50317,Control,EoSY,Grade 10,proficient,0,48,0
301817,5,507,50701,Control,EoSY,Grade 10,proficient,0,94,0
302165,5,508,50816,Control,EoSY,Grade 10,proficient,0,52,0
301974,5,503,50311,Treatment,EoSY,Grade 10,proficient,0,52,0
302256,5,505,50501,Control,EoSY,Grade 10,proficient,3,116,2.586206896551724
301834,5,501,50106,Control,EoSY,Grade 10,proficient,0,155,0
309760,5,503,50306,Control,EoSY,Grade 10,proficient,0,45,0
309936,5,508,50819,Control,EoSY,Grade 10,proficient,0,56,0
302203,5,511,51102,Control,EoSY,Grade 10,proficient,1,38,2.6315789473684212
302011,5,503,50314,Control,EoSY,Grade 10,proficient,1,75,1.3333333333333333
500168,5,505,50501,Control,EoSY,Grade 10,proficient,0,68,0
301947,5,503,50306,Control,EoSY,Grade 10,proficient,0,336,0
309941,5,508,50812,Control,EoSY,Grade 10,proficient,0,172,0
301839,5,501,50111,Control,EoSY,Grade 10,proficient,0,71,0
501843,5,508,50818,Treatment,EoSY,Grade 10,proficient,0,18,0
302111,5,508,50801,Control,EoSY,Grade 10,proficient,83,444,18.693693693693692
302133,5,509,50901,Control,EoSY,Grade 10,proficient,7,111,6.306306306306307
301990,5,503,50317,Control,EoSY,Grade 10,proficient,0,40,0
309937,5,508,50819,Control,EoSY,Grade 10,proficient,0,32,0
302241,5,511,51105,Control,EoSY,Grade 10,proficient,0,82,0
500167,5,505,50501,Control,EoSY,Grade 10,proficient,0,54,0
309764,5,503,50320,Control,EoSY,Grade 10,proficient,0,35,0
302205,5,511,51106,Control,EoSY,Grade 10,proficient,1,87,1.1494252873563218
302014,5,503,50302,Control,EoSY,Grade 10,proficient,0,101,0
309740,5,503,50315,Control,EoSY,Grade 10,proficient,0,62,0
309741,5,503,50315,Control,EoSY,Grade 10,proficient,0,56,0
302161,5,508,50803,Treatment,EoSY,Grade 10,proficient,0,80,0
302113,5,508,50818,Treatment,EoSY,Grade 10,proficient,18,83,21.686746987951807
302127,5,508,50817,Control,EoSY,Grade 10,proficient,0,33,0
301899,5,502,50205,Control,EoSY,Grade 10,proficient,0,114,0
309509,5,501,50113,Control,EoSY,Grade 10,proficient,0,63,0
309903,5,508,50816,Control,EoSY,Grade 10,proficient,2,54,3.7037037037037037
301995,5,503,50310,Control,EoSY,Grade 10,proficient,0,52,0
309702,5,503,50325,Control,EoSY,Grade 10,proficient,0,203,0
501020,5,503,50310,Control,EoSY,Grade 10,proficient,0,25,0
309743,5,503,50332,Control,EoSY,Grade 10,proficient,0,63,0
301816,5,501,50101,Control,EoSY,Grade 10,proficient,0,144,0
302054,5,503,50315,Control,EoSY,Grade 10,proficient,0,92,0
301862,5,507,50701,Control,EoSY,Grade 10,proficient,0,196,0
502477,5,501,50108,Control,EoSY,Grade 10,proficient,0,0,NA
302283,5,513,51301,Control,EoSY,Grade 10,proficient,0,288,0
301900,5,502,50206,Control,EoSY,Grade 10,proficient,0,40,0
302123,5,508,50808,Control,EoSY,Grade 10,proficient,0,53,0
309512,5,501,50110,Control,EoSY,Grade 10,proficient,0,73,0
302284,5,513,51301,Control,EoSY,Grade 10,proficient,0,170,0
500034,5,508,50819,Control,EoSY,Grade 10,proficient,0,24,0
302043,5,503,50305,Control,EoSY,Grade 10,proficient,7,187,3.7433155080213902
302182,5,511,51107,Control,EoSY,Grade 10,proficient,0,90,0
301986,5,503,50334,Control,EoSY,Grade 10,proficient,0,151,0
302109,5,508,50817,Control,EoSY,Grade 10,proficient,7,237,2.9535864978902953
302061,5,503,50311,Control,EoSY,Grade 10,proficient,7,51,13.72549019607843
309931,5,508,50802,Control,EoSY,Grade 10,proficient,0,49,0
301984,5,503,50331,Control,EoSY,Grade 10,proficient,0,178,0
302156,5,508,50803,Control,EoSY,Grade 10,proficient,0,97,0
309705,5,503,50330,Control,EoSY,Grade 10,proficient,0,79,0
500165,5,508,50804,Control,EoSY,Grade 10,proficient,5,34,14.705882352941176
301930,5,503,50328,Control,EoSY,Grade 10,proficient,0,78,0
302177,5,508,50806,Control,EoSY,Grade 10,proficient,0,74,0
302282,5,513,51301,Control,EoSY,Grade 10,proficient,0,282,0
502615,5,508,50802,Control,EoSY,Grade 10,proficient,0,0,NA
302263,5,506,50601,Control,EoSY,Grade 10,proficient,0,87,0
301826,5,501,50103,Control,EoSY,Grade 10,proficient,1,40,2.5
305750,5,513,51301,Control,EoSY,Grade 10,proficient,0,43,0
301870,5,501,50110,Control,EoSY,Grade 10,proficient,0,104,0
302039,5,503,50316,Control,EoSY,Grade 10,proficient,0,233,0
301868,5,501,50112,Control,EoSY,Grade 10,proficient,11,236,4.661016949152542
301963,5,503,50316,Control,EoSY,Grade 10,proficient,0,148,0
340567,15,1505,150501,Treatment,EoSY,Grade 10,proficient,1,160,0.625
320606,15,1515,151502,Treatment,EoSY,Grade 10,proficient,33,312,10.576923076923077
320202,15,1511,151101,Treatment,EoSY,Grade 10,proficient,3,131,2.2900763358778624
305310,15,1507,150703,Treatment,EoSY,Grade 10,proficient,0,310,0
305418,15,1513,151301,Treatment,EoSY,Grade 10,proficient,0,1108,0
500565,15,1515,151502,Treatment,EoSY,Grade 10,proficient,85,846,10.047281323877069
301258,4,413,41308,Treatment,EoSY,Grade 10,proficient,0,467,0
301214,4,411,41101,Treatment,EoSY,Grade 10,proficient,167,715,23.356643356643357
301497,4,414,41401,Treatment,EoSY,Grade 10,proficient,6,344,1.744186046511628
305411,15,1515,151502,Treatment,EoSY,Grade 10,proficient,5,979,0.5107252298263534
305420,15,1513,151301,Treatment,EoSY,Grade 10,proficient,76,1200,6.333333333333333
301231,4,413,41302,Control,EoSY,Grade 10,proficient,14,183,7.6502732240437155
301188,4,402,40201,Control,EoSY,Grade 10,proficient,0,587,0
307913,4,413,41309,Control,EoSY,Grade 10,proficient,1,272,0.36764705882352944
500566,15,1507,150710,Control,EoSY,Grade 10,proficient,3,653,0.45941807044410415
305453,15,1510,151001,Control,EoSY,Grade 10,proficient,158,637,24.80376766091052
305311,15,1507,150702,Control,EoSY,Grade 10,proficient,0,303,0
301425,4,401,40101,Control,EoSY,Grade 10,proficient,0,826,0
301202,4,408,40812,Control,EoSY,Grade 10,proficient,25,314,7.961783439490445
305412,15,1515,151502,Control,EoSY,Grade 10,proficient,2,931,0.21482277121374865
308105,4,417,41703,Control,EoSY,Grade 10,proficient,31,733,4.229195088676671
305341,15,1514,151401,Control,EoSY,Grade 10,proficient,13,1624,0.8004926108374384
319604,15,1512,151201,Control,EoSY,Grade 10,proficient,61,275,22.181818181818183
305568,15,1516,151601,Control,EoSY,Grade 10,proficient,0,400,0
305434,15,1503,150301,Control,EoSY,Grade 10,proficient,0,698,0
301464,4,417,41710,Control,EoSY,Grade 10,proficient,14,516,2.7131782945736433
305461,15,1515,151502,Control,EoSY,Grade 10,proficient,1,273,0.3663003663003663
305384,15,1501,150101,Control,EoSY,Grade 10,proficient,47,401,11.72069825436409
301143,4,421,42101,Control,EoSY,Grade 10,proficient,0,984,0
305340,15,1514,151401,Control,EoSY,Grade 10,proficient,1,1297,0.07710100231303008
305302,15,1507,150709,Treatment,EoSY,Grade 10,proficient,24,1068,2.247191011235955
308103,4,417,41712,Control,EoSY,Grade 10,proficient,7,257,2.7237354085603114
308130,4,417,41711,Control,EoSY,Grade 10,proficient,0,145,0
301227,4,420,42001,Control,EoSY,Grade 10,proficient,0,792,0
305334,15,1514,151401,Control,EoSY,Grade 10,proficient,6,632,0.9493670886075949
305367,15,1512,151201,Control,EoSY,Grade 10,proficient,193,876,22.031963470319635
305635,15,1514,151401,Control,EoSY,Grade 10,proficient,0,399,0
301218,4,408,40814,Control,EoSY,Grade 10,proficient,21,1763,1.191151446398185
308501,4,415,41501,Control,EoSY,Grade 10,proficient,0,490,0
500332,15,1506,150601,Control,EoSY,Grade 10,proficient,0,390,0
305471,15,1509,150901,Control,EoSY,Grade 10,proficient,7,534,1.3108614232209739
305376,15,1501,150101,Treatment,EoSY,Grade 10,proficient,146,824,17.718446601941746
301432,4,417,41705,Control,EoSY,Grade 10,proficient,0,442,0
305459,15,1515,151502,Control,EoSY,Grade 10,proficient,279,967,28.852119958634955
305313,15,1507,150708,Control,EoSY,Grade 10,proficient,183,563,32.5044404973357
301186,4,410,41001,Control,EoSY,Grade 10,proficient,169,1392,12.14080459770115
301184,4,410,41001,Control,EoSY,Grade 10,proficient,181,911,19.86827661909989
305295,15,1507,150710,Control,EoSY,Grade 10,proficient,5,1212,0.41254125412541254
301416,4,422,42201,Control,EoSY,Grade 10,proficient,0,126,0
305450,15,1505,150501,Treatment,EoSY,Grade 10,proficient,20,333,6.006006006006006
301403,4,416,41606,Control,EoSY,Grade 10,proficient,0,423,0
301451,4,417,41708,Control,EoSY,Grade 10,proficient,9,280,3.2142857142857144
305338,15,1514,151401,Control,EoSY,Grade 10,proficient,0,739,0
301257,4,413,41312,Control,EoSY,Grade 10,proficient,1,1827,0.05473453749315818
305416,15,1513,151301,Control,EoSY,Grade 10,proficient,44,898,4.8997772828507795
305337,15,1514,151401,Control,EoSY,Grade 10,proficient,40,1906,2.0986358866736623
305353,15,1514,151401,Control,EoSY,Grade 10,proficient,0,490,0
301197,4,408,40812,Control,EoSY,Grade 10,proficient,6,337,1.7804154302670623
301236,4,413,41308,Treatment,EoSY,Grade 10,proficient,6,238,2.5210084033613445
305444,15,1516,151601,Control,EoSY,Grade 10,proficient,0,355,0
320306,15,1503,150301,Control,EoSY,Grade 10,proficient,0,724,0
301489,4,414,41401,Control,EoSY,Grade 10,proficient,3,293,1.023890784982935
301507,4,418,41801,Control,EoSY,Grade 10,proficient,0,124,0
301456,4,417,41710,Control,EoSY,Grade 10,proficient,21,491,4.276985743380855
301238,4,413,41303,Control,EoSY,Grade 10,proficient,0,486,0
305438,15,1516,151601,Control,EoSY,Grade 10,proficient,0,878,0
305324,15,1514,151401,Control,EoSY,Grade 10,proficient,17,293,5.802047781569966
305454,15,1510,151001,Control,EoSY,Grade 10,proficient,19,117,16.23931623931624
308122,4,417,41708,Control,EoSY,Grade 10,proficient,0,184,0
301508,4,418,41801,Control,EoSY,Grade 10,proficient,0,233,0
305465,15,1515,151502,Control,EoSY,Grade 10,proficient,18,800,2.25
305428,15,1511,151101,Control,EoSY,Grade 10,proficient,1,386,0.25906735751295334
301175,4,408,40807,Control,EoSY,Grade 10,proficient,95,501,18.962075848303392
301437,4,417,41704,Control,EoSY,Grade 10,proficient,25,916,2.7292576419213974
320204,15,1511,151101,Control,EoSY,Grade 10,proficient,0,473,0
305447,15,1505,150501,Control,EoSY,Grade 10,proficient,323,601,53.74376039933444
301438,4,417,41704,Control,EoSY,Grade 10,proficient,1,435,0.22988505747126436
308135,4,417,41708,Control,EoSY,Grade 10,proficient,1,411,0.24330900243309003
301418,4,401,40101,Control,EoSY,Grade 10,proficient,6,2487,0.24125452352231605
305288,15,1507,150710,Control,EoSY,Grade 10,proficient,34,721,4.715672676837725
301265,4,413,41301,Control,EoSY,Grade 10,proficient,2,373,0.5361930294906166
305442,15,1516,151601,Control,EoSY,Grade 10,proficient,0,248,0
500339,15,1505,150501,Control,EoSY,Grade 10,proficient,8,364,2.197802197802198
305435,15,1503,150301,Control,EoSY,Grade 10,proficient,0,424,0
308134,4,417,41708,Control,EoSY,Grade 10,proficient,2,526,0.38022813688212925
305452,15,1505,150501,Control,EoSY,Grade 10,proficient,64,612,10.457516339869281
312330,7,703,70308,Treatment,EoSY,Grade 10,proficient,1,86,1.1627906976744187
305710,7,703,70302,Treatment,EoSY,Grade 10,proficient,0,81,0
305655,11,1101,110101,Treatment,EoSY,Grade 10,proficient,4,27,14.814814814814815
305581,7,703,70303,Treatment,EoSY,Grade 10,proficient,0,40,0
303130,7,703,70309,Treatment,EoSY,Grade 10,proficient,0,195,0
312354,7,703,70309,Treatment,EoSY,Grade 10,proficient,0,20,0
305849,11,1105,110503,Treatment,EoSY,Grade 10,proficient,0,16,0
305500,11,1101,110101,Treatment,EoSY,Grade 10,proficient,0,29,0
312355,7,703,70304,Treatment,EoSY,Grade 10,proficient,0,41,0
501903,11,1110,111001,Treatment,EoSY,Grade 10,proficient,0,25,0
500665,7,705,70527,Control,EoSY,Grade 10,proficient,0,74,0
312462,7,705,70520,Control,EoSY,Grade 10,proficient,0,14,0
306038,11,1102,110202,Control,EoSY,Grade 10,proficient,6,29,20.689655172413794
500221,7,705,70527,Control,EoSY,Grade 10,proficient,0,34,0
500744,7,708,70801,Control,EoSY,Grade 10,proficient,0,38,0
305884,11,1101,110101,Control,EoSY,Grade 10,proficient,15,100,15
303170,7,709,70901,Control,EoSY,Grade 10,proficient,0,49,0
500787,7,708,70801,Control,EoSY,Grade 10,proficient,0,49,0
500667,7,705,70528,Control,EoSY,Grade 10,proficient,0,51,0
501071,11,1101,110101,Control,EoSY,Grade 10,proficient,0,24,0
303046,7,705,70527,Control,EoSY,Grade 10,proficient,0,94,0
325303,7,707,70701,Control,EoSY,Grade 10,proficient,0,26,0
500208,7,703,70305,Control,EoSY,Grade 10,proficient,0,15,0
312401,7,705,70525,Control,EoSY,Grade 10,proficient,0,120,0
303136,7,706,70601,Control,EoSY,Grade 10,proficient,16,65,24.615384615384617
312435,7,707,70701,Control,EoSY,Grade 10,proficient,NA,NA,NA
502186,11,1101,110101,Control,EoSY,Grade 10,proficient,0,14,0
500782,7,708,70801,Control,EoSY,Grade 10,proficient,2,221,0.9049773755656109
306086,11,1106,110606,Control,EoSY,Grade 10,proficient,0,17,0
305755,7,705,70529,Control,EoSY,Grade 10,proficient,0,88,0
305665,11,1101,110101,Control,EoSY,Grade 10,proficient,3,16,18.75
501635,7,703,70301,Control,EoSY,Grade 10,proficient,0,60,0
305843,11,1110,111001,Control,EoSY,Grade 10,proficient,2,36,5.555555555555555
500894,7,705,70517,Control,EoSY,Grade 10,proficient,0,77,0
500671,7,705,70506,Control,EoSY,Grade 10,proficient,0,39,0
305847,11,1105,110503,Control,EoSY,Grade 10,proficient,0,21,0
500784,7,708,70801,Control,EoSY,Grade 10,proficient,0,10,0
501267,7,705,70525,Control,EoSY,Grade 10,proficient,0,26,0
306000,7,705,70525,Control,EoSY,Grade 10,proficient,0,28,0
305517,11,1106,110608,Control,EoSY,Grade 10,proficient,0,33,0
305713,7,710,71001,Control,EoSY,Grade 10,proficient,12,26,46.15384615384615
500768,7,705,70521,Control,EoSY,Grade 10,proficient,0,82,0
316303,11,1107,110701,Control,EoSY,Grade 10,proficient,0,50,0
316304,11,1107,110701,Control,EoSY,Grade 10,proficient,0,59,0
305506,11,1101,110101,Control,EoSY,Grade 10,proficient,0,11,0
500421,7,705,70507,Control,EoSY,Grade 10,proficient,0,117,0
305681,11,1110,111001,Control,EoSY,Grade 10,proficient,6,160,3.75
303186,7,711,71101,Control,EoSY,Grade 10,proficient,NA,NA,NA
501429,7,714,71402,Control,EoSY,Grade 10,proficient,4,68,5.882352941176471
305844,11,1103,110303,Control,EoSY,Grade 10,proficient,9,46,19.565217391304348
305965,11,1110,111001,Control,EoSY,Grade 10,proficient,0,55,0
501076,11,1103,110305,Control,EoSY,Grade 10,proficient,0,12,0
305889,11,1101,110101,Control,EoSY,Grade 10,proficient,0,45,0
501074,11,1103,110306,Control,EoSY,Grade 10,proficient,0,46,0
312408,7,705,70530,Control,EoSY,Grade 10,proficient,0,54,0
501351,7,705,70522,Control,EoSY,Grade 10,proficient,NA,NA,NA
501404,11,1101,110101,Control,EoSY,Grade 10,proficient,0,13,0
305660,11,1101,110101,Control,EoSY,Grade 10,proficient,0,31,0
303219,7,701,70101,Control,EoSY,Grade 10,proficient,9,97,9.278350515463918
312450,7,705,70522,Control,EoSY,Grade 10,proficient,0,105,0
324903,7,704,70401,Control,EoSY,Grade 10,proficient,0,27,0
501065,11,1101,110101,Control,EoSY,Grade 10,proficient,90,118,76.27118644067797
312451,7,705,70532,Control,EoSY,Grade 10,proficient,1,48,2.0833333333333335
501763,11,1103,110305,Control,EoSY,Grade 10,proficient,0,18,0
316405,11,1110,111001,Control,EoSY,Grade 10,proficient,3,110,2.727272727272727
316404,11,1110,111001,Control,EoSY,Grade 10,proficient,0,31,0
316301,11,1107,110701,Control,EoSY,Grade 10,proficient,8,126,6.349206349206349
312910,7,710,71001,Control,EoSY,Grade 10,proficient,0,72,0
303011,7,705,70512,Control,EoSY,Grade 10,proficient,0,36,0
305651,11,1101,110101,Control,EoSY,Grade 10,proficient,3,28,10.714285714285714
305662,11,1101,110101,Control,EoSY,Grade 10,proficient,0,24,0
305850,11,1105,110503,Control,EoSY,Grade 10,proficient,0,15,0
312481,7,705,70518,Control,EoSY,Grade 10,proficient,0,172,0
304409,11,1110,111001,Control,EoSY,Grade 10,proficient,1,88,1.1363636363636365
303246,7,713,71303,Control,EoSY,Grade 10,proficient,0,77,0
501405,11,1101,110101,Control,EoSY,Grade 10,proficient,15,46,32.608695652173914
305677,11,1105,110503,Control,EoSY,Grade 10,proficient,0,39,0
500447,7,708,70801,Control,EoSY,Grade 10,proficient,0,43,0
501305,7,708,70801,Control,EoSY,Grade 10,proficient,0,27,0
305917,7,708,70801,Control,EoSY,Grade 10,proficient,0,26,0
305722,7,703,70304,Control,EoSY,Grade 10,proficient,0,43,0
312953,7,713,71306,Control,EoSY,Grade 10,proficient,0,34,0
305498,11,1101,110101,Control,EoSY,Grade 10,proficient,0,53,0
305669,11,1101,110101,Control,EoSY,Grade 10,proficient,3,38,7.894736842105263
312960,7,710,71002,Control,EoSY,Grade 10,proficient,0,31,0
309906,5,508,50811,Treatment,EoSY,Grade 10,high proficient,0,109,0
309934,5,508,50806,Treatment,EoSY,Grade 10,high proficient,0,28,0
301871,5,501,50107,Treatment,EoSY,Grade 10,high proficient,1,82,1.2195121951219512
302134,5,508,50804,Treatment,EoSY,Grade 10,high proficient,0,120,0
302117,5,508,50803,Treatment,EoSY,Grade 10,high proficient,0,64,0
309909,5,508,50801,Treatment,EoSY,Grade 10,high proficient,0,92,0
309915,5,508,50801,Treatment,EoSY,Grade 10,high proficient,0,31,0
501544,5,508,50815,Treatment,EoSY,Grade 10,high proficient,0,79,0
301887,5,502,50205,Treatment,EoSY,Grade 10,high proficient,0,66,0
302175,5,508,50820,Treatment,EoSY,Grade 10,high proficient,0,91,0
302146,5,508,50812,Treatment,EoSY,Grade 10,high proficient,0,109,0
309921,5,508,50805,Treatment,EoSY,Grade 10,high proficient,0,53,0
302254,5,505,50501,Control,EoSY,Grade 10,high proficient,0,98,0
309513,5,501,50112,Control,EoSY,Grade 10,high proficient,0,105,0
500163,5,508,50801,Control,EoSY,Grade 10,high proficient,0,69,0
302058,5,503,50333,Control,EoSY,Grade 10,high proficient,0,105,0
302192,5,511,51103,Control,EoSY,Grade 10,high proficient,0,162,0
302227,5,511,51105,Control,EoSY,Grade 10,high proficient,0,57,0
302252,5,505,50501,Control,EoSY,Grade 10,high proficient,0,70,0
309914,5,508,50806,Control,EoSY,Grade 10,high proficient,0,183,0
309711,5,503,50317,Control,EoSY,Grade 10,high proficient,0,48,0
301817,5,507,50701,Control,EoSY,Grade 10,high proficient,0,94,0
302165,5,508,50816,Control,EoSY,Grade 10,high proficient,0,52,0
301974,5,503,50311,Treatment,EoSY,Grade 10,high proficient,0,52,0
302256,5,505,50501,Control,EoSY,Grade 10,high proficient,3,116,2.586206896551724
301834,5,501,50106,Control,EoSY,Grade 10,high proficient,0,155,0
309760,5,503,50306,Control,EoSY,Grade 10,high proficient,0,45,0
309936,5,508,50819,Control,EoSY,Grade 10,high proficient,0,56,0
302203,5,511,51102,Control,EoSY,Grade 10,high proficient,0,38,0
302011,5,503,50314,Control,EoSY,Grade 10,high proficient,0,75,0
500168,5,505,50501,Control,EoSY,Grade 10,high proficient,0,68,0
301947,5,503,50306,Control,EoSY,Grade 10,high proficient,0,336,0
309941,5,508,50812,Control,EoSY,Grade 10,high proficient,0,172,0
301839,5,501,50111,Control,EoSY,Grade 10,high proficient,0,71,0
501843,5,508,50818,Treatment,EoSY,Grade 10,high proficient,0,18,0
302111,5,508,50801,Control,EoSY,Grade 10,high proficient,52,444,11.711711711711711
302133,5,509,50901,Control,EoSY,Grade 10,high proficient,1,111,0.9009009009009009
301990,5,503,50317,Control,EoSY,Grade 10,high proficient,0,40,0
309937,5,508,50819,Control,EoSY,Grade 10,high proficient,0,32,0
302241,5,511,51105,Control,EoSY,Grade 10,high proficient,0,82,0
500167,5,505,50501,Control,EoSY,Grade 10,high proficient,0,54,0
309764,5,503,50320,Control,EoSY,Grade 10,high proficient,0,35,0
302205,5,511,51106,Control,EoSY,Grade 10,high proficient,0,87,0
302014,5,503,50302,Control,EoSY,Grade 10,high proficient,0,101,0
309740,5,503,50315,Control,EoSY,Grade 10,high proficient,0,62,0
309741,5,503,50315,Control,EoSY,Grade 10,high proficient,0,56,0
302161,5,508,50803,Treatment,EoSY,Grade 10,high proficient,0,80,0
302113,5,508,50818,Treatment,EoSY,Grade 10,high proficient,0,83,0
302127,5,508,50817,Control,EoSY,Grade 10,high proficient,0,33,0
301899,5,502,50205,Control,EoSY,Grade 10,high proficient,0,114,0
309509,5,501,50113,Control,EoSY,Grade 10,high proficient,0,63,0
309903,5,508,50816,Control,EoSY,Grade 10,high proficient,0,54,0
301995,5,503,50310,Control,EoSY,Grade 10,high proficient,0,52,0
309702,5,503,50325,Control,EoSY,Grade 10,high proficient,0,203,0
501020,5,503,50310,Control,EoSY,Grade 10,high proficient,0,25,0
309743,5,503,50332,Control,EoSY,Grade 10,high proficient,0,63,0
301816,5,501,50101,Control,EoSY,Grade 10,high proficient,0,144,0
302054,5,503,50315,Control,EoSY,Grade 10,high proficient,0,92,0
301862,5,507,50701,Control,EoSY,Grade 10,high proficient,0,196,0
502477,5,501,50108,Control,EoSY,Grade 10,high proficient,0,0,NA
302283,5,513,51301,Control,EoSY,Grade 10,high proficient,0,288,0
301900,5,502,50206,Control,EoSY,Grade 10,high proficient,0,40,0
302123,5,508,50808,Control,EoSY,Grade 10,high proficient,0,53,0
309512,5,501,50110,Control,EoSY,Grade 10,high proficient,0,73,0
302284,5,513,51301,Control,EoSY,Grade 10,high proficient,0,170,0
500034,5,508,50819,Control,EoSY,Grade 10,high proficient,0,24,0
302043,5,503,50305,Control,EoSY,Grade 10,high proficient,0,187,0
302182,5,511,51107,Control,EoSY,Grade 10,high proficient,0,90,0
301986,5,503,50334,Control,EoSY,Grade 10,high proficient,0,151,0
302109,5,508,50817,Control,EoSY,Grade 10,high proficient,6,237,2.5316455696202533
302061,5,503,50311,Control,EoSY,Grade 10,high proficient,5,51,9.803921568627452
309931,5,508,50802,Control,EoSY,Grade 10,high proficient,0,49,0
301984,5,503,50331,Control,EoSY,Grade 10,high proficient,0,178,0
302156,5,508,50803,Control,EoSY,Grade 10,high proficient,0,97,0
309705,5,503,50330,Control,EoSY,Grade 10,high proficient,0,79,0
500165,5,508,50804,Control,EoSY,Grade 10,high proficient,0,34,0
301930,5,503,50328,Control,EoSY,Grade 10,high proficient,0,78,0
302177,5,508,50806,Control,EoSY,Grade 10,high proficient,0,74,0
302282,5,513,51301,Control,EoSY,Grade 10,high proficient,0,282,0
502615,5,508,50802,Control,EoSY,Grade 10,high proficient,0,0,NA
302263,5,506,50601,Control,EoSY,Grade 10,high proficient,0,87,0
301826,5,501,50103,Control,EoSY,Grade 10,high proficient,0,40,0
305750,5,513,51301,Control,EoSY,Grade 10,high proficient,0,43,0
301870,5,501,50110,Control,EoSY,Grade 10,high proficient,0,104,0
302039,5,503,50316,Control,EoSY,Grade 10,high proficient,0,233,0
301868,5,501,50112,Control,EoSY,Grade 10,high proficient,0,236,0
301963,5,503,50316,Control,EoSY,Grade 10,high proficient,0,148,0
340567,15,1505,150501,Treatment,EoSY,Grade 10,high proficient,0,160,0
320606,15,1515,151502,Treatment,EoSY,Grade 10,high proficient,0,312,0
320202,15,1511,151101,Treatment,EoSY,Grade 10,high proficient,0,131,0
305310,15,1507,150703,Treatment,EoSY,Grade 10,high proficient,0,310,0
305418,15,1513,151301,Treatment,EoSY,Grade 10,high proficient,0,1108,0
500565,15,1515,151502,Treatment,EoSY,Grade 10,high proficient,11,846,1.3002364066193854
301258,4,413,41308,Treatment,EoSY,Grade 10,high proficient,1,467,0.21413276231263384
301214,4,411,41101,Treatment,EoSY,Grade 10,high proficient,41,715,5.734265734265734
301497,4,414,41401,Treatment,EoSY,Grade 10,high proficient,1,344,0.29069767441860467
305411,15,1515,151502,Treatment,EoSY,Grade 10,high proficient,8,979,0.8171603677221655
305420,15,1513,151301,Treatment,EoSY,Grade 10,high proficient,125,1200,10.416666666666666
301231,4,413,41302,Control,EoSY,Grade 10,high proficient,13,183,7.103825136612022
301188,4,402,40201,Control,EoSY,Grade 10,high proficient,0,587,0
307913,4,413,41309,Control,EoSY,Grade 10,high proficient,0,272,0
500566,15,1507,150710,Control,EoSY,Grade 10,high proficient,1,653,0.15313935681470137
305453,15,1510,151001,Control,EoSY,Grade 10,high proficient,137,637,21.50706436420722
305311,15,1507,150702,Control,EoSY,Grade 10,high proficient,0,303,0
301425,4,401,40101,Control,EoSY,Grade 10,high proficient,0,826,0
301202,4,408,40812,Control,EoSY,Grade 10,high proficient,4,314,1.2738853503184713
305412,15,1515,151502,Control,EoSY,Grade 10,high proficient,0,931,0
308105,4,417,41703,Control,EoSY,Grade 10,high proficient,39,733,5.320600272851296
305341,15,1514,151401,Control,EoSY,Grade 10,high proficient,2,1624,0.12315270935960591
319604,15,1512,151201,Control,EoSY,Grade 10,high proficient,35,275,12.727272727272727
305568,15,1516,151601,Control,EoSY,Grade 10,high proficient,0,400,0
305434,15,1503,150301,Control,EoSY,Grade 10,high proficient,0,698,0
301464,4,417,41710,Control,EoSY,Grade 10,high proficient,12,516,2.3255813953488373
305461,15,1515,151502,Control,EoSY,Grade 10,high proficient,0,273,0
305384,15,1501,150101,Control,EoSY,Grade 10,high proficient,13,401,3.2418952618453867
301143,4,421,42101,Control,EoSY,Grade 10,high proficient,0,984,0
305340,15,1514,151401,Control,EoSY,Grade 10,high proficient,0,1297,0
305302,15,1507,150709,Treatment,EoSY,Grade 10,high proficient,17,1068,1.591760299625468
308103,4,417,41712,Control,EoSY,Grade 10,high proficient,1,257,0.38910505836575876
308130,4,417,41711,Control,EoSY,Grade 10,high proficient,0,145,0
301227,4,420,42001,Control,EoSY,Grade 10,high proficient,0,792,0
305334,15,1514,151401,Control,EoSY,Grade 10,high proficient,0,632,0
305367,15,1512,151201,Control,EoSY,Grade 10,high proficient,89,876,10.159817351598173
305635,15,1514,151401,Control,EoSY,Grade 10,high proficient,0,399,0
301218,4,408,40814,Control,EoSY,Grade 10,high proficient,10,1763,0.5672149744753261
308501,4,415,41501,Control,EoSY,Grade 10,high proficient,0,490,0
500332,15,1506,150601,Control,EoSY,Grade 10,high proficient,0,390,0
305471,15,1509,150901,Control,EoSY,Grade 10,high proficient,3,534,0.5617977528089888
305376,15,1501,150101,Treatment,EoSY,Grade 10,high proficient,140,824,16.990291262135923
301432,4,417,41705,Control,EoSY,Grade 10,high proficient,0,442,0
305459,15,1515,151502,Control,EoSY,Grade 10,high proficient,48,967,4.963805584281283
305313,15,1507,150708,Control,EoSY,Grade 10,high proficient,5,563,0.8880994671403197
301186,4,410,41001,Control,EoSY,Grade 10,high proficient,174,1392,12.5
301184,4,410,41001,Control,EoSY,Grade 10,high proficient,71,911,7.793633369923161
305295,15,1507,150710,Control,EoSY,Grade 10,high proficient,2,1212,0.16501650165016502
301416,4,422,42201,Control,EoSY,Grade 10,high proficient,0,126,0
305450,15,1505,150501,Treatment,EoSY,Grade 10,high proficient,10,333,3.003003003003003
301403,4,416,41606,Control,EoSY,Grade 10,high proficient,0,423,0
301451,4,417,41708,Control,EoSY,Grade 10,high proficient,0,280,0
305338,15,1514,151401,Control,EoSY,Grade 10,high proficient,0,739,0
301257,4,413,41312,Control,EoSY,Grade 10,high proficient,2,1827,0.10946907498631636
305416,15,1513,151301,Control,EoSY,Grade 10,high proficient,8,898,0.89086859688196
305337,15,1514,151401,Control,EoSY,Grade 10,high proficient,13,1906,0.6820566631689402
305353,15,1514,151401,Control,EoSY,Grade 10,high proficient,0,490,0
301197,4,408,40812,Control,EoSY,Grade 10,high proficient,0,337,0
301236,4,413,41308,Treatment,EoSY,Grade 10,high proficient,1,238,0.42016806722689076
305444,15,1516,151601,Control,EoSY,Grade 10,high proficient,0,355,0
320306,15,1503,150301,Control,EoSY,Grade 10,high proficient,0,724,0
301489,4,414,41401,Control,EoSY,Grade 10,high proficient,6,293,2.04778156996587
301507,4,418,41801,Control,EoSY,Grade 10,high proficient,0,124,0
301456,4,417,41710,Control,EoSY,Grade 10,high proficient,6,491,1.2219959266802445
301238,4,413,41303,Control,EoSY,Grade 10,high proficient,0,486,0
305438,15,1516,151601,Control,EoSY,Grade 10,high proficient,0,878,0
305324,15,1514,151401,Control,EoSY,Grade 10,high proficient,2,293,0.6825938566552902
305454,15,1510,151001,Control,EoSY,Grade 10,high proficient,11,117,9.401709401709402
308122,4,417,41708,Control,EoSY,Grade 10,high proficient,0,184,0
301508,4,418,41801,Control,EoSY,Grade 10,high proficient,0,233,0
305465,15,1515,151502,Control,EoSY,Grade 10,high proficient,0,800,0
305428,15,1511,151101,Control,EoSY,Grade 10,high proficient,0,386,0
301175,4,408,40807,Control,EoSY,Grade 10,high proficient,97,501,19.36127744510978
301437,4,417,41704,Control,EoSY,Grade 10,high proficient,4,916,0.4366812227074236
320204,15,1511,151101,Control,EoSY,Grade 10,high proficient,0,473,0
305447,15,1505,150501,Control,EoSY,Grade 10,high proficient,152,601,25.291181364392678
301438,4,417,41704,Control,EoSY,Grade 10,high proficient,2,435,0.45977011494252873
308135,4,417,41708,Control,EoSY,Grade 10,high proficient,0,411,0
301418,4,401,40101,Control,EoSY,Grade 10,high proficient,0,2487,0
305288,15,1507,150710,Control,EoSY,Grade 10,high proficient,19,721,2.635228848821082
301265,4,413,41301,Control,EoSY,Grade 10,high proficient,0,373,0
305442,15,1516,151601,Control,EoSY,Grade 10,high proficient,0,248,0
500339,15,1505,150501,Control,EoSY,Grade 10,high proficient,0,364,0
305435,15,1503,150301,Control,EoSY,Grade 10,high proficient,0,424,0
308134,4,417,41708,Control,EoSY,Grade 10,high proficient,0,526,0
305452,15,1505,150501,Control,EoSY,Grade 10,high proficient,34,612,5.555555555555555
312330,7,703,70308,Treatment,EoSY,Grade 10,high proficient,0,86,0
305710,7,703,70302,Treatment,EoSY,Grade 10,high proficient,0,81,0
305655,11,1101,110101,Treatment,EoSY,Grade 10,high proficient,0,27,0
305581,7,703,70303,Treatment,EoSY,Grade 10,high proficient,0,40,0
303130,7,703,70309,Treatment,EoSY,Grade 10,high proficient,0,195,0
312354,7,703,70309,Treatment,EoSY,Grade 10,high proficient,0,20,0
305849,11,1105,110503,Treatment,EoSY,Grade 10,high proficient,0,16,0
305500,11,1101,110101,Treatment,EoSY,Grade 10,high proficient,0,29,0
312355,7,703,70304,Treatment,EoSY,Grade 10,high proficient,0,41,0
501903,11,1110,111001,Treatment,EoSY,Grade 10,high proficient,0,25,0
500665,7,705,70527,Control,EoSY,Grade 10,high proficient,0,74,0
312462,7,705,70520,Control,EoSY,Grade 10,high proficient,0,14,0
306038,11,1102,110202,Control,EoSY,Grade 10,high proficient,0,29,0
500221,7,705,70527,Control,EoSY,Grade 10,high proficient,0,34,0
500744,7,708,70801,Control,EoSY,Grade 10,high proficient,0,38,0
305884,11,1101,110101,Control,EoSY,Grade 10,high proficient,0,100,0
303170,7,709,70901,Control,EoSY,Grade 10,high proficient,0,49,0
500787,7,708,70801,Control,EoSY,Grade 10,high proficient,0,49,0
500667,7,705,70528,Control,EoSY,Grade 10,high proficient,0,51,0
501071,11,1101,110101,Control,EoSY,Grade 10,high proficient,0,24,0
303046,7,705,70527,Control,EoSY,Grade 10,high proficient,0,94,0
325303,7,707,70701,Control,EoSY,Grade 10,high proficient,0,26,0
500208,7,703,70305,Control,EoSY,Grade 10,high proficient,0,15,0
312401,7,705,70525,Control,EoSY,Grade 10,high proficient,0,120,0
303136,7,706,70601,Control,EoSY,Grade 10,high proficient,0,65,0
312435,7,707,70701,Control,EoSY,Grade 10,high proficient,NA,NA,NA
502186,11,1101,110101,Control,EoSY,Grade 10,high proficient,0,14,0
500782,7,708,70801,Control,EoSY,Grade 10,high proficient,2,221,0.9049773755656109
306086,11,1106,110606,Control,EoSY,Grade 10,high proficient,0,17,0
305755,7,705,70529,Control,EoSY,Grade 10,high proficient,0,88,0
305665,11,1101,110101,Control,EoSY,Grade 10,high proficient,0,16,0
501635,7,703,70301,Control,EoSY,Grade 10,high proficient,0,60,0
305843,11,1110,111001,Control,EoSY,Grade 10,high proficient,3,36,8.333333333333334
500894,7,705,70517,Control,EoSY,Grade 10,high proficient,0,77,0
500671,7,705,70506,Control,EoSY,Grade 10,high proficient,0,39,0
305847,11,1105,110503,Control,EoSY,Grade 10,high proficient,0,21,0
500784,7,708,70801,Control,EoSY,Grade 10,high proficient,0,10,0
501267,7,705,70525,Control,EoSY,Grade 10,high proficient,0,26,0
306000,7,705,70525,Control,EoSY,Grade 10,high proficient,0,28,0
305517,11,1106,110608,Control,EoSY,Grade 10,high proficient,0,33,0
305713,7,710,71001,Control,EoSY,Grade 10,high proficient,0,26,0
500768,7,705,70521,Control,EoSY,Grade 10,high proficient,0,82,0
316303,11,1107,110701,Control,EoSY,Grade 10,high proficient,0,50,0
316304,11,1107,110701,Control,EoSY,Grade 10,high proficient,0,59,0
305506,11,1101,110101,Control,EoSY,Grade 10,high proficient,0,11,0
500421,7,705,70507,Control,EoSY,Grade 10,high proficient,0,117,0
305681,11,1110,111001,Control,EoSY,Grade 10,high proficient,0,160,0
303186,7,711,71101,Control,EoSY,Grade 10,high proficient,NA,NA,NA
501429,7,714,71402,Control,EoSY,Grade 10,high proficient,0,68,0
305844,11,1103,110303,Control,EoSY,Grade 10,high proficient,5,46,10.869565217391305
305965,11,1110,111001,Control,EoSY,Grade 10,high proficient,0,55,0
501076,11,1103,110305,Control,EoSY,Grade 10,high proficient,0,12,0
305889,11,1101,110101,Control,EoSY,Grade 10,high proficient,0,45,0
501074,11,1103,110306,Control,EoSY,Grade 10,high proficient,0,46,0
312408,7,705,70530,Control,EoSY,Grade 10,high proficient,0,54,0
501351,7,705,70522,Control,EoSY,Grade 10,high proficient,NA,NA,NA
501404,11,1101,110101,Control,EoSY,Grade 10,high proficient,0,13,0
305660,11,1101,110101,Control,EoSY,Grade 10,high proficient,0,31,0
303219,7,701,70101,Control,EoSY,Grade 10,high proficient,0,97,0
312450,7,705,70522,Control,EoSY,Grade 10,high proficient,0,105,0
324903,7,704,70401,Control,EoSY,Grade 10,high proficient,0,27,0
501065,11,1101,110101,Control,EoSY,Grade 10,high proficient,11,118,9.322033898305085
312451,7,705,70532,Control,EoSY,Grade 10,high proficient,0,48,0
501763,11,1103,110305,Control,EoSY,Grade 10,high proficient,0,18,0
316405,11,1110,111001,Control,EoSY,Grade 10,high proficient,0,110,0
316404,11,1110,111001,Control,EoSY,Grade 10,high proficient,0,31,0
316301,11,1107,110701,Control,EoSY,Grade 10,high proficient,4,126,3.1746031746031744
312910,7,710,71001,Control,EoSY,Grade 10,high proficient,0,72,0
303011,7,705,70512,Control,EoSY,Grade 10,high proficient,0,36,0
305651,11,1101,110101,Control,EoSY,Grade 10,high proficient,0,28,0
305662,11,1101,110101,Control,EoSY,Grade 10,high proficient,0,24,0
305850,11,1105,110503,Control,EoSY,Grade 10,high proficient,0,15,0
312481,7,705,70518,Control,EoSY,Grade 10,high proficient,0,172,0
304409,11,1110,111001,Control,EoSY,Grade 10,high proficient,0,88,0
303246,7,713,71303,Control,EoSY,Grade 10,high proficient,0,77,0
501405,11,1101,110101,Control,EoSY,Grade 10,high proficient,16,46,34.78260869565217
305677,11,1105,110503,Control,EoSY,Grade 10,high proficient,0,39,0
500447,7,708,70801,Control,EoSY,Grade 10,high proficient,0,43,0
501305,7,708,70801,Control,EoSY,Grade 10,high proficient,0,27,0
305917,7,708,70801,Control,EoSY,Grade 10,high proficient,0,26,0
305722,7,703,70304,Control,EoSY,Grade 10,high proficient,0,43,0
312953,7,713,71306,Control,EoSY,Grade 10,high proficient,0,34,0
305498,11,1101,110101,Control,EoSY,Grade 10,high proficient,0,53,0
305669,11,1101,110101,Control,EoSY,Grade 10,high proficient,0,38,0
312960,7,710,71002,Control,EoSY,Grade 10,high proficient,0,31,0
