school_id,time_point,grade,level_group,english_assessed,summed_category_count,discrepancy_count,has_discrepancy
301143,BoSY,Grade 10,2-level,1093,519,-574,TRUE
301143,BoSY,Grade 10,3-level,1093,39,-1054,TRUE
301143,BoSY,Grade 7,2-level,1302,700,-602,TRUE
301143,BoSY,Grade 7,3-level,1302,105,-1197,TRUE
301143,BoSY,Grade 8,2-level,1140,454,-686,TRUE
301143,BoSY,Grade 8,3-level,1140,173,-967,TRUE
301143,BoSY,Grade 9,2-level,861,529,-332,TRUE
301143,BoSY,Grade 9,3-level,861,20,-841,TRUE
301143,EoSY,Grade 10,eosy,1054,1054,0,FALSE
301143,EoSY,Grade 7,eosy,1193,1193,0,FALSE
301143,EoSY,Grade 8,eosy,1088,1088,0,FALSE
301143,EoSY,Grade 9,eosy,809,809,0,FALSE
301175,BoSY,Grade 10,2-level,552,279,-273,TRUE
301175,BoSY,Grade 10,3-level,552,178,-374,TRUE
301175,BoSY,Grade 7,2-level,700,149,-551,TRUE
301175,BoSY,Grade 7,3-level,700,216,-484,TRUE
301175,BoSY,Grade 8,2-level,573,339,-234,TRUE
301175,BoSY,Grade 8,3-level,573,66,-507,TRUE
301175,BoSY,Grade 9,2-level,510,265,-245,TRUE
301175,BoSY,Grade 9,3-level,510,163,-347,TRUE
301175,EoSY,Grade 10,eosy,553,553,0,FALSE
301175,EoSY,Grade 7,eosy,701,701,0,FALSE
301175,EoSY,Grade 8,eosy,574,574,0,FALSE
301175,EoSY,Grade 9,eosy,509,509,0,FALSE
301184,BoSY,Grade 10,2-level,921,322,-599,TRUE
301184,BoSY,Grade 10,3-level,921,561,-360,TRUE
301184,BoSY,Grade 7,2-level,1318,1146,-172,TRUE
301184,BoSY,Grade 7,3-level,1318,146,-1172,TRUE
301184,BoSY,Grade 8,2-level,1124,720,-404,TRUE
301184,BoSY,Grade 8,3-level,1124,390,-734,TRUE
301184,BoSY,Grade 9,2-level,921,616,-305,TRUE
301184,BoSY,Grade 9,3-level,921,290,-631,TRUE
301184,EoSY,Grade 10,eosy,926,926,0,FALSE
301184,EoSY,Grade 7,eosy,1296,1296,0,FALSE
301184,EoSY,Grade 8,eosy,1134,1134,0,FALSE
301184,EoSY,Grade 9,eosy,930,930,0,FALSE
301186,BoSY,Grade 10,2-level,1607,757,-850,TRUE
301186,BoSY,Grade 10,3-level,1607,568,-1039,TRUE
301186,BoSY,Grade 7,2-level,2124,616,-1508,TRUE
301186,BoSY,Grade 7,3-level,2124,1412,-712,TRUE
301186,BoSY,Grade 8,2-level,1823,660,-1163,TRUE
301186,BoSY,Grade 8,3-level,1823,993,-830,TRUE
301186,BoSY,Grade 9,2-level,1540,961,-579,TRUE
301186,BoSY,Grade 9,3-level,1540,454,-1086,TRUE
301186,EoSY,Grade 10,eosy,1540,1540,0,FALSE
301186,EoSY,Grade 7,eosy,2060,2060,0,FALSE
301186,EoSY,Grade 8,eosy,1755,1755,0,FALSE
301186,EoSY,Grade 9,eosy,1470,1470,0,FALSE
301188,BoSY,Grade 10,2-level,647,430,-217,TRUE
301188,BoSY,Grade 10,3-level,647,3,-644,TRUE
301188,BoSY,Grade 7,2-level,714,281,-433,TRUE
301188,BoSY,Grade 7,3-level,714,425,-289,TRUE
301188,BoSY,Grade 8,2-level,683,224,-459,TRUE
301188,BoSY,Grade 8,3-level,683,374,-309,TRUE
301188,BoSY,Grade 9,2-level,606,306,-300,TRUE
301188,BoSY,Grade 9,3-level,606,183,-423,TRUE
301188,EoSY,Grade 10,eosy,576,576,0,FALSE
301188,EoSY,Grade 7,eosy,631,631,0,FALSE
301188,EoSY,Grade 8,eosy,603,603,0,FALSE
301188,EoSY,Grade 9,eosy,556,556,0,FALSE
301197,BoSY,Grade 10,2-level,343,50,-293,TRUE
301197,BoSY,Grade 10,3-level,343,37,-306,TRUE
301197,BoSY,Grade 7,2-level,442,178,-264,TRUE
301197,BoSY,Grade 7,3-level,442,70,-372,TRUE
301197,BoSY,Grade 8,2-level,329,54,-275,TRUE
301197,BoSY,Grade 8,3-level,329,92,-237,TRUE
301197,BoSY,Grade 9,2-level,360,17,-343,TRUE
301197,BoSY,Grade 9,3-level,360,43,-317,TRUE
301197,EoSY,Grade 10,eosy,1,1,0,FALSE
301197,EoSY,Grade 7,eosy,17,17,0,FALSE
301197,EoSY,Grade 8,eosy,9,9,0,FALSE
301197,EoSY,Grade 9,eosy,4,4,0,FALSE
301202,BoSY,Grade 10,2-level,322,119,-203,TRUE
301202,BoSY,Grade 10,3-level,322,202,-120,TRUE
301202,BoSY,Grade 7,2-level,432,109,-323,TRUE
301202,BoSY,Grade 7,3-level,432,321,-111,TRUE
301202,BoSY,Grade 8,2-level,377,118,-259,TRUE
301202,BoSY,Grade 8,3-level,377,259,-118,TRUE
301202,BoSY,Grade 9,2-level,297,182,-115,TRUE
301202,BoSY,Grade 9,3-level,297,104,-193,TRUE
301202,EoSY,Grade 10,eosy,323,323,0,FALSE
301202,EoSY,Grade 7,eosy,415,415,0,FALSE
301202,EoSY,Grade 8,eosy,370,370,0,FALSE
301202,EoSY,Grade 9,eosy,280,280,0,FALSE
301214,BoSY,Grade 10,2-level,594,234,-360,TRUE
301214,BoSY,Grade 10,3-level,594,329,-265,TRUE
301214,BoSY,Grade 7,2-level,646,175,-471,TRUE
301214,BoSY,Grade 7,3-level,646,465,-181,TRUE
301214,BoSY,Grade 8,2-level,585,383,-202,TRUE
301214,BoSY,Grade 8,3-level,585,120,-465,TRUE
301214,BoSY,Grade 9,2-level,601,147,-454,TRUE
301214,BoSY,Grade 9,3-level,601,385,-216,TRUE
301214,EoSY,Grade 10,eosy,563,563,0,FALSE
301214,EoSY,Grade 7,eosy,640,640,0,FALSE
301214,EoSY,Grade 8,eosy,503,503,0,FALSE
301214,EoSY,Grade 9,eosy,532,532,0,FALSE
301218,BoSY,Grade 10,2-level,1782,697,-1085,TRUE
301218,BoSY,Grade 10,3-level,1782,483,-1299,TRUE
301218,BoSY,Grade 7,2-level,2259,851,-1408,TRUE
301218,BoSY,Grade 7,3-level,2259,1295,-964,TRUE
301218,BoSY,Grade 8,2-level,2107,722,-1385,TRUE
301218,BoSY,Grade 8,3-level,2107,1221,-886,TRUE
301218,BoSY,Grade 9,2-level,1870,804,-1066,TRUE
301218,BoSY,Grade 9,3-level,1870,530,-1340,TRUE
301218,EoSY,Grade 10,eosy,1156,1156,0,FALSE
301218,EoSY,Grade 7,eosy,2068,2068,0,FALSE
301218,EoSY,Grade 8,eosy,1907,1907,0,FALSE
301218,EoSY,Grade 9,eosy,1267,1267,0,FALSE
301227,BoSY,Grade 10,2-level,1227,278,-949,TRUE
301227,BoSY,Grade 10,3-level,1227,195,-1032,TRUE
301227,BoSY,Grade 7,2-level,1520,750,-770,TRUE
301227,BoSY,Grade 7,3-level,1520,335,-1185,TRUE
301227,BoSY,Grade 8,2-level,1396,470,-926,TRUE
301227,BoSY,Grade 8,3-level,1396,441,-955,TRUE
301227,BoSY,Grade 9,2-level,1031,202,-829,TRUE
301227,BoSY,Grade 9,3-level,1031,182,-849,TRUE
301227,EoSY,Grade 10,eosy,900,900,0,FALSE
301227,EoSY,Grade 7,eosy,989,989,0,FALSE
301227,EoSY,Grade 8,eosy,968,968,0,FALSE
301227,EoSY,Grade 9,eosy,673,673,0,FALSE
301231,BoSY,Grade 10,2-level,189,51,-138,TRUE
301231,BoSY,Grade 10,3-level,189,10,-179,TRUE
301231,BoSY,Grade 7,2-level,236,93,-143,TRUE
301231,BoSY,Grade 7,3-level,236,26,-210,TRUE
301231,BoSY,Grade 8,2-level,238,75,-163,TRUE
301231,BoSY,Grade 8,3-level,238,29,-209,TRUE
301231,BoSY,Grade 9,2-level,161,36,-125,TRUE
301231,BoSY,Grade 9,3-level,161,5,-156,TRUE
301231,EoSY,Grade 10,eosy,183,183,0,FALSE
301231,EoSY,Grade 7,eosy,225,225,0,FALSE
301231,EoSY,Grade 8,eosy,233,233,0,FALSE
301231,EoSY,Grade 9,eosy,157,157,0,FALSE
301236,BoSY,Grade 10,2-level,239,93,-146,TRUE
301236,BoSY,Grade 10,3-level,239,143,-96,TRUE
301236,BoSY,Grade 7,2-level,341,87,-254,TRUE
301236,BoSY,Grade 7,3-level,341,220,-121,TRUE
301236,BoSY,Grade 8,2-level,335,76,-259,TRUE
301236,BoSY,Grade 8,3-level,335,256,-79,TRUE
301236,BoSY,Grade 9,2-level,256,79,-177,TRUE
301236,BoSY,Grade 9,3-level,256,121,-135,TRUE
301236,EoSY,Grade 10,eosy,233,233,0,FALSE
301236,EoSY,Grade 7,eosy,290,290,0,FALSE
301236,EoSY,Grade 8,eosy,322,322,0,FALSE
301236,EoSY,Grade 9,eosy,189,189,0,FALSE
301238,BoSY,Grade 10,2-level,512,24,-488,TRUE
301238,BoSY,Grade 10,3-level,512,52,-460,TRUE
301238,BoSY,Grade 7,2-level,621,147,-474,TRUE
301238,BoSY,Grade 7,3-level,621,90,-531,TRUE
301238,BoSY,Grade 8,2-level,596,269,-327,TRUE
301238,BoSY,Grade 8,3-level,596,170,-426,TRUE
301238,BoSY,Grade 9,2-level,447,164,-283,TRUE
301238,BoSY,Grade 9,3-level,447,134,-313,TRUE
301238,EoSY,Grade 10,eosy,32,32,0,FALSE
301238,EoSY,Grade 7,eosy,74,74,0,FALSE
301238,EoSY,Grade 8,eosy,395,395,0,FALSE
301238,EoSY,Grade 9,eosy,39,39,0,FALSE
301257,BoSY,Grade 10,2-level,1922,908,-1014,TRUE
301257,BoSY,Grade 10,3-level,1922,845,-1077,TRUE
301257,BoSY,Grade 7,2-level,2100,1012,-1088,TRUE
301257,BoSY,Grade 7,3-level,2100,1045,-1055,TRUE
301257,BoSY,Grade 8,2-level,2101,740,-1361,TRUE
301257,BoSY,Grade 8,3-level,2101,1293,-808,TRUE
301257,BoSY,Grade 9,2-level,1758,1054,-704,TRUE
301257,BoSY,Grade 9,3-level,1758,597,-1161,TRUE
301257,EoSY,Grade 10,eosy,1702,1702,0,FALSE
301257,EoSY,Grade 7,eosy,2000,2000,0,FALSE
301257,EoSY,Grade 8,eosy,1981,1981,0,FALSE
301257,EoSY,Grade 9,eosy,1584,1584,0,FALSE
301258,BoSY,Grade 10,2-level,468,353,-115,TRUE
301258,BoSY,Grade 10,3-level,468,99,-369,TRUE
301258,BoSY,Grade 7,2-level,548,292,-256,TRUE
301258,BoSY,Grade 7,3-level,548,233,-315,TRUE
301258,BoSY,Grade 8,2-level,552,172,-380,TRUE
301258,BoSY,Grade 8,3-level,552,378,-174,TRUE
301258,BoSY,Grade 9,2-level,382,232,-150,TRUE
301258,BoSY,Grade 9,3-level,382,142,-240,TRUE
301258,EoSY,Grade 10,eosy,452,452,0,FALSE
301258,EoSY,Grade 7,eosy,513,513,0,FALSE
301258,EoSY,Grade 8,eosy,536,536,0,FALSE
301258,EoSY,Grade 9,eosy,367,367,0,FALSE
301265,BoSY,Grade 10,2-level,396,140,-256,TRUE
301265,BoSY,Grade 10,3-level,396,254,-142,TRUE
301265,BoSY,Grade 7,2-level,412,132,-280,TRUE
301265,BoSY,Grade 7,3-level,412,263,-149,TRUE
301265,BoSY,Grade 8,2-level,450,172,-278,TRUE
301265,BoSY,Grade 8,3-level,450,170,-280,TRUE
301265,BoSY,Grade 9,2-level,348,152,-196,TRUE
301265,BoSY,Grade 9,3-level,348,190,-158,TRUE
301265,EoSY,Grade 10,eosy,375,375,0,FALSE
301265,EoSY,Grade 7,eosy,425,425,0,FALSE
301265,EoSY,Grade 8,eosy,433,433,0,FALSE
301265,EoSY,Grade 9,eosy,328,328,0,FALSE
301403,BoSY,Grade 10,2-level,447,248,-199,TRUE
301403,BoSY,Grade 10,3-level,447,193,-254,TRUE
301403,BoSY,Grade 7,2-level,584,201,-383,TRUE
301403,BoSY,Grade 7,3-level,584,378,-206,TRUE
301403,BoSY,Grade 8,2-level,518,126,-392,TRUE
301403,BoSY,Grade 8,3-level,518,385,-133,TRUE
301403,BoSY,Grade 9,2-level,358,129,-229,TRUE
301403,BoSY,Grade 9,3-level,358,226,-132,TRUE
301403,EoSY,Grade 10,eosy,427,427,0,FALSE
301403,EoSY,Grade 7,eosy,545,545,0,FALSE
301403,EoSY,Grade 8,eosy,491,491,0,FALSE
301403,EoSY,Grade 9,eosy,334,334,0,FALSE
301416,BoSY,Grade 10,2-level,129,42,-87,TRUE
301416,BoSY,Grade 10,3-level,129,46,-83,TRUE
301416,BoSY,Grade 7,2-level,207,86,-121,TRUE
301416,BoSY,Grade 7,3-level,207,91,-116,TRUE
301416,BoSY,Grade 8,2-level,158,54,-104,TRUE
301416,BoSY,Grade 8,3-level,158,65,-93,TRUE
301416,BoSY,Grade 9,2-level,135,37,-98,TRUE
301416,BoSY,Grade 9,3-level,135,67,-68,TRUE
301416,EoSY,Grade 10,eosy,133,133,0,FALSE
301416,EoSY,Grade 7,eosy,160,160,0,FALSE
301416,EoSY,Grade 8,eosy,169,169,0,FALSE
301416,EoSY,Grade 9,eosy,147,147,0,FALSE
301418,BoSY,Grade 10,2-level,2681,1204,-1477,TRUE
301418,BoSY,Grade 10,3-level,2681,1429,-1252,TRUE
301418,BoSY,Grade 7,2-level,3463,943,-2520,TRUE
301418,BoSY,Grade 7,3-level,3463,2511,-952,TRUE
301418,BoSY,Grade 8,2-level,3073,865,-2208,TRUE
301418,BoSY,Grade 8,3-level,3073,2205,-868,TRUE
301418,BoSY,Grade 9,2-level,2592,1525,-1067,TRUE
301418,BoSY,Grade 9,3-level,2592,1023,-1569,TRUE
301418,EoSY,Grade 10,eosy,2581,2581,0,FALSE
301418,EoSY,Grade 7,eosy,3331,3331,0,FALSE
301418,EoSY,Grade 8,eosy,2968,2968,0,FALSE
301418,EoSY,Grade 9,eosy,2419,2419,0,FALSE
301425,BoSY,Grade 10,2-level,813,405,-408,TRUE
301425,BoSY,Grade 10,3-level,813,400,-413,TRUE
301425,BoSY,Grade 7,2-level,1052,520,-532,TRUE
301425,BoSY,Grade 7,3-level,1052,522,-530,TRUE
301425,BoSY,Grade 8,2-level,1034,471,-563,TRUE
301425,BoSY,Grade 8,3-level,1034,552,-482,TRUE
301425,BoSY,Grade 9,2-level,804,594,-210,TRUE
301425,BoSY,Grade 9,3-level,804,170,-634,TRUE
301425,EoSY,Grade 10,eosy,821,821,0,FALSE
301425,EoSY,Grade 7,eosy,1000,1000,0,FALSE
301425,EoSY,Grade 8,eosy,1016,1016,0,FALSE
301425,EoSY,Grade 9,eosy,725,725,0,FALSE
301432,BoSY,Grade 10,2-level,489,210,-279,TRUE
301432,BoSY,Grade 10,3-level,489,276,-213,TRUE
301432,BoSY,Grade 7,2-level,662,299,-363,TRUE
301432,BoSY,Grade 7,3-level,662,343,-319,TRUE
301432,BoSY,Grade 8,2-level,629,206,-423,TRUE
301432,BoSY,Grade 8,3-level,629,416,-213,TRUE
301432,BoSY,Grade 9,2-level,482,230,-252,TRUE
301432,BoSY,Grade 9,3-level,482,231,-251,TRUE
301432,EoSY,Grade 10,eosy,457,457,0,FALSE
301432,EoSY,Grade 7,eosy,600,600,0,FALSE
301432,EoSY,Grade 8,eosy,597,597,0,FALSE
301432,EoSY,Grade 9,eosy,435,435,0,FALSE
301437,BoSY,Grade 10,2-level,913,244,-669,TRUE
301437,BoSY,Grade 10,3-level,913,304,-609,TRUE
301437,BoSY,Grade 7,2-level,1034,428,-606,TRUE
301437,BoSY,Grade 7,3-level,1034,600,-434,TRUE
301437,BoSY,Grade 8,2-level,1126,270,-856,TRUE
301437,BoSY,Grade 8,3-level,1126,837,-289,TRUE
301437,BoSY,Grade 9,2-level,916,353,-563,TRUE
301437,BoSY,Grade 9,3-level,916,478,-438,TRUE
301437,EoSY,Grade 10,eosy,895,895,0,FALSE
301437,EoSY,Grade 7,eosy,1031,1031,0,FALSE
301437,EoSY,Grade 8,eosy,1114,1114,0,FALSE
301437,EoSY,Grade 9,eosy,912,912,0,FALSE
301438,BoSY,Grade 10,2-level,444,206,-238,TRUE
301438,BoSY,Grade 10,3-level,444,233,-211,TRUE
301438,BoSY,Grade 7,2-level,538,74,-464,TRUE
301438,BoSY,Grade 7,3-level,538,462,-76,TRUE
301438,BoSY,Grade 8,2-level,546,104,-442,TRUE
301438,BoSY,Grade 8,3-level,546,442,-104,TRUE
301438,BoSY,Grade 9,2-level,429,226,-203,TRUE
301438,BoSY,Grade 9,3-level,429,195,-234,TRUE
301438,EoSY,Grade 10,eosy,436,436,0,FALSE
301438,EoSY,Grade 7,eosy,524,524,0,FALSE
301438,EoSY,Grade 8,eosy,514,514,0,FALSE
301438,EoSY,Grade 9,eosy,443,443,0,FALSE
301451,BoSY,Grade 10,2-level,280,163,-117,TRUE
301451,BoSY,Grade 10,3-level,280,14,-266,TRUE
301451,BoSY,Grade 7,2-level,370,54,-316,TRUE
301451,BoSY,Grade 7,3-level,370,185,-185,TRUE
301451,BoSY,Grade 8,2-level,350,65,-285,TRUE
301451,BoSY,Grade 8,3-level,350,186,-164,TRUE
301451,BoSY,Grade 9,2-level,260,173,-87,TRUE
301451,BoSY,Grade 9,3-level,260,49,-211,TRUE
301451,EoSY,Grade 10,eosy,280,280,0,FALSE
301451,EoSY,Grade 7,eosy,369,369,0,FALSE
301451,EoSY,Grade 8,eosy,362,362,0,FALSE
301451,EoSY,Grade 9,eosy,259,259,0,FALSE
301456,BoSY,Grade 10,2-level,516,180,-336,TRUE
301456,BoSY,Grade 10,3-level,516,324,-192,TRUE
301456,BoSY,Grade 7,2-level,619,244,-375,TRUE
301456,BoSY,Grade 7,3-level,619,229,-390,TRUE
301456,BoSY,Grade 8,2-level,642,148,-494,TRUE
301456,BoSY,Grade 8,3-level,642,488,-154,TRUE
301456,BoSY,Grade 9,2-level,453,208,-245,TRUE
301456,BoSY,Grade 9,3-level,453,177,-276,TRUE
301456,EoSY,Grade 10,eosy,517,517,0,FALSE
301456,EoSY,Grade 7,eosy,639,639,0,FALSE
301456,EoSY,Grade 8,eosy,635,635,0,FALSE
301456,EoSY,Grade 9,eosy,446,446,0,FALSE
301464,BoSY,Grade 10,2-level,542,508,-34,TRUE
301464,BoSY,Grade 10,3-level,542,0,-542,TRUE
301464,BoSY,Grade 7,2-level,651,287,-364,TRUE
301464,BoSY,Grade 7,3-level,651,273,-378,TRUE
301464,BoSY,Grade 8,2-level,540,221,-319,TRUE
301464,BoSY,Grade 8,3-level,540,277,-263,TRUE
301464,BoSY,Grade 9,2-level,501,315,-186,TRUE
301464,BoSY,Grade 9,3-level,501,133,-368,TRUE
301464,EoSY,Grade 10,eosy,508,508,0,FALSE
301464,EoSY,Grade 7,eosy,558,558,0,FALSE
301464,EoSY,Grade 8,eosy,495,495,0,FALSE
301464,EoSY,Grade 9,eosy,447,447,0,FALSE
301489,BoSY,Grade 10,2-level,293,131,-162,TRUE
301489,BoSY,Grade 10,3-level,293,162,-131,TRUE
301489,BoSY,Grade 7,2-level,403,151,-252,TRUE
301489,BoSY,Grade 7,3-level,403,252,-151,TRUE
301489,BoSY,Grade 8,2-level,329,72,-257,TRUE
301489,BoSY,Grade 8,3-level,329,257,-72,TRUE
301489,BoSY,Grade 9,2-level,285,145,-140,TRUE
301489,BoSY,Grade 9,3-level,285,138,-147,TRUE
301489,EoSY,Grade 10,eosy,266,266,0,FALSE
301489,EoSY,Grade 7,eosy,385,385,0,FALSE
301489,EoSY,Grade 8,eosy,318,318,0,FALSE
301489,EoSY,Grade 9,eosy,275,275,0,FALSE
301497,BoSY,Grade 10,2-level,357,122,-235,TRUE
301497,BoSY,Grade 10,3-level,357,225,-132,TRUE
301497,BoSY,Grade 7,2-level,444,145,-299,TRUE
301497,BoSY,Grade 7,3-level,444,295,-149,TRUE
301497,BoSY,Grade 8,2-level,375,99,-276,TRUE
301497,BoSY,Grade 8,3-level,375,273,-102,TRUE
301497,BoSY,Grade 9,2-level,328,134,-194,TRUE
301497,BoSY,Grade 9,3-level,328,156,-172,TRUE
301497,EoSY,Grade 10,eosy,333,333,0,FALSE
301497,EoSY,Grade 7,eosy,372,372,0,FALSE
301497,EoSY,Grade 8,eosy,356,356,0,FALSE
301497,EoSY,Grade 9,eosy,287,287,0,FALSE
301507,BoSY,Grade 10,2-level,128,60,-68,TRUE
301507,BoSY,Grade 10,3-level,128,66,-62,TRUE
301507,BoSY,Grade 7,2-level,130,39,-91,TRUE
301507,BoSY,Grade 7,3-level,130,91,-39,TRUE
301507,BoSY,Grade 8,2-level,123,21,-102,TRUE
301507,BoSY,Grade 8,3-level,123,100,-23,TRUE
301507,BoSY,Grade 9,2-level,123,57,-66,TRUE
301507,BoSY,Grade 9,3-level,123,61,-62,TRUE
301507,EoSY,Grade 10,eosy,128,128,0,FALSE
301507,EoSY,Grade 7,eosy,139,139,0,FALSE
301507,EoSY,Grade 8,eosy,134,134,0,FALSE
301507,EoSY,Grade 9,eosy,111,111,0,FALSE
301508,BoSY,Grade 10,2-level,216,78,-138,TRUE
301508,BoSY,Grade 10,3-level,216,122,-94,TRUE
301508,BoSY,Grade 7,2-level,311,103,-208,TRUE
301508,BoSY,Grade 7,3-level,311,204,-107,TRUE
301508,BoSY,Grade 8,2-level,296,60,-236,TRUE
301508,BoSY,Grade 8,3-level,296,221,-75,TRUE
301508,BoSY,Grade 9,2-level,249,97,-152,TRUE
301508,BoSY,Grade 9,3-level,249,150,-99,TRUE
301508,EoSY,Grade 10,eosy,252,252,0,FALSE
301508,EoSY,Grade 7,eosy,324,324,0,FALSE
301508,EoSY,Grade 8,eosy,303,303,0,FALSE
301508,EoSY,Grade 9,eosy,254,254,0,FALSE
301816,BoSY,Grade 10,2-level,144,29,-115,TRUE
301816,BoSY,Grade 10,3-level,144,115,-29,TRUE
301816,BoSY,Grade 7,2-level,122,39,-83,TRUE
301816,BoSY,Grade 7,3-level,122,83,-39,TRUE
301816,BoSY,Grade 8,2-level,150,35,-115,TRUE
301816,BoSY,Grade 8,3-level,150,112,-38,TRUE
301816,BoSY,Grade 9,2-level,111,40,-71,TRUE
301816,BoSY,Grade 9,3-level,111,71,-40,TRUE
301816,EoSY,Grade 10,eosy,140,140,0,FALSE
301816,EoSY,Grade 7,eosy,119,119,0,FALSE
301816,EoSY,Grade 8,eosy,145,145,0,FALSE
301816,EoSY,Grade 9,eosy,92,92,0,FALSE
301817,BoSY,Grade 10,2-level,109,9,-100,TRUE
301817,BoSY,Grade 10,3-level,109,100,-9,TRUE
301817,BoSY,Grade 7,2-level,114,6,-108,TRUE
301817,BoSY,Grade 7,3-level,114,106,-8,TRUE
301817,BoSY,Grade 8,2-level,112,16,-96,TRUE
301817,BoSY,Grade 8,3-level,112,96,-16,TRUE
301817,BoSY,Grade 9,2-level,80,27,-53,TRUE
301817,BoSY,Grade 9,3-level,80,53,-27,TRUE
301817,EoSY,Grade 10,eosy,95,95,0,FALSE
301817,EoSY,Grade 7,eosy,100,100,0,FALSE
301817,EoSY,Grade 8,eosy,95,95,0,FALSE
301817,EoSY,Grade 9,eosy,78,78,0,FALSE
301826,BoSY,Grade 10,2-level,39,6,-33,TRUE
301826,BoSY,Grade 10,3-level,39,33,-6,TRUE
301826,BoSY,Grade 7,2-level,56,10,-46,TRUE
301826,BoSY,Grade 7,3-level,56,44,-12,TRUE
301826,BoSY,Grade 8,2-level,43,10,-33,TRUE
301826,BoSY,Grade 8,3-level,43,33,-10,TRUE
301826,BoSY,Grade 9,2-level,35,14,-21,TRUE
301826,BoSY,Grade 9,3-level,35,21,-14,TRUE
301826,EoSY,Grade 10,eosy,39,39,0,FALSE
301826,EoSY,Grade 7,eosy,56,56,0,FALSE
301826,EoSY,Grade 8,eosy,44,44,0,FALSE
301826,EoSY,Grade 9,eosy,34,34,0,FALSE
301834,BoSY,Grade 10,2-level,156,88,-68,TRUE
301834,BoSY,Grade 10,3-level,156,38,-118,TRUE
301834,BoSY,Grade 7,2-level,165,73,-92,TRUE
301834,BoSY,Grade 7,3-level,165,92,-73,TRUE
301834,BoSY,Grade 8,2-level,178,164,-14,TRUE
301834,BoSY,Grade 8,3-level,178,0,-178,TRUE
301834,BoSY,Grade 9,2-level,138,86,-52,TRUE
301834,BoSY,Grade 9,3-level,138,9,-129,TRUE
301834,EoSY,Grade 10,eosy,155,155,0,FALSE
301834,EoSY,Grade 7,eosy,162,162,0,FALSE
301834,EoSY,Grade 8,eosy,178,178,0,FALSE
301834,EoSY,Grade 9,eosy,134,134,0,FALSE
301839,BoSY,Grade 10,2-level,71,20,-51,TRUE
301839,BoSY,Grade 10,3-level,71,6,-65,TRUE
301839,BoSY,Grade 7,2-level,90,31,-59,TRUE
301839,BoSY,Grade 7,3-level,90,9,-81,TRUE
301839,BoSY,Grade 8,2-level,86,22,-64,TRUE
301839,BoSY,Grade 8,3-level,86,7,-79,TRUE
301839,BoSY,Grade 9,2-level,64,15,-49,TRUE
301839,BoSY,Grade 9,3-level,64,4,-60,TRUE
301839,EoSY,Grade 10,eosy,67,67,0,FALSE
301839,EoSY,Grade 7,eosy,86,86,0,FALSE
301839,EoSY,Grade 8,eosy,82,82,0,FALSE
301839,EoSY,Grade 9,eosy,59,59,0,FALSE
301862,BoSY,Grade 10,2-level,202,61,-141,TRUE
301862,BoSY,Grade 10,3-level,202,141,-61,TRUE
301862,BoSY,Grade 7,2-level,247,28,-219,TRUE
301862,BoSY,Grade 7,3-level,247,218,-29,TRUE
301862,BoSY,Grade 8,2-level,227,112,-115,TRUE
301862,BoSY,Grade 8,3-level,227,108,-119,TRUE
301862,BoSY,Grade 9,2-level,193,86,-107,TRUE
301862,BoSY,Grade 9,3-level,193,107,-86,TRUE
301862,EoSY,Grade 10,eosy,187,187,0,FALSE
301862,EoSY,Grade 7,eosy,231,231,0,FALSE
301862,EoSY,Grade 8,eosy,224,224,0,FALSE
301862,EoSY,Grade 9,eosy,150,150,0,FALSE
301868,BoSY,Grade 10,2-level,236,13,-223,TRUE
301868,BoSY,Grade 10,3-level,236,5,-231,TRUE
301868,BoSY,Grade 7,2-level,227,58,-169,TRUE
301868,BoSY,Grade 7,3-level,227,27,-200,TRUE
301868,BoSY,Grade 8,2-level,241,92,-149,TRUE
301868,BoSY,Grade 8,3-level,241,10,-231,TRUE
301868,BoSY,Grade 9,2-level,174,11,-163,TRUE
301868,BoSY,Grade 9,3-level,174,7,-167,TRUE
301868,EoSY,Grade 10,eosy,223,223,0,FALSE
301868,EoSY,Grade 7,eosy,236,236,0,FALSE
301868,EoSY,Grade 8,eosy,241,241,0,FALSE
301868,EoSY,Grade 9,eosy,173,173,0,FALSE
301870,BoSY,Grade 10,2-level,116,35,-81,TRUE
301870,BoSY,Grade 10,3-level,116,81,-35,TRUE
301870,BoSY,Grade 7,2-level,124,18,-106,TRUE
301870,BoSY,Grade 7,3-level,124,106,-18,TRUE
301870,BoSY,Grade 8,2-level,148,46,-102,TRUE
301870,BoSY,Grade 8,3-level,148,99,-49,TRUE
301870,BoSY,Grade 9,2-level,67,13,-54,TRUE
301870,BoSY,Grade 9,3-level,67,54,-13,TRUE
301870,EoSY,Grade 10,eosy,108,108,0,FALSE
301870,EoSY,Grade 7,eosy,122,122,0,FALSE
301870,EoSY,Grade 8,eosy,142,142,0,FALSE
301870,EoSY,Grade 9,eosy,66,66,0,FALSE
301871,BoSY,Grade 10,2-level,81,21,-60,TRUE
301871,BoSY,Grade 10,3-level,81,50,-31,TRUE
301871,BoSY,Grade 7,2-level,73,6,-67,TRUE
301871,BoSY,Grade 7,3-level,73,67,-6,TRUE
301871,BoSY,Grade 8,2-level,98,8,-90,TRUE
301871,BoSY,Grade 8,3-level,98,90,-8,TRUE
301871,BoSY,Grade 9,2-level,66,25,-41,TRUE
301871,BoSY,Grade 9,3-level,66,25,-41,TRUE
301871,EoSY,Grade 10,eosy,82,82,0,FALSE
301871,EoSY,Grade 7,eosy,72,72,0,FALSE
301871,EoSY,Grade 8,eosy,97,97,0,FALSE
301871,EoSY,Grade 9,eosy,65,65,0,FALSE
301887,BoSY,Grade 10,2-level,64,24,-40,TRUE
301887,BoSY,Grade 10,3-level,64,38,-26,TRUE
301887,BoSY,Grade 7,2-level,98,46,-52,TRUE
301887,BoSY,Grade 7,3-level,98,49,-49,TRUE
301887,BoSY,Grade 8,2-level,81,6,-75,TRUE
301887,BoSY,Grade 8,3-level,81,75,-6,TRUE
301887,BoSY,Grade 9,2-level,74,39,-35,TRUE
301887,BoSY,Grade 9,3-level,74,33,-41,TRUE
301887,EoSY,Grade 10,eosy,63,63,0,FALSE
301887,EoSY,Grade 7,eosy,95,95,0,FALSE
301887,EoSY,Grade 8,eosy,77,77,0,FALSE
301887,EoSY,Grade 9,eosy,70,70,0,FALSE
301899,BoSY,Grade 10,2-level,136,42,-94,TRUE
301899,BoSY,Grade 10,3-level,136,94,-42,TRUE
301899,BoSY,Grade 7,2-level,132,19,-113,TRUE
301899,BoSY,Grade 7,3-level,132,113,-19,TRUE
301899,BoSY,Grade 8,2-level,142,39,-103,TRUE
301899,BoSY,Grade 8,3-level,142,103,-39,TRUE
301899,BoSY,Grade 9,2-level,111,37,-74,TRUE
301899,BoSY,Grade 9,3-level,111,74,-37,TRUE
301899,EoSY,Grade 10,eosy,114,114,0,FALSE
301899,EoSY,Grade 7,eosy,131,131,0,FALSE
301899,EoSY,Grade 8,eosy,142,142,0,FALSE
301899,EoSY,Grade 9,eosy,90,90,0,FALSE
301900,BoSY,Grade 10,2-level,40,2,-38,TRUE
301900,BoSY,Grade 10,3-level,40,38,-2,TRUE
301900,BoSY,Grade 7,2-level,71,12,-59,TRUE
301900,BoSY,Grade 7,3-level,71,16,-55,TRUE
301900,BoSY,Grade 8,2-level,67,6,-61,TRUE
301900,BoSY,Grade 8,3-level,67,61,-6,TRUE
301900,BoSY,Grade 9,2-level,52,21,-31,TRUE
301900,BoSY,Grade 9,3-level,52,4,-48,TRUE
301900,EoSY,Grade 10,eosy,39,39,0,FALSE
301900,EoSY,Grade 7,eosy,28,28,0,FALSE
301900,EoSY,Grade 8,eosy,58,58,0,FALSE
301900,EoSY,Grade 9,eosy,25,25,0,FALSE
301930,BoSY,Grade 10,2-level,78,14,-64,TRUE
301930,BoSY,Grade 10,3-level,78,64,-14,TRUE
301930,BoSY,Grade 7,2-level,99,14,-85,TRUE
301930,BoSY,Grade 7,3-level,99,85,-14,TRUE
301930,BoSY,Grade 8,2-level,112,16,-96,TRUE
301930,BoSY,Grade 8,3-level,112,96,-16,TRUE
301930,BoSY,Grade 9,2-level,75,1,-74,TRUE
301930,BoSY,Grade 9,3-level,75,74,-1,TRUE
301930,EoSY,Grade 10,eosy,73,73,0,FALSE
301930,EoSY,Grade 7,eosy,92,92,0,FALSE
301930,EoSY,Grade 8,eosy,106,106,0,FALSE
301930,EoSY,Grade 9,eosy,71,71,0,FALSE
301947,BoSY,Grade 10,2-level,317,157,-160,TRUE
301947,BoSY,Grade 10,3-level,317,160,-157,TRUE
301947,BoSY,Grade 7,2-level,312,110,-202,TRUE
301947,BoSY,Grade 7,3-level,312,200,-112,TRUE
301947,BoSY,Grade 8,2-level,364,46,-318,TRUE
301947,BoSY,Grade 8,3-level,364,284,-80,TRUE
301947,BoSY,Grade 9,2-level,315,65,-250,TRUE
301947,BoSY,Grade 9,3-level,315,244,-71,TRUE
301947,EoSY,Grade 10,eosy,335,335,0,FALSE
301947,EoSY,Grade 7,eosy,360,360,0,FALSE
301947,EoSY,Grade 8,eosy,329,329,0,FALSE
301947,EoSY,Grade 9,eosy,316,316,0,FALSE
301963,BoSY,Grade 10,2-level,148,27,-121,TRUE
301963,BoSY,Grade 10,3-level,148,95,-53,TRUE
301963,BoSY,Grade 7,2-level,219,95,-124,TRUE
301963,BoSY,Grade 7,3-level,219,114,-105,TRUE
301963,BoSY,Grade 8,2-level,218,23,-195,TRUE
301963,BoSY,Grade 8,3-level,218,194,-24,TRUE
301963,BoSY,Grade 9,2-level,156,119,-37,TRUE
301963,BoSY,Grade 9,3-level,156,36,-120,TRUE
301963,EoSY,Grade 10,eosy,142,142,0,FALSE
301963,EoSY,Grade 7,eosy,215,215,0,FALSE
301963,EoSY,Grade 8,eosy,219,219,0,FALSE
301963,EoSY,Grade 9,eosy,153,153,0,FALSE
301974,BoSY,Grade 10,2-level,56,8,-48,TRUE
301974,BoSY,Grade 10,3-level,56,48,-8,TRUE
301974,BoSY,Grade 7,2-level,82,54,-28,TRUE
301974,BoSY,Grade 7,3-level,82,28,-54,TRUE
301974,BoSY,Grade 8,2-level,83,62,-21,TRUE
301974,BoSY,Grade 8,3-level,83,21,-62,TRUE
301974,BoSY,Grade 9,2-level,44,28,-16,TRUE
301974,BoSY,Grade 9,3-level,44,16,-28,TRUE
301974,EoSY,Grade 10,eosy,49,49,0,FALSE
301974,EoSY,Grade 7,eosy,85,85,0,FALSE
301974,EoSY,Grade 8,eosy,81,81,0,FALSE
301974,EoSY,Grade 9,eosy,47,47,0,FALSE
301984,BoSY,Grade 10,2-level,190,27,-163,TRUE
301984,BoSY,Grade 10,3-level,190,163,-27,TRUE
301984,BoSY,Grade 7,2-level,225,58,-167,TRUE
301984,BoSY,Grade 7,3-level,225,167,-58,TRUE
301984,BoSY,Grade 8,2-level,189,21,-168,TRUE
301984,BoSY,Grade 8,3-level,189,168,-21,TRUE
301984,BoSY,Grade 9,2-level,174,74,-100,TRUE
301984,BoSY,Grade 9,3-level,174,100,-74,TRUE
301984,EoSY,Grade 10,eosy,191,191,0,FALSE
301984,EoSY,Grade 7,eosy,187,187,0,FALSE
301984,EoSY,Grade 8,eosy,180,180,0,FALSE
301984,EoSY,Grade 9,eosy,168,168,0,FALSE
301986,BoSY,Grade 10,2-level,154,44,-110,TRUE
301986,BoSY,Grade 10,3-level,154,110,-44,TRUE
301986,BoSY,Grade 7,2-level,206,63,-143,TRUE
301986,BoSY,Grade 7,3-level,206,140,-66,TRUE
301986,BoSY,Grade 8,2-level,179,54,-125,TRUE
301986,BoSY,Grade 8,3-level,179,125,-54,TRUE
301986,BoSY,Grade 9,2-level,181,48,-133,TRUE
301986,BoSY,Grade 9,3-level,181,132,-49,TRUE
301986,EoSY,Grade 10,eosy,161,161,0,FALSE
301986,EoSY,Grade 7,eosy,182,182,0,FALSE
301986,EoSY,Grade 8,eosy,168,168,0,FALSE
301986,EoSY,Grade 9,eosy,167,167,0,FALSE
301990,BoSY,Grade 10,2-level,48,16,-32,TRUE
301990,BoSY,Grade 10,3-level,48,11,-37,TRUE
301990,BoSY,Grade 7,2-level,64,22,-42,TRUE
301990,BoSY,Grade 7,3-level,64,22,-42,TRUE
301990,BoSY,Grade 8,2-level,55,25,-30,TRUE
301990,BoSY,Grade 8,3-level,55,10,-45,TRUE
301990,BoSY,Grade 9,2-level,46,19,-27,TRUE
301990,BoSY,Grade 9,3-level,46,17,-29,TRUE
301990,EoSY,Grade 10,eosy,48,48,0,FALSE
301990,EoSY,Grade 7,eosy,65,65,0,FALSE
301990,EoSY,Grade 8,eosy,61,61,0,FALSE
301990,EoSY,Grade 9,eosy,45,45,0,FALSE
301995,BoSY,Grade 10,2-level,55,27,-28,TRUE
301995,BoSY,Grade 10,3-level,55,0,-55,TRUE
301995,BoSY,Grade 7,2-level,63,63,0,FALSE
301995,BoSY,Grade 7,3-level,63,0,-63,TRUE
301995,BoSY,Grade 8,2-level,76,44,-32,TRUE
301995,BoSY,Grade 8,3-level,76,7,-69,TRUE
301995,BoSY,Grade 9,2-level,71,71,0,FALSE
301995,BoSY,Grade 9,3-level,71,0,-71,TRUE
301995,EoSY,Grade 10,eosy,52,52,0,FALSE
301995,EoSY,Grade 7,eosy,60,60,0,FALSE
301995,EoSY,Grade 8,eosy,75,75,0,FALSE
301995,EoSY,Grade 9,eosy,61,61,0,FALSE
302011,BoSY,Grade 10,2-level,166,119,-47,TRUE
302011,BoSY,Grade 10,3-level,166,47,-119,TRUE
302011,BoSY,Grade 7,2-level,229,43,-186,TRUE
302011,BoSY,Grade 7,3-level,229,181,-48,TRUE
302011,BoSY,Grade 8,2-level,196,15,-181,TRUE
302011,BoSY,Grade 8,3-level,196,181,-15,TRUE
302011,BoSY,Grade 9,2-level,172,79,-93,TRUE
302011,BoSY,Grade 9,3-level,172,88,-84,TRUE
302011,EoSY,Grade 10,eosy,171,171,0,FALSE
302011,EoSY,Grade 7,eosy,235,235,0,FALSE
302011,EoSY,Grade 8,eosy,196,196,0,FALSE
302011,EoSY,Grade 9,eosy,162,162,0,FALSE
302014,BoSY,Grade 10,2-level,103,22,-81,TRUE
302014,BoSY,Grade 10,3-level,103,81,-22,TRUE
302014,BoSY,Grade 7,2-level,159,0,-159,TRUE
302014,BoSY,Grade 7,3-level,159,159,0,FALSE
302014,BoSY,Grade 8,2-level,151,41,-110,TRUE
302014,BoSY,Grade 8,3-level,151,110,-41,TRUE
302014,BoSY,Grade 9,2-level,125,33,-92,TRUE
302014,BoSY,Grade 9,3-level,125,92,-33,TRUE
302014,EoSY,Grade 10,eosy,96,96,0,FALSE
302014,EoSY,Grade 7,eosy,161,161,0,FALSE
302014,EoSY,Grade 8,eosy,149,149,0,FALSE
302014,EoSY,Grade 9,eosy,103,103,0,FALSE
302039,BoSY,Grade 10,2-level,241,94,-147,TRUE
302039,BoSY,Grade 10,3-level,241,147,-94,TRUE
302039,BoSY,Grade 7,2-level,322,96,-226,TRUE
302039,BoSY,Grade 7,3-level,322,224,-98,TRUE
302039,BoSY,Grade 8,2-level,284,38,-246,TRUE
302039,BoSY,Grade 8,3-level,284,246,-38,TRUE
302039,BoSY,Grade 9,2-level,228,116,-112,TRUE
302039,BoSY,Grade 9,3-level,228,112,-116,TRUE
302039,EoSY,Grade 10,eosy,228,228,0,FALSE
302039,EoSY,Grade 7,eosy,299,299,0,FALSE
302039,EoSY,Grade 8,eosy,244,244,0,FALSE
302039,EoSY,Grade 9,eosy,209,209,0,FALSE
302043,BoSY,Grade 10,2-level,190,103,-87,TRUE
302043,BoSY,Grade 10,3-level,190,72,-118,TRUE
302043,BoSY,Grade 7,2-level,213,44,-169,TRUE
302043,BoSY,Grade 7,3-level,213,169,-44,TRUE
302043,BoSY,Grade 8,2-level,186,82,-104,TRUE
302043,BoSY,Grade 8,3-level,186,97,-89,TRUE
302043,BoSY,Grade 9,2-level,178,68,-110,TRUE
302043,BoSY,Grade 9,3-level,178,100,-78,TRUE
302043,EoSY,Grade 10,eosy,188,188,0,FALSE
302043,EoSY,Grade 7,eosy,213,213,0,FALSE
302043,EoSY,Grade 8,eosy,186,186,0,FALSE
302043,EoSY,Grade 9,eosy,156,156,0,FALSE
302054,BoSY,Grade 10,2-level,102,59,-43,TRUE
302054,BoSY,Grade 10,3-level,102,19,-83,TRUE
302054,BoSY,Grade 7,2-level,112,55,-57,TRUE
302054,BoSY,Grade 7,3-level,112,40,-72,TRUE
302054,BoSY,Grade 8,2-level,119,54,-65,TRUE
302054,BoSY,Grade 8,3-level,119,44,-75,TRUE
302054,BoSY,Grade 9,2-level,95,53,-42,TRUE
302054,BoSY,Grade 9,3-level,95,18,-77,TRUE
302054,EoSY,Grade 10,eosy,94,94,0,FALSE
302054,EoSY,Grade 7,eosy,118,118,0,FALSE
302054,EoSY,Grade 8,eosy,116,116,0,FALSE
302054,EoSY,Grade 9,eosy,89,89,0,FALSE
302058,BoSY,Grade 10,2-level,86,13,-73,TRUE
302058,BoSY,Grade 10,3-level,86,73,-13,TRUE
302058,BoSY,Grade 7,2-level,99,11,-88,TRUE
302058,BoSY,Grade 7,3-level,99,88,-11,TRUE
302058,BoSY,Grade 8,2-level,74,18,-56,TRUE
302058,BoSY,Grade 8,3-level,74,56,-18,TRUE
302058,BoSY,Grade 9,2-level,84,21,-63,TRUE
302058,BoSY,Grade 9,3-level,84,63,-21,TRUE
302058,EoSY,Grade 10,eosy,83,83,0,FALSE
302058,EoSY,Grade 7,eosy,88,88,0,FALSE
302058,EoSY,Grade 8,eosy,67,67,0,FALSE
302058,EoSY,Grade 9,eosy,85,85,0,FALSE
302061,BoSY,Grade 10,2-level,52,16,-36,TRUE
302061,BoSY,Grade 10,3-level,52,34,-18,TRUE
302061,BoSY,Grade 7,2-level,82,23,-59,TRUE
302061,BoSY,Grade 7,3-level,82,57,-25,TRUE
302061,BoSY,Grade 8,2-level,64,11,-53,TRUE
302061,BoSY,Grade 8,3-level,64,51,-13,TRUE
302061,BoSY,Grade 9,2-level,50,23,-27,TRUE
302061,BoSY,Grade 9,3-level,50,23,-27,TRUE
302061,EoSY,Grade 10,eosy,53,53,0,FALSE
302061,EoSY,Grade 7,eosy,81,81,0,FALSE
302061,EoSY,Grade 8,eosy,61,61,0,FALSE
302061,EoSY,Grade 9,eosy,52,52,0,FALSE
302109,BoSY,Grade 10,2-level,205,29,-176,TRUE
302109,BoSY,Grade 10,3-level,205,0,-205,TRUE
302109,BoSY,Grade 7,2-level,240,58,-182,TRUE
302109,BoSY,Grade 7,3-level,240,0,-240,TRUE
302109,BoSY,Grade 8,2-level,225,41,-184,TRUE
302109,BoSY,Grade 8,3-level,225,0,-225,TRUE
302109,BoSY,Grade 9,2-level,181,55,-126,TRUE
302109,BoSY,Grade 9,3-level,181,0,-181,TRUE
302109,EoSY,Grade 10,eosy,216,216,0,FALSE
302109,EoSY,Grade 7,eosy,249,249,0,FALSE
302109,EoSY,Grade 8,eosy,241,241,0,FALSE
302109,EoSY,Grade 9,eosy,173,173,0,FALSE
302111,BoSY,Grade 10,2-level,470,154,-316,TRUE
302111,BoSY,Grade 10,3-level,470,298,-172,TRUE
302111,BoSY,Grade 7,2-level,496,192,-304,TRUE
302111,BoSY,Grade 7,3-level,496,302,-194,TRUE
302111,BoSY,Grade 8,2-level,469,128,-341,TRUE
302111,BoSY,Grade 8,3-level,469,331,-138,TRUE
302111,BoSY,Grade 9,2-level,401,185,-216,TRUE
302111,BoSY,Grade 9,3-level,401,205,-196,TRUE
302111,EoSY,Grade 10,eosy,360,360,0,FALSE
302111,EoSY,Grade 7,eosy,485,485,0,FALSE
302111,EoSY,Grade 8,eosy,481,481,0,FALSE
302111,EoSY,Grade 9,eosy,378,378,0,FALSE
302113,BoSY,Grade 10,2-level,80,35,-45,TRUE
302113,BoSY,Grade 10,3-level,80,35,-45,TRUE
302113,BoSY,Grade 7,2-level,100,26,-74,TRUE
302113,BoSY,Grade 7,3-level,100,71,-29,TRUE
302113,BoSY,Grade 8,2-level,100,6,-94,TRUE
302113,BoSY,Grade 8,3-level,100,94,-6,TRUE
302113,BoSY,Grade 9,2-level,55,27,-28,TRUE
302113,BoSY,Grade 9,3-level,55,28,-27,TRUE
302113,EoSY,Grade 10,eosy,88,88,0,FALSE
302113,EoSY,Grade 7,eosy,97,97,0,FALSE
302113,EoSY,Grade 8,eosy,111,111,0,FALSE
302113,EoSY,Grade 9,eosy,62,62,0,FALSE
302117,BoSY,Grade 10,2-level,72,45,-27,TRUE
302117,BoSY,Grade 10,3-level,72,11,-61,TRUE
302117,BoSY,Grade 7,2-level,92,9,-83,TRUE
302117,BoSY,Grade 7,3-level,92,83,-9,TRUE
302117,BoSY,Grade 8,2-level,67,27,-40,TRUE
302117,BoSY,Grade 8,3-level,67,31,-36,TRUE
302117,BoSY,Grade 9,2-level,59,17,-42,TRUE
302117,BoSY,Grade 9,3-level,59,15,-44,TRUE
302117,EoSY,Grade 10,eosy,61,61,0,FALSE
302117,EoSY,Grade 7,eosy,82,82,0,FALSE
302117,EoSY,Grade 8,eosy,58,58,0,FALSE
302117,EoSY,Grade 9,eosy,54,54,0,FALSE
302123,BoSY,Grade 10,2-level,54,5,-49,TRUE
302123,BoSY,Grade 10,3-level,54,49,-5,TRUE
302123,BoSY,Grade 7,2-level,81,2,-79,TRUE
302123,BoSY,Grade 7,3-level,81,79,-2,TRUE
302123,BoSY,Grade 8,2-level,90,5,-85,TRUE
302123,BoSY,Grade 8,3-level,90,85,-5,TRUE
302123,BoSY,Grade 9,2-level,77,10,-67,TRUE
302123,BoSY,Grade 9,3-level,77,67,-10,TRUE
302123,EoSY,Grade 10,eosy,55,55,0,FALSE
302123,EoSY,Grade 7,eosy,83,83,0,FALSE
302123,EoSY,Grade 8,eosy,92,92,0,FALSE
302123,EoSY,Grade 9,eosy,78,78,0,FALSE
302127,BoSY,Grade 10,2-level,35,11,-24,TRUE
302127,BoSY,Grade 10,3-level,35,23,-12,TRUE
302127,BoSY,Grade 7,2-level,49,10,-39,TRUE
302127,BoSY,Grade 7,3-level,49,39,-10,TRUE
302127,BoSY,Grade 8,2-level,53,4,-49,TRUE
302127,BoSY,Grade 8,3-level,53,49,-4,TRUE
302127,BoSY,Grade 9,2-level,38,5,-33,TRUE
302127,BoSY,Grade 9,3-level,38,33,-5,TRUE
302127,EoSY,Grade 10,eosy,33,33,0,FALSE
302127,EoSY,Grade 7,eosy,48,48,0,FALSE
302127,EoSY,Grade 8,eosy,52,52,0,FALSE
302127,EoSY,Grade 9,eosy,34,34,0,FALSE
302133,BoSY,Grade 10,2-level,121,26,-95,TRUE
302133,BoSY,Grade 10,3-level,121,95,-26,TRUE
302133,BoSY,Grade 7,2-level,174,20,-154,TRUE
302133,BoSY,Grade 7,3-level,174,154,-20,TRUE
302133,BoSY,Grade 8,2-level,179,14,-165,TRUE
302133,BoSY,Grade 8,3-level,179,165,-14,TRUE
302133,BoSY,Grade 9,2-level,147,20,-127,TRUE
302133,BoSY,Grade 9,3-level,147,127,-20,TRUE
302133,EoSY,Grade 10,eosy,117,117,0,FALSE
302133,EoSY,Grade 7,eosy,179,179,0,FALSE
302133,EoSY,Grade 8,eosy,188,188,0,FALSE
302133,EoSY,Grade 9,eosy,151,151,0,FALSE
302134,BoSY,Grade 10,2-level,120,120,0,FALSE
302134,BoSY,Grade 10,3-level,120,0,-120,TRUE
302134,BoSY,Grade 7,2-level,169,169,0,FALSE
302134,BoSY,Grade 7,3-level,169,0,-169,TRUE
302134,BoSY,Grade 8,2-level,126,126,0,FALSE
302134,BoSY,Grade 8,3-level,126,0,-126,TRUE
302134,BoSY,Grade 9,2-level,131,131,0,FALSE
302134,BoSY,Grade 9,3-level,131,0,-131,TRUE
302134,EoSY,Grade 10,eosy,43,43,0,FALSE
302134,EoSY,Grade 7,eosy,43,43,0,FALSE
302134,EoSY,Grade 8,eosy,22,22,0,FALSE
302134,EoSY,Grade 9,eosy,22,22,0,FALSE
302146,BoSY,Grade 10,2-level,105,14,-91,TRUE
302146,BoSY,Grade 10,3-level,105,91,-14,TRUE
302146,BoSY,Grade 7,2-level,150,5,-145,TRUE
302146,BoSY,Grade 7,3-level,150,145,-5,TRUE
302146,BoSY,Grade 8,2-level,138,5,-133,TRUE
302146,BoSY,Grade 8,3-level,138,133,-5,TRUE
302146,BoSY,Grade 9,2-level,135,12,-123,TRUE
302146,BoSY,Grade 9,3-level,135,123,-12,TRUE
302146,EoSY,Grade 10,eosy,100,100,0,FALSE
302146,EoSY,Grade 7,eosy,143,143,0,FALSE
302146,EoSY,Grade 8,eosy,122,122,0,FALSE
302146,EoSY,Grade 9,eosy,129,129,0,FALSE
302156,BoSY,Grade 10,2-level,99,94,-5,TRUE
302156,BoSY,Grade 10,3-level,99,5,-94,TRUE
302156,BoSY,Grade 7,2-level,101,101,0,FALSE
302156,BoSY,Grade 7,3-level,101,0,-101,TRUE
302156,BoSY,Grade 8,2-level,106,106,0,FALSE
302156,BoSY,Grade 8,3-level,106,0,-106,TRUE
302156,BoSY,Grade 9,2-level,95,95,0,FALSE
302156,BoSY,Grade 9,3-level,95,0,-95,TRUE
302156,EoSY,Grade 10,eosy,99,99,0,FALSE
302156,EoSY,Grade 7,eosy,102,102,0,FALSE
302156,EoSY,Grade 8,eosy,105,105,0,FALSE
302156,EoSY,Grade 9,eosy,94,94,0,FALSE
302161,BoSY,Grade 10,2-level,82,51,-31,TRUE
302161,BoSY,Grade 10,3-level,82,31,-51,TRUE
302161,BoSY,Grade 7,2-level,100,42,-58,TRUE
302161,BoSY,Grade 7,3-level,100,58,-42,TRUE
302161,BoSY,Grade 8,2-level,74,41,-33,TRUE
302161,BoSY,Grade 8,3-level,74,33,-41,TRUE
302161,BoSY,Grade 9,2-level,73,37,-36,TRUE
302161,BoSY,Grade 9,3-level,73,36,-37,TRUE
302161,EoSY,Grade 10,eosy,83,83,0,FALSE
302161,EoSY,Grade 7,eosy,98,98,0,FALSE
302161,EoSY,Grade 8,eosy,74,74,0,FALSE
302161,EoSY,Grade 9,eosy,73,73,0,FALSE
302165,BoSY,Grade 10,2-level,52,12,-40,TRUE
302165,BoSY,Grade 10,3-level,52,40,-12,TRUE
302165,BoSY,Grade 7,2-level,92,14,-78,TRUE
302165,BoSY,Grade 7,3-level,92,78,-14,TRUE
302165,BoSY,Grade 8,2-level,71,7,-64,TRUE
302165,BoSY,Grade 8,3-level,71,64,-7,TRUE
302165,BoSY,Grade 9,2-level,61,20,-41,TRUE
302165,BoSY,Grade 9,3-level,61,41,-20,TRUE
302165,EoSY,Grade 10,eosy,51,51,0,FALSE
302165,EoSY,Grade 7,eosy,93,93,0,FALSE
302165,EoSY,Grade 8,eosy,73,73,0,FALSE
302165,EoSY,Grade 9,eosy,60,60,0,FALSE
302175,BoSY,Grade 10,2-level,98,53,-45,TRUE
302175,BoSY,Grade 10,3-level,98,17,-81,TRUE
302175,BoSY,Grade 7,2-level,126,77,-49,TRUE
302175,BoSY,Grade 7,3-level,126,12,-114,TRUE
302175,BoSY,Grade 8,2-level,99,36,-63,TRUE
302175,BoSY,Grade 8,3-level,99,27,-72,TRUE
302175,BoSY,Grade 9,2-level,116,67,-49,TRUE
302175,BoSY,Grade 9,3-level,116,25,-91,TRUE
302175,EoSY,Grade 10,eosy,90,90,0,FALSE
302175,EoSY,Grade 7,eosy,128,128,0,FALSE
302175,EoSY,Grade 8,eosy,91,91,0,FALSE
302175,EoSY,Grade 9,eosy,122,122,0,FALSE
302177,BoSY,Grade 10,2-level,85,17,-68,TRUE
302177,BoSY,Grade 10,3-level,85,68,-17,TRUE
302177,BoSY,Grade 7,2-level,114,29,-85,TRUE
302177,BoSY,Grade 7,3-level,114,85,-29,TRUE
302177,BoSY,Grade 8,2-level,98,8,-90,TRUE
302177,BoSY,Grade 8,3-level,98,90,-8,TRUE
302177,BoSY,Grade 9,2-level,81,22,-59,TRUE
302177,BoSY,Grade 9,3-level,81,59,-22,TRUE
302177,EoSY,Grade 10,eosy,85,85,0,FALSE
302177,EoSY,Grade 7,eosy,114,114,0,FALSE
302177,EoSY,Grade 8,eosy,98,98,0,FALSE
302177,EoSY,Grade 9,eosy,81,81,0,FALSE
302182,BoSY,Grade 10,2-level,99,27,-72,TRUE
302182,BoSY,Grade 10,3-level,99,72,-27,TRUE
302182,BoSY,Grade 7,2-level,90,23,-67,TRUE
302182,BoSY,Grade 7,3-level,90,67,-23,TRUE
302182,BoSY,Grade 8,2-level,95,37,-58,TRUE
302182,BoSY,Grade 8,3-level,95,58,-37,TRUE
302182,BoSY,Grade 9,2-level,88,16,-72,TRUE
302182,BoSY,Grade 9,3-level,88,72,-16,TRUE
302182,EoSY,Grade 10,eosy,88,88,0,FALSE
302182,EoSY,Grade 7,eosy,82,82,0,FALSE
302182,EoSY,Grade 8,eosy,88,88,0,FALSE
302182,EoSY,Grade 9,eosy,84,84,0,FALSE
302192,BoSY,Grade 10,2-level,263,159,-104,TRUE
302192,BoSY,Grade 10,3-level,263,90,-173,TRUE
302192,BoSY,Grade 7,2-level,286,184,-102,TRUE
302192,BoSY,Grade 7,3-level,286,102,-184,TRUE
302192,BoSY,Grade 8,2-level,288,77,-211,TRUE
302192,BoSY,Grade 8,3-level,288,210,-78,TRUE
302192,BoSY,Grade 9,2-level,210,96,-114,TRUE
302192,BoSY,Grade 9,3-level,210,114,-96,TRUE
302192,EoSY,Grade 10,eosy,247,247,0,FALSE
302192,EoSY,Grade 7,eosy,285,285,0,FALSE
302192,EoSY,Grade 8,eosy,286,286,0,FALSE
302192,EoSY,Grade 9,eosy,214,214,0,FALSE
302203,BoSY,Grade 10,2-level,38,10,-28,TRUE
302203,BoSY,Grade 10,3-level,38,28,-10,TRUE
302203,BoSY,Grade 7,2-level,81,12,-69,TRUE
302203,BoSY,Grade 7,3-level,81,69,-12,TRUE
302203,BoSY,Grade 8,2-level,39,6,-33,TRUE
302203,BoSY,Grade 8,3-level,39,33,-6,TRUE
302203,BoSY,Grade 9,2-level,39,25,-14,TRUE
302203,BoSY,Grade 9,3-level,39,14,-25,TRUE
302203,EoSY,Grade 10,eosy,37,37,0,FALSE
302203,EoSY,Grade 7,eosy,79,79,0,FALSE
302203,EoSY,Grade 8,eosy,39,39,0,FALSE
302203,EoSY,Grade 9,eosy,36,36,0,FALSE
302205,BoSY,Grade 10,2-level,88,21,-67,TRUE
302205,BoSY,Grade 10,3-level,88,67,-21,TRUE
302205,BoSY,Grade 7,2-level,136,21,-115,TRUE
302205,BoSY,Grade 7,3-level,136,115,-21,TRUE
302205,BoSY,Grade 8,2-level,103,9,-94,TRUE
302205,BoSY,Grade 8,3-level,103,94,-9,TRUE
302205,BoSY,Grade 9,2-level,103,28,-75,TRUE
302205,BoSY,Grade 9,3-level,103,75,-28,TRUE
302205,EoSY,Grade 10,eosy,84,84,0,FALSE
302205,EoSY,Grade 7,eosy,135,135,0,FALSE
302205,EoSY,Grade 8,eosy,103,103,0,FALSE
302205,EoSY,Grade 9,eosy,102,102,0,FALSE
302227,BoSY,Grade 10,2-level,57,19,-38,TRUE
302227,BoSY,Grade 10,3-level,57,36,-21,TRUE
302227,BoSY,Grade 7,2-level,76,7,-69,TRUE
302227,BoSY,Grade 7,3-level,76,69,-7,TRUE
302227,BoSY,Grade 8,2-level,71,8,-63,TRUE
302227,BoSY,Grade 8,3-level,71,63,-8,TRUE
302227,BoSY,Grade 9,2-level,57,14,-43,TRUE
302227,BoSY,Grade 9,3-level,57,43,-14,TRUE
302227,EoSY,Grade 10,eosy,57,57,0,FALSE
302227,EoSY,Grade 7,eosy,92,92,0,FALSE
302227,EoSY,Grade 8,eosy,68,68,0,FALSE
302227,EoSY,Grade 9,eosy,48,48,0,FALSE
302241,BoSY,Grade 10,2-level,114,114,0,FALSE
302241,BoSY,Grade 10,3-level,114,0,-114,TRUE
302241,BoSY,Grade 7,2-level,170,111,-59,TRUE
302241,BoSY,Grade 7,3-level,170,0,-170,TRUE
302241,BoSY,Grade 8,2-level,123,99,-24,TRUE
302241,BoSY,Grade 8,3-level,123,0,-123,TRUE
302241,BoSY,Grade 9,2-level,105,67,-38,TRUE
302241,BoSY,Grade 9,3-level,105,0,-105,TRUE
302241,EoSY,Grade 10,eosy,16,16,0,FALSE
302241,EoSY,Grade 7,eosy,60,60,0,FALSE
302241,EoSY,Grade 8,eosy,55,55,0,FALSE
302241,EoSY,Grade 9,eosy,52,52,0,FALSE
302252,BoSY,Grade 10,2-level,68,20,-48,TRUE
302252,BoSY,Grade 10,3-level,68,45,-23,TRUE
302252,BoSY,Grade 7,2-level,98,26,-72,TRUE
302252,BoSY,Grade 7,3-level,98,70,-28,TRUE
302252,BoSY,Grade 8,2-level,90,18,-72,TRUE
302252,BoSY,Grade 8,3-level,90,72,-18,TRUE
302252,BoSY,Grade 9,2-level,58,40,-18,TRUE
302252,BoSY,Grade 9,3-level,58,18,-40,TRUE
302252,EoSY,Grade 10,eosy,69,69,0,FALSE
302252,EoSY,Grade 7,eosy,98,98,0,FALSE
302252,EoSY,Grade 8,eosy,89,89,0,FALSE
302252,EoSY,Grade 9,eosy,58,58,0,FALSE
302254,BoSY,Grade 10,2-level,99,33,-66,TRUE
302254,BoSY,Grade 10,3-level,99,66,-33,TRUE
302254,BoSY,Grade 7,2-level,93,30,-63,TRUE
302254,BoSY,Grade 7,3-level,93,63,-30,TRUE
302254,BoSY,Grade 8,2-level,94,31,-63,TRUE
302254,BoSY,Grade 8,3-level,94,63,-31,TRUE
302254,BoSY,Grade 9,2-level,89,31,-58,TRUE
302254,BoSY,Grade 9,3-level,89,58,-31,TRUE
302254,EoSY,Grade 10,eosy,100,100,0,FALSE
302254,EoSY,Grade 7,eosy,93,93,0,FALSE
302254,EoSY,Grade 8,eosy,95,95,0,FALSE
302254,EoSY,Grade 9,eosy,89,89,0,FALSE
302256,BoSY,Grade 10,2-level,115,64,-51,TRUE
302256,BoSY,Grade 10,3-level,115,41,-74,TRUE
302256,BoSY,Grade 7,2-level,115,9,-106,TRUE
302256,BoSY,Grade 7,3-level,115,99,-16,TRUE
302256,BoSY,Grade 8,2-level,110,52,-58,TRUE
302256,BoSY,Grade 8,3-level,110,50,-60,TRUE
302256,BoSY,Grade 9,2-level,93,53,-40,TRUE
302256,BoSY,Grade 9,3-level,93,32,-61,TRUE
302256,EoSY,Grade 10,eosy,115,115,0,FALSE
302256,EoSY,Grade 7,eosy,118,118,0,FALSE
302256,EoSY,Grade 8,eosy,107,107,0,FALSE
302256,EoSY,Grade 9,eosy,95,95,0,FALSE
302263,BoSY,Grade 10,2-level,90,69,-21,TRUE
302263,BoSY,Grade 10,3-level,90,5,-85,TRUE
302263,BoSY,Grade 7,2-level,66,15,-51,TRUE
302263,BoSY,Grade 7,3-level,66,51,-15,TRUE
302263,BoSY,Grade 8,2-level,90,13,-77,TRUE
302263,BoSY,Grade 8,3-level,90,76,-14,TRUE
302263,BoSY,Grade 9,2-level,61,27,-34,TRUE
302263,BoSY,Grade 9,3-level,61,34,-27,TRUE
302263,EoSY,Grade 10,eosy,72,72,0,FALSE
302263,EoSY,Grade 7,eosy,61,61,0,FALSE
302263,EoSY,Grade 8,eosy,84,84,0,FALSE
302263,EoSY,Grade 9,eosy,62,62,0,FALSE
302282,BoSY,Grade 10,2-level,275,133,-142,TRUE
302282,BoSY,Grade 10,3-level,275,138,-137,TRUE
302282,BoSY,Grade 7,2-level,328,82,-246,TRUE
302282,BoSY,Grade 7,3-level,328,245,-83,TRUE
302282,BoSY,Grade 8,2-level,367,206,-161,TRUE
302282,BoSY,Grade 8,3-level,367,161,-206,TRUE
302282,BoSY,Grade 9,2-level,289,100,-189,TRUE
302282,BoSY,Grade 9,3-level,289,182,-107,TRUE
302282,EoSY,Grade 10,eosy,267,267,0,FALSE
302282,EoSY,Grade 7,eosy,286,286,0,FALSE
302282,EoSY,Grade 8,eosy,358,358,0,FALSE
302282,EoSY,Grade 9,eosy,261,261,0,FALSE
302283,BoSY,Grade 10,2-level,299,69,-230,TRUE
302283,BoSY,Grade 10,3-level,299,181,-118,TRUE
302283,BoSY,Grade 7,2-level,333,66,-267,TRUE
302283,BoSY,Grade 7,3-level,333,234,-99,TRUE
302283,BoSY,Grade 8,2-level,343,65,-278,TRUE
302283,BoSY,Grade 8,3-level,343,253,-90,TRUE
302283,BoSY,Grade 9,2-level,246,38,-208,TRUE
302283,BoSY,Grade 9,3-level,246,140,-106,TRUE
302283,EoSY,Grade 10,eosy,249,249,0,FALSE
302283,EoSY,Grade 7,eosy,304,304,0,FALSE
302283,EoSY,Grade 8,eosy,304,304,0,FALSE
302283,EoSY,Grade 9,eosy,177,177,0,FALSE
302284,BoSY,Grade 10,2-level,172,22,-150,TRUE
302284,BoSY,Grade 10,3-level,172,150,-22,TRUE
302284,BoSY,Grade 7,2-level,181,19,-162,TRUE
302284,BoSY,Grade 7,3-level,181,162,-19,TRUE
302284,BoSY,Grade 8,2-level,180,24,-156,TRUE
302284,BoSY,Grade 8,3-level,180,156,-24,TRUE
302284,BoSY,Grade 9,2-level,151,40,-111,TRUE
302284,BoSY,Grade 9,3-level,151,111,-40,TRUE
302284,EoSY,Grade 10,eosy,170,170,0,FALSE
302284,EoSY,Grade 7,eosy,180,180,0,FALSE
302284,EoSY,Grade 8,eosy,146,146,0,FALSE
302284,EoSY,Grade 9,eosy,148,148,0,FALSE
303011,BoSY,Grade 10,2-level,35,17,-18,TRUE
303011,BoSY,Grade 10,3-level,35,6,-29,TRUE
303011,BoSY,Grade 7,2-level,59,24,-35,TRUE
303011,BoSY,Grade 7,3-level,59,30,-29,TRUE
303011,BoSY,Grade 8,2-level,43,19,-24,TRUE
303011,BoSY,Grade 8,3-level,43,14,-29,TRUE
303011,BoSY,Grade 9,2-level,32,10,-22,TRUE
303011,BoSY,Grade 9,3-level,32,8,-24,TRUE
303011,EoSY,Grade 10,eosy,30,30,0,FALSE
303011,EoSY,Grade 7,eosy,50,50,0,FALSE
303011,EoSY,Grade 8,eosy,40,40,0,FALSE
303011,EoSY,Grade 9,eosy,26,26,0,FALSE
303046,BoSY,Grade 10,2-level,95,5,-90,TRUE
303046,BoSY,Grade 10,3-level,95,89,-6,TRUE
303046,BoSY,Grade 7,2-level,84,45,-39,TRUE
303046,BoSY,Grade 7,3-level,84,39,-45,TRUE
303046,BoSY,Grade 8,2-level,112,43,-69,TRUE
303046,BoSY,Grade 8,3-level,112,65,-47,TRUE
303046,BoSY,Grade 9,2-level,80,4,-76,TRUE
303046,BoSY,Grade 9,3-level,80,76,-4,TRUE
303046,EoSY,Grade 10,eosy,93,93,0,FALSE
303046,EoSY,Grade 7,eosy,86,86,0,FALSE
303046,EoSY,Grade 8,eosy,107,107,0,FALSE
303046,EoSY,Grade 9,eosy,69,69,0,FALSE
303130,BoSY,Grade 10,2-level,208,30,-178,TRUE
303130,BoSY,Grade 10,3-level,208,178,-30,TRUE
303130,BoSY,Grade 7,2-level,196,16,-180,TRUE
303130,BoSY,Grade 7,3-level,196,180,-16,TRUE
303130,BoSY,Grade 8,2-level,193,15,-178,TRUE
303130,BoSY,Grade 8,3-level,193,178,-15,TRUE
303130,BoSY,Grade 9,2-level,138,30,-108,TRUE
303130,BoSY,Grade 9,3-level,138,108,-30,TRUE
303130,EoSY,Grade 10,eosy,195,195,0,FALSE
303130,EoSY,Grade 7,eosy,184,184,0,FALSE
303130,EoSY,Grade 8,eosy,177,177,0,FALSE
303130,EoSY,Grade 9,eosy,133,133,0,FALSE
303136,BoSY,Grade 10,2-level,66,21,-45,TRUE
303136,BoSY,Grade 10,3-level,66,44,-22,TRUE
303136,BoSY,Grade 7,2-level,111,40,-71,TRUE
303136,BoSY,Grade 7,3-level,111,70,-41,TRUE
303136,BoSY,Grade 8,2-level,80,16,-64,TRUE
303136,BoSY,Grade 8,3-level,80,64,-16,TRUE
303136,BoSY,Grade 9,2-level,55,18,-37,TRUE
303136,BoSY,Grade 9,3-level,55,37,-18,TRUE
303136,EoSY,Grade 10,eosy,65,65,0,FALSE
303136,EoSY,Grade 7,eosy,108,108,0,FALSE
303136,EoSY,Grade 8,eosy,76,76,0,FALSE
303136,EoSY,Grade 9,eosy,49,49,0,FALSE
303170,BoSY,Grade 10,2-level,51,31,-20,TRUE
303170,BoSY,Grade 10,3-level,51,20,-31,TRUE
303170,BoSY,Grade 7,2-level,51,27,-24,TRUE
303170,BoSY,Grade 7,3-level,51,24,-27,TRUE
303170,BoSY,Grade 8,2-level,66,15,-51,TRUE
303170,BoSY,Grade 8,3-level,66,51,-15,TRUE
303170,BoSY,Grade 9,2-level,34,17,-17,TRUE
303170,BoSY,Grade 9,3-level,34,16,-18,TRUE
303170,EoSY,Grade 10,eosy,42,42,0,FALSE
303170,EoSY,Grade 7,eosy,45,45,0,FALSE
303170,EoSY,Grade 8,eosy,65,65,0,FALSE
303170,EoSY,Grade 9,eosy,31,31,0,FALSE
303186,BoSY,Grade 10,2-level,90,27,-63,TRUE
303186,BoSY,Grade 10,3-level,90,37,-53,TRUE
303186,BoSY,Grade 7,2-level,145,18,-127,TRUE
303186,BoSY,Grade 7,3-level,145,118,-27,TRUE
303186,BoSY,Grade 8,2-level,141,25,-116,TRUE
303186,BoSY,Grade 8,3-level,141,96,-45,TRUE
303186,BoSY,Grade 9,2-level,109,29,-80,TRUE
303186,BoSY,Grade 9,3-level,109,31,-78,TRUE
303186,EoSY,Grade 10,eosy,88,88,0,FALSE
303186,EoSY,Grade 7,eosy,145,145,0,FALSE
303186,EoSY,Grade 8,eosy,140,140,0,FALSE
303186,EoSY,Grade 9,eosy,110,110,0,FALSE
303219,BoSY,Grade 10,2-level,113,56,-57,TRUE
303219,BoSY,Grade 10,3-level,113,37,-76,TRUE
303219,BoSY,Grade 7,2-level,141,68,-73,TRUE
303219,BoSY,Grade 7,3-level,141,55,-86,TRUE
303219,BoSY,Grade 8,2-level,106,46,-60,TRUE
303219,BoSY,Grade 8,3-level,106,44,-62,TRUE
303219,BoSY,Grade 9,2-level,108,58,-50,TRUE
303219,BoSY,Grade 9,3-level,108,33,-75,TRUE
303219,EoSY,Grade 10,eosy,126,126,0,FALSE
303219,EoSY,Grade 7,eosy,145,145,0,FALSE
303219,EoSY,Grade 8,eosy,115,115,0,FALSE
303219,EoSY,Grade 9,eosy,125,125,0,FALSE
303246,BoSY,Grade 10,2-level,84,31,-53,TRUE
303246,BoSY,Grade 10,3-level,84,53,-31,TRUE
303246,BoSY,Grade 7,2-level,183,50,-133,TRUE
303246,BoSY,Grade 7,3-level,183,131,-52,TRUE
303246,BoSY,Grade 8,2-level,138,65,-73,TRUE
303246,BoSY,Grade 8,3-level,138,69,-69,TRUE
303246,BoSY,Grade 9,2-level,109,56,-53,TRUE
303246,BoSY,Grade 9,3-level,109,48,-61,TRUE
303246,EoSY,Grade 10,eosy,77,77,0,FALSE
303246,EoSY,Grade 7,eosy,179,179,0,FALSE
303246,EoSY,Grade 8,eosy,125,125,0,FALSE
303246,EoSY,Grade 9,eosy,101,101,0,FALSE
304409,BoSY,Grade 10,2-level,93,36,-57,TRUE
304409,BoSY,Grade 10,3-level,93,56,-37,TRUE
304409,BoSY,Grade 7,2-level,124,41,-83,TRUE
304409,BoSY,Grade 7,3-level,124,83,-41,TRUE
304409,BoSY,Grade 8,2-level,135,31,-104,TRUE
304409,BoSY,Grade 8,3-level,135,104,-31,TRUE
304409,BoSY,Grade 9,2-level,101,27,-74,TRUE
304409,BoSY,Grade 9,3-level,101,73,-28,TRUE
304409,EoSY,Grade 10,eosy,89,89,0,FALSE
304409,EoSY,Grade 7,eosy,128,128,0,FALSE
304409,EoSY,Grade 8,eosy,137,137,0,FALSE
304409,EoSY,Grade 9,eosy,109,109,0,FALSE
305288,BoSY,Grade 10,2-level,745,335,-410,TRUE
305288,BoSY,Grade 10,3-level,745,379,-366,TRUE
305288,BoSY,Grade 7,2-level,704,154,-550,TRUE
305288,BoSY,Grade 7,3-level,704,544,-160,TRUE
305288,BoSY,Grade 8,2-level,710,191,-519,TRUE
305288,BoSY,Grade 8,3-level,710,518,-192,TRUE
305288,BoSY,Grade 9,2-level,732,236,-496,TRUE
305288,BoSY,Grade 9,3-level,732,444,-288,TRUE
305288,EoSY,Grade 10,eosy,594,594,0,FALSE
305288,EoSY,Grade 7,eosy,639,639,0,FALSE
305288,EoSY,Grade 8,eosy,662,662,0,FALSE
305288,EoSY,Grade 9,eosy,536,536,0,FALSE
305295,BoSY,Grade 10,2-level,1261,213,-1048,TRUE
305295,BoSY,Grade 10,3-level,1261,188,-1073,TRUE
305295,BoSY,Grade 7,2-level,1345,450,-895,TRUE
305295,BoSY,Grade 7,3-level,1345,375,-970,TRUE
305295,BoSY,Grade 8,2-level,1171,320,-851,TRUE
305295,BoSY,Grade 8,3-level,1171,216,-955,TRUE
305295,BoSY,Grade 9,2-level,1234,315,-919,TRUE
305295,BoSY,Grade 9,3-level,1234,189,-1045,TRUE
305295,EoSY,Grade 10,eosy,367,367,0,FALSE
305295,EoSY,Grade 7,eosy,783,783,0,FALSE
305295,EoSY,Grade 8,eosy,510,510,0,FALSE
305295,EoSY,Grade 9,eosy,459,459,0,FALSE
305302,BoSY,Grade 10,2-level,1036,441,-595,TRUE
305302,BoSY,Grade 10,3-level,1036,580,-456,TRUE
305302,BoSY,Grade 7,2-level,1136,383,-753,TRUE
305302,BoSY,Grade 7,3-level,1136,741,-395,TRUE
305302,BoSY,Grade 8,2-level,1106,216,-890,TRUE
305302,BoSY,Grade 8,3-level,1106,882,-224,TRUE
305302,BoSY,Grade 9,2-level,1021,544,-477,TRUE
305302,BoSY,Grade 9,3-level,1021,461,-560,TRUE
305302,EoSY,Grade 10,eosy,998,998,0,FALSE
305302,EoSY,Grade 7,eosy,1087,1087,0,FALSE
305302,EoSY,Grade 8,eosy,1040,1040,0,FALSE
305302,EoSY,Grade 9,eosy,921,921,0,FALSE
305310,BoSY,Grade 10,2-level,291,61,-230,TRUE
305310,BoSY,Grade 10,3-level,291,17,-274,TRUE
305310,BoSY,Grade 7,2-level,304,124,-180,TRUE
305310,BoSY,Grade 7,3-level,304,132,-172,TRUE
305310,BoSY,Grade 8,2-level,319,64,-255,TRUE
305310,BoSY,Grade 8,3-level,319,46,-273,TRUE
305310,BoSY,Grade 9,2-level,299,50,-249,TRUE
305310,BoSY,Grade 9,3-level,299,28,-271,TRUE
305310,EoSY,Grade 10,eosy,78,78,0,FALSE
305310,EoSY,Grade 7,eosy,231,231,0,FALSE
305310,EoSY,Grade 8,eosy,84,84,0,FALSE
305310,EoSY,Grade 9,eosy,62,62,0,FALSE
305311,BoSY,Grade 10,2-level,325,112,-213,TRUE
305311,BoSY,Grade 10,3-level,325,210,-115,TRUE
305311,BoSY,Grade 7,2-level,288,52,-236,TRUE
305311,BoSY,Grade 7,3-level,288,235,-53,TRUE
305311,BoSY,Grade 8,2-level,293,32,-261,TRUE
305311,BoSY,Grade 8,3-level,293,261,-32,TRUE
305311,BoSY,Grade 9,2-level,266,94,-172,TRUE
305311,BoSY,Grade 9,3-level,266,168,-98,TRUE
305311,EoSY,Grade 10,eosy,311,311,0,FALSE
305311,EoSY,Grade 7,eosy,270,270,0,FALSE
305311,EoSY,Grade 8,eosy,282,282,0,FALSE
305311,EoSY,Grade 9,eosy,278,278,0,FALSE
305313,BoSY,Grade 10,2-level,529,300,-229,TRUE
305313,BoSY,Grade 10,3-level,529,89,-440,TRUE
305313,BoSY,Grade 7,2-level,653,371,-282,TRUE
305313,BoSY,Grade 7,3-level,653,162,-491,TRUE
305313,BoSY,Grade 8,2-level,597,264,-333,TRUE
305313,BoSY,Grade 8,3-level,597,184,-413,TRUE
305313,BoSY,Grade 9,2-level,497,277,-220,TRUE
305313,BoSY,Grade 9,3-level,497,122,-375,TRUE
305313,EoSY,Grade 10,eosy,310,310,0,FALSE
305313,EoSY,Grade 7,eosy,405,405,0,FALSE
305313,EoSY,Grade 8,eosy,363,363,0,FALSE
305313,EoSY,Grade 9,eosy,278,278,0,FALSE
305324,BoSY,Grade 10,2-level,298,78,-220,TRUE
305324,BoSY,Grade 10,3-level,298,22,-276,TRUE
305324,BoSY,Grade 7,2-level,270,99,-171,TRUE
305324,BoSY,Grade 7,3-level,270,152,-118,TRUE
305324,BoSY,Grade 8,2-level,310,91,-219,TRUE
305324,BoSY,Grade 8,3-level,310,106,-204,TRUE
305324,BoSY,Grade 9,2-level,292,104,-188,TRUE
305324,BoSY,Grade 9,3-level,292,52,-240,TRUE
305324,EoSY,Grade 10,eosy,69,69,0,FALSE
305324,EoSY,Grade 7,eosy,95,95,0,FALSE
305324,EoSY,Grade 8,eosy,86,86,0,FALSE
305324,EoSY,Grade 9,eosy,95,95,0,FALSE
305334,BoSY,Grade 10,2-level,648,57,-591,TRUE
305334,BoSY,Grade 10,3-level,648,45,-603,TRUE
305334,BoSY,Grade 7,2-level,605,74,-531,TRUE
305334,BoSY,Grade 7,3-level,605,142,-463,TRUE
305334,BoSY,Grade 8,2-level,661,177,-484,TRUE
305334,BoSY,Grade 8,3-level,661,129,-532,TRUE
305334,BoSY,Grade 9,2-level,569,225,-344,TRUE
305334,BoSY,Grade 9,3-level,569,90,-479,TRUE
305334,EoSY,Grade 10,eosy,92,92,0,FALSE
305334,EoSY,Grade 7,eosy,253,253,0,FALSE
305334,EoSY,Grade 8,eosy,273,273,0,FALSE
305334,EoSY,Grade 9,eosy,296,296,0,FALSE
305337,BoSY,Grade 10,2-level,1990,614,-1376,TRUE
305337,BoSY,Grade 10,3-level,1990,1185,-805,TRUE
305337,BoSY,Grade 7,2-level,2523,1633,-890,TRUE
305337,BoSY,Grade 7,3-level,2523,861,-1662,TRUE
305337,BoSY,Grade 8,2-level,2234,428,-1806,TRUE
305337,BoSY,Grade 8,3-level,2234,1680,-554,TRUE
305337,BoSY,Grade 9,2-level,1923,629,-1294,TRUE
305337,BoSY,Grade 9,3-level,1923,980,-943,TRUE
305337,EoSY,Grade 10,eosy,1993,1993,0,FALSE
305337,EoSY,Grade 7,eosy,2523,2523,0,FALSE
305337,EoSY,Grade 8,eosy,2234,2234,0,FALSE
305337,EoSY,Grade 9,eosy,1923,1923,0,FALSE
305338,BoSY,Grade 10,2-level,748,342,-406,TRUE
305338,BoSY,Grade 10,3-level,748,395,-353,TRUE
305338,BoSY,Grade 7,2-level,856,338,-518,TRUE
305338,BoSY,Grade 7,3-level,856,511,-345,TRUE
305338,BoSY,Grade 8,2-level,796,199,-597,TRUE
305338,BoSY,Grade 8,3-level,796,596,-200,TRUE
305338,BoSY,Grade 9,2-level,651,417,-234,TRUE
305338,BoSY,Grade 9,3-level,651,215,-436,TRUE
305338,EoSY,Grade 10,eosy,732,732,0,FALSE
305338,EoSY,Grade 7,eosy,860,860,0,FALSE
305338,EoSY,Grade 8,eosy,799,799,0,FALSE
305338,EoSY,Grade 9,eosy,628,628,0,FALSE
305340,BoSY,Grade 10,2-level,1369,724,-645,TRUE
305340,BoSY,Grade 10,3-level,1369,422,-947,TRUE
305340,BoSY,Grade 7,2-level,1372,681,-691,TRUE
305340,BoSY,Grade 7,3-level,1372,577,-795,TRUE
305340,BoSY,Grade 8,2-level,1208,636,-572,TRUE
305340,BoSY,Grade 8,3-level,1208,426,-782,TRUE
305340,BoSY,Grade 9,2-level,1128,437,-691,TRUE
305340,BoSY,Grade 9,3-level,1128,492,-636,TRUE
305340,EoSY,Grade 10,eosy,1146,1146,0,FALSE
305340,EoSY,Grade 7,eosy,1258,1258,0,FALSE
305340,EoSY,Grade 8,eosy,1062,1062,0,FALSE
305340,EoSY,Grade 9,eosy,929,929,0,FALSE
305341,BoSY,Grade 10,2-level,1599,628,-971,TRUE
305341,BoSY,Grade 10,3-level,1599,540,-1059,TRUE
305341,BoSY,Grade 7,2-level,1278,420,-858,TRUE
305341,BoSY,Grade 7,3-level,1278,631,-647,TRUE
305341,BoSY,Grade 8,2-level,1319,483,-836,TRUE
305341,BoSY,Grade 8,3-level,1319,751,-568,TRUE
305341,BoSY,Grade 9,2-level,862,515,-347,TRUE
305341,BoSY,Grade 9,3-level,862,289,-573,TRUE
305341,EoSY,Grade 10,eosy,1311,1311,0,FALSE
305341,EoSY,Grade 7,eosy,1289,1289,0,FALSE
305341,EoSY,Grade 8,eosy,1307,1307,0,FALSE
305341,EoSY,Grade 9,eosy,1266,1266,0,FALSE
305353,BoSY,Grade 10,2-level,505,316,-189,TRUE
305353,BoSY,Grade 10,3-level,505,145,-360,TRUE
305353,BoSY,Grade 7,2-level,394,175,-219,TRUE
305353,BoSY,Grade 7,3-level,394,213,-181,TRUE
305353,BoSY,Grade 8,2-level,477,145,-332,TRUE
305353,BoSY,Grade 8,3-level,477,329,-148,TRUE
305353,BoSY,Grade 9,2-level,397,198,-199,TRUE
305353,BoSY,Grade 9,3-level,397,190,-207,TRUE
305353,EoSY,Grade 10,eosy,501,501,0,FALSE
305353,EoSY,Grade 7,eosy,407,407,0,FALSE
305353,EoSY,Grade 8,eosy,476,476,0,FALSE
305353,EoSY,Grade 9,eosy,377,377,0,FALSE
305367,BoSY,Grade 10,2-level,936,736,-200,TRUE
305367,BoSY,Grade 10,3-level,936,195,-741,TRUE
305367,BoSY,Grade 7,2-level,1192,407,-785,TRUE
305367,BoSY,Grade 7,3-level,1192,780,-412,TRUE
305367,BoSY,Grade 8,2-level,1054,836,-218,TRUE
305367,BoSY,Grade 8,3-level,1054,200,-854,TRUE
305367,BoSY,Grade 9,2-level,901,473,-428,TRUE
305367,BoSY,Grade 9,3-level,901,352,-549,TRUE
305367,EoSY,Grade 10,eosy,863,863,0,FALSE
305367,EoSY,Grade 7,eosy,1074,1074,0,FALSE
305367,EoSY,Grade 8,eosy,986,986,0,FALSE
305367,EoSY,Grade 9,eosy,743,743,0,FALSE
305376,BoSY,Grade 10,2-level,789,215,-574,TRUE
305376,BoSY,Grade 10,3-level,789,156,-633,TRUE
305376,BoSY,Grade 7,2-level,890,241,-649,TRUE
305376,BoSY,Grade 7,3-level,890,185,-705,TRUE
305376,BoSY,Grade 8,2-level,839,252,-587,TRUE
305376,BoSY,Grade 8,3-level,839,167,-672,TRUE
305376,BoSY,Grade 9,2-level,775,197,-578,TRUE
305376,BoSY,Grade 9,3-level,775,170,-605,TRUE
305376,EoSY,Grade 10,eosy,371,371,0,FALSE
305376,EoSY,Grade 7,eosy,438,438,0,FALSE
305376,EoSY,Grade 8,eosy,489,489,0,FALSE
305376,EoSY,Grade 9,eosy,374,374,0,FALSE
305384,BoSY,Grade 10,2-level,451,173,-278,TRUE
305384,BoSY,Grade 10,3-level,451,150,-301,TRUE
305384,BoSY,Grade 7,2-level,490,103,-387,TRUE
305384,BoSY,Grade 7,3-level,490,309,-181,TRUE
305384,BoSY,Grade 8,2-level,518,143,-375,TRUE
305384,BoSY,Grade 8,3-level,518,329,-189,TRUE
305384,BoSY,Grade 9,2-level,418,131,-287,TRUE
305384,BoSY,Grade 9,3-level,418,164,-254,TRUE
305384,EoSY,Grade 10,eosy,150,150,0,FALSE
305384,EoSY,Grade 7,eosy,313,313,0,FALSE
305384,EoSY,Grade 8,eosy,328,328,0,FALSE
305384,EoSY,Grade 9,eosy,164,164,0,FALSE
305411,BoSY,Grade 10,2-level,1030,257,-773,TRUE
305411,BoSY,Grade 10,3-level,1030,255,-775,TRUE
305411,BoSY,Grade 7,2-level,693,188,-505,TRUE
305411,BoSY,Grade 7,3-level,693,230,-463,TRUE
305411,BoSY,Grade 8,2-level,810,212,-598,TRUE
305411,BoSY,Grade 8,3-level,810,252,-558,TRUE
305411,BoSY,Grade 9,2-level,844,229,-615,TRUE
305411,BoSY,Grade 9,3-level,844,303,-541,TRUE
305411,EoSY,Grade 10,eosy,1041,1041,0,FALSE
305411,EoSY,Grade 7,eosy,670,670,0,FALSE
305411,EoSY,Grade 8,eosy,782,782,0,FALSE
305411,EoSY,Grade 9,eosy,814,814,0,FALSE
305412,BoSY,Grade 10,2-level,933,668,-265,TRUE
305412,BoSY,Grade 10,3-level,933,224,-709,TRUE
305412,BoSY,Grade 7,2-level,1188,733,-455,TRUE
305412,BoSY,Grade 7,3-level,1188,393,-795,TRUE
305412,BoSY,Grade 8,2-level,1160,617,-543,TRUE
305412,BoSY,Grade 8,3-level,1160,469,-691,TRUE
305412,BoSY,Grade 9,2-level,991,715,-276,TRUE
305412,BoSY,Grade 9,3-level,991,172,-819,TRUE
305412,EoSY,Grade 10,eosy,920,920,0,FALSE
305412,EoSY,Grade 7,eosy,1128,1128,0,FALSE
305412,EoSY,Grade 8,eosy,1157,1157,0,FALSE
305412,EoSY,Grade 9,eosy,941,941,0,FALSE
305416,BoSY,Grade 10,2-level,900,416,-484,TRUE
305416,BoSY,Grade 10,3-level,900,360,-540,TRUE
305416,BoSY,Grade 7,2-level,1038,373,-665,TRUE
305416,BoSY,Grade 7,3-level,1038,453,-585,TRUE
305416,BoSY,Grade 8,2-level,971,241,-730,TRUE
305416,BoSY,Grade 8,3-level,971,574,-397,TRUE
305416,BoSY,Grade 9,2-level,838,439,-399,TRUE
305416,BoSY,Grade 9,3-level,838,310,-528,TRUE
305416,EoSY,Grade 10,eosy,720,720,0,FALSE
305416,EoSY,Grade 7,eosy,757,757,0,FALSE
305416,EoSY,Grade 8,eosy,791,791,0,FALSE
305416,EoSY,Grade 9,eosy,726,726,0,FALSE
305418,BoSY,Grade 10,2-level,861,529,-332,TRUE
305418,BoSY,Grade 10,3-level,861,209,-652,TRUE
305418,BoSY,Grade 7,2-level,1277,597,-680,TRUE
305418,BoSY,Grade 7,3-level,1277,661,-616,TRUE
305418,BoSY,Grade 8,2-level,908,410,-498,TRUE
305418,BoSY,Grade 8,3-level,908,491,-417,TRUE
305418,BoSY,Grade 9,2-level,966,504,-462,TRUE
305418,BoSY,Grade 9,3-level,966,385,-581,TRUE
305418,EoSY,Grade 10,eosy,686,686,0,FALSE
305418,EoSY,Grade 7,eosy,1189,1189,0,FALSE
305418,EoSY,Grade 8,eosy,1053,1053,0,FALSE
305418,EoSY,Grade 9,eosy,818,818,0,FALSE
305420,BoSY,Grade 10,2-level,1270,687,-583,TRUE
305420,BoSY,Grade 10,3-level,1270,508,-762,TRUE
305420,BoSY,Grade 7,2-level,1407,438,-969,TRUE
305420,BoSY,Grade 7,3-level,1407,964,-443,TRUE
305420,BoSY,Grade 8,2-level,1398,477,-921,TRUE
305420,BoSY,Grade 8,3-level,1398,916,-482,TRUE
305420,BoSY,Grade 9,2-level,1126,622,-504,TRUE
305420,BoSY,Grade 9,3-level,1126,441,-685,TRUE
305420,EoSY,Grade 10,eosy,1142,1142,0,FALSE
305420,EoSY,Grade 7,eosy,1356,1356,0,FALSE
305420,EoSY,Grade 8,eosy,1345,1345,0,FALSE
305420,EoSY,Grade 9,eosy,974,974,0,FALSE
305428,BoSY,Grade 10,2-level,376,164,-212,TRUE
305428,BoSY,Grade 10,3-level,376,94,-282,TRUE
305428,BoSY,Grade 7,2-level,412,158,-254,TRUE
305428,BoSY,Grade 7,3-level,412,167,-245,TRUE
305428,BoSY,Grade 8,2-level,422,239,-183,TRUE
305428,BoSY,Grade 8,3-level,422,173,-249,TRUE
305428,BoSY,Grade 9,2-level,341,259,-82,TRUE
305428,BoSY,Grade 9,3-level,341,66,-275,TRUE
305428,EoSY,Grade 10,eosy,356,356,0,FALSE
305428,EoSY,Grade 7,eosy,351,351,0,FALSE
305428,EoSY,Grade 8,eosy,415,415,0,FALSE
305428,EoSY,Grade 9,eosy,329,329,0,FALSE
305434,BoSY,Grade 10,2-level,789,316,-473,TRUE
305434,BoSY,Grade 10,3-level,789,233,-556,TRUE
305434,BoSY,Grade 7,2-level,967,361,-606,TRUE
305434,BoSY,Grade 7,3-level,967,293,-674,TRUE
305434,BoSY,Grade 8,2-level,837,132,-705,TRUE
305434,BoSY,Grade 8,3-level,837,240,-597,TRUE
305434,BoSY,Grade 9,2-level,690,155,-535,TRUE
305434,BoSY,Grade 9,3-level,690,237,-453,TRUE
305434,EoSY,Grade 10,eosy,505,505,0,FALSE
305434,EoSY,Grade 7,eosy,606,606,0,FALSE
305434,EoSY,Grade 8,eosy,295,295,0,FALSE
305434,EoSY,Grade 9,eosy,362,362,0,FALSE
305435,BoSY,Grade 10,2-level,423,143,-280,TRUE
305435,BoSY,Grade 10,3-level,423,263,-160,TRUE
305435,BoSY,Grade 7,2-level,474,161,-313,TRUE
305435,BoSY,Grade 7,3-level,474,305,-169,TRUE
305435,BoSY,Grade 8,2-level,439,147,-292,TRUE
305435,BoSY,Grade 8,3-level,439,292,-147,TRUE
305435,BoSY,Grade 9,2-level,364,173,-191,TRUE
305435,BoSY,Grade 9,3-level,364,165,-199,TRUE
305435,EoSY,Grade 10,eosy,237,237,0,FALSE
305435,EoSY,Grade 7,eosy,127,127,0,FALSE
305435,EoSY,Grade 8,eosy,186,186,0,FALSE
305435,EoSY,Grade 9,eosy,179,179,0,FALSE
305438,BoSY,Grade 10,2-level,897,487,-410,TRUE
305438,BoSY,Grade 10,3-level,897,386,-511,TRUE
305438,BoSY,Grade 7,2-level,908,424,-484,TRUE
305438,BoSY,Grade 7,3-level,908,467,-441,TRUE
305438,BoSY,Grade 8,2-level,834,276,-558,TRUE
305438,BoSY,Grade 8,3-level,834,550,-284,TRUE
305438,BoSY,Grade 9,2-level,847,519,-328,TRUE
305438,BoSY,Grade 9,3-level,847,286,-561,TRUE
305438,EoSY,Grade 10,eosy,866,866,0,FALSE
305438,EoSY,Grade 7,eosy,847,847,0,FALSE
305438,EoSY,Grade 8,eosy,799,799,0,FALSE
305438,EoSY,Grade 9,eosy,763,763,0,FALSE
305442,BoSY,Grade 10,2-level,270,137,-133,TRUE
305442,BoSY,Grade 10,3-level,270,133,-137,TRUE
305442,BoSY,Grade 7,2-level,270,114,-156,TRUE
305442,BoSY,Grade 7,3-level,270,154,-116,TRUE
305442,BoSY,Grade 8,2-level,277,130,-147,TRUE
305442,BoSY,Grade 8,3-level,277,147,-130,TRUE
305442,BoSY,Grade 9,2-level,275,128,-147,TRUE
305442,BoSY,Grade 9,3-level,275,146,-129,TRUE
305442,EoSY,Grade 10,eosy,243,243,0,FALSE
305442,EoSY,Grade 7,eosy,249,249,0,FALSE
305442,EoSY,Grade 8,eosy,239,239,0,FALSE
305442,EoSY,Grade 9,eosy,232,232,0,FALSE
305444,BoSY,Grade 10,2-level,352,171,-181,TRUE
305444,BoSY,Grade 10,3-level,352,175,-177,TRUE
305444,BoSY,Grade 7,2-level,463,220,-243,TRUE
305444,BoSY,Grade 7,3-level,463,168,-295,TRUE
305444,BoSY,Grade 8,2-level,373,169,-204,TRUE
305444,BoSY,Grade 8,3-level,373,158,-215,TRUE
305444,BoSY,Grade 9,2-level,293,154,-139,TRUE
305444,BoSY,Grade 9,3-level,293,134,-159,TRUE
305444,EoSY,Grade 10,eosy,106,106,0,FALSE
305444,EoSY,Grade 7,eosy,145,145,0,FALSE
305444,EoSY,Grade 8,eosy,132,132,0,FALSE
305444,EoSY,Grade 9,eosy,111,111,0,FALSE
305447,BoSY,Grade 10,2-level,566,89,-477,TRUE
305447,BoSY,Grade 10,3-level,566,6,-560,TRUE
305447,BoSY,Grade 7,2-level,764,96,-668,TRUE
305447,BoSY,Grade 7,3-level,764,10,-754,TRUE
305447,BoSY,Grade 8,2-level,621,157,-464,TRUE
305447,BoSY,Grade 8,3-level,621,26,-595,TRUE
305447,BoSY,Grade 9,2-level,575,22,-553,TRUE
305447,BoSY,Grade 9,3-level,575,0,-575,TRUE
305447,EoSY,Grade 10,eosy,95,95,0,FALSE
305447,EoSY,Grade 7,eosy,106,106,0,FALSE
305447,EoSY,Grade 8,eosy,183,183,0,FALSE
305447,EoSY,Grade 9,eosy,22,22,0,FALSE
305450,BoSY,Grade 10,2-level,368,175,-193,TRUE
305450,BoSY,Grade 10,3-level,368,191,-177,TRUE
305450,BoSY,Grade 7,2-level,482,231,-251,TRUE
305450,BoSY,Grade 7,3-level,482,246,-236,TRUE
305450,BoSY,Grade 8,2-level,488,233,-255,TRUE
305450,BoSY,Grade 8,3-level,488,252,-236,TRUE
305450,BoSY,Grade 9,2-level,365,167,-198,TRUE
305450,BoSY,Grade 9,3-level,365,186,-179,TRUE
305450,EoSY,Grade 10,eosy,368,368,0,FALSE
305450,EoSY,Grade 7,eosy,482,482,0,FALSE
305450,EoSY,Grade 8,eosy,488,488,0,FALSE
305450,EoSY,Grade 9,eosy,365,365,0,FALSE
305452,BoSY,Grade 10,2-level,640,215,-425,TRUE
305452,BoSY,Grade 10,3-level,640,189,-451,TRUE
305452,BoSY,Grade 7,2-level,693,218,-475,TRUE
305452,BoSY,Grade 7,3-level,693,327,-366,TRUE
305452,BoSY,Grade 8,2-level,625,225,-400,TRUE
305452,BoSY,Grade 8,3-level,625,249,-376,TRUE
305452,BoSY,Grade 9,2-level,590,207,-383,TRUE
305452,BoSY,Grade 9,3-level,590,185,-405,TRUE
305452,EoSY,Grade 10,eosy,384,384,0,FALSE
305452,EoSY,Grade 7,eosy,617,617,0,FALSE
305452,EoSY,Grade 8,eosy,517,517,0,FALSE
305452,EoSY,Grade 9,eosy,398,398,0,FALSE
305453,BoSY,Grade 10,2-level,701,121,-580,TRUE
305453,BoSY,Grade 10,3-level,701,40,-661,TRUE
305453,BoSY,Grade 7,2-level,891,180,-711,TRUE
305453,BoSY,Grade 7,3-level,891,55,-836,TRUE
305453,BoSY,Grade 8,2-level,1002,692,-310,TRUE
305453,BoSY,Grade 8,3-level,1002,83,-919,TRUE
305453,BoSY,Grade 9,2-level,710,482,-228,TRUE
305453,BoSY,Grade 9,3-level,710,62,-648,TRUE
305453,EoSY,Grade 10,eosy,160,160,0,FALSE
305453,EoSY,Grade 7,eosy,269,269,0,FALSE
305453,EoSY,Grade 8,eosy,789,789,0,FALSE
305453,EoSY,Grade 9,eosy,606,606,0,FALSE
305454,BoSY,Grade 10,2-level,128,64,-64,TRUE
305454,BoSY,Grade 10,3-level,128,64,-64,TRUE
305454,BoSY,Grade 7,2-level,139,32,-107,TRUE
305454,BoSY,Grade 7,3-level,139,106,-33,TRUE
305454,BoSY,Grade 8,2-level,179,112,-67,TRUE
305454,BoSY,Grade 8,3-level,179,67,-112,TRUE
305454,BoSY,Grade 9,2-level,120,37,-83,TRUE
305454,BoSY,Grade 9,3-level,120,83,-37,TRUE
305454,EoSY,Grade 10,eosy,125,125,0,FALSE
305454,EoSY,Grade 7,eosy,138,138,0,FALSE
305454,EoSY,Grade 8,eosy,163,163,0,FALSE
305454,EoSY,Grade 9,eosy,116,116,0,FALSE
305459,BoSY,Grade 10,2-level,1001,537,-464,TRUE
305459,BoSY,Grade 10,3-level,1001,342,-659,TRUE
305459,BoSY,Grade 7,2-level,960,279,-681,TRUE
305459,BoSY,Grade 7,3-level,960,668,-292,TRUE
305459,BoSY,Grade 8,2-level,918,271,-647,TRUE
305459,BoSY,Grade 8,3-level,918,623,-295,TRUE
305459,BoSY,Grade 9,2-level,779,473,-306,TRUE
305459,BoSY,Grade 9,3-level,779,288,-491,TRUE
305459,EoSY,Grade 10,eosy,74,74,0,FALSE
305459,EoSY,Grade 7,eosy,212,212,0,FALSE
305459,EoSY,Grade 8,eosy,167,167,0,FALSE
305459,EoSY,Grade 9,eosy,83,83,0,FALSE
305461,BoSY,Grade 10,2-level,261,247,-14,TRUE
305461,BoSY,Grade 10,3-level,261,0,-261,TRUE
305461,BoSY,Grade 7,2-level,327,319,-8,TRUE
305461,BoSY,Grade 7,3-level,327,0,-327,TRUE
305461,BoSY,Grade 8,2-level,426,424,-2,TRUE
305461,BoSY,Grade 8,3-level,426,0,-426,TRUE
305461,BoSY,Grade 9,2-level,280,265,-15,TRUE
305461,BoSY,Grade 9,3-level,280,0,-280,TRUE
305461,EoSY,Grade 10,eosy,247,247,0,FALSE
305461,EoSY,Grade 7,eosy,319,319,0,FALSE
305461,EoSY,Grade 8,eosy,424,424,0,FALSE
305461,EoSY,Grade 9,eosy,265,265,0,FALSE
305465,BoSY,Grade 10,2-level,844,181,-663,TRUE
305465,BoSY,Grade 10,3-level,844,111,-733,TRUE
305465,BoSY,Grade 7,2-level,813,257,-556,TRUE
305465,BoSY,Grade 7,3-level,813,495,-318,TRUE
305465,BoSY,Grade 8,2-level,978,249,-729,TRUE
305465,BoSY,Grade 8,3-level,978,590,-388,TRUE
305465,BoSY,Grade 9,2-level,780,199,-581,TRUE
305465,BoSY,Grade 9,3-level,780,204,-576,TRUE
305465,EoSY,Grade 10,eosy,229,229,0,FALSE
305465,EoSY,Grade 7,eosy,738,738,0,FALSE
305465,EoSY,Grade 8,eosy,780,780,0,FALSE
305465,EoSY,Grade 9,eosy,361,361,0,FALSE
305471,BoSY,Grade 10,2-level,482,133,-349,TRUE
305471,BoSY,Grade 10,3-level,482,65,-417,TRUE
305471,BoSY,Grade 7,2-level,1010,226,-784,TRUE
305471,BoSY,Grade 7,3-level,1010,150,-860,TRUE
305471,BoSY,Grade 8,2-level,802,146,-656,TRUE
305471,BoSY,Grade 8,3-level,802,151,-651,TRUE
305471,BoSY,Grade 9,2-level,656,347,-309,TRUE
305471,BoSY,Grade 9,3-level,656,79,-577,TRUE
305471,EoSY,Grade 10,eosy,232,232,0,FALSE
305471,EoSY,Grade 7,eosy,376,376,0,FALSE
305471,EoSY,Grade 8,eosy,297,297,0,FALSE
305471,EoSY,Grade 9,eosy,337,337,0,FALSE
305498,BoSY,Grade 10,2-level,52,3,-49,TRUE
305498,BoSY,Grade 10,3-level,52,49,-3,TRUE
305498,BoSY,Grade 7,2-level,75,2,-73,TRUE
305498,BoSY,Grade 7,3-level,75,73,-2,TRUE
305498,BoSY,Grade 8,2-level,76,11,-65,TRUE
305498,BoSY,Grade 8,3-level,76,65,-11,TRUE
305498,BoSY,Grade 9,2-level,52,7,-45,TRUE
305498,BoSY,Grade 9,3-level,52,42,-10,TRUE
305498,EoSY,Grade 10,eosy,53,53,0,FALSE
305498,EoSY,Grade 7,eosy,80,80,0,FALSE
305498,EoSY,Grade 8,eosy,83,83,0,FALSE
305498,EoSY,Grade 9,eosy,51,51,0,FALSE
305500,BoSY,Grade 10,2-level,29,7,-22,TRUE
305500,BoSY,Grade 10,3-level,29,22,-7,TRUE
305500,BoSY,Grade 7,2-level,36,3,-33,TRUE
305500,BoSY,Grade 7,3-level,36,33,-3,TRUE
305500,BoSY,Grade 8,2-level,34,2,-32,TRUE
305500,BoSY,Grade 8,3-level,34,32,-2,TRUE
305500,BoSY,Grade 9,2-level,20,8,-12,TRUE
305500,BoSY,Grade 9,3-level,20,12,-8,TRUE
305500,EoSY,Grade 10,eosy,29,29,0,FALSE
305500,EoSY,Grade 7,eosy,36,36,0,FALSE
305500,EoSY,Grade 8,eosy,35,35,0,FALSE
305500,EoSY,Grade 9,eosy,23,23,0,FALSE
305506,BoSY,Grade 10,2-level,11,5,-6,TRUE
305506,BoSY,Grade 10,3-level,11,6,-5,TRUE
305506,BoSY,Grade 7,2-level,22,14,-8,TRUE
305506,BoSY,Grade 7,3-level,22,8,-14,TRUE
305506,BoSY,Grade 8,2-level,21,10,-11,TRUE
305506,BoSY,Grade 8,3-level,21,11,-10,TRUE
305506,BoSY,Grade 9,2-level,16,9,-7,TRUE
305506,BoSY,Grade 9,3-level,16,7,-9,TRUE
305506,EoSY,Grade 10,eosy,9,9,0,FALSE
305506,EoSY,Grade 7,eosy,20,20,0,FALSE
305506,EoSY,Grade 8,eosy,19,19,0,FALSE
305506,EoSY,Grade 9,eosy,13,13,0,FALSE
305517,BoSY,Grade 10,2-level,35,12,-23,TRUE
305517,BoSY,Grade 10,3-level,35,23,-12,TRUE
305517,BoSY,Grade 7,2-level,53,13,-40,TRUE
305517,BoSY,Grade 7,3-level,53,39,-14,TRUE
305517,BoSY,Grade 8,2-level,51,8,-43,TRUE
305517,BoSY,Grade 8,3-level,51,42,-9,TRUE
305517,BoSY,Grade 9,2-level,41,19,-22,TRUE
305517,BoSY,Grade 9,3-level,41,22,-19,TRUE
305517,EoSY,Grade 10,eosy,34,34,0,FALSE
305517,EoSY,Grade 7,eosy,44,44,0,FALSE
305517,EoSY,Grade 8,eosy,46,46,0,FALSE
305517,EoSY,Grade 9,eosy,41,41,0,FALSE
305568,BoSY,Grade 10,2-level,395,203,-192,TRUE
305568,BoSY,Grade 10,3-level,395,184,-211,TRUE
305568,BoSY,Grade 7,2-level,469,230,-239,TRUE
305568,BoSY,Grade 7,3-level,469,227,-242,TRUE
305568,BoSY,Grade 8,2-level,378,165,-213,TRUE
305568,BoSY,Grade 8,3-level,378,213,-165,TRUE
305568,BoSY,Grade 9,2-level,289,184,-105,TRUE
305568,BoSY,Grade 9,3-level,289,99,-190,TRUE
305568,EoSY,Grade 10,eosy,399,399,0,FALSE
305568,EoSY,Grade 7,eosy,467,467,0,FALSE
305568,EoSY,Grade 8,eosy,403,403,0,FALSE
305568,EoSY,Grade 9,eosy,315,315,0,FALSE
305581,BoSY,Grade 10,2-level,41,1,-40,TRUE
305581,BoSY,Grade 10,3-level,41,40,-1,TRUE
305581,BoSY,Grade 7,2-level,46,11,-35,TRUE
305581,BoSY,Grade 7,3-level,46,33,-13,TRUE
305581,BoSY,Grade 8,2-level,46,5,-41,TRUE
305581,BoSY,Grade 8,3-level,46,41,-5,TRUE
305581,BoSY,Grade 9,2-level,31,0,-31,TRUE
305581,BoSY,Grade 9,3-level,31,31,0,FALSE
305581,EoSY,Grade 10,eosy,40,40,0,FALSE
305581,EoSY,Grade 7,eosy,47,47,0,FALSE
305581,EoSY,Grade 8,eosy,45,45,0,FALSE
305581,EoSY,Grade 9,eosy,28,28,0,FALSE
305635,BoSY,Grade 10,2-level,411,232,-179,TRUE
305635,BoSY,Grade 10,3-level,411,53,-358,TRUE
305635,BoSY,Grade 7,2-level,515,294,-221,TRUE
305635,BoSY,Grade 7,3-level,515,125,-390,TRUE
305635,BoSY,Grade 8,2-level,462,272,-190,TRUE
305635,BoSY,Grade 8,3-level,462,87,-375,TRUE
305635,BoSY,Grade 9,2-level,385,221,-164,TRUE
305635,BoSY,Grade 9,3-level,385,76,-309,TRUE
305635,EoSY,Grade 10,eosy,399,399,0,FALSE
305635,EoSY,Grade 7,eosy,523,523,0,FALSE
305635,EoSY,Grade 8,eosy,469,469,0,FALSE
305635,EoSY,Grade 9,eosy,390,390,0,FALSE
305651,BoSY,Grade 10,2-level,28,3,-25,TRUE
305651,BoSY,Grade 10,3-level,28,25,-3,TRUE
305651,BoSY,Grade 7,2-level,35,8,-27,TRUE
305651,BoSY,Grade 7,3-level,35,27,-8,TRUE
305651,BoSY,Grade 8,2-level,35,2,-33,TRUE
305651,BoSY,Grade 8,3-level,35,33,-2,TRUE
305651,BoSY,Grade 9,2-level,29,6,-23,TRUE
305651,BoSY,Grade 9,3-level,29,23,-6,TRUE
305651,EoSY,Grade 10,eosy,28,28,0,FALSE
305651,EoSY,Grade 7,eosy,35,35,0,FALSE
305651,EoSY,Grade 8,eosy,34,34,0,FALSE
305651,EoSY,Grade 9,eosy,27,27,0,FALSE
305655,BoSY,Grade 10,2-level,25,12,-13,TRUE
305655,BoSY,Grade 10,3-level,25,9,-16,TRUE
305655,BoSY,Grade 7,2-level,27,13,-14,TRUE
305655,BoSY,Grade 7,3-level,27,13,-14,TRUE
305655,BoSY,Grade 8,2-level,28,14,-14,TRUE
305655,BoSY,Grade 8,3-level,28,12,-16,TRUE
305655,BoSY,Grade 9,2-level,20,10,-10,TRUE
305655,BoSY,Grade 9,3-level,20,8,-12,TRUE
305655,EoSY,Grade 10,eosy,26,26,0,FALSE
305655,EoSY,Grade 7,eosy,26,26,0,FALSE
305655,EoSY,Grade 8,eosy,25,25,0,FALSE
305655,EoSY,Grade 9,eosy,16,16,0,FALSE
305660,BoSY,Grade 10,2-level,33,7,-26,TRUE
305660,BoSY,Grade 10,3-level,33,26,-7,TRUE
305660,BoSY,Grade 7,2-level,45,12,-33,TRUE
305660,BoSY,Grade 7,3-level,45,33,-12,TRUE
305660,BoSY,Grade 8,2-level,41,7,-34,TRUE
305660,BoSY,Grade 8,3-level,41,34,-7,TRUE
305660,BoSY,Grade 9,2-level,43,15,-28,TRUE
305660,BoSY,Grade 9,3-level,43,28,-15,TRUE
305660,EoSY,Grade 10,eosy,33,33,0,FALSE
305660,EoSY,Grade 7,eosy,45,45,0,FALSE
305660,EoSY,Grade 8,eosy,39,39,0,FALSE
305660,EoSY,Grade 9,eosy,38,38,0,FALSE
305662,BoSY,Grade 10,2-level,25,7,-18,TRUE
305662,BoSY,Grade 10,3-level,25,17,-8,TRUE
305662,BoSY,Grade 7,2-level,52,22,-30,TRUE
305662,BoSY,Grade 7,3-level,52,28,-24,TRUE
305662,BoSY,Grade 8,2-level,43,12,-31,TRUE
305662,BoSY,Grade 8,3-level,43,30,-13,TRUE
305662,BoSY,Grade 9,2-level,38,10,-28,TRUE
305662,BoSY,Grade 9,3-level,38,27,-11,TRUE
305662,EoSY,Grade 10,eosy,24,24,0,FALSE
305662,EoSY,Grade 7,eosy,50,50,0,FALSE
305662,EoSY,Grade 8,eosy,41,41,0,FALSE
305662,EoSY,Grade 9,eosy,36,36,0,FALSE
305665,BoSY,Grade 10,2-level,15,0,-15,TRUE
305665,BoSY,Grade 10,3-level,15,12,-3,TRUE
305665,BoSY,Grade 7,2-level,25,0,-25,TRUE
305665,BoSY,Grade 7,3-level,25,21,-4,TRUE
305665,BoSY,Grade 8,2-level,16,0,-16,TRUE
305665,BoSY,Grade 8,3-level,16,11,-5,TRUE
305665,BoSY,Grade 9,2-level,15,1,-14,TRUE
305665,BoSY,Grade 9,3-level,15,10,-5,TRUE
305665,EoSY,Grade 10,eosy,16,16,0,FALSE
305665,EoSY,Grade 7,eosy,28,28,0,FALSE
305665,EoSY,Grade 8,eosy,16,16,0,FALSE
305665,EoSY,Grade 9,eosy,13,13,0,FALSE
305669,BoSY,Grade 10,2-level,38,12,-26,TRUE
305669,BoSY,Grade 10,3-level,38,26,-12,TRUE
305669,BoSY,Grade 7,2-level,39,4,-35,TRUE
305669,BoSY,Grade 7,3-level,39,35,-4,TRUE
305669,BoSY,Grade 8,2-level,31,3,-28,TRUE
305669,BoSY,Grade 8,3-level,31,28,-3,TRUE
305669,BoSY,Grade 9,2-level,21,11,-10,TRUE
305669,BoSY,Grade 9,3-level,21,10,-11,TRUE
305669,EoSY,Grade 10,eosy,39,39,0,FALSE
305669,EoSY,Grade 7,eosy,39,39,0,FALSE
305669,EoSY,Grade 8,eosy,31,31,0,FALSE
305669,EoSY,Grade 9,eosy,21,21,0,FALSE
305677,BoSY,Grade 10,2-level,32,17,-15,TRUE
305677,BoSY,Grade 10,3-level,32,15,-17,TRUE
305677,BoSY,Grade 7,2-level,59,7,-52,TRUE
305677,BoSY,Grade 7,3-level,59,52,-7,TRUE
305677,BoSY,Grade 8,2-level,49,1,-48,TRUE
305677,BoSY,Grade 8,3-level,49,48,-1,TRUE
305677,BoSY,Grade 9,2-level,48,20,-28,TRUE
305677,BoSY,Grade 9,3-level,48,28,-20,TRUE
305677,EoSY,Grade 10,eosy,39,39,0,FALSE
305677,EoSY,Grade 7,eosy,57,57,0,FALSE
305677,EoSY,Grade 8,eosy,50,50,0,FALSE
305677,EoSY,Grade 9,eosy,50,50,0,FALSE
305681,BoSY,Grade 10,2-level,161,71,-90,TRUE
305681,BoSY,Grade 10,3-level,161,85,-76,TRUE
305681,BoSY,Grade 7,2-level,230,149,-81,TRUE
305681,BoSY,Grade 7,3-level,230,80,-150,TRUE
305681,BoSY,Grade 8,2-level,166,110,-56,TRUE
305681,BoSY,Grade 8,3-level,166,56,-110,TRUE
305681,BoSY,Grade 9,2-level,166,129,-37,TRUE
305681,BoSY,Grade 9,3-level,166,36,-130,TRUE
305681,EoSY,Grade 10,eosy,157,157,0,FALSE
305681,EoSY,Grade 7,eosy,229,229,0,FALSE
305681,EoSY,Grade 8,eosy,199,199,0,FALSE
305681,EoSY,Grade 9,eosy,165,165,0,FALSE
305710,BoSY,Grade 10,2-level,78,35,-43,TRUE
305710,BoSY,Grade 10,3-level,78,26,-52,TRUE
305710,BoSY,Grade 7,2-level,86,62,-24,TRUE
305710,BoSY,Grade 7,3-level,86,21,-65,TRUE
305710,BoSY,Grade 8,2-level,71,36,-35,TRUE
305710,BoSY,Grade 8,3-level,71,27,-44,TRUE
305710,BoSY,Grade 9,2-level,68,36,-32,TRUE
305710,BoSY,Grade 9,3-level,68,21,-47,TRUE
305710,EoSY,Grade 10,eosy,81,81,0,FALSE
305710,EoSY,Grade 7,eosy,83,83,0,FALSE
305710,EoSY,Grade 8,eosy,68,68,0,FALSE
305710,EoSY,Grade 9,eosy,67,67,0,FALSE
305713,BoSY,Grade 10,2-level,27,0,-27,TRUE
305713,BoSY,Grade 10,3-level,27,0,-27,TRUE
305713,BoSY,Grade 7,2-level,65,1,-64,TRUE
305713,BoSY,Grade 7,3-level,65,1,-64,TRUE
305713,BoSY,Grade 8,2-level,49,1,-48,TRUE
305713,BoSY,Grade 8,3-level,49,1,-48,TRUE
305713,BoSY,Grade 9,2-level,40,0,-40,TRUE
305713,BoSY,Grade 9,3-level,40,0,-40,TRUE
305713,EoSY,Grade 10,eosy,0,0,0,FALSE
305713,EoSY,Grade 7,eosy,68,68,0,FALSE
305713,EoSY,Grade 8,eosy,43,43,0,FALSE
305713,EoSY,Grade 9,eosy,41,41,0,FALSE
305722,BoSY,Grade 10,2-level,45,24,-21,TRUE
305722,BoSY,Grade 10,3-level,45,13,-32,TRUE
305722,BoSY,Grade 7,2-level,60,12,-48,TRUE
305722,BoSY,Grade 7,3-level,60,48,-12,TRUE
305722,BoSY,Grade 8,2-level,68,33,-35,TRUE
305722,BoSY,Grade 8,3-level,68,34,-34,TRUE
305722,BoSY,Grade 9,2-level,52,15,-37,TRUE
305722,BoSY,Grade 9,3-level,52,32,-20,TRUE
305722,EoSY,Grade 10,eosy,20,20,0,FALSE
305722,EoSY,Grade 7,eosy,35,35,0,FALSE
305722,EoSY,Grade 8,eosy,45,45,0,FALSE
305722,EoSY,Grade 9,eosy,23,23,0,FALSE
305750,BoSY,Grade 10,2-level,51,24,-27,TRUE
305750,BoSY,Grade 10,3-level,51,27,-24,TRUE
305750,BoSY,Grade 7,2-level,66,4,-62,TRUE
305750,BoSY,Grade 7,3-level,66,62,-4,TRUE
305750,BoSY,Grade 8,2-level,84,6,-78,TRUE
305750,BoSY,Grade 8,3-level,84,78,-6,TRUE
305750,BoSY,Grade 9,2-level,48,7,-41,TRUE
305750,BoSY,Grade 9,3-level,48,40,-8,TRUE
305750,EoSY,Grade 10,eosy,48,48,0,FALSE
305750,EoSY,Grade 7,eosy,66,66,0,FALSE
305750,EoSY,Grade 8,eosy,79,79,0,FALSE
305750,EoSY,Grade 9,eosy,48,48,0,FALSE
305755,BoSY,Grade 10,2-level,92,47,-45,TRUE
305755,BoSY,Grade 10,3-level,92,44,-48,TRUE
305755,BoSY,Grade 7,2-level,138,72,-66,TRUE
305755,BoSY,Grade 7,3-level,138,65,-73,TRUE
305755,BoSY,Grade 8,2-level,154,85,-69,TRUE
305755,BoSY,Grade 8,3-level,154,65,-89,TRUE
305755,BoSY,Grade 9,2-level,104,61,-43,TRUE
305755,BoSY,Grade 9,3-level,104,38,-66,TRUE
305755,EoSY,Grade 10,eosy,68,68,0,FALSE
305755,EoSY,Grade 7,eosy,125,125,0,FALSE
305755,EoSY,Grade 8,eosy,150,150,0,FALSE
305755,EoSY,Grade 9,eosy,95,95,0,FALSE
305843,BoSY,Grade 10,2-level,36,13,-23,TRUE
305843,BoSY,Grade 10,3-level,36,23,-13,TRUE
305843,BoSY,Grade 7,2-level,60,10,-50,TRUE
305843,BoSY,Grade 7,3-level,60,50,-10,TRUE
305843,BoSY,Grade 8,2-level,36,6,-30,TRUE
305843,BoSY,Grade 8,3-level,36,30,-6,TRUE
305843,BoSY,Grade 9,2-level,36,4,-32,TRUE
305843,BoSY,Grade 9,3-level,36,31,-5,TRUE
305843,EoSY,Grade 10,eosy,27,27,0,FALSE
305843,EoSY,Grade 7,eosy,56,56,0,FALSE
305843,EoSY,Grade 8,eosy,32,32,0,FALSE
305843,EoSY,Grade 9,eosy,26,26,0,FALSE
305844,BoSY,Grade 10,2-level,45,12,-33,TRUE
305844,BoSY,Grade 10,3-level,45,33,-12,TRUE
305844,BoSY,Grade 7,2-level,57,15,-42,TRUE
305844,BoSY,Grade 7,3-level,57,42,-15,TRUE
305844,BoSY,Grade 8,2-level,57,7,-50,TRUE
305844,BoSY,Grade 8,3-level,57,50,-7,TRUE
305844,BoSY,Grade 9,2-level,46,9,-37,TRUE
305844,BoSY,Grade 9,3-level,46,37,-9,TRUE
305844,EoSY,Grade 10,eosy,44,44,0,FALSE
305844,EoSY,Grade 7,eosy,54,54,0,FALSE
305844,EoSY,Grade 8,eosy,59,59,0,FALSE
305844,EoSY,Grade 9,eosy,42,42,0,FALSE
305847,BoSY,Grade 10,2-level,27,10,-17,TRUE
305847,BoSY,Grade 10,3-level,27,10,-17,TRUE
305847,BoSY,Grade 7,2-level,60,23,-37,TRUE
305847,BoSY,Grade 7,3-level,60,24,-36,TRUE
305847,BoSY,Grade 8,2-level,60,21,-39,TRUE
305847,BoSY,Grade 8,3-level,60,23,-37,TRUE
305847,BoSY,Grade 9,2-level,33,11,-22,TRUE
305847,BoSY,Grade 9,3-level,33,13,-20,TRUE
305847,EoSY,Grade 10,eosy,25,25,0,FALSE
305847,EoSY,Grade 7,eosy,49,49,0,FALSE
305847,EoSY,Grade 8,eosy,53,53,0,FALSE
305847,EoSY,Grade 9,eosy,28,28,0,FALSE
305849,BoSY,Grade 10,2-level,21,19,-2,TRUE
305849,BoSY,Grade 10,3-level,21,1,-20,TRUE
305849,BoSY,Grade 7,2-level,37,26,-11,TRUE
305849,BoSY,Grade 7,3-level,37,6,-31,TRUE
305849,BoSY,Grade 8,2-level,29,18,-11,TRUE
305849,BoSY,Grade 8,3-level,29,9,-20,TRUE
305849,BoSY,Grade 9,2-level,25,20,-5,TRUE
305849,BoSY,Grade 9,3-level,25,1,-24,TRUE
305849,EoSY,Grade 10,eosy,16,16,0,FALSE
305849,EoSY,Grade 7,eosy,28,28,0,FALSE
305849,EoSY,Grade 8,eosy,21,21,0,FALSE
305849,EoSY,Grade 9,eosy,23,23,0,FALSE
305850,BoSY,Grade 10,2-level,15,6,-9,TRUE
305850,BoSY,Grade 10,3-level,15,6,-9,TRUE
305850,BoSY,Grade 7,2-level,32,15,-17,TRUE
305850,BoSY,Grade 7,3-level,32,15,-17,TRUE
305850,BoSY,Grade 8,2-level,29,9,-20,TRUE
305850,BoSY,Grade 8,3-level,29,18,-11,TRUE
305850,BoSY,Grade 9,2-level,30,11,-19,TRUE
305850,BoSY,Grade 9,3-level,30,16,-14,TRUE
305850,EoSY,Grade 10,eosy,15,15,0,FALSE
305850,EoSY,Grade 7,eosy,32,32,0,FALSE
305850,EoSY,Grade 8,eosy,29,29,0,FALSE
305850,EoSY,Grade 9,eosy,31,31,0,FALSE
305884,BoSY,Grade 10,2-level,99,67,-32,TRUE
305884,BoSY,Grade 10,3-level,99,28,-71,TRUE
305884,BoSY,Grade 7,2-level,125,77,-48,TRUE
305884,BoSY,Grade 7,3-level,125,43,-82,TRUE
305884,BoSY,Grade 8,2-level,101,75,-26,TRUE
305884,BoSY,Grade 8,3-level,101,22,-79,TRUE
305884,BoSY,Grade 9,2-level,77,48,-29,TRUE
305884,BoSY,Grade 9,3-level,77,27,-50,TRUE
305884,EoSY,Grade 10,eosy,99,99,0,FALSE
305884,EoSY,Grade 7,eosy,121,121,0,FALSE
305884,EoSY,Grade 8,eosy,104,104,0,FALSE
305884,EoSY,Grade 9,eosy,78,78,0,FALSE
305889,BoSY,Grade 10,2-level,51,9,-42,TRUE
305889,BoSY,Grade 10,3-level,51,42,-9,TRUE
305889,BoSY,Grade 7,2-level,61,8,-53,TRUE
305889,BoSY,Grade 7,3-level,61,51,-10,TRUE
305889,BoSY,Grade 8,2-level,46,18,-28,TRUE
305889,BoSY,Grade 8,3-level,46,28,-18,TRUE
305889,BoSY,Grade 9,2-level,42,10,-32,TRUE
305889,BoSY,Grade 9,3-level,42,32,-10,TRUE
305889,EoSY,Grade 10,eosy,51,51,0,FALSE
305889,EoSY,Grade 7,eosy,62,62,0,FALSE
305889,EoSY,Grade 8,eosy,48,48,0,FALSE
305889,EoSY,Grade 9,eosy,42,42,0,FALSE
305917,BoSY,Grade 10,2-level,26,11,-15,TRUE
305917,BoSY,Grade 10,3-level,26,11,-15,TRUE
305917,BoSY,Grade 7,2-level,24,12,-12,TRUE
305917,BoSY,Grade 7,3-level,24,10,-14,TRUE
305917,BoSY,Grade 8,2-level,31,16,-15,TRUE
305917,BoSY,Grade 8,3-level,31,11,-20,TRUE
305917,BoSY,Grade 9,2-level,29,10,-19,TRUE
305917,BoSY,Grade 9,3-level,29,14,-15,TRUE
305917,EoSY,Grade 10,eosy,26,26,0,FALSE
305917,EoSY,Grade 7,eosy,24,24,0,FALSE
305917,EoSY,Grade 8,eosy,30,30,0,FALSE
305917,EoSY,Grade 9,eosy,28,28,0,FALSE
305965,BoSY,Grade 10,2-level,61,30,-31,TRUE
305965,BoSY,Grade 10,3-level,61,31,-30,TRUE
305965,BoSY,Grade 7,2-level,114,81,-33,TRUE
305965,BoSY,Grade 7,3-level,114,33,-81,TRUE
305965,BoSY,Grade 8,2-level,81,64,-17,TRUE
305965,BoSY,Grade 8,3-level,81,17,-64,TRUE
305965,BoSY,Grade 9,2-level,67,38,-29,TRUE
305965,BoSY,Grade 9,3-level,67,27,-40,TRUE
305965,EoSY,Grade 10,eosy,29,29,0,FALSE
305965,EoSY,Grade 7,eosy,61,61,0,FALSE
305965,EoSY,Grade 8,eosy,63,63,0,FALSE
305965,EoSY,Grade 9,eosy,41,41,0,FALSE
306000,BoSY,Grade 10,2-level,28,11,-17,TRUE
306000,BoSY,Grade 10,3-level,28,9,-19,TRUE
306000,BoSY,Grade 7,2-level,63,31,-32,TRUE
306000,BoSY,Grade 7,3-level,63,22,-41,TRUE
306000,BoSY,Grade 8,2-level,40,26,-14,TRUE
306000,BoSY,Grade 8,3-level,40,7,-33,TRUE
306000,BoSY,Grade 9,2-level,26,17,-9,TRUE
306000,BoSY,Grade 9,3-level,26,2,-24,TRUE
306000,EoSY,Grade 10,eosy,20,20,0,FALSE
306000,EoSY,Grade 7,eosy,53,53,0,FALSE
306000,EoSY,Grade 8,eosy,32,32,0,FALSE
306000,EoSY,Grade 9,eosy,17,17,0,FALSE
306038,BoSY,Grade 10,2-level,29,7,-22,TRUE
306038,BoSY,Grade 10,3-level,29,22,-7,TRUE
306038,BoSY,Grade 7,2-level,33,8,-25,TRUE
306038,BoSY,Grade 7,3-level,33,25,-8,TRUE
306038,BoSY,Grade 8,2-level,28,3,-25,TRUE
306038,BoSY,Grade 8,3-level,28,25,-3,TRUE
306038,BoSY,Grade 9,2-level,25,8,-17,TRUE
306038,BoSY,Grade 9,3-level,25,17,-8,TRUE
306038,EoSY,Grade 10,eosy,29,29,0,FALSE
306038,EoSY,Grade 7,eosy,34,34,0,FALSE
306038,EoSY,Grade 8,eosy,29,29,0,FALSE
306038,EoSY,Grade 9,eosy,24,24,0,FALSE
306086,BoSY,Grade 10,2-level,19,12,-7,TRUE
306086,BoSY,Grade 10,3-level,19,3,-16,TRUE
306086,BoSY,Grade 7,2-level,18,8,-10,TRUE
306086,BoSY,Grade 7,3-level,18,10,-8,TRUE
306086,BoSY,Grade 8,2-level,21,4,-17,TRUE
306086,BoSY,Grade 8,3-level,21,17,-4,TRUE
306086,BoSY,Grade 9,2-level,11,4,-7,TRUE
306086,BoSY,Grade 9,3-level,11,7,-4,TRUE
306086,EoSY,Grade 10,eosy,17,17,0,FALSE
306086,EoSY,Grade 7,eosy,21,21,0,FALSE
306086,EoSY,Grade 8,eosy,21,21,0,FALSE
306086,EoSY,Grade 9,eosy,14,14,0,FALSE
307913,BoSY,Grade 10,2-level,293,12,-281,TRUE
307913,BoSY,Grade 10,3-level,293,7,-286,TRUE
307913,BoSY,Grade 7,2-level,351,31,-320,TRUE
307913,BoSY,Grade 7,3-level,351,28,-323,TRUE
307913,BoSY,Grade 8,2-level,342,36,-306,TRUE
307913,BoSY,Grade 8,3-level,342,8,-334,TRUE
307913,BoSY,Grade 9,2-level,249,7,-242,TRUE
307913,BoSY,Grade 9,3-level,249,9,-240,TRUE
307913,EoSY,Grade 10,eosy,272,272,0,FALSE
307913,EoSY,Grade 7,eosy,334,334,0,FALSE
307913,EoSY,Grade 8,eosy,329,329,0,FALSE
307913,EoSY,Grade 9,eosy,238,238,0,FALSE
308103,BoSY,Grade 10,2-level,258,84,-174,TRUE
308103,BoSY,Grade 10,3-level,258,173,-85,TRUE
308103,BoSY,Grade 7,2-level,406,140,-266,TRUE
308103,BoSY,Grade 7,3-level,406,264,-142,TRUE
308103,BoSY,Grade 8,2-level,361,76,-285,TRUE
308103,BoSY,Grade 8,3-level,361,285,-76,TRUE
308103,BoSY,Grade 9,2-level,274,166,-108,TRUE
308103,BoSY,Grade 9,3-level,274,101,-173,TRUE
308103,EoSY,Grade 10,eosy,257,257,0,FALSE
308103,EoSY,Grade 7,eosy,404,404,0,FALSE
308103,EoSY,Grade 8,eosy,361,361,0,FALSE
308103,EoSY,Grade 9,eosy,267,267,0,FALSE
308105,BoSY,Grade 10,2-level,694,277,-417,TRUE
308105,BoSY,Grade 10,3-level,694,412,-282,TRUE
308105,BoSY,Grade 7,2-level,906,239,-667,TRUE
308105,BoSY,Grade 7,3-level,906,662,-244,TRUE
308105,BoSY,Grade 8,2-level,830,396,-434,TRUE
308105,BoSY,Grade 8,3-level,830,419,-411,TRUE
308105,BoSY,Grade 9,2-level,620,288,-332,TRUE
308105,BoSY,Grade 9,3-level,620,326,-294,TRUE
308105,EoSY,Grade 10,eosy,473,473,0,FALSE
308105,EoSY,Grade 7,eosy,614,614,0,FALSE
308105,EoSY,Grade 8,eosy,528,528,0,FALSE
308105,EoSY,Grade 9,eosy,440,440,0,FALSE
308122,BoSY,Grade 10,2-level,182,145,-37,TRUE
308122,BoSY,Grade 10,3-level,182,7,-175,TRUE
308122,BoSY,Grade 7,2-level,236,177,-59,TRUE
308122,BoSY,Grade 7,3-level,236,20,-216,TRUE
308122,BoSY,Grade 8,2-level,206,162,-44,TRUE
308122,BoSY,Grade 8,3-level,206,18,-188,TRUE
308122,BoSY,Grade 9,2-level,145,106,-39,TRUE
308122,BoSY,Grade 9,3-level,145,13,-132,TRUE
308122,EoSY,Grade 10,eosy,182,182,0,FALSE
308122,EoSY,Grade 7,eosy,201,201,0,FALSE
308122,EoSY,Grade 8,eosy,198,198,0,FALSE
308122,EoSY,Grade 9,eosy,124,124,0,FALSE
308130,BoSY,Grade 10,2-level,156,136,-20,TRUE
308130,BoSY,Grade 10,3-level,156,5,-151,TRUE
308130,BoSY,Grade 7,2-level,184,105,-79,TRUE
308130,BoSY,Grade 7,3-level,184,77,-107,TRUE
308130,BoSY,Grade 8,2-level,128,95,-33,TRUE
308130,BoSY,Grade 8,3-level,128,16,-112,TRUE
308130,BoSY,Grade 9,2-level,120,63,-57,TRUE
308130,BoSY,Grade 9,3-level,120,47,-73,TRUE
308130,EoSY,Grade 10,eosy,144,144,0,FALSE
308130,EoSY,Grade 7,eosy,172,172,0,FALSE
308130,EoSY,Grade 8,eosy,134,134,0,FALSE
308130,EoSY,Grade 9,eosy,129,129,0,FALSE
308134,BoSY,Grade 10,2-level,492,255,-237,TRUE
308134,BoSY,Grade 10,3-level,492,190,-302,TRUE
308134,BoSY,Grade 7,2-level,643,200,-443,TRUE
308134,BoSY,Grade 7,3-level,643,428,-215,TRUE
308134,BoSY,Grade 8,2-level,533,242,-291,TRUE
308134,BoSY,Grade 8,3-level,533,285,-248,TRUE
308134,BoSY,Grade 9,2-level,435,335,-100,TRUE
308134,BoSY,Grade 9,3-level,435,65,-370,TRUE
308134,EoSY,Grade 10,eosy,492,492,0,FALSE
308134,EoSY,Grade 7,eosy,643,643,0,FALSE
308134,EoSY,Grade 8,eosy,533,533,0,FALSE
308134,EoSY,Grade 9,eosy,435,435,0,FALSE
308135,BoSY,Grade 10,2-level,420,146,-274,TRUE
308135,BoSY,Grade 10,3-level,420,102,-318,TRUE
308135,BoSY,Grade 7,2-level,488,46,-442,TRUE
308135,BoSY,Grade 7,3-level,488,293,-195,TRUE
308135,BoSY,Grade 8,2-level,470,172,-298,TRUE
308135,BoSY,Grade 8,3-level,470,49,-421,TRUE
308135,BoSY,Grade 9,2-level,363,114,-249,TRUE
308135,BoSY,Grade 9,3-level,363,88,-275,TRUE
308135,EoSY,Grade 10,eosy,248,248,0,FALSE
308135,EoSY,Grade 7,eosy,327,327,0,FALSE
308135,EoSY,Grade 8,eosy,216,216,0,FALSE
308135,EoSY,Grade 9,eosy,192,192,0,FALSE
308501,BoSY,Grade 10,2-level,518,228,-290,TRUE
308501,BoSY,Grade 10,3-level,518,258,-260,TRUE
308501,BoSY,Grade 7,2-level,724,187,-537,TRUE
308501,BoSY,Grade 7,3-level,724,537,-187,TRUE
308501,BoSY,Grade 8,2-level,656,200,-456,TRUE
308501,BoSY,Grade 8,3-level,656,453,-203,TRUE
308501,BoSY,Grade 9,2-level,489,259,-230,TRUE
308501,BoSY,Grade 9,3-level,489,208,-281,TRUE
308501,EoSY,Grade 10,eosy,531,531,0,FALSE
308501,EoSY,Grade 7,eosy,721,721,0,FALSE
308501,EoSY,Grade 8,eosy,655,655,0,FALSE
308501,EoSY,Grade 9,eosy,492,492,0,FALSE
309509,BoSY,Grade 10,2-level,57,31,-26,TRUE
309509,BoSY,Grade 10,3-level,57,26,-31,TRUE
309509,BoSY,Grade 7,2-level,89,52,-37,TRUE
309509,BoSY,Grade 7,3-level,89,37,-52,TRUE
309509,BoSY,Grade 8,2-level,84,33,-51,TRUE
309509,BoSY,Grade 8,3-level,84,51,-33,TRUE
309509,BoSY,Grade 9,2-level,89,43,-46,TRUE
309509,BoSY,Grade 9,3-level,89,46,-43,TRUE
309509,EoSY,Grade 10,eosy,63,63,0,FALSE
309509,EoSY,Grade 7,eosy,89,89,0,FALSE
309509,EoSY,Grade 8,eosy,83,83,0,FALSE
309509,EoSY,Grade 9,eosy,81,81,0,FALSE
309512,BoSY,Grade 10,2-level,76,16,-60,TRUE
309512,BoSY,Grade 10,3-level,76,0,-76,TRUE
309512,BoSY,Grade 7,2-level,50,14,-36,TRUE
309512,BoSY,Grade 7,3-level,50,0,-50,TRUE
309512,BoSY,Grade 8,2-level,78,23,-55,TRUE
309512,BoSY,Grade 8,3-level,78,0,-78,TRUE
309512,BoSY,Grade 9,2-level,43,17,-26,TRUE
309512,BoSY,Grade 9,3-level,43,0,-43,TRUE
309512,EoSY,Grade 10,eosy,21,21,0,FALSE
309512,EoSY,Grade 7,eosy,25,25,0,FALSE
309512,EoSY,Grade 8,eosy,23,23,0,FALSE
309512,EoSY,Grade 9,eosy,17,17,0,FALSE
309513,BoSY,Grade 10,2-level,104,15,-89,TRUE
309513,BoSY,Grade 10,3-level,104,89,-15,TRUE
309513,BoSY,Grade 7,2-level,122,9,-113,TRUE
309513,BoSY,Grade 7,3-level,122,112,-10,TRUE
309513,BoSY,Grade 8,2-level,106,20,-86,TRUE
309513,BoSY,Grade 8,3-level,106,81,-25,TRUE
309513,BoSY,Grade 9,2-level,86,19,-67,TRUE
309513,BoSY,Grade 9,3-level,86,67,-19,TRUE
309513,EoSY,Grade 10,eosy,104,104,0,FALSE
309513,EoSY,Grade 7,eosy,123,123,0,FALSE
309513,EoSY,Grade 8,eosy,95,95,0,FALSE
309513,EoSY,Grade 9,eosy,84,84,0,FALSE
309702,BoSY,Grade 10,2-level,211,51,-160,TRUE
309702,BoSY,Grade 10,3-level,211,160,-51,TRUE
309702,BoSY,Grade 7,2-level,257,36,-221,TRUE
309702,BoSY,Grade 7,3-level,257,217,-40,TRUE
309702,BoSY,Grade 8,2-level,282,37,-245,TRUE
309702,BoSY,Grade 8,3-level,282,245,-37,TRUE
309702,BoSY,Grade 9,2-level,194,21,-173,TRUE
309702,BoSY,Grade 9,3-level,194,173,-21,TRUE
309702,EoSY,Grade 10,eosy,203,203,0,FALSE
309702,EoSY,Grade 7,eosy,241,241,0,FALSE
309702,EoSY,Grade 8,eosy,261,261,0,FALSE
309702,EoSY,Grade 9,eosy,178,178,0,FALSE
309705,BoSY,Grade 10,2-level,82,16,-66,TRUE
309705,BoSY,Grade 10,3-level,82,66,-16,TRUE
309705,BoSY,Grade 7,2-level,87,12,-75,TRUE
309705,BoSY,Grade 7,3-level,87,75,-12,TRUE
309705,BoSY,Grade 8,2-level,92,3,-89,TRUE
309705,BoSY,Grade 8,3-level,92,89,-3,TRUE
309705,BoSY,Grade 9,2-level,74,10,-64,TRUE
309705,BoSY,Grade 9,3-level,74,64,-10,TRUE
309705,EoSY,Grade 10,eosy,80,80,0,FALSE
309705,EoSY,Grade 7,eosy,87,87,0,FALSE
309705,EoSY,Grade 8,eosy,89,89,0,FALSE
309705,EoSY,Grade 9,eosy,76,76,0,FALSE
309711,BoSY,Grade 10,2-level,50,17,-33,TRUE
309711,BoSY,Grade 10,3-level,50,33,-17,TRUE
309711,BoSY,Grade 7,2-level,64,5,-59,TRUE
309711,BoSY,Grade 7,3-level,64,59,-5,TRUE
309711,BoSY,Grade 8,2-level,69,11,-58,TRUE
309711,BoSY,Grade 8,3-level,69,58,-11,TRUE
309711,BoSY,Grade 9,2-level,51,6,-45,TRUE
309711,BoSY,Grade 9,3-level,51,45,-6,TRUE
309711,EoSY,Grade 10,eosy,48,48,0,FALSE
309711,EoSY,Grade 7,eosy,63,63,0,FALSE
309711,EoSY,Grade 8,eosy,69,69,0,FALSE
309711,EoSY,Grade 9,eosy,50,50,0,FALSE
309740,BoSY,Grade 10,2-level,48,12,-36,TRUE
309740,BoSY,Grade 10,3-level,48,35,-13,TRUE
309740,BoSY,Grade 7,2-level,37,5,-32,TRUE
309740,BoSY,Grade 7,3-level,37,32,-5,TRUE
309740,BoSY,Grade 8,2-level,74,42,-32,TRUE
309740,BoSY,Grade 8,3-level,74,32,-42,TRUE
309740,BoSY,Grade 9,2-level,65,31,-34,TRUE
309740,BoSY,Grade 9,3-level,65,34,-31,TRUE
309740,EoSY,Grade 10,eosy,61,61,0,FALSE
309740,EoSY,Grade 7,eosy,43,43,0,FALSE
309740,EoSY,Grade 8,eosy,72,72,0,FALSE
309740,EoSY,Grade 9,eosy,65,65,0,FALSE
309741,BoSY,Grade 10,2-level,113,22,-91,TRUE
309741,BoSY,Grade 10,3-level,113,91,-22,TRUE
309741,BoSY,Grade 7,2-level,117,17,-100,TRUE
309741,BoSY,Grade 7,3-level,117,100,-17,TRUE
309741,BoSY,Grade 8,2-level,91,9,-82,TRUE
309741,BoSY,Grade 8,3-level,91,82,-9,TRUE
309741,BoSY,Grade 9,2-level,79,17,-62,TRUE
309741,BoSY,Grade 9,3-level,79,62,-17,TRUE
309741,EoSY,Grade 10,eosy,96,96,0,FALSE
309741,EoSY,Grade 7,eosy,105,105,0,FALSE
309741,EoSY,Grade 8,eosy,94,94,0,FALSE
309741,EoSY,Grade 9,eosy,81,81,0,FALSE
309743,BoSY,Grade 10,2-level,97,43,-54,TRUE
309743,BoSY,Grade 10,3-level,97,54,-43,TRUE
309743,BoSY,Grade 7,2-level,115,32,-83,TRUE
309743,BoSY,Grade 7,3-level,115,83,-32,TRUE
309743,BoSY,Grade 8,2-level,106,22,-84,TRUE
309743,BoSY,Grade 8,3-level,106,84,-22,TRUE
309743,BoSY,Grade 9,2-level,90,50,-40,TRUE
309743,BoSY,Grade 9,3-level,90,37,-53,TRUE
309743,EoSY,Grade 10,eosy,95,95,0,FALSE
309743,EoSY,Grade 7,eosy,104,104,0,FALSE
309743,EoSY,Grade 8,eosy,99,99,0,FALSE
309743,EoSY,Grade 9,eosy,82,82,0,FALSE
309760,BoSY,Grade 10,2-level,47,18,-29,TRUE
309760,BoSY,Grade 10,3-level,47,29,-18,TRUE
309760,BoSY,Grade 7,2-level,34,9,-25,TRUE
309760,BoSY,Grade 7,3-level,34,25,-9,TRUE
309760,BoSY,Grade 8,2-level,58,6,-52,TRUE
309760,BoSY,Grade 8,3-level,58,52,-6,TRUE
309760,BoSY,Grade 9,2-level,49,14,-35,TRUE
309760,BoSY,Grade 9,3-level,49,35,-14,TRUE
309760,EoSY,Grade 10,eosy,45,45,0,FALSE
309760,EoSY,Grade 7,eosy,34,34,0,FALSE
309760,EoSY,Grade 8,eosy,56,56,0,FALSE
309760,EoSY,Grade 9,eosy,48,48,0,FALSE
309764,BoSY,Grade 10,2-level,38,7,-31,TRUE
309764,BoSY,Grade 10,3-level,38,31,-7,TRUE
309764,BoSY,Grade 7,2-level,40,5,-35,TRUE
309764,BoSY,Grade 7,3-level,40,35,-5,TRUE
309764,BoSY,Grade 8,2-level,58,3,-55,TRUE
309764,BoSY,Grade 8,3-level,58,55,-3,TRUE
309764,BoSY,Grade 9,2-level,34,6,-28,TRUE
309764,BoSY,Grade 9,3-level,34,28,-6,TRUE
309764,EoSY,Grade 10,eosy,39,39,0,FALSE
309764,EoSY,Grade 7,eosy,35,35,0,FALSE
309764,EoSY,Grade 8,eosy,57,57,0,FALSE
309764,EoSY,Grade 9,eosy,33,33,0,FALSE
309903,BoSY,Grade 10,2-level,55,55,0,FALSE
309903,BoSY,Grade 10,3-level,55,0,-55,TRUE
309903,BoSY,Grade 7,2-level,103,103,0,FALSE
309903,BoSY,Grade 7,3-level,103,0,-103,TRUE
309903,BoSY,Grade 8,2-level,66,66,0,FALSE
309903,BoSY,Grade 8,3-level,66,0,-66,TRUE
309903,BoSY,Grade 9,2-level,80,80,0,FALSE
309903,BoSY,Grade 9,3-level,80,0,-80,TRUE
309903,EoSY,Grade 10,eosy,56,56,0,FALSE
309903,EoSY,Grade 7,eosy,94,94,0,FALSE
309903,EoSY,Grade 8,eosy,65,65,0,FALSE
309903,EoSY,Grade 9,eosy,79,79,0,FALSE
309906,BoSY,Grade 10,2-level,119,91,-28,TRUE
309906,BoSY,Grade 10,3-level,119,28,-91,TRUE
309906,BoSY,Grade 7,2-level,130,41,-89,TRUE
309906,BoSY,Grade 7,3-level,130,89,-41,TRUE
309906,BoSY,Grade 8,2-level,153,136,-17,TRUE
309906,BoSY,Grade 8,3-level,153,17,-136,TRUE
309906,BoSY,Grade 9,2-level,107,68,-39,TRUE
309906,BoSY,Grade 9,3-level,107,39,-68,TRUE
309906,EoSY,Grade 10,eosy,109,109,0,FALSE
309906,EoSY,Grade 7,eosy,123,123,0,FALSE
309906,EoSY,Grade 8,eosy,149,149,0,FALSE
309906,EoSY,Grade 9,eosy,104,104,0,FALSE
309909,BoSY,Grade 10,2-level,92,10,-82,TRUE
309909,BoSY,Grade 10,3-level,92,82,-10,TRUE
309909,BoSY,Grade 7,2-level,127,6,-121,TRUE
309909,BoSY,Grade 7,3-level,127,120,-7,TRUE
309909,BoSY,Grade 8,2-level,108,33,-75,TRUE
309909,BoSY,Grade 8,3-level,108,75,-33,TRUE
309909,BoSY,Grade 9,2-level,91,19,-72,TRUE
309909,BoSY,Grade 9,3-level,91,72,-19,TRUE
309909,EoSY,Grade 10,eosy,92,92,0,FALSE
309909,EoSY,Grade 7,eosy,125,125,0,FALSE
309909,EoSY,Grade 8,eosy,107,107,0,FALSE
309909,EoSY,Grade 9,eosy,91,91,0,FALSE
309914,BoSY,Grade 10,2-level,200,0,-200,TRUE
309914,BoSY,Grade 10,3-level,200,186,-14,TRUE
309914,BoSY,Grade 7,2-level,230,0,-230,TRUE
309914,BoSY,Grade 7,3-level,230,228,-2,TRUE
309914,BoSY,Grade 8,2-level,190,0,-190,TRUE
309914,BoSY,Grade 8,3-level,190,173,-17,TRUE
309914,BoSY,Grade 9,2-level,175,0,-175,TRUE
309914,BoSY,Grade 9,3-level,175,173,-2,TRUE
309914,EoSY,Grade 10,eosy,187,187,0,FALSE
309914,EoSY,Grade 7,eosy,226,226,0,FALSE
309914,EoSY,Grade 8,eosy,184,184,0,FALSE
309914,EoSY,Grade 9,eosy,164,164,0,FALSE
309915,BoSY,Grade 10,2-level,32,13,-19,TRUE
309915,BoSY,Grade 10,3-level,32,13,-19,TRUE
309915,BoSY,Grade 7,2-level,51,16,-35,TRUE
309915,BoSY,Grade 7,3-level,51,28,-23,TRUE
309915,BoSY,Grade 8,2-level,39,11,-28,TRUE
309915,BoSY,Grade 8,3-level,39,24,-15,TRUE
309915,BoSY,Grade 9,2-level,34,10,-24,TRUE
309915,BoSY,Grade 9,3-level,34,22,-12,TRUE
309915,EoSY,Grade 10,eosy,25,25,0,FALSE
309915,EoSY,Grade 7,eosy,43,43,0,FALSE
309915,EoSY,Grade 8,eosy,32,32,0,FALSE
309915,EoSY,Grade 9,eosy,33,33,0,FALSE
309921,BoSY,Grade 10,2-level,54,0,-54,TRUE
309921,BoSY,Grade 10,3-level,54,43,-11,TRUE
309921,BoSY,Grade 7,2-level,97,22,-75,TRUE
309921,BoSY,Grade 7,3-level,97,75,-22,TRUE
309921,BoSY,Grade 8,2-level,71,0,-71,TRUE
309921,BoSY,Grade 8,3-level,71,64,-7,TRUE
309921,BoSY,Grade 9,2-level,69,24,-45,TRUE
309921,BoSY,Grade 9,3-level,69,45,-24,TRUE
309921,EoSY,Grade 10,eosy,53,53,0,FALSE
309921,EoSY,Grade 7,eosy,95,95,0,FALSE
309921,EoSY,Grade 8,eosy,68,68,0,FALSE
309921,EoSY,Grade 9,eosy,69,69,0,FALSE
309931,BoSY,Grade 10,2-level,55,19,-36,TRUE
309931,BoSY,Grade 10,3-level,55,36,-19,TRUE
309931,BoSY,Grade 7,2-level,87,17,-70,TRUE
309931,BoSY,Grade 7,3-level,87,70,-17,TRUE
309931,BoSY,Grade 8,2-level,75,13,-62,TRUE
309931,BoSY,Grade 8,3-level,75,62,-13,TRUE
309931,BoSY,Grade 9,2-level,66,13,-53,TRUE
309931,BoSY,Grade 9,3-level,66,53,-13,TRUE
309931,EoSY,Grade 10,eosy,58,58,0,FALSE
309931,EoSY,Grade 7,eosy,87,87,0,FALSE
309931,EoSY,Grade 8,eosy,75,75,0,FALSE
309931,EoSY,Grade 9,eosy,65,65,0,FALSE
309934,BoSY,Grade 10,2-level,28,13,-15,TRUE
309934,BoSY,Grade 10,3-level,28,15,-13,TRUE
309934,BoSY,Grade 7,2-level,43,19,-24,TRUE
309934,BoSY,Grade 7,3-level,43,21,-22,TRUE
309934,BoSY,Grade 8,2-level,40,16,-24,TRUE
309934,BoSY,Grade 8,3-level,40,22,-18,TRUE
309934,BoSY,Grade 9,2-level,36,17,-19,TRUE
309934,BoSY,Grade 9,3-level,36,16,-20,TRUE
309934,EoSY,Grade 10,eosy,27,27,0,FALSE
309934,EoSY,Grade 7,eosy,44,44,0,FALSE
309934,EoSY,Grade 8,eosy,37,37,0,FALSE
309934,EoSY,Grade 9,eosy,32,32,0,FALSE
309936,BoSY,Grade 10,2-level,45,5,-40,TRUE
309936,BoSY,Grade 10,3-level,45,0,-45,TRUE
309936,BoSY,Grade 7,2-level,56,13,-43,TRUE
309936,BoSY,Grade 7,3-level,56,0,-56,TRUE
309936,BoSY,Grade 8,2-level,47,14,-33,TRUE
309936,BoSY,Grade 8,3-level,47,0,-47,TRUE
309936,BoSY,Grade 9,2-level,46,14,-32,TRUE
309936,BoSY,Grade 9,3-level,46,0,-46,TRUE
309936,EoSY,Grade 10,eosy,54,54,0,FALSE
309936,EoSY,Grade 7,eosy,48,48,0,FALSE
309936,EoSY,Grade 8,eosy,49,49,0,FALSE
309936,EoSY,Grade 9,eosy,45,45,0,FALSE
309937,BoSY,Grade 10,2-level,74,8,-66,TRUE
309937,BoSY,Grade 10,3-level,74,66,-8,TRUE
309937,BoSY,Grade 7,2-level,80,38,-42,TRUE
309937,BoSY,Grade 7,3-level,80,42,-38,TRUE
309937,BoSY,Grade 8,2-level,80,20,-60,TRUE
309937,BoSY,Grade 8,3-level,80,60,-20,TRUE
309937,BoSY,Grade 9,2-level,50,7,-43,TRUE
309937,BoSY,Grade 9,3-level,50,43,-7,TRUE
309937,EoSY,Grade 10,eosy,73,73,0,FALSE
309937,EoSY,Grade 7,eosy,79,79,0,FALSE
309937,EoSY,Grade 8,eosy,72,72,0,FALSE
309937,EoSY,Grade 9,eosy,48,48,0,FALSE
309941,BoSY,Grade 10,2-level,176,101,-75,TRUE
309941,BoSY,Grade 10,3-level,176,75,-101,TRUE
309941,BoSY,Grade 7,2-level,244,61,-183,TRUE
309941,BoSY,Grade 7,3-level,244,183,-61,TRUE
309941,BoSY,Grade 8,2-level,218,44,-174,TRUE
309941,BoSY,Grade 8,3-level,218,174,-44,TRUE
309941,BoSY,Grade 9,2-level,135,33,-102,TRUE
309941,BoSY,Grade 9,3-level,135,98,-37,TRUE
309941,EoSY,Grade 10,eosy,150,150,0,FALSE
309941,EoSY,Grade 7,eosy,199,199,0,FALSE
309941,EoSY,Grade 8,eosy,216,216,0,FALSE
309941,EoSY,Grade 9,eosy,130,130,0,FALSE
312330,BoSY,Grade 10,2-level,88,36,-52,TRUE
312330,BoSY,Grade 10,3-level,88,52,-36,TRUE
312330,BoSY,Grade 7,2-level,88,10,-78,TRUE
312330,BoSY,Grade 7,3-level,88,78,-10,TRUE
312330,BoSY,Grade 8,2-level,120,27,-93,TRUE
312330,BoSY,Grade 8,3-level,120,93,-27,TRUE
312330,BoSY,Grade 9,2-level,56,14,-42,TRUE
312330,BoSY,Grade 9,3-level,56,41,-15,TRUE
312330,EoSY,Grade 10,eosy,87,87,0,FALSE
312330,EoSY,Grade 7,eosy,86,86,0,FALSE
312330,EoSY,Grade 8,eosy,115,115,0,FALSE
312330,EoSY,Grade 9,eosy,55,55,0,FALSE
312354,BoSY,Grade 10,2-level,24,6,-18,TRUE
312354,BoSY,Grade 10,3-level,24,2,-22,TRUE
312354,BoSY,Grade 7,2-level,28,13,-15,TRUE
312354,BoSY,Grade 7,3-level,28,5,-23,TRUE
312354,BoSY,Grade 8,2-level,39,17,-22,TRUE
312354,BoSY,Grade 8,3-level,39,7,-32,TRUE
312354,BoSY,Grade 9,2-level,22,5,-17,TRUE
312354,BoSY,Grade 9,3-level,22,3,-19,TRUE
312354,EoSY,Grade 10,eosy,20,20,0,FALSE
312354,EoSY,Grade 7,eosy,27,27,0,FALSE
312354,EoSY,Grade 8,eosy,37,37,0,FALSE
312354,EoSY,Grade 9,eosy,19,19,0,FALSE
312355,BoSY,Grade 10,2-level,44,18,-26,TRUE
312355,BoSY,Grade 10,3-level,44,26,-18,TRUE
312355,BoSY,Grade 7,2-level,38,9,-29,TRUE
312355,BoSY,Grade 7,3-level,38,29,-9,TRUE
312355,BoSY,Grade 8,2-level,37,7,-30,TRUE
312355,BoSY,Grade 8,3-level,37,30,-7,TRUE
312355,BoSY,Grade 9,2-level,34,6,-28,TRUE
312355,BoSY,Grade 9,3-level,34,28,-6,TRUE
312355,EoSY,Grade 10,eosy,41,41,0,FALSE
312355,EoSY,Grade 7,eosy,38,38,0,FALSE
312355,EoSY,Grade 8,eosy,38,38,0,FALSE
312355,EoSY,Grade 9,eosy,30,30,0,FALSE
312401,BoSY,Grade 10,2-level,68,0,-68,TRUE
312401,BoSY,Grade 10,3-level,68,68,0,FALSE
312401,BoSY,Grade 7,2-level,116,0,-116,TRUE
312401,BoSY,Grade 7,3-level,116,116,0,FALSE
312401,BoSY,Grade 8,2-level,91,0,-91,TRUE
312401,BoSY,Grade 8,3-level,91,91,0,FALSE
312401,BoSY,Grade 9,2-level,57,0,-57,TRUE
312401,BoSY,Grade 9,3-level,57,57,0,FALSE
312401,EoSY,Grade 10,eosy,60,60,0,FALSE
312401,EoSY,Grade 7,eosy,116,116,0,FALSE
312401,EoSY,Grade 8,eosy,91,91,0,FALSE
312401,EoSY,Grade 9,eosy,57,57,0,FALSE
312408,BoSY,Grade 10,2-level,58,30,-28,TRUE
312408,BoSY,Grade 10,3-level,58,18,-40,TRUE
312408,BoSY,Grade 7,2-level,79,48,-31,TRUE
312408,BoSY,Grade 7,3-level,79,26,-53,TRUE
312408,BoSY,Grade 8,2-level,78,41,-37,TRUE
312408,BoSY,Grade 8,3-level,78,20,-58,TRUE
312408,BoSY,Grade 9,2-level,50,22,-28,TRUE
312408,BoSY,Grade 9,3-level,50,17,-33,TRUE
312408,EoSY,Grade 10,eosy,48,48,0,FALSE
312408,EoSY,Grade 7,eosy,72,72,0,FALSE
312408,EoSY,Grade 8,eosy,61,61,0,FALSE
312408,EoSY,Grade 9,eosy,41,41,0,FALSE
312435,BoSY,Grade 10,2-level,34,10,-24,TRUE
312435,BoSY,Grade 10,3-level,34,21,-13,TRUE
312435,BoSY,Grade 7,2-level,54,26,-28,TRUE
312435,BoSY,Grade 7,3-level,54,28,-26,TRUE
312435,BoSY,Grade 8,2-level,50,9,-41,TRUE
312435,BoSY,Grade 8,3-level,50,41,-9,TRUE
312435,BoSY,Grade 9,2-level,27,12,-15,TRUE
312435,BoSY,Grade 9,3-level,27,14,-13,TRUE
312435,EoSY,Grade 10,eosy,34,34,0,FALSE
312435,EoSY,Grade 7,eosy,53,53,0,FALSE
312435,EoSY,Grade 8,eosy,49,49,0,FALSE
312435,EoSY,Grade 9,eosy,27,27,0,FALSE
312450,BoSY,Grade 10,2-level,95,49,-46,TRUE
312450,BoSY,Grade 10,3-level,95,38,-57,TRUE
312450,BoSY,Grade 7,2-level,124,46,-78,TRUE
312450,BoSY,Grade 7,3-level,124,73,-51,TRUE
312450,BoSY,Grade 8,2-level,96,50,-46,TRUE
312450,BoSY,Grade 8,3-level,96,46,-50,TRUE
312450,BoSY,Grade 9,2-level,72,38,-34,TRUE
312450,BoSY,Grade 9,3-level,72,29,-43,TRUE
312450,EoSY,Grade 10,eosy,88,88,0,FALSE
312450,EoSY,Grade 7,eosy,80,80,0,FALSE
312450,EoSY,Grade 8,eosy,96,96,0,FALSE
312450,EoSY,Grade 9,eosy,73,73,0,FALSE
312451,BoSY,Grade 10,2-level,57,8,-49,TRUE
312451,BoSY,Grade 10,3-level,57,4,-53,TRUE
312451,BoSY,Grade 7,2-level,88,17,-71,TRUE
312451,BoSY,Grade 7,3-level,88,11,-77,TRUE
312451,BoSY,Grade 8,2-level,86,18,-68,TRUE
312451,BoSY,Grade 8,3-level,86,3,-83,TRUE
312451,BoSY,Grade 9,2-level,45,12,-33,TRUE
312451,BoSY,Grade 9,3-level,45,3,-42,TRUE
312451,EoSY,Grade 10,eosy,55,55,0,FALSE
312451,EoSY,Grade 7,eosy,75,75,0,FALSE
312451,EoSY,Grade 8,eosy,77,77,0,FALSE
312451,EoSY,Grade 9,eosy,44,44,0,FALSE
312462,BoSY,Grade 10,2-level,14,3,-11,TRUE
312462,BoSY,Grade 10,3-level,14,11,-3,TRUE
312462,BoSY,Grade 7,2-level,16,5,-11,TRUE
312462,BoSY,Grade 7,3-level,16,11,-5,TRUE
312462,BoSY,Grade 8,2-level,18,2,-16,TRUE
312462,BoSY,Grade 8,3-level,18,16,-2,TRUE
312462,BoSY,Grade 9,2-level,23,9,-14,TRUE
312462,BoSY,Grade 9,3-level,23,14,-9,TRUE
312462,EoSY,Grade 10,eosy,15,15,0,FALSE
312462,EoSY,Grade 7,eosy,18,18,0,FALSE
312462,EoSY,Grade 8,eosy,20,20,0,FALSE
312462,EoSY,Grade 9,eosy,26,26,0,FALSE
312481,BoSY,Grade 10,2-level,174,65,-109,TRUE
312481,BoSY,Grade 10,3-level,174,74,-100,TRUE
312481,BoSY,Grade 7,2-level,199,110,-89,TRUE
312481,BoSY,Grade 7,3-level,199,50,-149,TRUE
312481,BoSY,Grade 8,2-level,180,66,-114,TRUE
312481,BoSY,Grade 8,3-level,180,94,-86,TRUE
312481,BoSY,Grade 9,2-level,174,61,-113,TRUE
312481,BoSY,Grade 9,3-level,174,81,-93,TRUE
312481,EoSY,Grade 10,eosy,150,150,0,FALSE
312481,EoSY,Grade 7,eosy,199,199,0,FALSE
312481,EoSY,Grade 8,eosy,180,180,0,FALSE
312481,EoSY,Grade 9,eosy,175,175,0,FALSE
312910,BoSY,Grade 10,2-level,76,36,-40,TRUE
312910,BoSY,Grade 10,3-level,76,21,-55,TRUE
312910,BoSY,Grade 7,2-level,194,72,-122,TRUE
312910,BoSY,Grade 7,3-level,194,94,-100,TRUE
312910,BoSY,Grade 8,2-level,148,21,-127,TRUE
312910,BoSY,Grade 8,3-level,148,110,-38,TRUE
312910,BoSY,Grade 9,2-level,101,50,-51,TRUE
312910,BoSY,Grade 9,3-level,101,39,-62,TRUE
312910,EoSY,Grade 10,eosy,72,72,0,FALSE
312910,EoSY,Grade 7,eosy,182,182,0,FALSE
312910,EoSY,Grade 8,eosy,141,141,0,FALSE
312910,EoSY,Grade 9,eosy,97,97,0,FALSE
312953,BoSY,Grade 10,2-level,38,3,-35,TRUE
312953,BoSY,Grade 10,3-level,38,0,-38,TRUE
312953,BoSY,Grade 7,2-level,46,20,-26,TRUE
312953,BoSY,Grade 7,3-level,46,7,-39,TRUE
312953,BoSY,Grade 8,2-level,22,3,-19,TRUE
312953,BoSY,Grade 8,3-level,22,0,-22,TRUE
312953,BoSY,Grade 9,2-level,23,6,-17,TRUE
312953,BoSY,Grade 9,3-level,23,0,-23,TRUE
312953,EoSY,Grade 10,eosy,34,34,0,FALSE
312953,EoSY,Grade 7,eosy,39,39,0,FALSE
312953,EoSY,Grade 8,eosy,19,19,0,FALSE
312953,EoSY,Grade 9,eosy,18,18,0,FALSE
312960,BoSY,Grade 10,2-level,42,3,-39,TRUE
312960,BoSY,Grade 10,3-level,42,33,-9,TRUE
312960,BoSY,Grade 7,2-level,71,5,-66,TRUE
312960,BoSY,Grade 7,3-level,71,62,-9,TRUE
312960,BoSY,Grade 8,2-level,61,4,-57,TRUE
312960,BoSY,Grade 8,3-level,61,50,-11,TRUE
312960,BoSY,Grade 9,2-level,76,7,-69,TRUE
312960,BoSY,Grade 9,3-level,76,61,-15,TRUE
312960,EoSY,Grade 10,eosy,33,33,0,FALSE
312960,EoSY,Grade 7,eosy,60,60,0,FALSE
312960,EoSY,Grade 8,eosy,55,55,0,FALSE
312960,EoSY,Grade 9,eosy,70,70,0,FALSE
316301,BoSY,Grade 10,2-level,121,84,-37,TRUE
316301,BoSY,Grade 10,3-level,121,21,-100,TRUE
316301,BoSY,Grade 7,2-level,198,118,-80,TRUE
316301,BoSY,Grade 7,3-level,198,46,-152,TRUE
316301,BoSY,Grade 8,2-level,178,120,-58,TRUE
316301,BoSY,Grade 8,3-level,178,37,-141,TRUE
316301,BoSY,Grade 9,2-level,137,54,-83,TRUE
316301,BoSY,Grade 9,3-level,137,81,-56,TRUE
316301,EoSY,Grade 10,eosy,115,115,0,FALSE
316301,EoSY,Grade 7,eosy,186,186,0,FALSE
316301,EoSY,Grade 8,eosy,159,159,0,FALSE
316301,EoSY,Grade 9,eosy,140,140,0,FALSE
316303,BoSY,Grade 10,2-level,51,25,-26,TRUE
316303,BoSY,Grade 10,3-level,51,13,-38,TRUE
316303,BoSY,Grade 7,2-level,71,45,-26,TRUE
316303,BoSY,Grade 7,3-level,71,17,-54,TRUE
316303,BoSY,Grade 8,2-level,45,24,-21,TRUE
316303,BoSY,Grade 8,3-level,45,11,-34,TRUE
316303,BoSY,Grade 9,2-level,45,28,-17,TRUE
316303,BoSY,Grade 9,3-level,45,10,-35,TRUE
316303,EoSY,Grade 10,eosy,33,33,0,FALSE
316303,EoSY,Grade 7,eosy,55,55,0,FALSE
316303,EoSY,Grade 8,eosy,33,33,0,FALSE
316303,EoSY,Grade 9,eosy,34,34,0,FALSE
316304,BoSY,Grade 10,2-level,67,38,-29,TRUE
316304,BoSY,Grade 10,3-level,67,15,-52,TRUE
316304,BoSY,Grade 7,2-level,101,35,-66,TRUE
316304,BoSY,Grade 7,3-level,101,66,-35,TRUE
316304,BoSY,Grade 8,2-level,97,57,-40,TRUE
316304,BoSY,Grade 8,3-level,97,40,-57,TRUE
316304,BoSY,Grade 9,2-level,62,32,-30,TRUE
316304,BoSY,Grade 9,3-level,62,30,-32,TRUE
316304,EoSY,Grade 10,eosy,69,69,0,FALSE
316304,EoSY,Grade 7,eosy,93,93,0,FALSE
316304,EoSY,Grade 8,eosy,94,94,0,FALSE
316304,EoSY,Grade 9,eosy,55,55,0,FALSE
316404,BoSY,Grade 10,2-level,35,12,-23,TRUE
316404,BoSY,Grade 10,3-level,35,23,-12,TRUE
316404,BoSY,Grade 7,2-level,63,7,-56,TRUE
316404,BoSY,Grade 7,3-level,63,56,-7,TRUE
316404,BoSY,Grade 8,2-level,60,21,-39,TRUE
316404,BoSY,Grade 8,3-level,60,39,-21,TRUE
316404,BoSY,Grade 9,2-level,55,19,-36,TRUE
316404,BoSY,Grade 9,3-level,55,36,-19,TRUE
316404,EoSY,Grade 10,eosy,34,34,0,FALSE
316404,EoSY,Grade 7,eosy,63,63,0,FALSE
316404,EoSY,Grade 8,eosy,56,56,0,FALSE
316404,EoSY,Grade 9,eosy,56,56,0,FALSE
316405,BoSY,Grade 10,2-level,109,53,-56,TRUE
316405,BoSY,Grade 10,3-level,109,53,-56,TRUE
316405,BoSY,Grade 7,2-level,166,35,-131,TRUE
316405,BoSY,Grade 7,3-level,166,131,-35,TRUE
316405,BoSY,Grade 8,2-level,164,24,-140,TRUE
316405,BoSY,Grade 8,3-level,164,140,-24,TRUE
316405,BoSY,Grade 9,2-level,90,22,-68,TRUE
316405,BoSY,Grade 9,3-level,90,66,-24,TRUE
316405,EoSY,Grade 10,eosy,112,112,0,FALSE
316405,EoSY,Grade 7,eosy,166,166,0,FALSE
316405,EoSY,Grade 8,eosy,161,161,0,FALSE
316405,EoSY,Grade 9,eosy,88,88,0,FALSE
319604,BoSY,Grade 10,2-level,295,42,-253,TRUE
319604,BoSY,Grade 10,3-level,295,14,-281,TRUE
319604,BoSY,Grade 7,2-level,395,52,-343,TRUE
319604,BoSY,Grade 7,3-level,395,15,-380,TRUE
319604,BoSY,Grade 8,2-level,335,82,-253,TRUE
319604,BoSY,Grade 8,3-level,335,77,-258,TRUE
319604,BoSY,Grade 9,2-level,341,25,-316,TRUE
319604,BoSY,Grade 9,3-level,341,15,-326,TRUE
319604,EoSY,Grade 10,eosy,10,10,0,FALSE
319604,EoSY,Grade 7,eosy,69,69,0,FALSE
319604,EoSY,Grade 8,eosy,71,71,0,FALSE
319604,EoSY,Grade 9,eosy,69,69,0,FALSE
320202,BoSY,Grade 10,2-level,132,31,-101,TRUE
320202,BoSY,Grade 10,3-level,132,101,-31,TRUE
320202,BoSY,Grade 7,2-level,161,34,-127,TRUE
320202,BoSY,Grade 7,3-level,161,127,-34,TRUE
320202,BoSY,Grade 8,2-level,163,41,-122,TRUE
320202,BoSY,Grade 8,3-level,163,120,-43,TRUE
320202,BoSY,Grade 9,2-level,116,53,-63,TRUE
320202,BoSY,Grade 9,3-level,116,51,-65,TRUE
320202,EoSY,Grade 10,eosy,121,121,0,FALSE
320202,EoSY,Grade 7,eosy,150,150,0,FALSE
320202,EoSY,Grade 8,eosy,138,138,0,FALSE
320202,EoSY,Grade 9,eosy,130,130,0,FALSE
320204,BoSY,Grade 10,2-level,473,185,-288,TRUE
320204,BoSY,Grade 10,3-level,473,282,-191,TRUE
320204,BoSY,Grade 7,2-level,595,162,-433,TRUE
320204,BoSY,Grade 7,3-level,595,431,-164,TRUE
320204,BoSY,Grade 8,2-level,535,135,-400,TRUE
320204,BoSY,Grade 8,3-level,535,390,-145,TRUE
320204,BoSY,Grade 9,2-level,560,173,-387,TRUE
320204,BoSY,Grade 9,3-level,560,379,-181,TRUE
320204,EoSY,Grade 10,eosy,500,500,0,FALSE
320204,EoSY,Grade 7,eosy,569,569,0,FALSE
320204,EoSY,Grade 8,eosy,504,504,0,FALSE
320204,EoSY,Grade 9,eosy,523,523,0,FALSE
320306,BoSY,Grade 10,2-level,740,272,-468,TRUE
320306,BoSY,Grade 10,3-level,740,445,-295,TRUE
320306,BoSY,Grade 7,2-level,878,274,-604,TRUE
320306,BoSY,Grade 7,3-level,878,595,-283,TRUE
320306,BoSY,Grade 8,2-level,882,217,-665,TRUE
320306,BoSY,Grade 8,3-level,882,662,-220,TRUE
320306,BoSY,Grade 9,2-level,694,322,-372,TRUE
320306,BoSY,Grade 9,3-level,694,350,-344,TRUE
320306,EoSY,Grade 10,eosy,692,692,0,FALSE
320306,EoSY,Grade 7,eosy,863,863,0,FALSE
320306,EoSY,Grade 8,eosy,869,869,0,FALSE
320306,EoSY,Grade 9,eosy,668,668,0,FALSE
320606,BoSY,Grade 10,2-level,361,138,-223,TRUE
320606,BoSY,Grade 10,3-level,361,218,-143,TRUE
320606,BoSY,Grade 7,2-level,315,155,-160,TRUE
320606,BoSY,Grade 7,3-level,315,152,-163,TRUE
320606,BoSY,Grade 8,2-level,423,163,-260,TRUE
320606,BoSY,Grade 8,3-level,423,257,-166,TRUE
320606,BoSY,Grade 9,2-level,333,185,-148,TRUE
320606,BoSY,Grade 9,3-level,333,140,-193,TRUE
320606,EoSY,Grade 10,eosy,356,356,0,FALSE
320606,EoSY,Grade 7,eosy,307,307,0,FALSE
320606,EoSY,Grade 8,eosy,420,420,0,FALSE
320606,EoSY,Grade 9,eosy,325,325,0,FALSE
324903,BoSY,Grade 10,2-level,28,8,-20,TRUE
324903,BoSY,Grade 10,3-level,28,20,-8,TRUE
324903,BoSY,Grade 7,2-level,44,26,-18,TRUE
324903,BoSY,Grade 7,3-level,44,16,-28,TRUE
324903,BoSY,Grade 8,2-level,33,4,-29,TRUE
324903,BoSY,Grade 8,3-level,33,29,-4,TRUE
324903,BoSY,Grade 9,2-level,21,5,-16,TRUE
324903,BoSY,Grade 9,3-level,21,16,-5,TRUE
324903,EoSY,Grade 10,eosy,27,27,0,FALSE
324903,EoSY,Grade 7,eosy,41,41,0,FALSE
324903,EoSY,Grade 8,eosy,32,32,0,FALSE
324903,EoSY,Grade 9,eosy,23,23,0,FALSE
325303,BoSY,Grade 10,2-level,93,46,-47,TRUE
325303,BoSY,Grade 10,3-level,93,46,-47,TRUE
325303,BoSY,Grade 7,2-level,85,12,-73,TRUE
325303,BoSY,Grade 7,3-level,85,73,-12,TRUE
325303,BoSY,Grade 8,2-level,60,40,-20,TRUE
325303,BoSY,Grade 8,3-level,60,19,-41,TRUE
325303,BoSY,Grade 9,2-level,54,24,-30,TRUE
325303,BoSY,Grade 9,3-level,54,27,-27,TRUE
325303,EoSY,Grade 10,eosy,82,82,0,FALSE
325303,EoSY,Grade 7,eosy,77,77,0,FALSE
325303,EoSY,Grade 8,eosy,56,56,0,FALSE
325303,EoSY,Grade 9,eosy,52,52,0,FALSE
340567,BoSY,Grade 10,2-level,229,163,-66,TRUE
340567,BoSY,Grade 10,3-level,229,64,-165,TRUE
340567,BoSY,Grade 7,2-level,267,34,-233,TRUE
340567,BoSY,Grade 7,3-level,267,233,-34,TRUE
340567,BoSY,Grade 8,2-level,235,125,-110,TRUE
340567,BoSY,Grade 8,3-level,235,82,-153,TRUE
340567,BoSY,Grade 9,2-level,205,117,-88,TRUE
340567,BoSY,Grade 9,3-level,205,77,-128,TRUE
340567,EoSY,Grade 10,eosy,192,192,0,FALSE
340567,EoSY,Grade 7,eosy,246,246,0,FALSE
340567,EoSY,Grade 8,eosy,237,237,0,FALSE
340567,EoSY,Grade 9,eosy,188,188,0,FALSE
500034,BoSY,Grade 10,2-level,23,0,-23,TRUE
500034,BoSY,Grade 10,3-level,23,23,0,FALSE
500034,BoSY,Grade 7,2-level,37,0,-37,TRUE
500034,BoSY,Grade 7,3-level,37,37,0,FALSE
500034,BoSY,Grade 8,2-level,36,0,-36,TRUE
500034,BoSY,Grade 8,3-level,36,36,0,FALSE
500034,BoSY,Grade 9,2-level,29,0,-29,TRUE
500034,BoSY,Grade 9,3-level,29,29,0,FALSE
500034,EoSY,Grade 10,eosy,24,24,0,FALSE
500034,EoSY,Grade 7,eosy,19,19,0,FALSE
500034,EoSY,Grade 8,eosy,42,42,0,FALSE
500034,EoSY,Grade 9,eosy,32,32,0,FALSE
500163,BoSY,Grade 10,2-level,68,29,-39,TRUE
500163,BoSY,Grade 10,3-level,68,18,-50,TRUE
500163,BoSY,Grade 7,2-level,76,29,-47,TRUE
500163,BoSY,Grade 7,3-level,76,20,-56,TRUE
500163,BoSY,Grade 8,2-level,78,27,-51,TRUE
500163,BoSY,Grade 8,3-level,78,23,-55,TRUE
500163,BoSY,Grade 9,2-level,66,30,-36,TRUE
500163,BoSY,Grade 9,3-level,66,10,-56,TRUE
500163,EoSY,Grade 10,eosy,69,69,0,FALSE
500163,EoSY,Grade 7,eosy,74,74,0,FALSE
500163,EoSY,Grade 8,eosy,89,89,0,FALSE
500163,EoSY,Grade 9,eosy,64,64,0,FALSE
500165,BoSY,Grade 10,2-level,39,15,-24,TRUE
500165,BoSY,Grade 10,3-level,39,24,-15,TRUE
500165,BoSY,Grade 7,2-level,51,5,-46,TRUE
500165,BoSY,Grade 7,3-level,51,46,-5,TRUE
500165,BoSY,Grade 8,2-level,49,11,-38,TRUE
500165,BoSY,Grade 8,3-level,49,38,-11,TRUE
500165,BoSY,Grade 9,2-level,43,12,-31,TRUE
500165,BoSY,Grade 9,3-level,43,31,-12,TRUE
500165,EoSY,Grade 10,eosy,34,34,0,FALSE
500165,EoSY,Grade 7,eosy,47,47,0,FALSE
500165,EoSY,Grade 8,eosy,43,43,0,FALSE
500165,EoSY,Grade 9,eosy,39,39,0,FALSE
500167,BoSY,Grade 10,2-level,56,23,-33,TRUE
500167,BoSY,Grade 10,3-level,56,33,-23,TRUE
500167,BoSY,Grade 7,2-level,60,10,-50,TRUE
500167,BoSY,Grade 7,3-level,60,50,-10,TRUE
500167,BoSY,Grade 8,2-level,63,5,-58,TRUE
500167,BoSY,Grade 8,3-level,63,58,-5,TRUE
500167,BoSY,Grade 9,2-level,60,44,-16,TRUE
500167,BoSY,Grade 9,3-level,60,16,-44,TRUE
500167,EoSY,Grade 10,eosy,55,55,0,FALSE
500167,EoSY,Grade 7,eosy,68,68,0,FALSE
500167,EoSY,Grade 8,eosy,69,69,0,FALSE
500167,EoSY,Grade 9,eosy,57,57,0,FALSE
500168,BoSY,Grade 10,2-level,70,27,-43,TRUE
500168,BoSY,Grade 10,3-level,70,24,-46,TRUE
500168,BoSY,Grade 7,2-level,90,23,-67,TRUE
500168,BoSY,Grade 7,3-level,90,15,-75,TRUE
500168,BoSY,Grade 8,2-level,78,23,-55,TRUE
500168,BoSY,Grade 8,3-level,78,14,-64,TRUE
500168,BoSY,Grade 9,2-level,57,16,-41,TRUE
500168,BoSY,Grade 9,3-level,57,21,-36,TRUE
500168,EoSY,Grade 10,eosy,24,24,0,FALSE
500168,EoSY,Grade 7,eosy,18,18,0,FALSE
500168,EoSY,Grade 8,eosy,17,17,0,FALSE
500168,EoSY,Grade 9,eosy,21,21,0,FALSE
500208,BoSY,Grade 10,2-level,14,9,-5,TRUE
500208,BoSY,Grade 10,3-level,14,5,-9,TRUE
500208,BoSY,Grade 7,2-level,19,7,-12,TRUE
500208,BoSY,Grade 7,3-level,19,12,-7,TRUE
500208,BoSY,Grade 8,2-level,13,4,-9,TRUE
500208,BoSY,Grade 8,3-level,13,9,-4,TRUE
500208,BoSY,Grade 9,2-level,14,5,-9,TRUE
500208,BoSY,Grade 9,3-level,14,9,-5,TRUE
500208,EoSY,Grade 10,eosy,15,15,0,FALSE
500208,EoSY,Grade 7,eosy,19,19,0,FALSE
500208,EoSY,Grade 8,eosy,13,13,0,FALSE
500208,EoSY,Grade 9,eosy,15,15,0,FALSE
500221,BoSY,Grade 10,2-level,31,10,-21,TRUE
500221,BoSY,Grade 10,3-level,31,20,-11,TRUE
500221,BoSY,Grade 7,2-level,22,11,-11,TRUE
500221,BoSY,Grade 7,3-level,22,10,-12,TRUE
500221,BoSY,Grade 8,2-level,25,9,-16,TRUE
500221,BoSY,Grade 8,3-level,25,16,-9,TRUE
500221,BoSY,Grade 9,2-level,18,10,-8,TRUE
500221,BoSY,Grade 9,3-level,18,7,-11,TRUE
500221,EoSY,Grade 10,eosy,23,23,0,FALSE
500221,EoSY,Grade 7,eosy,24,24,0,FALSE
500221,EoSY,Grade 8,eosy,25,25,0,FALSE
500221,EoSY,Grade 9,eosy,20,20,0,FALSE
500332,BoSY,Grade 10,2-level,398,254,-144,TRUE
500332,BoSY,Grade 10,3-level,398,104,-294,TRUE
500332,BoSY,Grade 7,2-level,316,147,-169,TRUE
500332,BoSY,Grade 7,3-level,316,165,-151,TRUE
500332,BoSY,Grade 8,2-level,323,117,-206,TRUE
500332,BoSY,Grade 8,3-level,323,160,-163,TRUE
500332,BoSY,Grade 9,2-level,278,100,-178,TRUE
500332,BoSY,Grade 9,3-level,278,58,-220,TRUE
500332,EoSY,Grade 10,eosy,385,385,0,FALSE
500332,EoSY,Grade 7,eosy,293,293,0,FALSE
500332,EoSY,Grade 8,eosy,287,287,0,FALSE
500332,EoSY,Grade 9,eosy,226,226,0,FALSE
500339,BoSY,Grade 10,2-level,371,163,-208,TRUE
500339,BoSY,Grade 10,3-level,371,196,-175,TRUE
500339,BoSY,Grade 7,2-level,369,165,-204,TRUE
500339,BoSY,Grade 7,3-level,369,195,-174,TRUE
500339,BoSY,Grade 8,2-level,391,120,-271,TRUE
500339,BoSY,Grade 8,3-level,391,256,-135,TRUE
500339,BoSY,Grade 9,2-level,332,137,-195,TRUE
500339,BoSY,Grade 9,3-level,332,156,-176,TRUE
500339,EoSY,Grade 10,eosy,349,349,0,FALSE
500339,EoSY,Grade 7,eosy,348,348,0,FALSE
500339,EoSY,Grade 8,eosy,379,379,0,FALSE
500339,EoSY,Grade 9,eosy,314,314,0,FALSE
500421,BoSY,Grade 10,2-level,124,30,-94,TRUE
500421,BoSY,Grade 10,3-level,124,94,-30,TRUE
500421,BoSY,Grade 7,2-level,113,25,-88,TRUE
500421,BoSY,Grade 7,3-level,113,48,-65,TRUE
500421,BoSY,Grade 8,2-level,113,35,-78,TRUE
500421,BoSY,Grade 8,3-level,113,55,-58,TRUE
500421,BoSY,Grade 9,2-level,80,45,-35,TRUE
500421,BoSY,Grade 9,3-level,80,35,-45,TRUE
500421,EoSY,Grade 10,eosy,112,112,0,FALSE
500421,EoSY,Grade 7,eosy,77,77,0,FALSE
500421,EoSY,Grade 8,eosy,75,75,0,FALSE
500421,EoSY,Grade 9,eosy,49,49,0,FALSE
500447,BoSY,Grade 10,2-level,45,17,-28,TRUE
500447,BoSY,Grade 10,3-level,45,28,-17,TRUE
500447,BoSY,Grade 7,2-level,72,20,-52,TRUE
500447,BoSY,Grade 7,3-level,72,50,-22,TRUE
500447,BoSY,Grade 8,2-level,64,10,-54,TRUE
500447,BoSY,Grade 8,3-level,64,54,-10,TRUE
500447,BoSY,Grade 9,2-level,45,28,-17,TRUE
500447,BoSY,Grade 9,3-level,45,16,-29,TRUE
500447,EoSY,Grade 10,eosy,31,31,0,FALSE
500447,EoSY,Grade 7,eosy,54,54,0,FALSE
500447,EoSY,Grade 8,eosy,48,48,0,FALSE
500447,EoSY,Grade 9,eosy,36,36,0,FALSE
500565,BoSY,Grade 10,2-level,901,384,-517,TRUE
500565,BoSY,Grade 10,3-level,901,328,-573,TRUE
500565,BoSY,Grade 7,2-level,947,364,-583,TRUE
500565,BoSY,Grade 7,3-level,947,573,-374,TRUE
500565,BoSY,Grade 8,2-level,879,343,-536,TRUE
500565,BoSY,Grade 8,3-level,879,507,-372,TRUE
500565,BoSY,Grade 9,2-level,709,383,-326,TRUE
500565,BoSY,Grade 9,3-level,709,309,-400,TRUE
500565,EoSY,Grade 10,eosy,685,685,0,FALSE
500565,EoSY,Grade 7,eosy,876,876,0,FALSE
500565,EoSY,Grade 8,eosy,834,834,0,FALSE
500565,EoSY,Grade 9,eosy,673,673,0,FALSE
500566,BoSY,Grade 10,2-level,635,204,-431,TRUE
500566,BoSY,Grade 10,3-level,635,408,-227,TRUE
500566,BoSY,Grade 7,2-level,713,288,-425,TRUE
500566,BoSY,Grade 7,3-level,713,253,-460,TRUE
500566,BoSY,Grade 8,2-level,709,147,-562,TRUE
500566,BoSY,Grade 8,3-level,709,561,-148,TRUE
500566,BoSY,Grade 9,2-level,660,403,-257,TRUE
500566,BoSY,Grade 9,3-level,660,226,-434,TRUE
500566,EoSY,Grade 10,eosy,651,651,0,FALSE
500566,EoSY,Grade 7,eosy,700,700,0,FALSE
500566,EoSY,Grade 8,eosy,584,584,0,FALSE
500566,EoSY,Grade 9,eosy,628,628,0,FALSE
500665,BoSY,Grade 10,2-level,75,15,-60,TRUE
500665,BoSY,Grade 10,3-level,75,59,-16,TRUE
500665,BoSY,Grade 7,2-level,107,17,-90,TRUE
500665,BoSY,Grade 7,3-level,107,89,-18,TRUE
500665,BoSY,Grade 8,2-level,92,14,-78,TRUE
500665,BoSY,Grade 8,3-level,92,78,-14,TRUE
500665,BoSY,Grade 9,2-level,63,23,-40,TRUE
500665,BoSY,Grade 9,3-level,63,40,-23,TRUE
500665,EoSY,Grade 10,eosy,72,72,0,FALSE
500665,EoSY,Grade 7,eosy,102,102,0,FALSE
500665,EoSY,Grade 8,eosy,86,86,0,FALSE
500665,EoSY,Grade 9,eosy,62,62,0,FALSE
500667,BoSY,Grade 10,2-level,50,23,-27,TRUE
500667,BoSY,Grade 10,3-level,50,27,-23,TRUE
500667,BoSY,Grade 7,2-level,72,19,-53,TRUE
500667,BoSY,Grade 7,3-level,72,53,-19,TRUE
500667,BoSY,Grade 8,2-level,50,26,-24,TRUE
500667,BoSY,Grade 8,3-level,50,24,-26,TRUE
500667,BoSY,Grade 9,2-level,32,15,-17,TRUE
500667,BoSY,Grade 9,3-level,32,17,-15,TRUE
500667,EoSY,Grade 10,eosy,51,51,0,FALSE
500667,EoSY,Grade 7,eosy,70,70,0,FALSE
500667,EoSY,Grade 8,eosy,48,48,0,FALSE
500667,EoSY,Grade 9,eosy,31,31,0,FALSE
500671,BoSY,Grade 10,2-level,35,10,-25,TRUE
500671,BoSY,Grade 10,3-level,35,24,-11,TRUE
500671,BoSY,Grade 7,2-level,28,17,-11,TRUE
500671,BoSY,Grade 7,3-level,28,11,-17,TRUE
500671,BoSY,Grade 8,2-level,33,24,-9,TRUE
500671,BoSY,Grade 8,3-level,33,9,-24,TRUE
500671,BoSY,Grade 9,2-level,30,24,-6,TRUE
500671,BoSY,Grade 9,3-level,30,6,-24,TRUE
500671,EoSY,Grade 10,eosy,34,34,0,FALSE
500671,EoSY,Grade 7,eosy,27,27,0,FALSE
500671,EoSY,Grade 8,eosy,34,34,0,FALSE
500671,EoSY,Grade 9,eosy,25,25,0,FALSE
500744,BoSY,Grade 10,2-level,41,12,-29,TRUE
500744,BoSY,Grade 10,3-level,41,5,-36,TRUE
500744,BoSY,Grade 7,2-level,55,34,-21,TRUE
500744,BoSY,Grade 7,3-level,55,13,-42,TRUE
500744,BoSY,Grade 8,2-level,40,20,-20,TRUE
500744,BoSY,Grade 8,3-level,40,8,-32,TRUE
500744,BoSY,Grade 9,2-level,34,16,-18,TRUE
500744,BoSY,Grade 9,3-level,34,8,-26,TRUE
500744,EoSY,Grade 10,eosy,38,38,0,FALSE
500744,EoSY,Grade 7,eosy,56,56,0,FALSE
500744,EoSY,Grade 8,eosy,39,39,0,FALSE
500744,EoSY,Grade 9,eosy,34,34,0,FALSE
500768,BoSY,Grade 10,2-level,84,24,-60,TRUE
500768,BoSY,Grade 10,3-level,84,7,-77,TRUE
500768,BoSY,Grade 7,2-level,83,28,-55,TRUE
500768,BoSY,Grade 7,3-level,83,7,-76,TRUE
500768,BoSY,Grade 8,2-level,88,27,-61,TRUE
500768,BoSY,Grade 8,3-level,88,3,-85,TRUE
500768,BoSY,Grade 9,2-level,68,18,-50,TRUE
500768,BoSY,Grade 9,3-level,68,1,-67,TRUE
500768,EoSY,Grade 10,eosy,33,33,0,FALSE
500768,EoSY,Grade 7,eosy,30,30,0,FALSE
500768,EoSY,Grade 8,eosy,33,33,0,FALSE
500768,EoSY,Grade 9,eosy,18,18,0,FALSE
500782,BoSY,Grade 10,2-level,221,112,-109,TRUE
500782,BoSY,Grade 10,3-level,221,103,-118,TRUE
500782,BoSY,Grade 7,2-level,291,131,-160,TRUE
500782,BoSY,Grade 7,3-level,291,157,-134,TRUE
500782,BoSY,Grade 8,2-level,247,107,-140,TRUE
500782,BoSY,Grade 8,3-level,247,137,-110,TRUE
500782,BoSY,Grade 9,2-level,191,139,-52,TRUE
500782,BoSY,Grade 9,3-level,191,51,-140,TRUE
500782,EoSY,Grade 10,eosy,213,213,0,FALSE
500782,EoSY,Grade 7,eosy,286,286,0,FALSE
500782,EoSY,Grade 8,eosy,244,244,0,FALSE
500782,EoSY,Grade 9,eosy,188,188,0,FALSE
500784,BoSY,Grade 10,2-level,10,8,-2,TRUE
500784,BoSY,Grade 10,3-level,10,2,-8,TRUE
500784,BoSY,Grade 7,2-level,24,5,-19,TRUE
500784,BoSY,Grade 7,3-level,24,19,-5,TRUE
500784,BoSY,Grade 8,2-level,19,1,-18,TRUE
500784,BoSY,Grade 8,3-level,19,18,-1,TRUE
500784,BoSY,Grade 9,2-level,7,3,-4,TRUE
500784,BoSY,Grade 9,3-level,7,4,-3,TRUE
500784,EoSY,Grade 10,eosy,10,10,0,FALSE
500784,EoSY,Grade 7,eosy,21,21,0,FALSE
500784,EoSY,Grade 8,eosy,17,17,0,FALSE
500784,EoSY,Grade 9,eosy,9,9,0,FALSE
500787,BoSY,Grade 10,2-level,49,24,-25,TRUE
500787,BoSY,Grade 10,3-level,49,18,-31,TRUE
500787,BoSY,Grade 7,2-level,49,22,-27,TRUE
500787,BoSY,Grade 7,3-level,49,27,-22,TRUE
500787,BoSY,Grade 8,2-level,57,22,-35,TRUE
500787,BoSY,Grade 8,3-level,57,31,-26,TRUE
500787,BoSY,Grade 9,2-level,42,21,-21,TRUE
500787,BoSY,Grade 9,3-level,42,18,-24,TRUE
500787,EoSY,Grade 10,eosy,49,49,0,FALSE
500787,EoSY,Grade 7,eosy,51,51,0,FALSE
500787,EoSY,Grade 8,eosy,54,54,0,FALSE
500787,EoSY,Grade 9,eosy,42,42,0,FALSE
500894,BoSY,Grade 10,2-level,86,52,-34,TRUE
500894,BoSY,Grade 10,3-level,86,26,-60,TRUE
500894,BoSY,Grade 7,2-level,101,50,-51,TRUE
500894,BoSY,Grade 7,3-level,101,35,-66,TRUE
500894,BoSY,Grade 8,2-level,120,48,-72,TRUE
500894,BoSY,Grade 8,3-level,120,21,-99,TRUE
500894,BoSY,Grade 9,2-level,94,42,-52,TRUE
500894,BoSY,Grade 9,3-level,94,40,-54,TRUE
500894,EoSY,Grade 10,eosy,74,74,0,FALSE
500894,EoSY,Grade 7,eosy,102,102,0,FALSE
500894,EoSY,Grade 8,eosy,116,116,0,FALSE
500894,EoSY,Grade 9,eosy,88,88,0,FALSE
501020,BoSY,Grade 10,2-level,25,4,-21,TRUE
501020,BoSY,Grade 10,3-level,25,21,-4,TRUE
501020,BoSY,Grade 7,2-level,33,6,-27,TRUE
501020,BoSY,Grade 7,3-level,33,27,-6,TRUE
501020,BoSY,Grade 8,2-level,30,2,-28,TRUE
501020,BoSY,Grade 8,3-level,30,28,-2,TRUE
501020,BoSY,Grade 9,2-level,28,12,-16,TRUE
501020,BoSY,Grade 9,3-level,28,16,-12,TRUE
501020,EoSY,Grade 10,eosy,25,25,0,FALSE
501020,EoSY,Grade 7,eosy,33,33,0,FALSE
501020,EoSY,Grade 8,eosy,25,25,0,FALSE
501020,EoSY,Grade 9,eosy,28,28,0,FALSE
501065,BoSY,Grade 10,2-level,110,71,-39,TRUE
501065,BoSY,Grade 10,3-level,110,16,-94,TRUE
501065,BoSY,Grade 7,2-level,141,59,-82,TRUE
501065,BoSY,Grade 7,3-level,141,78,-63,TRUE
501065,BoSY,Grade 8,2-level,122,62,-60,TRUE
501065,BoSY,Grade 8,3-level,122,59,-63,TRUE
501065,BoSY,Grade 9,2-level,115,83,-32,TRUE
501065,BoSY,Grade 9,3-level,115,23,-92,TRUE
501065,EoSY,Grade 10,eosy,87,87,0,FALSE
501065,EoSY,Grade 7,eosy,137,137,0,FALSE
501065,EoSY,Grade 8,eosy,121,121,0,FALSE
501065,EoSY,Grade 9,eosy,106,106,0,FALSE
501071,BoSY,Grade 10,2-level,22,4,-18,TRUE
501071,BoSY,Grade 10,3-level,22,18,-4,TRUE
501071,BoSY,Grade 7,2-level,25,9,-16,TRUE
501071,BoSY,Grade 7,3-level,25,15,-10,TRUE
501071,BoSY,Grade 8,2-level,28,2,-26,TRUE
501071,BoSY,Grade 8,3-level,28,22,-6,TRUE
501071,BoSY,Grade 9,2-level,16,4,-12,TRUE
501071,BoSY,Grade 9,3-level,16,12,-4,TRUE
501071,EoSY,Grade 10,eosy,17,17,0,FALSE
501071,EoSY,Grade 7,eosy,14,14,0,FALSE
501071,EoSY,Grade 8,eosy,24,24,0,FALSE
501071,EoSY,Grade 9,eosy,16,16,0,FALSE
501074,BoSY,Grade 10,2-level,41,5,-36,TRUE
501074,BoSY,Grade 10,3-level,41,34,-7,TRUE
501074,BoSY,Grade 7,2-level,58,14,-44,TRUE
501074,BoSY,Grade 7,3-level,58,44,-14,TRUE
501074,BoSY,Grade 8,2-level,39,6,-33,TRUE
501074,BoSY,Grade 8,3-level,39,33,-6,TRUE
501074,BoSY,Grade 9,2-level,32,3,-29,TRUE
501074,BoSY,Grade 9,3-level,32,29,-3,TRUE
501074,EoSY,Grade 10,eosy,46,46,0,FALSE
501074,EoSY,Grade 7,eosy,73,73,0,FALSE
501074,EoSY,Grade 8,eosy,65,65,0,FALSE
501074,EoSY,Grade 9,eosy,41,41,0,FALSE
501076,BoSY,Grade 10,2-level,13,1,-12,TRUE
501076,BoSY,Grade 10,3-level,13,12,-1,TRUE
501076,BoSY,Grade 7,2-level,13,0,-13,TRUE
501076,BoSY,Grade 7,3-level,13,13,0,FALSE
501076,BoSY,Grade 8,2-level,12,1,-11,TRUE
501076,BoSY,Grade 8,3-level,12,11,-1,TRUE
501076,BoSY,Grade 9,2-level,11,0,-11,TRUE
501076,BoSY,Grade 9,3-level,11,11,0,FALSE
501076,EoSY,Grade 10,eosy,10,10,0,FALSE
501076,EoSY,Grade 7,eosy,14,14,0,FALSE
501076,EoSY,Grade 8,eosy,10,10,0,FALSE
501076,EoSY,Grade 9,eosy,8,8,0,FALSE
501267,BoSY,Grade 10,2-level,26,6,-20,TRUE
501267,BoSY,Grade 10,3-level,26,10,-16,TRUE
501267,BoSY,Grade 7,2-level,42,10,-32,TRUE
501267,BoSY,Grade 7,3-level,42,21,-21,TRUE
501267,BoSY,Grade 8,2-level,32,9,-23,TRUE
501267,BoSY,Grade 8,3-level,32,12,-20,TRUE
501267,BoSY,Grade 9,2-level,22,8,-14,TRUE
501267,BoSY,Grade 9,3-level,22,10,-12,TRUE
501267,EoSY,Grade 10,eosy,14,14,0,FALSE
501267,EoSY,Grade 7,eosy,12,12,0,FALSE
501267,EoSY,Grade 8,eosy,13,13,0,FALSE
501267,EoSY,Grade 9,eosy,14,14,0,FALSE
501305,BoSY,Grade 10,2-level,32,15,-17,TRUE
501305,BoSY,Grade 10,3-level,32,0,-32,TRUE
501305,BoSY,Grade 7,2-level,31,9,-22,TRUE
501305,BoSY,Grade 7,3-level,31,22,-9,TRUE
501305,BoSY,Grade 8,2-level,34,5,-29,TRUE
501305,BoSY,Grade 8,3-level,34,29,-5,TRUE
501305,BoSY,Grade 9,2-level,28,16,-12,TRUE
501305,BoSY,Grade 9,3-level,28,12,-16,TRUE
501305,EoSY,Grade 10,eosy,31,31,0,FALSE
501305,EoSY,Grade 7,eosy,31,31,0,FALSE
501305,EoSY,Grade 8,eosy,32,32,0,FALSE
501305,EoSY,Grade 9,eosy,28,28,0,FALSE
501351,BoSY,Grade 10,2-level,63,16,-47,TRUE
501351,BoSY,Grade 10,3-level,63,43,-20,TRUE
501351,BoSY,Grade 7,2-level,79,26,-53,TRUE
501351,BoSY,Grade 7,3-level,79,53,-26,TRUE
501351,BoSY,Grade 8,2-level,63,22,-41,TRUE
501351,BoSY,Grade 8,3-level,63,41,-22,TRUE
501351,BoSY,Grade 9,2-level,51,14,-37,TRUE
501351,BoSY,Grade 9,3-level,51,36,-15,TRUE
501351,EoSY,Grade 10,eosy,54,54,0,FALSE
501351,EoSY,Grade 7,eosy,74,74,0,FALSE
501351,EoSY,Grade 8,eosy,58,58,0,FALSE
501351,EoSY,Grade 9,eosy,49,49,0,FALSE
501404,BoSY,Grade 10,2-level,15,9,-6,TRUE
501404,BoSY,Grade 10,3-level,15,3,-12,TRUE
501404,BoSY,Grade 7,2-level,18,10,-8,TRUE
501404,BoSY,Grade 7,3-level,18,6,-12,TRUE
501404,BoSY,Grade 8,2-level,33,15,-18,TRUE
501404,BoSY,Grade 8,3-level,33,13,-20,TRUE
501404,BoSY,Grade 9,2-level,28,14,-14,TRUE
501404,BoSY,Grade 9,3-level,28,10,-18,TRUE
501404,EoSY,Grade 10,eosy,11,11,0,FALSE
501404,EoSY,Grade 7,eosy,16,16,0,FALSE
501404,EoSY,Grade 8,eosy,28,28,0,FALSE
501404,EoSY,Grade 9,eosy,24,24,0,FALSE
501405,BoSY,Grade 10,2-level,47,40,-7,TRUE
501405,BoSY,Grade 10,3-level,47,7,-40,TRUE
501405,BoSY,Grade 7,2-level,65,30,-35,TRUE
501405,BoSY,Grade 7,3-level,65,34,-31,TRUE
501405,BoSY,Grade 8,2-level,75,42,-33,TRUE
501405,BoSY,Grade 8,3-level,75,27,-48,TRUE
501405,BoSY,Grade 9,2-level,38,19,-19,TRUE
501405,BoSY,Grade 9,3-level,38,15,-23,TRUE
501405,EoSY,Grade 10,eosy,46,46,0,FALSE
501405,EoSY,Grade 7,eosy,65,65,0,FALSE
501405,EoSY,Grade 8,eosy,75,75,0,FALSE
501405,EoSY,Grade 9,eosy,37,37,0,FALSE
501429,BoSY,Grade 10,2-level,66,33,-33,TRUE
501429,BoSY,Grade 10,3-level,66,28,-38,TRUE
501429,BoSY,Grade 7,2-level,57,29,-28,TRUE
501429,BoSY,Grade 7,3-level,57,26,-31,TRUE
501429,BoSY,Grade 8,2-level,62,30,-32,TRUE
501429,BoSY,Grade 8,3-level,62,28,-34,TRUE
501429,BoSY,Grade 9,2-level,56,29,-27,TRUE
501429,BoSY,Grade 9,3-level,56,23,-33,TRUE
501429,EoSY,Grade 10,eosy,66,66,0,FALSE
501429,EoSY,Grade 7,eosy,60,60,0,FALSE
501429,EoSY,Grade 8,eosy,57,57,0,FALSE
501429,EoSY,Grade 9,eosy,55,55,0,FALSE
501544,BoSY,Grade 10,2-level,82,9,-73,TRUE
501544,BoSY,Grade 10,3-level,82,73,-9,TRUE
501544,BoSY,Grade 7,2-level,72,15,-57,TRUE
501544,BoSY,Grade 7,3-level,72,57,-15,TRUE
501544,BoSY,Grade 8,2-level,66,10,-56,TRUE
501544,BoSY,Grade 8,3-level,66,56,-10,TRUE
501544,BoSY,Grade 9,2-level,70,11,-59,TRUE
501544,BoSY,Grade 9,3-level,70,59,-11,TRUE
501544,EoSY,Grade 10,eosy,80,80,0,FALSE
501544,EoSY,Grade 7,eosy,67,67,0,FALSE
501544,EoSY,Grade 8,eosy,60,60,0,FALSE
501544,EoSY,Grade 9,eosy,65,65,0,FALSE
501635,BoSY,Grade 10,2-level,58,40,-18,TRUE
501635,BoSY,Grade 10,3-level,58,1,-57,TRUE
501635,BoSY,Grade 7,2-level,62,34,-28,TRUE
501635,BoSY,Grade 7,3-level,62,9,-53,TRUE
501635,BoSY,Grade 8,2-level,80,35,-45,TRUE
501635,BoSY,Grade 8,3-level,80,31,-49,TRUE
501635,BoSY,Grade 9,2-level,52,39,-13,TRUE
501635,BoSY,Grade 9,3-level,52,1,-51,TRUE
501635,EoSY,Grade 10,eosy,60,60,0,FALSE
501635,EoSY,Grade 7,eosy,77,77,0,FALSE
501635,EoSY,Grade 8,eosy,76,76,0,FALSE
501635,EoSY,Grade 9,eosy,52,52,0,FALSE
501763,BoSY,Grade 10,2-level,19,0,-19,TRUE
501763,BoSY,Grade 10,3-level,19,19,0,FALSE
501763,BoSY,Grade 7,2-level,45,0,-45,TRUE
501763,BoSY,Grade 7,3-level,45,45,0,FALSE
501763,BoSY,Grade 8,2-level,56,0,-56,TRUE
501763,BoSY,Grade 8,3-level,56,56,0,FALSE
501763,BoSY,Grade 9,2-level,24,0,-24,TRUE
501763,BoSY,Grade 9,3-level,24,24,0,FALSE
501763,EoSY,Grade 10,eosy,19,19,0,FALSE
501763,EoSY,Grade 7,eosy,44,44,0,FALSE
501763,EoSY,Grade 8,eosy,57,57,0,FALSE
501763,EoSY,Grade 9,eosy,23,23,0,FALSE
501843,BoSY,Grade 10,2-level,16,16,0,FALSE
501843,BoSY,Grade 10,3-level,16,0,-16,TRUE
501843,BoSY,Grade 7,2-level,40,27,-13,TRUE
501843,BoSY,Grade 7,3-level,40,13,-27,TRUE
501843,BoSY,Grade 8,2-level,45,32,-13,TRUE
501843,BoSY,Grade 8,3-level,45,13,-32,TRUE
501843,BoSY,Grade 9,2-level,37,23,-14,TRUE
501843,BoSY,Grade 9,3-level,37,14,-23,TRUE
501843,EoSY,Grade 10,eosy,19,19,0,FALSE
501843,EoSY,Grade 7,eosy,40,40,0,FALSE
501843,EoSY,Grade 8,eosy,46,46,0,FALSE
501843,EoSY,Grade 9,eosy,37,37,0,FALSE
501903,BoSY,Grade 10,2-level,23,5,-18,TRUE
501903,BoSY,Grade 10,3-level,23,18,-5,TRUE
501903,BoSY,Grade 7,2-level,30,5,-25,TRUE
501903,BoSY,Grade 7,3-level,30,25,-5,TRUE
501903,BoSY,Grade 8,2-level,40,2,-38,TRUE
501903,BoSY,Grade 8,3-level,40,38,-2,TRUE
501903,BoSY,Grade 9,2-level,17,1,-16,TRUE
501903,BoSY,Grade 9,3-level,17,16,-1,TRUE
501903,EoSY,Grade 10,eosy,25,25,0,FALSE
501903,EoSY,Grade 7,eosy,31,31,0,FALSE
501903,EoSY,Grade 8,eosy,37,37,0,FALSE
501903,EoSY,Grade 9,eosy,17,17,0,FALSE
502186,BoSY,Grade 10,2-level,14,4,-10,TRUE
502186,BoSY,Grade 10,3-level,14,10,-4,TRUE
502186,BoSY,Grade 7,2-level,19,2,-17,TRUE
502186,BoSY,Grade 7,3-level,19,17,-2,TRUE
502186,BoSY,Grade 8,2-level,19,0,-19,TRUE
502186,BoSY,Grade 8,3-level,19,19,0,FALSE
502186,BoSY,Grade 9,2-level,8,2,-6,TRUE
502186,BoSY,Grade 9,3-level,8,6,-2,TRUE
502186,EoSY,Grade 10,eosy,14,14,0,FALSE
502186,EoSY,Grade 7,eosy,19,19,0,FALSE
502186,EoSY,Grade 8,eosy,18,18,0,FALSE
502186,EoSY,Grade 9,eosy,8,8,0,FALSE
502477,BoSY,Grade 10,2-level,0,0,0,FALSE
502477,BoSY,Grade 10,3-level,0,0,0,FALSE
502477,BoSY,Grade 7,2-level,26,20,-6,TRUE
502477,BoSY,Grade 7,3-level,26,5,-21,TRUE
502477,BoSY,Grade 8,2-level,34,28,-6,TRUE
502477,BoSY,Grade 8,3-level,34,4,-30,TRUE
502477,BoSY,Grade 9,2-level,22,15,-7,TRUE
502477,BoSY,Grade 9,3-level,22,2,-20,TRUE
502477,EoSY,Grade 10,eosy,0,0,0,FALSE
502477,EoSY,Grade 7,eosy,27,27,0,FALSE
502477,EoSY,Grade 8,eosy,32,32,0,FALSE
502477,EoSY,Grade 9,eosy,18,18,0,FALSE
502615,BoSY,Grade 10,2-level,0,0,0,FALSE
502615,BoSY,Grade 10,3-level,0,0,0,FALSE
502615,BoSY,Grade 7,2-level,22,5,-17,TRUE
502615,BoSY,Grade 7,3-level,22,17,-5,TRUE
502615,BoSY,Grade 8,2-level,22,10,-12,TRUE
502615,BoSY,Grade 8,3-level,22,12,-10,TRUE
502615,BoSY,Grade 9,2-level,12,4,-8,TRUE
502615,BoSY,Grade 9,3-level,12,8,-4,TRUE
502615,EoSY,Grade 10,eosy,0,0,0,FALSE
502615,EoSY,Grade 7,eosy,3,3,0,FALSE
502615,EoSY,Grade 8,eosy,0,0,0,FALSE
502615,EoSY,Grade 9,eosy,0,0,0,FALSE
