school_id,region_code,full_division_code,full_municipality_code,treatment_status,time_point,grade,level_group,reading_category,student_count,english_assessed,percent_of_english_assessed
309906,5,508,50811,Treatment,BoSY,Grade 7,2-level,frustration,31,130,23.846153846153847
309934,5,508,50806,Treatment,BoSY,Grade 7,2-level,frustration,2,43,4.651162790697675
301871,5,501,50107,Treatment,BoSY,Grade 7,2-level,frustration,1,73,1.36986301369863
302134,5,508,50804,Treatment,BoSY,Grade 7,2-level,frustration,12,169,7.100591715976331
302117,5,508,50803,Treatment,BoSY,Grade 7,2-level,frustration,0,92,0
309909,5,508,50801,Treatment,BoSY,Grade 7,2-level,frustration,0,127,0
309915,5,508,50801,Treatment,BoSY,Grade 7,2-level,frustration,5,51,9.803921568627452
501544,5,508,50815,Treatment,BoSY,Grade 7,2-level,frustration,7,72,9.722222222222221
301887,5,502,50205,Treatment,BoSY,Grade 7,2-level,frustration,17,98,17.346938775510203
302175,5,508,50820,Treatment,BoSY,Grade 7,2-level,frustration,10,126,7.936507936507937
302146,5,508,50812,Treatment,BoSY,Grade 7,2-level,frustration,2,150,1.3333333333333333
309921,5,508,50805,Treatment,BoSY,Grade 7,2-level,frustration,0,97,0
302254,5,505,50501,Control,BoSY,Grade 7,2-level,frustration,12,93,12.903225806451612
309513,5,501,50112,Control,BoSY,Grade 7,2-level,frustration,0,122,0
500163,5,508,50801,Control,BoSY,Grade 7,2-level,frustration,6,76,7.894736842105263
302058,5,503,50333,Control,BoSY,Grade 7,2-level,frustration,3,99,3.0303030303030303
302192,5,511,51103,Control,BoSY,Grade 7,2-level,frustration,51,286,17.832167832167833
302227,5,511,51105,Control,BoSY,Grade 7,2-level,frustration,7,76,9.210526315789474
302252,5,505,50501,Control,BoSY,Grade 7,2-level,frustration,7,98,7.142857142857143
309914,5,508,50806,Control,BoSY,Grade 7,2-level,frustration,0,230,0
309711,5,503,50317,Control,BoSY,Grade 7,2-level,frustration,1,64,1.5625
301817,5,507,50701,Control,BoSY,Grade 7,2-level,frustration,0,114,0
302165,5,508,50816,Control,BoSY,Grade 7,2-level,frustration,8,92,8.695652173913043
301974,5,503,50311,Treatment,BoSY,Grade 7,2-level,frustration,5,82,6.097560975609756
302256,5,505,50501,Control,BoSY,Grade 7,2-level,frustration,3,115,2.608695652173913
301834,5,501,50106,Control,BoSY,Grade 7,2-level,frustration,21,165,12.727272727272727
309760,5,503,50306,Control,BoSY,Grade 7,2-level,frustration,1,34,2.9411764705882355
309936,5,508,50819,Control,BoSY,Grade 7,2-level,frustration,8,56,14.285714285714286
302203,5,511,51102,Control,BoSY,Grade 7,2-level,frustration,10,81,12.345679012345679
302011,5,503,50314,Control,BoSY,Grade 7,2-level,frustration,19,229,8.296943231441048
500168,5,505,50501,Control,BoSY,Grade 7,2-level,frustration,5,90,5.555555555555555
301947,5,503,50306,Control,BoSY,Grade 7,2-level,frustration,65,312,20.833333333333332
309941,5,508,50812,Control,BoSY,Grade 7,2-level,frustration,27,244,11.065573770491802
301839,5,501,50111,Control,BoSY,Grade 7,2-level,frustration,3,90,3.3333333333333335
501843,5,508,50818,Treatment,BoSY,Grade 7,2-level,frustration,3,40,7.5
302111,5,508,50801,Control,BoSY,Grade 7,2-level,frustration,0,496,0
302133,5,509,50901,Control,BoSY,Grade 7,2-level,frustration,5,174,2.8735632183908044
301990,5,503,50317,Control,BoSY,Grade 7,2-level,frustration,2,64,3.125
309937,5,508,50819,Control,BoSY,Grade 7,2-level,frustration,10,80,12.5
302241,5,511,51105,Control,BoSY,Grade 7,2-level,frustration,10,170,5.882352941176471
500167,5,505,50501,Control,BoSY,Grade 7,2-level,frustration,3,60,5
309764,5,503,50320,Control,BoSY,Grade 7,2-level,frustration,5,40,12.5
302205,5,511,51106,Control,BoSY,Grade 7,2-level,frustration,0,136,0
302014,5,503,50302,Control,BoSY,Grade 7,2-level,frustration,0,159,0
309740,5,503,50315,Control,BoSY,Grade 7,2-level,frustration,1,37,2.7027027027027026
309741,5,503,50315,Control,BoSY,Grade 7,2-level,frustration,5,117,4.273504273504273
302161,5,508,50803,Treatment,BoSY,Grade 7,2-level,frustration,10,100,10
302113,5,508,50818,Treatment,BoSY,Grade 7,2-level,frustration,10,100,10
302127,5,508,50817,Control,BoSY,Grade 7,2-level,frustration,5,49,10.204081632653061
301899,5,502,50205,Control,BoSY,Grade 7,2-level,frustration,0,132,0
309509,5,501,50113,Control,BoSY,Grade 7,2-level,frustration,13,89,14.606741573033707
309903,5,508,50816,Control,BoSY,Grade 7,2-level,frustration,27,103,26.21359223300971
301995,5,503,50310,Control,BoSY,Grade 7,2-level,frustration,9,63,14.285714285714286
309702,5,503,50325,Control,BoSY,Grade 7,2-level,frustration,10,257,3.8910505836575875
501020,5,503,50310,Control,BoSY,Grade 7,2-level,frustration,0,33,0
309743,5,503,50332,Control,BoSY,Grade 7,2-level,frustration,16,115,13.91304347826087
301816,5,501,50101,Control,BoSY,Grade 7,2-level,frustration,31,122,25.40983606557377
302054,5,503,50315,Control,BoSY,Grade 7,2-level,frustration,11,112,9.821428571428571
301862,5,507,50701,Control,BoSY,Grade 7,2-level,frustration,17,247,6.882591093117409
502477,5,501,50108,Control,BoSY,Grade 7,2-level,frustration,0,26,0
302283,5,513,51301,Control,BoSY,Grade 7,2-level,frustration,42,333,12.612612612612613
301900,5,502,50206,Control,BoSY,Grade 7,2-level,frustration,0,71,0
302123,5,508,50808,Control,BoSY,Grade 7,2-level,frustration,0,81,0
309512,5,501,50110,Control,BoSY,Grade 7,2-level,frustration,1,50,2
302284,5,513,51301,Control,BoSY,Grade 7,2-level,frustration,7,181,3.867403314917127
500034,5,508,50819,Control,BoSY,Grade 7,2-level,frustration,0,37,0
302043,5,503,50305,Control,BoSY,Grade 7,2-level,frustration,23,213,10.7981220657277
302182,5,511,51107,Control,BoSY,Grade 7,2-level,frustration,15,90,16.666666666666668
301986,5,503,50334,Control,BoSY,Grade 7,2-level,frustration,37,206,17.961165048543688
302109,5,508,50817,Control,BoSY,Grade 7,2-level,frustration,15,240,6.25
302061,5,503,50311,Control,BoSY,Grade 7,2-level,frustration,2,82,2.4390243902439024
309931,5,508,50802,Control,BoSY,Grade 7,2-level,frustration,2,87,2.2988505747126435
301984,5,503,50331,Control,BoSY,Grade 7,2-level,frustration,6,225,2.6666666666666665
302156,5,508,50803,Control,BoSY,Grade 7,2-level,frustration,17,101,16.831683168316832
309705,5,503,50330,Control,BoSY,Grade 7,2-level,frustration,4,87,4.597701149425287
500165,5,508,50804,Control,BoSY,Grade 7,2-level,frustration,1,51,1.9607843137254901
301930,5,503,50328,Control,BoSY,Grade 7,2-level,frustration,4,99,4.040404040404041
302177,5,508,50806,Control,BoSY,Grade 7,2-level,frustration,7,114,6.140350877192983
302282,5,513,51301,Control,BoSY,Grade 7,2-level,frustration,20,328,6.097560975609756
502615,5,508,50802,Control,BoSY,Grade 7,2-level,frustration,2,22,9.090909090909092
302263,5,506,50601,Control,BoSY,Grade 7,2-level,frustration,10,66,15.151515151515152
301826,5,501,50103,Control,BoSY,Grade 7,2-level,frustration,3,56,5.357142857142857
305750,5,513,51301,Control,BoSY,Grade 7,2-level,frustration,0,66,0
301870,5,501,50110,Control,BoSY,Grade 7,2-level,frustration,8,124,6.451612903225806
302039,5,503,50316,Control,BoSY,Grade 7,2-level,frustration,28,322,8.695652173913043
301868,5,501,50112,Control,BoSY,Grade 7,2-level,frustration,10,227,4.405286343612334
301963,5,503,50316,Control,BoSY,Grade 7,2-level,frustration,11,219,5.0228310502283104
340567,15,1505,150501,Treatment,BoSY,Grade 7,2-level,frustration,11,267,4.119850187265918
320606,15,1515,151502,Treatment,BoSY,Grade 7,2-level,frustration,29,315,9.206349206349206
320202,15,1511,151101,Treatment,BoSY,Grade 7,2-level,frustration,20,161,12.422360248447205
305310,15,1507,150703,Treatment,BoSY,Grade 7,2-level,frustration,49,304,16.11842105263158
305418,15,1513,151301,Treatment,BoSY,Grade 7,2-level,frustration,109,1277,8.535630383711824
500565,15,1515,151502,Treatment,BoSY,Grade 7,2-level,frustration,103,947,10.876451953537487
301258,4,413,41308,Treatment,BoSY,Grade 7,2-level,frustration,88,548,16.05839416058394
301214,4,411,41101,Treatment,BoSY,Grade 7,2-level,frustration,4,646,0.6191950464396285
301497,4,414,41401,Treatment,BoSY,Grade 7,2-level,frustration,29,444,6.531531531531532
305411,15,1515,151502,Treatment,BoSY,Grade 7,2-level,frustration,73,693,10.533910533910534
305420,15,1513,151301,Treatment,BoSY,Grade 7,2-level,frustration,66,1407,4.690831556503198
301231,4,413,41302,Control,BoSY,Grade 7,2-level,frustration,23,236,9.745762711864407
301188,4,402,40201,Control,BoSY,Grade 7,2-level,frustration,58,714,8.123249299719888
307913,4,413,41309,Control,BoSY,Grade 7,2-level,frustration,25,351,7.122507122507122
500566,15,1507,150710,Control,BoSY,Grade 7,2-level,frustration,109,713,15.287517531556801
305453,15,1510,151001,Control,BoSY,Grade 7,2-level,frustration,24,891,2.6936026936026938
305311,15,1507,150702,Control,BoSY,Grade 7,2-level,frustration,6,288,2.0833333333333335
301425,4,401,40101,Control,BoSY,Grade 7,2-level,frustration,264,1052,25.09505703422053
301202,4,408,40812,Control,BoSY,Grade 7,2-level,frustration,10,432,2.314814814814815
305412,15,1515,151502,Control,BoSY,Grade 7,2-level,frustration,109,1188,9.175084175084175
308105,4,417,41703,Control,BoSY,Grade 7,2-level,frustration,42,906,4.635761589403973
305341,15,1514,151401,Control,BoSY,Grade 7,2-level,frustration,60,1278,4.694835680751174
319604,15,1512,151201,Control,BoSY,Grade 7,2-level,frustration,16,395,4.050632911392405
305568,15,1516,151601,Control,BoSY,Grade 7,2-level,frustration,58,469,12.366737739872068
305434,15,1503,150301,Control,BoSY,Grade 7,2-level,frustration,55,967,5.687693898655636
301464,4,417,41710,Control,BoSY,Grade 7,2-level,frustration,29,651,4.45468509984639
305461,15,1515,151502,Control,BoSY,Grade 7,2-level,frustration,208,327,63.608562691131496
305384,15,1501,150101,Control,BoSY,Grade 7,2-level,frustration,12,490,2.4489795918367347
301143,4,421,42101,Control,BoSY,Grade 7,2-level,frustration,122,1302,9.370199692780337
305340,15,1514,151401,Control,BoSY,Grade 7,2-level,frustration,72,1372,5.247813411078718
305302,15,1507,150709,Treatment,BoSY,Grade 7,2-level,frustration,110,1136,9.683098591549296
308103,4,417,41712,Control,BoSY,Grade 7,2-level,frustration,16,406,3.9408866995073892
308130,4,417,41711,Control,BoSY,Grade 7,2-level,frustration,29,184,15.76086956521739
301227,4,420,42001,Control,BoSY,Grade 7,2-level,frustration,15,1520,0.9868421052631579
305334,15,1514,151401,Control,BoSY,Grade 7,2-level,frustration,12,605,1.9834710743801653
305367,15,1512,151201,Control,BoSY,Grade 7,2-level,frustration,0,1192,0
305635,15,1514,151401,Control,BoSY,Grade 7,2-level,frustration,57,515,11.067961165048544
301218,4,408,40814,Control,BoSY,Grade 7,2-level,frustration,21,2259,0.9296148738379814
308501,4,415,41501,Control,BoSY,Grade 7,2-level,frustration,21,724,2.9005524861878453
500332,15,1506,150601,Control,BoSY,Grade 7,2-level,frustration,38,316,12.025316455696203
305471,15,1509,150901,Control,BoSY,Grade 7,2-level,frustration,26,1010,2.5742574257425743
305376,15,1501,150101,Treatment,BoSY,Grade 7,2-level,frustration,4,890,0.449438202247191
301432,4,417,41705,Control,BoSY,Grade 7,2-level,frustration,77,662,11.63141993957704
305459,15,1515,151502,Control,BoSY,Grade 7,2-level,frustration,26,960,2.7083333333333335
305313,15,1507,150708,Control,BoSY,Grade 7,2-level,frustration,116,653,17.76416539050536
301186,4,410,41001,Control,BoSY,Grade 7,2-level,frustration,25,2124,1.177024482109228
301184,4,410,41001,Control,BoSY,Grade 7,2-level,frustration,0,1318,0
305295,15,1507,150710,Control,BoSY,Grade 7,2-level,frustration,40,1345,2.973977695167286
301416,4,422,42201,Control,BoSY,Grade 7,2-level,frustration,0,207,0
305450,15,1505,150501,Treatment,BoSY,Grade 7,2-level,frustration,152,482,31.53526970954357
301403,4,416,41606,Control,BoSY,Grade 7,2-level,frustration,35,584,5.993150684931507
301451,4,417,41708,Control,BoSY,Grade 7,2-level,frustration,30,370,8.108108108108109
305338,15,1514,151401,Control,BoSY,Grade 7,2-level,frustration,85,856,9.929906542056075
301257,4,413,41312,Control,BoSY,Grade 7,2-level,frustration,87,2100,4.142857142857143
305416,15,1513,151301,Control,BoSY,Grade 7,2-level,frustration,72,1038,6.936416184971098
305337,15,1514,151401,Control,BoSY,Grade 7,2-level,frustration,463,2523,18.351169242964726
305353,15,1514,151401,Control,BoSY,Grade 7,2-level,frustration,35,394,8.883248730964468
301197,4,408,40812,Control,BoSY,Grade 7,2-level,frustration,6,442,1.3574660633484164
301236,4,413,41308,Treatment,BoSY,Grade 7,2-level,frustration,30,341,8.79765395894428
305444,15,1516,151601,Control,BoSY,Grade 7,2-level,frustration,89,463,19.22246220302376
320306,15,1503,150301,Control,BoSY,Grade 7,2-level,frustration,25,878,2.847380410022779
301489,4,414,41401,Control,BoSY,Grade 7,2-level,frustration,21,403,5.2109181141439205
301507,4,418,41801,Control,BoSY,Grade 7,2-level,frustration,8,130,6.153846153846154
301456,4,417,41710,Control,BoSY,Grade 7,2-level,frustration,76,619,12.277867528271406
301238,4,413,41303,Control,BoSY,Grade 7,2-level,frustration,56,621,9.017713365539452
305438,15,1516,151601,Control,BoSY,Grade 7,2-level,frustration,69,908,7.599118942731278
305324,15,1514,151401,Control,BoSY,Grade 7,2-level,frustration,37,270,13.703703703703704
305454,15,1510,151001,Control,BoSY,Grade 7,2-level,frustration,2,139,1.4388489208633093
308122,4,417,41708,Control,BoSY,Grade 7,2-level,frustration,91,236,38.559322033898304
301508,4,418,41801,Control,BoSY,Grade 7,2-level,frustration,66,311,21.221864951768488
305465,15,1515,151502,Control,BoSY,Grade 7,2-level,frustration,85,813,10.45510455104551
305428,15,1511,151101,Control,BoSY,Grade 7,2-level,frustration,3,412,0.7281553398058253
301175,4,408,40807,Control,BoSY,Grade 7,2-level,frustration,39,700,5.571428571428571
301437,4,417,41704,Control,BoSY,Grade 7,2-level,frustration,100,1034,9.671179883945841
320204,15,1511,151101,Control,BoSY,Grade 7,2-level,frustration,30,595,5.042016806722689
305447,15,1505,150501,Control,BoSY,Grade 7,2-level,frustration,70,764,9.162303664921465
301438,4,417,41704,Control,BoSY,Grade 7,2-level,frustration,40,538,7.434944237918216
308135,4,417,41708,Control,BoSY,Grade 7,2-level,frustration,18,488,3.6885245901639343
301418,4,401,40101,Control,BoSY,Grade 7,2-level,frustration,618,3463,17.84579844065839
305288,15,1507,150710,Control,BoSY,Grade 7,2-level,frustration,72,704,10.227272727272727
301265,4,413,41301,Control,BoSY,Grade 7,2-level,frustration,46,412,11.16504854368932
305442,15,1516,151601,Control,BoSY,Grade 7,2-level,frustration,48,270,17.77777777777778
500339,15,1505,150501,Control,BoSY,Grade 7,2-level,frustration,49,369,13.279132791327914
305435,15,1503,150301,Control,BoSY,Grade 7,2-level,frustration,31,474,6.540084388185654
308134,4,417,41708,Control,BoSY,Grade 7,2-level,frustration,8,643,1.244167962674961
305452,15,1505,150501,Control,BoSY,Grade 7,2-level,frustration,25,693,3.6075036075036073
312330,7,703,70308,Treatment,BoSY,Grade 7,2-level,frustration,0,88,0
305710,7,703,70302,Treatment,BoSY,Grade 7,2-level,frustration,24,86,27.906976744186046
305655,11,1101,110101,Treatment,BoSY,Grade 7,2-level,frustration,0,27,0
305581,7,703,70303,Treatment,BoSY,Grade 7,2-level,frustration,7,46,15.217391304347826
303130,7,703,70309,Treatment,BoSY,Grade 7,2-level,frustration,7,196,3.5714285714285716
312354,7,703,70309,Treatment,BoSY,Grade 7,2-level,frustration,2,28,7.142857142857143
305849,11,1105,110503,Treatment,BoSY,Grade 7,2-level,frustration,4,37,10.81081081081081
305500,11,1101,110101,Treatment,BoSY,Grade 7,2-level,frustration,0,36,0
312355,7,703,70304,Treatment,BoSY,Grade 7,2-level,frustration,0,38,0
501903,11,1110,111001,Treatment,BoSY,Grade 7,2-level,frustration,0,30,0
500665,7,705,70527,Control,BoSY,Grade 7,2-level,frustration,4,107,3.7383177570093458
312462,7,705,70520,Control,BoSY,Grade 7,2-level,frustration,3,16,18.75
306038,11,1102,110202,Control,BoSY,Grade 7,2-level,frustration,1,33,3.0303030303030303
500221,7,705,70527,Control,BoSY,Grade 7,2-level,frustration,5,22,22.727272727272727
500744,7,708,70801,Control,BoSY,Grade 7,2-level,frustration,5,55,9.090909090909092
305884,11,1101,110101,Control,BoSY,Grade 7,2-level,frustration,16,125,12.8
303170,7,709,70901,Control,BoSY,Grade 7,2-level,frustration,0,51,0
500787,7,708,70801,Control,BoSY,Grade 7,2-level,frustration,1,49,2.0408163265306123
500667,7,705,70528,Control,BoSY,Grade 7,2-level,frustration,0,72,0
501071,11,1101,110101,Control,BoSY,Grade 7,2-level,frustration,0,25,0
303046,7,705,70527,Control,BoSY,Grade 7,2-level,frustration,1,84,1.1904761904761905
325303,7,707,70701,Control,BoSY,Grade 7,2-level,frustration,8,85,9.411764705882353
500208,7,703,70305,Control,BoSY,Grade 7,2-level,frustration,0,19,0
312401,7,705,70525,Control,BoSY,Grade 7,2-level,frustration,0,116,0
303136,7,706,70601,Control,BoSY,Grade 7,2-level,frustration,19,111,17.117117117117118
312435,7,707,70701,Control,BoSY,Grade 7,2-level,frustration,23,54,42.592592592592595
502186,11,1101,110101,Control,BoSY,Grade 7,2-level,frustration,0,19,0
500782,7,708,70801,Control,BoSY,Grade 7,2-level,frustration,8,291,2.7491408934707904
306086,11,1106,110606,Control,BoSY,Grade 7,2-level,frustration,4,18,22.22222222222222
305755,7,705,70529,Control,BoSY,Grade 7,2-level,frustration,46,138,33.333333333333336
305665,11,1101,110101,Control,BoSY,Grade 7,2-level,frustration,0,25,0
501635,7,703,70301,Control,BoSY,Grade 7,2-level,frustration,6,62,9.67741935483871
305843,11,1110,111001,Control,BoSY,Grade 7,2-level,frustration,4,60,6.666666666666667
500894,7,705,70517,Control,BoSY,Grade 7,2-level,frustration,27,101,26.73267326732673
500671,7,705,70506,Control,BoSY,Grade 7,2-level,frustration,10,28,35.714285714285715
305847,11,1105,110503,Control,BoSY,Grade 7,2-level,frustration,4,60,6.666666666666667
500784,7,708,70801,Control,BoSY,Grade 7,2-level,frustration,0,24,0
501267,7,705,70525,Control,BoSY,Grade 7,2-level,frustration,0,42,0
306000,7,705,70525,Control,BoSY,Grade 7,2-level,frustration,5,63,7.936507936507937
305517,11,1106,110608,Control,BoSY,Grade 7,2-level,frustration,7,53,13.20754716981132
305713,7,710,71001,Control,BoSY,Grade 7,2-level,frustration,1,65,1.5384615384615385
500768,7,705,70521,Control,BoSY,Grade 7,2-level,frustration,22,83,26.50602409638554
316303,11,1107,110701,Control,BoSY,Grade 7,2-level,frustration,17,71,23.943661971830984
316304,11,1107,110701,Control,BoSY,Grade 7,2-level,frustration,13,101,12.871287128712872
305506,11,1101,110101,Control,BoSY,Grade 7,2-level,frustration,9,22,40.90909090909091
500421,7,705,70507,Control,BoSY,Grade 7,2-level,frustration,2,113,1.7699115044247788
305681,11,1110,111001,Control,BoSY,Grade 7,2-level,frustration,86,230,37.391304347826086
303186,7,711,71101,Control,BoSY,Grade 7,2-level,frustration,7,145,4.827586206896552
501429,7,714,71402,Control,BoSY,Grade 7,2-level,frustration,18,57,31.57894736842105
305844,11,1103,110303,Control,BoSY,Grade 7,2-level,frustration,3,57,5.2631578947368425
305965,11,1110,111001,Control,BoSY,Grade 7,2-level,frustration,0,114,0
501076,11,1103,110305,Control,BoSY,Grade 7,2-level,frustration,0,13,0
305889,11,1101,110101,Control,BoSY,Grade 7,2-level,frustration,0,61,0
501074,11,1103,110306,Control,BoSY,Grade 7,2-level,frustration,13,58,22.413793103448278
312408,7,705,70530,Control,BoSY,Grade 7,2-level,frustration,19,79,24.050632911392405
501351,7,705,70522,Control,BoSY,Grade 7,2-level,frustration,8,79,10.126582278481013
501404,11,1101,110101,Control,BoSY,Grade 7,2-level,frustration,2,18,11.11111111111111
305660,11,1101,110101,Control,BoSY,Grade 7,2-level,frustration,0,45,0
303219,7,701,70101,Control,BoSY,Grade 7,2-level,frustration,4,141,2.8368794326241136
312450,7,705,70522,Control,BoSY,Grade 7,2-level,frustration,25,124,20.161290322580644
324903,7,704,70401,Control,BoSY,Grade 7,2-level,frustration,16,44,36.36363636363637
501065,11,1101,110101,Control,BoSY,Grade 7,2-level,frustration,4,141,2.8368794326241136
312451,7,705,70532,Control,BoSY,Grade 7,2-level,frustration,5,88,5.681818181818182
501763,11,1103,110305,Control,BoSY,Grade 7,2-level,frustration,0,45,0
316405,11,1110,111001,Control,BoSY,Grade 7,2-level,frustration,14,166,8.433734939759036
316404,11,1110,111001,Control,BoSY,Grade 7,2-level,frustration,6,63,9.523809523809524
316301,11,1107,110701,Control,BoSY,Grade 7,2-level,frustration,0,198,0
312910,7,710,71001,Control,BoSY,Grade 7,2-level,frustration,33,194,17.010309278350515
303011,7,705,70512,Control,BoSY,Grade 7,2-level,frustration,6,59,10.169491525423728
305651,11,1101,110101,Control,BoSY,Grade 7,2-level,frustration,0,35,0
305662,11,1101,110101,Control,BoSY,Grade 7,2-level,frustration,15,52,28.846153846153847
305850,11,1105,110503,Control,BoSY,Grade 7,2-level,frustration,5,32,15.625
312481,7,705,70518,Control,BoSY,Grade 7,2-level,frustration,20,199,10.050251256281408
304409,11,1110,111001,Control,BoSY,Grade 7,2-level,frustration,11,124,8.870967741935484
303246,7,713,71303,Control,BoSY,Grade 7,2-level,frustration,20,183,10.92896174863388
501405,11,1101,110101,Control,BoSY,Grade 7,2-level,frustration,6,65,9.23076923076923
305677,11,1105,110503,Control,BoSY,Grade 7,2-level,frustration,0,59,0
500447,7,708,70801,Control,BoSY,Grade 7,2-level,frustration,13,72,18.055555555555557
501305,7,708,70801,Control,BoSY,Grade 7,2-level,frustration,1,31,3.225806451612903
305917,7,708,70801,Control,BoSY,Grade 7,2-level,frustration,8,24,33.333333333333336
305722,7,703,70304,Control,BoSY,Grade 7,2-level,frustration,0,60,0
312953,7,713,71306,Control,BoSY,Grade 7,2-level,frustration,2,46,4.3478260869565215
305498,11,1101,110101,Control,BoSY,Grade 7,2-level,frustration,0,75,0
305669,11,1101,110101,Control,BoSY,Grade 7,2-level,frustration,1,39,2.5641025641025643
312960,7,710,71002,Control,BoSY,Grade 7,2-level,frustration,2,71,2.816901408450704
309906,5,508,50811,Treatment,BoSY,Grade 7,2-level,instructional,7,130,5.384615384615385
309934,5,508,50806,Treatment,BoSY,Grade 7,2-level,instructional,11,43,25.58139534883721
301871,5,501,50107,Treatment,BoSY,Grade 7,2-level,instructional,2,73,2.73972602739726
302134,5,508,50804,Treatment,BoSY,Grade 7,2-level,instructional,67,169,39.64497041420118
302117,5,508,50803,Treatment,BoSY,Grade 7,2-level,instructional,4,92,4.3478260869565215
309909,5,508,50801,Treatment,BoSY,Grade 7,2-level,instructional,6,127,4.724409448818897
309915,5,508,50801,Treatment,BoSY,Grade 7,2-level,instructional,5,51,9.803921568627452
501544,5,508,50815,Treatment,BoSY,Grade 7,2-level,instructional,8,72,11.11111111111111
301887,5,502,50205,Treatment,BoSY,Grade 7,2-level,instructional,21,98,21.428571428571427
302175,5,508,50820,Treatment,BoSY,Grade 7,2-level,instructional,36,126,28.571428571428573
302146,5,508,50812,Treatment,BoSY,Grade 7,2-level,instructional,3,150,2
309921,5,508,50805,Treatment,BoSY,Grade 7,2-level,instructional,3,97,3.0927835051546393
302254,5,505,50501,Control,BoSY,Grade 7,2-level,instructional,18,93,19.35483870967742
309513,5,501,50112,Control,BoSY,Grade 7,2-level,instructional,4,122,3.278688524590164
500163,5,508,50801,Control,BoSY,Grade 7,2-level,instructional,9,76,11.842105263157896
302058,5,503,50333,Control,BoSY,Grade 7,2-level,instructional,2,99,2.0202020202020203
302192,5,511,51103,Control,BoSY,Grade 7,2-level,instructional,38,286,13.286713286713287
302227,5,511,51105,Control,BoSY,Grade 7,2-level,instructional,0,76,0
302252,5,505,50501,Control,BoSY,Grade 7,2-level,instructional,10,98,10.204081632653061
309914,5,508,50806,Control,BoSY,Grade 7,2-level,instructional,0,230,0
309711,5,503,50317,Control,BoSY,Grade 7,2-level,instructional,2,64,3.125
301817,5,507,50701,Control,BoSY,Grade 7,2-level,instructional,6,114,5.2631578947368425
302165,5,508,50816,Control,BoSY,Grade 7,2-level,instructional,4,92,4.3478260869565215
301974,5,503,50311,Treatment,BoSY,Grade 7,2-level,instructional,14,82,17.073170731707318
302256,5,505,50501,Control,BoSY,Grade 7,2-level,instructional,4,115,3.4782608695652173
301834,5,501,50106,Control,BoSY,Grade 7,2-level,instructional,26,165,15.757575757575758
309760,5,503,50306,Control,BoSY,Grade 7,2-level,instructional,8,34,23.529411764705884
309936,5,508,50819,Control,BoSY,Grade 7,2-level,instructional,3,56,5.357142857142857
302203,5,511,51102,Control,BoSY,Grade 7,2-level,instructional,2,81,2.4691358024691357
302011,5,503,50314,Control,BoSY,Grade 7,2-level,instructional,15,229,6.550218340611353
500168,5,505,50501,Control,BoSY,Grade 7,2-level,instructional,7,90,7.777777777777778
301947,5,503,50306,Control,BoSY,Grade 7,2-level,instructional,38,312,12.179487179487179
309941,5,508,50812,Control,BoSY,Grade 7,2-level,instructional,14,244,5.737704918032787
301839,5,501,50111,Control,BoSY,Grade 7,2-level,instructional,14,90,15.555555555555555
501843,5,508,50818,Treatment,BoSY,Grade 7,2-level,instructional,9,40,22.5
302111,5,508,50801,Control,BoSY,Grade 7,2-level,instructional,42,496,8.46774193548387
302133,5,509,50901,Control,BoSY,Grade 7,2-level,instructional,6,174,3.4482758620689653
301990,5,503,50317,Control,BoSY,Grade 7,2-level,instructional,4,64,6.25
309937,5,508,50819,Control,BoSY,Grade 7,2-level,instructional,12,80,15
302241,5,511,51105,Control,BoSY,Grade 7,2-level,instructional,42,170,24.705882352941178
500167,5,505,50501,Control,BoSY,Grade 7,2-level,instructional,5,60,8.333333333333334
309764,5,503,50320,Control,BoSY,Grade 7,2-level,instructional,0,40,0
302205,5,511,51106,Control,BoSY,Grade 7,2-level,instructional,12,136,8.823529411764707
302014,5,503,50302,Control,BoSY,Grade 7,2-level,instructional,0,159,0
309740,5,503,50315,Control,BoSY,Grade 7,2-level,instructional,1,37,2.7027027027027026
309741,5,503,50315,Control,BoSY,Grade 7,2-level,instructional,6,117,5.128205128205129
302161,5,508,50803,Treatment,BoSY,Grade 7,2-level,instructional,17,100,17
302113,5,508,50818,Treatment,BoSY,Grade 7,2-level,instructional,7,100,7
302127,5,508,50817,Control,BoSY,Grade 7,2-level,instructional,2,49,4.081632653061225
301899,5,502,50205,Control,BoSY,Grade 7,2-level,instructional,4,132,3.0303030303030303
309509,5,501,50113,Control,BoSY,Grade 7,2-level,instructional,29,89,32.58426966292135
309903,5,508,50816,Control,BoSY,Grade 7,2-level,instructional,42,103,40.77669902912621
301995,5,503,50310,Control,BoSY,Grade 7,2-level,instructional,34,63,53.96825396825397
309702,5,503,50325,Control,BoSY,Grade 7,2-level,instructional,13,257,5.058365758754864
501020,5,503,50310,Control,BoSY,Grade 7,2-level,instructional,0,33,0
309743,5,503,50332,Control,BoSY,Grade 7,2-level,instructional,7,115,6.086956521739131
301816,5,501,50101,Control,BoSY,Grade 7,2-level,instructional,6,122,4.918032786885246
302054,5,503,50315,Control,BoSY,Grade 7,2-level,instructional,26,112,23.214285714285715
301862,5,507,50701,Control,BoSY,Grade 7,2-level,instructional,5,247,2.0242914979757085
502477,5,501,50108,Control,BoSY,Grade 7,2-level,instructional,10,26,38.46153846153846
302283,5,513,51301,Control,BoSY,Grade 7,2-level,instructional,13,333,3.903903903903904
301900,5,502,50206,Control,BoSY,Grade 7,2-level,instructional,12,71,16.901408450704224
302123,5,508,50808,Control,BoSY,Grade 7,2-level,instructional,1,81,1.2345679012345678
309512,5,501,50110,Control,BoSY,Grade 7,2-level,instructional,2,50,4
302284,5,513,51301,Control,BoSY,Grade 7,2-level,instructional,4,181,2.2099447513812156
500034,5,508,50819,Control,BoSY,Grade 7,2-level,instructional,0,37,0
302043,5,503,50305,Control,BoSY,Grade 7,2-level,instructional,15,213,7.042253521126761
302182,5,511,51107,Control,BoSY,Grade 7,2-level,instructional,7,90,7.777777777777778
301986,5,503,50334,Control,BoSY,Grade 7,2-level,instructional,13,206,6.310679611650485
302109,5,508,50817,Control,BoSY,Grade 7,2-level,instructional,32,240,13.333333333333334
302061,5,503,50311,Control,BoSY,Grade 7,2-level,instructional,6,82,7.317073170731708
309931,5,508,50802,Control,BoSY,Grade 7,2-level,instructional,3,87,3.4482758620689653
301984,5,503,50331,Control,BoSY,Grade 7,2-level,instructional,14,225,6.222222222222222
302156,5,508,50803,Control,BoSY,Grade 7,2-level,instructional,51,101,50.495049504950494
309705,5,503,50330,Control,BoSY,Grade 7,2-level,instructional,5,87,5.747126436781609
500165,5,508,50804,Control,BoSY,Grade 7,2-level,instructional,1,51,1.9607843137254901
301930,5,503,50328,Control,BoSY,Grade 7,2-level,instructional,8,99,8.080808080808081
302177,5,508,50806,Control,BoSY,Grade 7,2-level,instructional,18,114,15.789473684210526
302282,5,513,51301,Control,BoSY,Grade 7,2-level,instructional,45,328,13.71951219512195
502615,5,508,50802,Control,BoSY,Grade 7,2-level,instructional,1,22,4.545454545454546
302263,5,506,50601,Control,BoSY,Grade 7,2-level,instructional,2,66,3.0303030303030303
301826,5,501,50103,Control,BoSY,Grade 7,2-level,instructional,5,56,8.928571428571429
305750,5,513,51301,Control,BoSY,Grade 7,2-level,instructional,2,66,3.0303030303030303
301870,5,501,50110,Control,BoSY,Grade 7,2-level,instructional,4,124,3.225806451612903
302039,5,503,50316,Control,BoSY,Grade 7,2-level,instructional,18,322,5.590062111801243
301868,5,501,50112,Control,BoSY,Grade 7,2-level,instructional,3,227,1.3215859030837005
301963,5,503,50316,Control,BoSY,Grade 7,2-level,instructional,59,219,26.940639269406393
340567,15,1505,150501,Treatment,BoSY,Grade 7,2-level,instructional,12,267,4.49438202247191
320606,15,1515,151502,Treatment,BoSY,Grade 7,2-level,instructional,83,315,26.349206349206348
320202,15,1511,151101,Treatment,BoSY,Grade 7,2-level,instructional,10,161,6.211180124223603
305310,15,1507,150703,Treatment,BoSY,Grade 7,2-level,instructional,44,304,14.473684210526315
305418,15,1513,151301,Treatment,BoSY,Grade 7,2-level,instructional,134,1277,10.493343774471418
500565,15,1515,151502,Treatment,BoSY,Grade 7,2-level,instructional,125,947,13.199577613516368
301258,4,413,41308,Treatment,BoSY,Grade 7,2-level,instructional,79,548,14.416058394160585
301214,4,411,41101,Treatment,BoSY,Grade 7,2-level,instructional,71,646,10.990712074303406
301497,4,414,41401,Treatment,BoSY,Grade 7,2-level,instructional,88,444,19.81981981981982
305411,15,1515,151502,Treatment,BoSY,Grade 7,2-level,instructional,90,693,12.987012987012987
305420,15,1513,151301,Treatment,BoSY,Grade 7,2-level,instructional,139,1407,9.879175550817342
301231,4,413,41302,Control,BoSY,Grade 7,2-level,instructional,45,236,19.06779661016949
301188,4,402,40201,Control,BoSY,Grade 7,2-level,instructional,118,714,16.526610644257705
307913,4,413,41309,Control,BoSY,Grade 7,2-level,instructional,5,351,1.4245014245014245
500566,15,1507,150710,Control,BoSY,Grade 7,2-level,instructional,149,713,20.897615708274895
305453,15,1510,151001,Control,BoSY,Grade 7,2-level,instructional,147,891,16.4983164983165
305311,15,1507,150702,Control,BoSY,Grade 7,2-level,instructional,27,288,9.375
301425,4,401,40101,Control,BoSY,Grade 7,2-level,instructional,124,1052,11.787072243346008
301202,4,408,40812,Control,BoSY,Grade 7,2-level,instructional,24,432,5.555555555555555
305412,15,1515,151502,Control,BoSY,Grade 7,2-level,instructional,313,1188,26.346801346801346
308105,4,417,41703,Control,BoSY,Grade 7,2-level,instructional,112,906,12.362030905077262
305341,15,1514,151401,Control,BoSY,Grade 7,2-level,instructional,90,1278,7.042253521126761
319604,15,1512,151201,Control,BoSY,Grade 7,2-level,instructional,20,395,5.063291139240507
305568,15,1516,151601,Control,BoSY,Grade 7,2-level,instructional,47,469,10.021321961620469
305434,15,1503,150301,Control,BoSY,Grade 7,2-level,instructional,142,967,14.68459152016546
301464,4,417,41710,Control,BoSY,Grade 7,2-level,instructional,122,651,18.740399385560675
305461,15,1515,151502,Control,BoSY,Grade 7,2-level,instructional,104,327,31.804281345565748
305384,15,1501,150101,Control,BoSY,Grade 7,2-level,instructional,27,490,5.510204081632653
301143,4,421,42101,Control,BoSY,Grade 7,2-level,instructional,296,1302,22.73425499231951
305340,15,1514,151401,Control,BoSY,Grade 7,2-level,instructional,110,1372,8.017492711370263
305302,15,1507,150709,Treatment,BoSY,Grade 7,2-level,instructional,84,1136,7.394366197183099
308103,4,417,41712,Control,BoSY,Grade 7,2-level,instructional,76,406,18.7192118226601
308130,4,417,41711,Control,BoSY,Grade 7,2-level,instructional,68,184,36.95652173913044
301227,4,420,42001,Control,BoSY,Grade 7,2-level,instructional,285,1520,18.75
305334,15,1514,151401,Control,BoSY,Grade 7,2-level,instructional,23,605,3.8016528925619837
305367,15,1512,151201,Control,BoSY,Grade 7,2-level,instructional,139,1192,11.661073825503356
305635,15,1514,151401,Control,BoSY,Grade 7,2-level,instructional,130,515,25.24271844660194
301218,4,408,40814,Control,BoSY,Grade 7,2-level,instructional,498,2259,22.04515272244356
308501,4,415,41501,Control,BoSY,Grade 7,2-level,instructional,88,724,12.154696132596685
500332,15,1506,150601,Control,BoSY,Grade 7,2-level,instructional,56,316,17.72151898734177
305471,15,1509,150901,Control,BoSY,Grade 7,2-level,instructional,160,1010,15.841584158415841
305376,15,1501,150101,Treatment,BoSY,Grade 7,2-level,instructional,95,890,10.674157303370787
301432,4,417,41705,Control,BoSY,Grade 7,2-level,instructional,88,662,13.293051359516616
305459,15,1515,151502,Control,BoSY,Grade 7,2-level,instructional,97,960,10.104166666666666
305313,15,1507,150708,Control,BoSY,Grade 7,2-level,instructional,157,653,24.042879019908117
301186,4,410,41001,Control,BoSY,Grade 7,2-level,instructional,232,2124,10.922787193973635
301184,4,410,41001,Control,BoSY,Grade 7,2-level,instructional,235,1318,17.830045523520486
305295,15,1507,150710,Control,BoSY,Grade 7,2-level,instructional,90,1345,6.691449814126394
301416,4,422,42201,Control,BoSY,Grade 7,2-level,instructional,86,207,41.54589371980676
305450,15,1505,150501,Treatment,BoSY,Grade 7,2-level,instructional,51,482,10.58091286307054
301403,4,416,41606,Control,BoSY,Grade 7,2-level,instructional,112,584,19.17808219178082
301451,4,417,41708,Control,BoSY,Grade 7,2-level,instructional,13,370,3.5135135135135136
305338,15,1514,151401,Control,BoSY,Grade 7,2-level,instructional,98,856,11.448598130841122
301257,4,413,41312,Control,BoSY,Grade 7,2-level,instructional,412,2100,19.61904761904762
305416,15,1513,151301,Control,BoSY,Grade 7,2-level,instructional,132,1038,12.716763005780347
305337,15,1514,151401,Control,BoSY,Grade 7,2-level,instructional,495,2523,19.619500594530322
305353,15,1514,151401,Control,BoSY,Grade 7,2-level,instructional,46,394,11.6751269035533
301197,4,408,40812,Control,BoSY,Grade 7,2-level,instructional,63,442,14.253393665158372
301236,4,413,41308,Treatment,BoSY,Grade 7,2-level,instructional,23,341,6.744868035190616
305444,15,1516,151601,Control,BoSY,Grade 7,2-level,instructional,65,463,14.038876889848812
320306,15,1503,150301,Control,BoSY,Grade 7,2-level,instructional,143,878,16.287015945330296
301489,4,414,41401,Control,BoSY,Grade 7,2-level,instructional,36,403,8.933002481389579
301507,4,418,41801,Control,BoSY,Grade 7,2-level,instructional,20,130,15.384615384615385
301456,4,417,41710,Control,BoSY,Grade 7,2-level,instructional,87,619,14.054927302100161
301238,4,413,41303,Control,BoSY,Grade 7,2-level,instructional,46,621,7.407407407407407
305438,15,1516,151601,Control,BoSY,Grade 7,2-level,instructional,223,908,24.559471365638768
305324,15,1514,151401,Control,BoSY,Grade 7,2-level,instructional,58,270,21.48148148148148
305454,15,1510,151001,Control,BoSY,Grade 7,2-level,instructional,10,139,7.1942446043165464
308122,4,417,41708,Control,BoSY,Grade 7,2-level,instructional,47,236,19.915254237288135
301508,4,418,41801,Control,BoSY,Grade 7,2-level,instructional,24,311,7.717041800643087
305465,15,1515,151502,Control,BoSY,Grade 7,2-level,instructional,88,813,10.824108241082412
305428,15,1511,151101,Control,BoSY,Grade 7,2-level,instructional,33,412,8.009708737864077
301175,4,408,40807,Control,BoSY,Grade 7,2-level,instructional,8,700,1.1428571428571428
301437,4,417,41704,Control,BoSY,Grade 7,2-level,instructional,105,1034,10.154738878143133
320204,15,1511,151101,Control,BoSY,Grade 7,2-level,instructional,49,595,8.235294117647058
305447,15,1505,150501,Control,BoSY,Grade 7,2-level,instructional,14,764,1.8324607329842932
301438,4,417,41704,Control,BoSY,Grade 7,2-level,instructional,30,538,5.5762081784386615
308135,4,417,41708,Control,BoSY,Grade 7,2-level,instructional,17,488,3.4836065573770494
301418,4,401,40101,Control,BoSY,Grade 7,2-level,instructional,249,3463,7.190297429974011
305288,15,1507,150710,Control,BoSY,Grade 7,2-level,instructional,65,704,9.232954545454545
301265,4,413,41301,Control,BoSY,Grade 7,2-level,instructional,27,412,6.553398058252427
305442,15,1516,151601,Control,BoSY,Grade 7,2-level,instructional,21,270,7.777777777777778
500339,15,1505,150501,Control,BoSY,Grade 7,2-level,instructional,54,369,14.634146341463415
305435,15,1503,150301,Control,BoSY,Grade 7,2-level,instructional,45,474,9.49367088607595
308134,4,417,41708,Control,BoSY,Grade 7,2-level,instructional,54,643,8.398133748055988
305452,15,1505,150501,Control,BoSY,Grade 7,2-level,instructional,133,693,19.19191919191919
312330,7,703,70308,Treatment,BoSY,Grade 7,2-level,instructional,6,88,6.818181818181818
305710,7,703,70302,Treatment,BoSY,Grade 7,2-level,instructional,23,86,26.74418604651163
305655,11,1101,110101,Treatment,BoSY,Grade 7,2-level,instructional,10,27,37.03703703703704
305581,7,703,70303,Treatment,BoSY,Grade 7,2-level,instructional,2,46,4.3478260869565215
303130,7,703,70309,Treatment,BoSY,Grade 7,2-level,instructional,4,196,2.0408163265306123
312354,7,703,70309,Treatment,BoSY,Grade 7,2-level,instructional,5,28,17.857142857142858
305849,11,1105,110503,Treatment,BoSY,Grade 7,2-level,instructional,13,37,35.13513513513514
305500,11,1101,110101,Treatment,BoSY,Grade 7,2-level,instructional,1,36,2.7777777777777777
312355,7,703,70304,Treatment,BoSY,Grade 7,2-level,instructional,6,38,15.789473684210526
501903,11,1110,111001,Treatment,BoSY,Grade 7,2-level,instructional,4,30,13.333333333333334
500665,7,705,70527,Control,BoSY,Grade 7,2-level,instructional,7,107,6.542056074766355
312462,7,705,70520,Control,BoSY,Grade 7,2-level,instructional,1,16,6.25
306038,11,1102,110202,Control,BoSY,Grade 7,2-level,instructional,0,33,0
500221,7,705,70527,Control,BoSY,Grade 7,2-level,instructional,4,22,18.181818181818183
500744,7,708,70801,Control,BoSY,Grade 7,2-level,instructional,9,55,16.363636363636363
305884,11,1101,110101,Control,BoSY,Grade 7,2-level,instructional,43,125,34.4
303170,7,709,70901,Control,BoSY,Grade 7,2-level,instructional,5,51,9.803921568627452
500787,7,708,70801,Control,BoSY,Grade 7,2-level,instructional,5,49,10.204081632653061
500667,7,705,70528,Control,BoSY,Grade 7,2-level,instructional,14,72,19.444444444444443
501071,11,1101,110101,Control,BoSY,Grade 7,2-level,instructional,1,25,4
303046,7,705,70527,Control,BoSY,Grade 7,2-level,instructional,28,84,33.333333333333336
325303,7,707,70701,Control,BoSY,Grade 7,2-level,instructional,3,85,3.5294117647058822
500208,7,703,70305,Control,BoSY,Grade 7,2-level,instructional,4,19,21.05263157894737
312401,7,705,70525,Control,BoSY,Grade 7,2-level,instructional,0,116,0
303136,7,706,70601,Control,BoSY,Grade 7,2-level,instructional,13,111,11.711711711711711
312435,7,707,70701,Control,BoSY,Grade 7,2-level,instructional,1,54,1.8518518518518519
502186,11,1101,110101,Control,BoSY,Grade 7,2-level,instructional,0,19,0
500782,7,708,70801,Control,BoSY,Grade 7,2-level,instructional,30,291,10.309278350515465
306086,11,1106,110606,Control,BoSY,Grade 7,2-level,instructional,3,18,16.666666666666668
305755,7,705,70529,Control,BoSY,Grade 7,2-level,instructional,18,138,13.043478260869565
305665,11,1101,110101,Control,BoSY,Grade 7,2-level,instructional,0,25,0
501635,7,703,70301,Control,BoSY,Grade 7,2-level,instructional,18,62,29.032258064516128
305843,11,1110,111001,Control,BoSY,Grade 7,2-level,instructional,2,60,3.3333333333333335
500894,7,705,70517,Control,BoSY,Grade 7,2-level,instructional,16,101,15.841584158415841
500671,7,705,70506,Control,BoSY,Grade 7,2-level,instructional,3,28,10.714285714285714
305847,11,1105,110503,Control,BoSY,Grade 7,2-level,instructional,9,60,15
500784,7,708,70801,Control,BoSY,Grade 7,2-level,instructional,4,24,16.666666666666668
501267,7,705,70525,Control,BoSY,Grade 7,2-level,instructional,6,42,14.285714285714286
306000,7,705,70525,Control,BoSY,Grade 7,2-level,instructional,17,63,26.984126984126984
305517,11,1106,110608,Control,BoSY,Grade 7,2-level,instructional,2,53,3.7735849056603774
305713,7,710,71001,Control,BoSY,Grade 7,2-level,instructional,0,65,0
500768,7,705,70521,Control,BoSY,Grade 7,2-level,instructional,6,83,7.228915662650603
316303,11,1107,110701,Control,BoSY,Grade 7,2-level,instructional,15,71,21.12676056338028
316304,11,1107,110701,Control,BoSY,Grade 7,2-level,instructional,20,101,19.801980198019802
305506,11,1101,110101,Control,BoSY,Grade 7,2-level,instructional,3,22,13.636363636363637
500421,7,705,70507,Control,BoSY,Grade 7,2-level,instructional,13,113,11.504424778761061
305681,11,1110,111001,Control,BoSY,Grade 7,2-level,instructional,45,230,19.565217391304348
303186,7,711,71101,Control,BoSY,Grade 7,2-level,instructional,3,145,2.0689655172413794
501429,7,714,71402,Control,BoSY,Grade 7,2-level,instructional,8,57,14.035087719298245
305844,11,1103,110303,Control,BoSY,Grade 7,2-level,instructional,5,57,8.771929824561404
305965,11,1110,111001,Control,BoSY,Grade 7,2-level,instructional,48,114,42.10526315789474
501076,11,1103,110305,Control,BoSY,Grade 7,2-level,instructional,0,13,0
305889,11,1101,110101,Control,BoSY,Grade 7,2-level,instructional,0,61,0
501074,11,1103,110306,Control,BoSY,Grade 7,2-level,instructional,1,58,1.7241379310344827
312408,7,705,70530,Control,BoSY,Grade 7,2-level,instructional,18,79,22.78481012658228
501351,7,705,70522,Control,BoSY,Grade 7,2-level,instructional,10,79,12.658227848101266
501404,11,1101,110101,Control,BoSY,Grade 7,2-level,instructional,5,18,27.77777777777778
305660,11,1101,110101,Control,BoSY,Grade 7,2-level,instructional,7,45,15.555555555555555
303219,7,701,70101,Control,BoSY,Grade 7,2-level,instructional,35,141,24.822695035460992
312450,7,705,70522,Control,BoSY,Grade 7,2-level,instructional,14,124,11.290322580645162
324903,7,704,70401,Control,BoSY,Grade 7,2-level,instructional,1,44,2.272727272727273
501065,11,1101,110101,Control,BoSY,Grade 7,2-level,instructional,23,141,16.31205673758865
312451,7,705,70532,Control,BoSY,Grade 7,2-level,instructional,10,88,11.363636363636363
501763,11,1103,110305,Control,BoSY,Grade 7,2-level,instructional,0,45,0
316405,11,1110,111001,Control,BoSY,Grade 7,2-level,instructional,13,166,7.831325301204819
316404,11,1110,111001,Control,BoSY,Grade 7,2-level,instructional,1,63,1.5873015873015872
316301,11,1107,110701,Control,BoSY,Grade 7,2-level,instructional,0,198,0
312910,7,710,71001,Control,BoSY,Grade 7,2-level,instructional,24,194,12.371134020618557
303011,7,705,70512,Control,BoSY,Grade 7,2-level,instructional,8,59,13.559322033898304
305651,11,1101,110101,Control,BoSY,Grade 7,2-level,instructional,8,35,22.857142857142858
305662,11,1101,110101,Control,BoSY,Grade 7,2-level,instructional,4,52,7.6923076923076925
305850,11,1105,110503,Control,BoSY,Grade 7,2-level,instructional,10,32,31.25
312481,7,705,70518,Control,BoSY,Grade 7,2-level,instructional,47,199,23.618090452261306
304409,11,1110,111001,Control,BoSY,Grade 7,2-level,instructional,27,124,21.774193548387096
303246,7,713,71303,Control,BoSY,Grade 7,2-level,instructional,18,183,9.836065573770492
501405,11,1101,110101,Control,BoSY,Grade 7,2-level,instructional,10,65,15.384615384615385
305677,11,1105,110503,Control,BoSY,Grade 7,2-level,instructional,4,59,6.779661016949152
500447,7,708,70801,Control,BoSY,Grade 7,2-level,instructional,4,72,5.555555555555555
501305,7,708,70801,Control,BoSY,Grade 7,2-level,instructional,4,31,12.903225806451612
305917,7,708,70801,Control,BoSY,Grade 7,2-level,instructional,2,24,8.333333333333334
305722,7,703,70304,Control,BoSY,Grade 7,2-level,instructional,12,60,20
312953,7,713,71306,Control,BoSY,Grade 7,2-level,instructional,6,46,13.043478260869565
305498,11,1101,110101,Control,BoSY,Grade 7,2-level,instructional,0,75,0
305669,11,1101,110101,Control,BoSY,Grade 7,2-level,instructional,1,39,2.5641025641025643
312960,7,710,71002,Control,BoSY,Grade 7,2-level,instructional,2,71,2.816901408450704
309906,5,508,50811,Treatment,BoSY,Grade 7,2-level,independent,3,130,2.3076923076923075
309934,5,508,50806,Treatment,BoSY,Grade 7,2-level,independent,6,43,13.953488372093023
301871,5,501,50107,Treatment,BoSY,Grade 7,2-level,independent,3,73,4.109589041095891
302134,5,508,50804,Treatment,BoSY,Grade 7,2-level,independent,90,169,53.25443786982248
302117,5,508,50803,Treatment,BoSY,Grade 7,2-level,independent,5,92,5.434782608695652
309909,5,508,50801,Treatment,BoSY,Grade 7,2-level,independent,0,127,0
309915,5,508,50801,Treatment,BoSY,Grade 7,2-level,independent,6,51,11.764705882352942
501544,5,508,50815,Treatment,BoSY,Grade 7,2-level,independent,0,72,0
301887,5,502,50205,Treatment,BoSY,Grade 7,2-level,independent,8,98,8.16326530612245
302175,5,508,50820,Treatment,BoSY,Grade 7,2-level,independent,31,126,24.603174603174605
302146,5,508,50812,Treatment,BoSY,Grade 7,2-level,independent,0,150,0
309921,5,508,50805,Treatment,BoSY,Grade 7,2-level,independent,19,97,19.587628865979383
302254,5,505,50501,Control,BoSY,Grade 7,2-level,independent,0,93,0
309513,5,501,50112,Control,BoSY,Grade 7,2-level,independent,5,122,4.098360655737705
500163,5,508,50801,Control,BoSY,Grade 7,2-level,independent,14,76,18.42105263157895
302058,5,503,50333,Control,BoSY,Grade 7,2-level,independent,6,99,6.0606060606060606
302192,5,511,51103,Control,BoSY,Grade 7,2-level,independent,95,286,33.21678321678322
302227,5,511,51105,Control,BoSY,Grade 7,2-level,independent,0,76,0
302252,5,505,50501,Control,BoSY,Grade 7,2-level,independent,9,98,9.183673469387756
309914,5,508,50806,Control,BoSY,Grade 7,2-level,independent,0,230,0
309711,5,503,50317,Control,BoSY,Grade 7,2-level,independent,2,64,3.125
301817,5,507,50701,Control,BoSY,Grade 7,2-level,independent,0,114,0
302165,5,508,50816,Control,BoSY,Grade 7,2-level,independent,2,92,2.1739130434782608
301974,5,503,50311,Treatment,BoSY,Grade 7,2-level,independent,35,82,42.68292682926829
302256,5,505,50501,Control,BoSY,Grade 7,2-level,independent,2,115,1.7391304347826086
301834,5,501,50106,Control,BoSY,Grade 7,2-level,independent,26,165,15.757575757575758
309760,5,503,50306,Control,BoSY,Grade 7,2-level,independent,0,34,0
309936,5,508,50819,Control,BoSY,Grade 7,2-level,independent,2,56,3.5714285714285716
302203,5,511,51102,Control,BoSY,Grade 7,2-level,independent,0,81,0
302011,5,503,50314,Control,BoSY,Grade 7,2-level,independent,9,229,3.930131004366812
500168,5,505,50501,Control,BoSY,Grade 7,2-level,independent,11,90,12.222222222222221
301947,5,503,50306,Control,BoSY,Grade 7,2-level,independent,7,312,2.2435897435897436
309941,5,508,50812,Control,BoSY,Grade 7,2-level,independent,20,244,8.19672131147541
301839,5,501,50111,Control,BoSY,Grade 7,2-level,independent,14,90,15.555555555555555
501843,5,508,50818,Treatment,BoSY,Grade 7,2-level,independent,15,40,37.5
302111,5,508,50801,Control,BoSY,Grade 7,2-level,independent,150,496,30.241935483870968
302133,5,509,50901,Control,BoSY,Grade 7,2-level,independent,9,174,5.172413793103448
301990,5,503,50317,Control,BoSY,Grade 7,2-level,independent,16,64,25
309937,5,508,50819,Control,BoSY,Grade 7,2-level,independent,16,80,20
302241,5,511,51105,Control,BoSY,Grade 7,2-level,independent,59,170,34.705882352941174
500167,5,505,50501,Control,BoSY,Grade 7,2-level,independent,2,60,3.3333333333333335
309764,5,503,50320,Control,BoSY,Grade 7,2-level,independent,0,40,0
302205,5,511,51106,Control,BoSY,Grade 7,2-level,independent,9,136,6.617647058823529
302014,5,503,50302,Control,BoSY,Grade 7,2-level,independent,0,159,0
309740,5,503,50315,Control,BoSY,Grade 7,2-level,independent,3,37,8.108108108108109
309741,5,503,50315,Control,BoSY,Grade 7,2-level,independent,6,117,5.128205128205129
302161,5,508,50803,Treatment,BoSY,Grade 7,2-level,independent,15,100,15
302113,5,508,50818,Treatment,BoSY,Grade 7,2-level,independent,9,100,9
302127,5,508,50817,Control,BoSY,Grade 7,2-level,independent,3,49,6.122448979591836
301899,5,502,50205,Control,BoSY,Grade 7,2-level,independent,15,132,11.363636363636363
309509,5,501,50113,Control,BoSY,Grade 7,2-level,independent,10,89,11.235955056179776
309903,5,508,50816,Control,BoSY,Grade 7,2-level,independent,34,103,33.00970873786408
301995,5,503,50310,Control,BoSY,Grade 7,2-level,independent,20,63,31.746031746031747
309702,5,503,50325,Control,BoSY,Grade 7,2-level,independent,13,257,5.058365758754864
501020,5,503,50310,Control,BoSY,Grade 7,2-level,independent,6,33,18.181818181818183
309743,5,503,50332,Control,BoSY,Grade 7,2-level,independent,9,115,7.826086956521739
301816,5,501,50101,Control,BoSY,Grade 7,2-level,independent,2,122,1.639344262295082
302054,5,503,50315,Control,BoSY,Grade 7,2-level,independent,18,112,16.071428571428573
301862,5,507,50701,Control,BoSY,Grade 7,2-level,independent,6,247,2.42914979757085
502477,5,501,50108,Control,BoSY,Grade 7,2-level,independent,10,26,38.46153846153846
302283,5,513,51301,Control,BoSY,Grade 7,2-level,independent,11,333,3.3033033033033035
301900,5,502,50206,Control,BoSY,Grade 7,2-level,independent,0,71,0
302123,5,508,50808,Control,BoSY,Grade 7,2-level,independent,1,81,1.2345679012345678
309512,5,501,50110,Control,BoSY,Grade 7,2-level,independent,11,50,22
302284,5,513,51301,Control,BoSY,Grade 7,2-level,independent,8,181,4.419889502762431
500034,5,508,50819,Control,BoSY,Grade 7,2-level,independent,0,37,0
302043,5,503,50305,Control,BoSY,Grade 7,2-level,independent,6,213,2.816901408450704
302182,5,511,51107,Control,BoSY,Grade 7,2-level,independent,1,90,1.1111111111111112
301986,5,503,50334,Control,BoSY,Grade 7,2-level,independent,13,206,6.310679611650485
302109,5,508,50817,Control,BoSY,Grade 7,2-level,independent,11,240,4.583333333333333
302061,5,503,50311,Control,BoSY,Grade 7,2-level,independent,15,82,18.29268292682927
309931,5,508,50802,Control,BoSY,Grade 7,2-level,independent,12,87,13.793103448275861
301984,5,503,50331,Control,BoSY,Grade 7,2-level,independent,38,225,16.88888888888889
302156,5,508,50803,Control,BoSY,Grade 7,2-level,independent,33,101,32.67326732673267
309705,5,503,50330,Control,BoSY,Grade 7,2-level,independent,3,87,3.4482758620689653
500165,5,508,50804,Control,BoSY,Grade 7,2-level,independent,3,51,5.882352941176471
301930,5,503,50328,Control,BoSY,Grade 7,2-level,independent,2,99,2.0202020202020203
302177,5,508,50806,Control,BoSY,Grade 7,2-level,independent,4,114,3.508771929824561
302282,5,513,51301,Control,BoSY,Grade 7,2-level,independent,17,328,5.182926829268292
502615,5,508,50802,Control,BoSY,Grade 7,2-level,independent,2,22,9.090909090909092
302263,5,506,50601,Control,BoSY,Grade 7,2-level,independent,3,66,4.545454545454546
301826,5,501,50103,Control,BoSY,Grade 7,2-level,independent,2,56,3.5714285714285716
305750,5,513,51301,Control,BoSY,Grade 7,2-level,independent,2,66,3.0303030303030303
301870,5,501,50110,Control,BoSY,Grade 7,2-level,independent,6,124,4.838709677419355
302039,5,503,50316,Control,BoSY,Grade 7,2-level,independent,50,322,15.527950310559007
301868,5,501,50112,Control,BoSY,Grade 7,2-level,independent,45,227,19.823788546255507
301963,5,503,50316,Control,BoSY,Grade 7,2-level,independent,25,219,11.415525114155251
340567,15,1505,150501,Treatment,BoSY,Grade 7,2-level,independent,11,267,4.119850187265918
320606,15,1515,151502,Treatment,BoSY,Grade 7,2-level,independent,43,315,13.65079365079365
320202,15,1511,151101,Treatment,BoSY,Grade 7,2-level,independent,4,161,2.484472049689441
305310,15,1507,150703,Treatment,BoSY,Grade 7,2-level,independent,31,304,10.197368421052632
305418,15,1513,151301,Treatment,BoSY,Grade 7,2-level,independent,354,1277,27.721221613155834
500565,15,1515,151502,Treatment,BoSY,Grade 7,2-level,independent,136,947,14.361140443505807
301258,4,413,41308,Treatment,BoSY,Grade 7,2-level,independent,125,548,22.81021897810219
301214,4,411,41101,Treatment,BoSY,Grade 7,2-level,independent,100,646,15.479876160990711
301497,4,414,41401,Treatment,BoSY,Grade 7,2-level,independent,28,444,6.306306306306307
305411,15,1515,151502,Treatment,BoSY,Grade 7,2-level,independent,25,693,3.6075036075036073
305420,15,1513,151301,Treatment,BoSY,Grade 7,2-level,independent,233,1407,16.56005685856432
301231,4,413,41302,Control,BoSY,Grade 7,2-level,independent,25,236,10.59322033898305
301188,4,402,40201,Control,BoSY,Grade 7,2-level,independent,105,714,14.705882352941176
307913,4,413,41309,Control,BoSY,Grade 7,2-level,independent,1,351,0.2849002849002849
500566,15,1507,150710,Control,BoSY,Grade 7,2-level,independent,30,713,4.207573632538569
305453,15,1510,151001,Control,BoSY,Grade 7,2-level,independent,9,891,1.0101010101010102
305311,15,1507,150702,Control,BoSY,Grade 7,2-level,independent,19,288,6.597222222222222
301425,4,401,40101,Control,BoSY,Grade 7,2-level,independent,132,1052,12.547528517110266
301202,4,408,40812,Control,BoSY,Grade 7,2-level,independent,75,432,17.36111111111111
305412,15,1515,151502,Control,BoSY,Grade 7,2-level,independent,311,1188,26.17845117845118
308105,4,417,41703,Control,BoSY,Grade 7,2-level,independent,85,906,9.381898454746137
305341,15,1514,151401,Control,BoSY,Grade 7,2-level,independent,270,1278,21.12676056338028
319604,15,1512,151201,Control,BoSY,Grade 7,2-level,independent,16,395,4.050632911392405
305568,15,1516,151601,Control,BoSY,Grade 7,2-level,independent,125,469,26.652452025586353
305434,15,1503,150301,Control,BoSY,Grade 7,2-level,independent,164,967,16.959669079627716
301464,4,417,41710,Control,BoSY,Grade 7,2-level,independent,136,651,20.89093701996928
305461,15,1515,151502,Control,BoSY,Grade 7,2-level,independent,7,327,2.140672782874618
305384,15,1501,150101,Control,BoSY,Grade 7,2-level,independent,64,490,13.061224489795919
301143,4,421,42101,Control,BoSY,Grade 7,2-level,independent,282,1302,21.658986175115206
305340,15,1514,151401,Control,BoSY,Grade 7,2-level,independent,499,1372,36.370262390670554
305302,15,1507,150709,Treatment,BoSY,Grade 7,2-level,independent,189,1136,16.637323943661972
308103,4,417,41712,Control,BoSY,Grade 7,2-level,independent,48,406,11.822660098522167
308130,4,417,41711,Control,BoSY,Grade 7,2-level,independent,8,184,4.3478260869565215
301227,4,420,42001,Control,BoSY,Grade 7,2-level,independent,450,1520,29.605263157894736
305334,15,1514,151401,Control,BoSY,Grade 7,2-level,independent,39,605,6.446280991735537
305367,15,1512,151201,Control,BoSY,Grade 7,2-level,independent,268,1192,22.483221476510067
305635,15,1514,151401,Control,BoSY,Grade 7,2-level,independent,107,515,20.776699029126213
301218,4,408,40814,Control,BoSY,Grade 7,2-level,independent,332,2259,14.69676848162904
308501,4,415,41501,Control,BoSY,Grade 7,2-level,independent,78,724,10.773480662983426
500332,15,1506,150601,Control,BoSY,Grade 7,2-level,independent,53,316,16.772151898734176
305471,15,1509,150901,Control,BoSY,Grade 7,2-level,independent,40,1010,3.9603960396039604
305376,15,1501,150101,Treatment,BoSY,Grade 7,2-level,independent,142,890,15.955056179775282
301432,4,417,41705,Control,BoSY,Grade 7,2-level,independent,134,662,20.241691842900302
305459,15,1515,151502,Control,BoSY,Grade 7,2-level,independent,156,960,16.25
305313,15,1507,150708,Control,BoSY,Grade 7,2-level,independent,98,653,15.007656967840735
301186,4,410,41001,Control,BoSY,Grade 7,2-level,independent,359,2124,16.902071563088512
301184,4,410,41001,Control,BoSY,Grade 7,2-level,independent,911,1318,69.11987860394537
305295,15,1507,150710,Control,BoSY,Grade 7,2-level,independent,320,1345,23.79182156133829
301416,4,422,42201,Control,BoSY,Grade 7,2-level,independent,0,207,0
305450,15,1505,150501,Treatment,BoSY,Grade 7,2-level,independent,28,482,5.809128630705394
301403,4,416,41606,Control,BoSY,Grade 7,2-level,independent,54,584,9.246575342465754
301451,4,417,41708,Control,BoSY,Grade 7,2-level,independent,11,370,2.972972972972973
305338,15,1514,151401,Control,BoSY,Grade 7,2-level,independent,155,856,18.10747663551402
301257,4,413,41312,Control,BoSY,Grade 7,2-level,independent,513,2100,24.428571428571427
305416,15,1513,151301,Control,BoSY,Grade 7,2-level,independent,169,1038,16.28131021194605
305337,15,1514,151401,Control,BoSY,Grade 7,2-level,independent,675,2523,26.7538644470868
305353,15,1514,151401,Control,BoSY,Grade 7,2-level,independent,94,394,23.85786802030457
301197,4,408,40812,Control,BoSY,Grade 7,2-level,independent,109,442,24.660633484162897
301236,4,413,41308,Treatment,BoSY,Grade 7,2-level,independent,34,341,9.970674486803519
305444,15,1516,151601,Control,BoSY,Grade 7,2-level,independent,66,463,14.254859611231101
320306,15,1503,150301,Control,BoSY,Grade 7,2-level,independent,106,878,12.072892938496583
301489,4,414,41401,Control,BoSY,Grade 7,2-level,independent,94,403,23.325062034739453
301507,4,418,41801,Control,BoSY,Grade 7,2-level,independent,11,130,8.461538461538462
301456,4,417,41710,Control,BoSY,Grade 7,2-level,independent,81,619,13.08562197092084
301238,4,413,41303,Control,BoSY,Grade 7,2-level,independent,45,621,7.246376811594203
305438,15,1516,151601,Control,BoSY,Grade 7,2-level,independent,132,908,14.537444933920705
305324,15,1514,151401,Control,BoSY,Grade 7,2-level,independent,4,270,1.4814814814814814
305454,15,1510,151001,Control,BoSY,Grade 7,2-level,independent,20,139,14.388489208633093
308122,4,417,41708,Control,BoSY,Grade 7,2-level,independent,39,236,16.52542372881356
301508,4,418,41801,Control,BoSY,Grade 7,2-level,independent,13,311,4.180064308681672
305465,15,1515,151502,Control,BoSY,Grade 7,2-level,independent,84,813,10.33210332103321
305428,15,1511,151101,Control,BoSY,Grade 7,2-level,independent,122,412,29.611650485436893
301175,4,408,40807,Control,BoSY,Grade 7,2-level,independent,102,700,14.571428571428571
301437,4,417,41704,Control,BoSY,Grade 7,2-level,independent,223,1034,21.566731141199227
320204,15,1511,151101,Control,BoSY,Grade 7,2-level,independent,83,595,13.949579831932773
305447,15,1505,150501,Control,BoSY,Grade 7,2-level,independent,12,764,1.5706806282722514
301438,4,417,41704,Control,BoSY,Grade 7,2-level,independent,4,538,0.7434944237918215
308135,4,417,41708,Control,BoSY,Grade 7,2-level,independent,11,488,2.2540983606557377
301418,4,401,40101,Control,BoSY,Grade 7,2-level,independent,76,3463,2.194628934449899
305288,15,1507,150710,Control,BoSY,Grade 7,2-level,independent,17,704,2.414772727272727
301265,4,413,41301,Control,BoSY,Grade 7,2-level,independent,59,412,14.320388349514563
305442,15,1516,151601,Control,BoSY,Grade 7,2-level,independent,45,270,16.666666666666668
500339,15,1505,150501,Control,BoSY,Grade 7,2-level,independent,62,369,16.802168021680217
305435,15,1503,150301,Control,BoSY,Grade 7,2-level,independent,85,474,17.932489451476794
308134,4,417,41708,Control,BoSY,Grade 7,2-level,independent,138,643,21.46189735614308
305452,15,1505,150501,Control,BoSY,Grade 7,2-level,independent,60,693,8.658008658008658
312330,7,703,70308,Treatment,BoSY,Grade 7,2-level,independent,4,88,4.545454545454546
305710,7,703,70302,Treatment,BoSY,Grade 7,2-level,independent,15,86,17.441860465116278
305655,11,1101,110101,Treatment,BoSY,Grade 7,2-level,independent,3,27,11.11111111111111
305581,7,703,70303,Treatment,BoSY,Grade 7,2-level,independent,2,46,4.3478260869565215
303130,7,703,70309,Treatment,BoSY,Grade 7,2-level,independent,5,196,2.5510204081632653
312354,7,703,70309,Treatment,BoSY,Grade 7,2-level,independent,6,28,21.428571428571427
305849,11,1105,110503,Treatment,BoSY,Grade 7,2-level,independent,9,37,24.324324324324323
305500,11,1101,110101,Treatment,BoSY,Grade 7,2-level,independent,2,36,5.555555555555555
312355,7,703,70304,Treatment,BoSY,Grade 7,2-level,independent,3,38,7.894736842105263
501903,11,1110,111001,Treatment,BoSY,Grade 7,2-level,independent,1,30,3.3333333333333335
500665,7,705,70527,Control,BoSY,Grade 7,2-level,independent,6,107,5.607476635514018
312462,7,705,70520,Control,BoSY,Grade 7,2-level,independent,1,16,6.25
306038,11,1102,110202,Control,BoSY,Grade 7,2-level,independent,7,33,21.21212121212121
500221,7,705,70527,Control,BoSY,Grade 7,2-level,independent,2,22,9.090909090909092
500744,7,708,70801,Control,BoSY,Grade 7,2-level,independent,20,55,36.36363636363637
305884,11,1101,110101,Control,BoSY,Grade 7,2-level,independent,18,125,14.4
303170,7,709,70901,Control,BoSY,Grade 7,2-level,independent,22,51,43.13725490196079
500787,7,708,70801,Control,BoSY,Grade 7,2-level,independent,16,49,32.6530612244898
500667,7,705,70528,Control,BoSY,Grade 7,2-level,independent,5,72,6.944444444444445
501071,11,1101,110101,Control,BoSY,Grade 7,2-level,independent,8,25,32
303046,7,705,70527,Control,BoSY,Grade 7,2-level,independent,16,84,19.047619047619047
325303,7,707,70701,Control,BoSY,Grade 7,2-level,independent,1,85,1.1764705882352942
500208,7,703,70305,Control,BoSY,Grade 7,2-level,independent,3,19,15.789473684210526
312401,7,705,70525,Control,BoSY,Grade 7,2-level,independent,0,116,0
303136,7,706,70601,Control,BoSY,Grade 7,2-level,independent,8,111,7.207207207207207
312435,7,707,70701,Control,BoSY,Grade 7,2-level,independent,2,54,3.7037037037037037
502186,11,1101,110101,Control,BoSY,Grade 7,2-level,independent,2,19,10.526315789473685
500782,7,708,70801,Control,BoSY,Grade 7,2-level,independent,93,291,31.95876288659794
306086,11,1106,110606,Control,BoSY,Grade 7,2-level,independent,1,18,5.555555555555555
305755,7,705,70529,Control,BoSY,Grade 7,2-level,independent,8,138,5.797101449275362
305665,11,1101,110101,Control,BoSY,Grade 7,2-level,independent,0,25,0
501635,7,703,70301,Control,BoSY,Grade 7,2-level,independent,10,62,16.129032258064516
305843,11,1110,111001,Control,BoSY,Grade 7,2-level,independent,4,60,6.666666666666667
500894,7,705,70517,Control,BoSY,Grade 7,2-level,independent,7,101,6.930693069306931
500671,7,705,70506,Control,BoSY,Grade 7,2-level,independent,4,28,14.285714285714286
305847,11,1105,110503,Control,BoSY,Grade 7,2-level,independent,10,60,16.666666666666668
500784,7,708,70801,Control,BoSY,Grade 7,2-level,independent,1,24,4.166666666666667
501267,7,705,70525,Control,BoSY,Grade 7,2-level,independent,4,42,9.523809523809524
306000,7,705,70525,Control,BoSY,Grade 7,2-level,independent,9,63,14.285714285714286
305517,11,1106,110608,Control,BoSY,Grade 7,2-level,independent,4,53,7.547169811320755
305713,7,710,71001,Control,BoSY,Grade 7,2-level,independent,0,65,0
500768,7,705,70521,Control,BoSY,Grade 7,2-level,independent,0,83,0
316303,11,1107,110701,Control,BoSY,Grade 7,2-level,independent,13,71,18.309859154929576
316304,11,1107,110701,Control,BoSY,Grade 7,2-level,independent,2,101,1.9801980198019802
305506,11,1101,110101,Control,BoSY,Grade 7,2-level,independent,2,22,9.090909090909092
500421,7,705,70507,Control,BoSY,Grade 7,2-level,independent,10,113,8.849557522123893
305681,11,1110,111001,Control,BoSY,Grade 7,2-level,independent,18,230,7.826086956521739
303186,7,711,71101,Control,BoSY,Grade 7,2-level,independent,8,145,5.517241379310345
501429,7,714,71402,Control,BoSY,Grade 7,2-level,independent,3,57,5.2631578947368425
305844,11,1103,110303,Control,BoSY,Grade 7,2-level,independent,7,57,12.280701754385966
305965,11,1110,111001,Control,BoSY,Grade 7,2-level,independent,33,114,28.94736842105263
501076,11,1103,110305,Control,BoSY,Grade 7,2-level,independent,0,13,0
305889,11,1101,110101,Control,BoSY,Grade 7,2-level,independent,8,61,13.114754098360656
501074,11,1103,110306,Control,BoSY,Grade 7,2-level,independent,0,58,0
312408,7,705,70530,Control,BoSY,Grade 7,2-level,independent,11,79,13.924050632911392
501351,7,705,70522,Control,BoSY,Grade 7,2-level,independent,8,79,10.126582278481013
501404,11,1101,110101,Control,BoSY,Grade 7,2-level,independent,3,18,16.666666666666668
305660,11,1101,110101,Control,BoSY,Grade 7,2-level,independent,5,45,11.11111111111111
303219,7,701,70101,Control,BoSY,Grade 7,2-level,independent,29,141,20.56737588652482
312450,7,705,70522,Control,BoSY,Grade 7,2-level,independent,7,124,5.645161290322581
324903,7,704,70401,Control,BoSY,Grade 7,2-level,independent,9,44,20.454545454545453
501065,11,1101,110101,Control,BoSY,Grade 7,2-level,independent,32,141,22.69503546099291
312451,7,705,70532,Control,BoSY,Grade 7,2-level,independent,2,88,2.272727272727273
501763,11,1103,110305,Control,BoSY,Grade 7,2-level,independent,0,45,0
316405,11,1110,111001,Control,BoSY,Grade 7,2-level,independent,8,166,4.819277108433735
316404,11,1110,111001,Control,BoSY,Grade 7,2-level,independent,0,63,0
316301,11,1107,110701,Control,BoSY,Grade 7,2-level,independent,118,198,59.5959595959596
312910,7,710,71001,Control,BoSY,Grade 7,2-level,independent,15,194,7.731958762886598
303011,7,705,70512,Control,BoSY,Grade 7,2-level,independent,10,59,16.949152542372882
305651,11,1101,110101,Control,BoSY,Grade 7,2-level,independent,0,35,0
305662,11,1101,110101,Control,BoSY,Grade 7,2-level,independent,3,52,5.769230769230769
305850,11,1105,110503,Control,BoSY,Grade 7,2-level,independent,0,32,0
312481,7,705,70518,Control,BoSY,Grade 7,2-level,independent,43,199,21.608040201005025
304409,11,1110,111001,Control,BoSY,Grade 7,2-level,independent,3,124,2.4193548387096775
303246,7,713,71303,Control,BoSY,Grade 7,2-level,independent,12,183,6.557377049180328
501405,11,1101,110101,Control,BoSY,Grade 7,2-level,independent,14,65,21.53846153846154
305677,11,1105,110503,Control,BoSY,Grade 7,2-level,independent,3,59,5.084745762711864
500447,7,708,70801,Control,BoSY,Grade 7,2-level,independent,3,72,4.166666666666667
501305,7,708,70801,Control,BoSY,Grade 7,2-level,independent,4,31,12.903225806451612
305917,7,708,70801,Control,BoSY,Grade 7,2-level,independent,2,24,8.333333333333334
305722,7,703,70304,Control,BoSY,Grade 7,2-level,independent,0,60,0
312953,7,713,71306,Control,BoSY,Grade 7,2-level,independent,12,46,26.08695652173913
305498,11,1101,110101,Control,BoSY,Grade 7,2-level,independent,2,75,2.6666666666666665
305669,11,1101,110101,Control,BoSY,Grade 7,2-level,independent,2,39,5.128205128205129
312960,7,710,71002,Control,BoSY,Grade 7,2-level,independent,1,71,1.408450704225352
309906,5,508,50811,Treatment,BoSY,Grade 7,3-level,frustration,76,130,58.46153846153846
309934,5,508,50806,Treatment,BoSY,Grade 7,3-level,frustration,2,43,4.651162790697675
301871,5,501,50107,Treatment,BoSY,Grade 7,3-level,frustration,46,73,63.013698630136986
302134,5,508,50804,Treatment,BoSY,Grade 7,3-level,frustration,0,169,0
302117,5,508,50803,Treatment,BoSY,Grade 7,3-level,frustration,16,92,17.391304347826086
309909,5,508,50801,Treatment,BoSY,Grade 7,3-level,frustration,120,127,94.48818897637796
309915,5,508,50801,Treatment,BoSY,Grade 7,3-level,frustration,19,51,37.254901960784316
501544,5,508,50815,Treatment,BoSY,Grade 7,3-level,frustration,36,72,50
301887,5,502,50205,Treatment,BoSY,Grade 7,3-level,frustration,13,98,13.26530612244898
302175,5,508,50820,Treatment,BoSY,Grade 7,3-level,frustration,8,126,6.349206349206349
302146,5,508,50812,Treatment,BoSY,Grade 7,3-level,frustration,104,150,69.33333333333333
309921,5,508,50805,Treatment,BoSY,Grade 7,3-level,frustration,33,97,34.02061855670103
302254,5,505,50501,Control,BoSY,Grade 7,3-level,frustration,48,93,51.61290322580645
309513,5,501,50112,Control,BoSY,Grade 7,3-level,frustration,75,122,61.47540983606557
500163,5,508,50801,Control,BoSY,Grade 7,3-level,frustration,3,76,3.9473684210526314
302058,5,503,50333,Control,BoSY,Grade 7,3-level,frustration,59,99,59.5959595959596
302192,5,511,51103,Control,BoSY,Grade 7,3-level,frustration,46,286,16.083916083916083
302227,5,511,51105,Control,BoSY,Grade 7,3-level,frustration,69,76,90.78947368421052
302252,5,505,50501,Control,BoSY,Grade 7,3-level,frustration,59,98,60.204081632653065
309914,5,508,50806,Control,BoSY,Grade 7,3-level,frustration,44,230,19.130434782608695
309711,5,503,50317,Control,BoSY,Grade 7,3-level,frustration,41,64,64.0625
301817,5,507,50701,Control,BoSY,Grade 7,3-level,frustration,66,114,57.89473684210526
302165,5,508,50816,Control,BoSY,Grade 7,3-level,frustration,58,92,63.04347826086956
301974,5,503,50311,Treatment,BoSY,Grade 7,3-level,frustration,0,82,0
302256,5,505,50501,Control,BoSY,Grade 7,3-level,frustration,18,115,15.652173913043478
301834,5,501,50106,Control,BoSY,Grade 7,3-level,frustration,22,165,13.333333333333334
309760,5,503,50306,Control,BoSY,Grade 7,3-level,frustration,22,34,64.70588235294117
309936,5,508,50819,Control,BoSY,Grade 7,3-level,frustration,0,56,0
302203,5,511,51102,Control,BoSY,Grade 7,3-level,frustration,54,81,66.66666666666667
302011,5,503,50314,Control,BoSY,Grade 7,3-level,frustration,155,229,67.68558951965065
500168,5,505,50501,Control,BoSY,Grade 7,3-level,frustration,9,90,10
301947,5,503,50306,Control,BoSY,Grade 7,3-level,frustration,150,312,48.07692307692308
309941,5,508,50812,Control,BoSY,Grade 7,3-level,frustration,107,244,43.85245901639344
301839,5,501,50111,Control,BoSY,Grade 7,3-level,frustration,2,90,2.2222222222222223
501843,5,508,50818,Treatment,BoSY,Grade 7,3-level,frustration,6,40,15
302111,5,508,50801,Control,BoSY,Grade 7,3-level,frustration,16,496,3.225806451612903
302133,5,509,50901,Control,BoSY,Grade 7,3-level,frustration,95,174,54.59770114942529
301990,5,503,50317,Control,BoSY,Grade 7,3-level,frustration,4,64,6.25
309937,5,508,50819,Control,BoSY,Grade 7,3-level,frustration,20,80,25
302241,5,511,51105,Control,BoSY,Grade 7,3-level,frustration,0,170,0
500167,5,505,50501,Control,BoSY,Grade 7,3-level,frustration,29,60,48.333333333333336
309764,5,503,50320,Control,BoSY,Grade 7,3-level,frustration,32,40,80
302205,5,511,51106,Control,BoSY,Grade 7,3-level,frustration,1,136,0.7352941176470589
302014,5,503,50302,Control,BoSY,Grade 7,3-level,frustration,122,159,76.72955974842768
309740,5,503,50315,Control,BoSY,Grade 7,3-level,frustration,11,37,29.72972972972973
309741,5,503,50315,Control,BoSY,Grade 7,3-level,frustration,97,117,82.90598290598291
302161,5,508,50803,Treatment,BoSY,Grade 7,3-level,frustration,24,100,24
302113,5,508,50818,Treatment,BoSY,Grade 7,3-level,frustration,35,100,35
302127,5,508,50817,Control,BoSY,Grade 7,3-level,frustration,24,49,48.97959183673469
301899,5,502,50205,Control,BoSY,Grade 7,3-level,frustration,23,132,17.424242424242426
309509,5,501,50113,Control,BoSY,Grade 7,3-level,frustration,4,89,4.49438202247191
309903,5,508,50816,Control,BoSY,Grade 7,3-level,frustration,0,103,0
301995,5,503,50310,Control,BoSY,Grade 7,3-level,frustration,0,63,0
309702,5,503,50325,Control,BoSY,Grade 7,3-level,frustration,214,257,83.26848249027238
501020,5,503,50310,Control,BoSY,Grade 7,3-level,frustration,1,33,3.0303030303030303
309743,5,503,50332,Control,BoSY,Grade 7,3-level,frustration,66,115,57.391304347826086
301816,5,501,50101,Control,BoSY,Grade 7,3-level,frustration,3,122,2.459016393442623
302054,5,503,50315,Control,BoSY,Grade 7,3-level,frustration,18,112,16.071428571428573
301862,5,507,50701,Control,BoSY,Grade 7,3-level,frustration,144,247,58.29959514170041
502477,5,501,50108,Control,BoSY,Grade 7,3-level,frustration,0,26,0
302283,5,513,51301,Control,BoSY,Grade 7,3-level,frustration,141,333,42.34234234234234
301900,5,502,50206,Control,BoSY,Grade 7,3-level,frustration,12,71,16.901408450704224
302123,5,508,50808,Control,BoSY,Grade 7,3-level,frustration,61,81,75.30864197530865
309512,5,501,50110,Control,BoSY,Grade 7,3-level,frustration,0,50,0
302284,5,513,51301,Control,BoSY,Grade 7,3-level,frustration,115,181,63.53591160220994
500034,5,508,50819,Control,BoSY,Grade 7,3-level,frustration,12,37,32.432432432432435
302043,5,503,50305,Control,BoSY,Grade 7,3-level,frustration,19,213,8.92018779342723
302182,5,511,51107,Control,BoSY,Grade 7,3-level,frustration,44,90,48.888888888888886
301986,5,503,50334,Control,BoSY,Grade 7,3-level,frustration,118,206,57.28155339805825
302109,5,508,50817,Control,BoSY,Grade 7,3-level,frustration,0,240,0
302061,5,503,50311,Control,BoSY,Grade 7,3-level,frustration,7,82,8.536585365853659
309931,5,508,50802,Control,BoSY,Grade 7,3-level,frustration,23,87,26.436781609195403
301984,5,503,50331,Control,BoSY,Grade 7,3-level,frustration,97,225,43.111111111111114
302156,5,508,50803,Control,BoSY,Grade 7,3-level,frustration,0,101,0
309705,5,503,50330,Control,BoSY,Grade 7,3-level,frustration,62,87,71.26436781609195
500165,5,508,50804,Control,BoSY,Grade 7,3-level,frustration,28,51,54.90196078431372
301930,5,503,50328,Control,BoSY,Grade 7,3-level,frustration,76,99,76.76767676767676
302177,5,508,50806,Control,BoSY,Grade 7,3-level,frustration,40,114,35.08771929824562
302282,5,513,51301,Control,BoSY,Grade 7,3-level,frustration,31,328,9.451219512195122
502615,5,508,50802,Control,BoSY,Grade 7,3-level,frustration,17,22,77.27272727272727
302263,5,506,50601,Control,BoSY,Grade 7,3-level,frustration,24,66,36.36363636363637
301826,5,501,50103,Control,BoSY,Grade 7,3-level,frustration,12,56,21.428571428571427
305750,5,513,51301,Control,BoSY,Grade 7,3-level,frustration,33,66,50
301870,5,501,50110,Control,BoSY,Grade 7,3-level,frustration,94,124,75.80645161290323
302039,5,503,50316,Control,BoSY,Grade 7,3-level,frustration,41,322,12.732919254658386
301868,5,501,50112,Control,BoSY,Grade 7,3-level,frustration,12,227,5.286343612334802
301963,5,503,50316,Control,BoSY,Grade 7,3-level,frustration,38,219,17.35159817351598
340567,15,1505,150501,Treatment,BoSY,Grade 7,3-level,frustration,125,267,46.81647940074907
320606,15,1515,151502,Treatment,BoSY,Grade 7,3-level,frustration,62,315,19.682539682539684
320202,15,1511,151101,Treatment,BoSY,Grade 7,3-level,frustration,36,161,22.36024844720497
305310,15,1507,150703,Treatment,BoSY,Grade 7,3-level,frustration,43,304,14.144736842105264
305418,15,1513,151301,Treatment,BoSY,Grade 7,3-level,frustration,383,1277,29.99216914643696
500565,15,1515,151502,Treatment,BoSY,Grade 7,3-level,frustration,356,947,37.59239704329462
301258,4,413,41308,Treatment,BoSY,Grade 7,3-level,frustration,96,548,17.51824817518248
301214,4,411,41101,Treatment,BoSY,Grade 7,3-level,frustration,145,646,22.445820433436534
301497,4,414,41401,Treatment,BoSY,Grade 7,3-level,frustration,106,444,23.873873873873872
305411,15,1515,151502,Treatment,BoSY,Grade 7,3-level,frustration,70,693,10.1010101010101
305420,15,1513,151301,Treatment,BoSY,Grade 7,3-level,frustration,257,1407,18.265813788201847
301231,4,413,41302,Control,BoSY,Grade 7,3-level,frustration,10,236,4.237288135593221
301188,4,402,40201,Control,BoSY,Grade 7,3-level,frustration,89,714,12.46498599439776
307913,4,413,41309,Control,BoSY,Grade 7,3-level,frustration,28,351,7.977207977207978
500566,15,1507,150710,Control,BoSY,Grade 7,3-level,frustration,139,713,19.49509116409537
305453,15,1510,151001,Control,BoSY,Grade 7,3-level,frustration,36,891,4.040404040404041
305311,15,1507,150702,Control,BoSY,Grade 7,3-level,frustration,138,288,47.916666666666664
301425,4,401,40101,Control,BoSY,Grade 7,3-level,frustration,274,1052,26.045627376425855
301202,4,408,40812,Control,BoSY,Grade 7,3-level,frustration,172,432,39.81481481481482
305412,15,1515,151502,Control,BoSY,Grade 7,3-level,frustration,120,1188,10.1010101010101
308105,4,417,41703,Control,BoSY,Grade 7,3-level,frustration,241,906,26.600441501103752
305341,15,1514,151401,Control,BoSY,Grade 7,3-level,frustration,103,1278,8.059467918622849
319604,15,1512,151201,Control,BoSY,Grade 7,3-level,frustration,0,395,0
305568,15,1516,151601,Control,BoSY,Grade 7,3-level,frustration,107,469,22.81449893390192
305434,15,1503,150301,Control,BoSY,Grade 7,3-level,frustration,29,967,2.998965873836608
301464,4,417,41710,Control,BoSY,Grade 7,3-level,frustration,21,651,3.225806451612903
305461,15,1515,151502,Control,BoSY,Grade 7,3-level,frustration,0,327,0
305384,15,1501,150101,Control,BoSY,Grade 7,3-level,frustration,13,490,2.6530612244897958
301143,4,421,42101,Control,BoSY,Grade 7,3-level,frustration,25,1302,1.9201228878648233
305340,15,1514,151401,Control,BoSY,Grade 7,3-level,frustration,20,1372,1.4577259475218658
305302,15,1507,150709,Treatment,BoSY,Grade 7,3-level,frustration,391,1136,34.41901408450704
308103,4,417,41712,Control,BoSY,Grade 7,3-level,frustration,59,406,14.532019704433498
308130,4,417,41711,Control,BoSY,Grade 7,3-level,frustration,12,184,6.521739130434782
301227,4,420,42001,Control,BoSY,Grade 7,3-level,frustration,33,1520,2.1710526315789473
305334,15,1514,151401,Control,BoSY,Grade 7,3-level,frustration,22,605,3.6363636363636362
305367,15,1512,151201,Control,BoSY,Grade 7,3-level,frustration,111,1192,9.312080536912752
305635,15,1514,151401,Control,BoSY,Grade 7,3-level,frustration,33,515,6.407766990291262
301218,4,408,40814,Control,BoSY,Grade 7,3-level,frustration,149,2259,6.5958388667552015
308501,4,415,41501,Control,BoSY,Grade 7,3-level,frustration,237,724,32.73480662983425
500332,15,1506,150601,Control,BoSY,Grade 7,3-level,frustration,100,316,31.645569620253166
305471,15,1509,150901,Control,BoSY,Grade 7,3-level,frustration,16,1010,1.5841584158415842
305376,15,1501,150101,Treatment,BoSY,Grade 7,3-level,frustration,0,890,0
301432,4,417,41705,Control,BoSY,Grade 7,3-level,frustration,95,662,14.350453172205437
305459,15,1515,151502,Control,BoSY,Grade 7,3-level,frustration,116,960,12.083333333333334
305313,15,1507,150708,Control,BoSY,Grade 7,3-level,frustration,34,653,5.206738131699847
301186,4,410,41001,Control,BoSY,Grade 7,3-level,frustration,343,2124,16.148775894538606
301184,4,410,41001,Control,BoSY,Grade 7,3-level,frustration,146,1318,11.077389984825492
305295,15,1507,150710,Control,BoSY,Grade 7,3-level,frustration,45,1345,3.345724907063197
301416,4,422,42201,Control,BoSY,Grade 7,3-level,frustration,91,207,43.96135265700483
305450,15,1505,150501,Treatment,BoSY,Grade 7,3-level,frustration,149,482,30.91286307053942
301403,4,416,41606,Control,BoSY,Grade 7,3-level,frustration,208,584,35.61643835616438
301451,4,417,41708,Control,BoSY,Grade 7,3-level,frustration,157,370,42.432432432432435
305338,15,1514,151401,Control,BoSY,Grade 7,3-level,frustration,314,856,36.6822429906542
301257,4,413,41312,Control,BoSY,Grade 7,3-level,frustration,234,2100,11.142857142857142
305416,15,1513,151301,Control,BoSY,Grade 7,3-level,frustration,174,1038,16.76300578034682
305337,15,1514,151401,Control,BoSY,Grade 7,3-level,frustration,156,2523,6.183115338882283
305353,15,1514,151401,Control,BoSY,Grade 7,3-level,frustration,58,394,14.720812182741117
301197,4,408,40812,Control,BoSY,Grade 7,3-level,frustration,21,442,4.751131221719457
301236,4,413,41308,Treatment,BoSY,Grade 7,3-level,frustration,77,341,22.580645161290324
305444,15,1516,151601,Control,BoSY,Grade 7,3-level,frustration,45,463,9.719222462203025
320306,15,1503,150301,Control,BoSY,Grade 7,3-level,frustration,194,878,22.095671981776764
301489,4,414,41401,Control,BoSY,Grade 7,3-level,frustration,37,403,9.181141439205955
301507,4,418,41801,Control,BoSY,Grade 7,3-level,frustration,16,130,12.307692307692308
301456,4,417,41710,Control,BoSY,Grade 7,3-level,frustration,49,619,7.915993537964459
301238,4,413,41303,Control,BoSY,Grade 7,3-level,frustration,54,621,8.695652173913043
305438,15,1516,151601,Control,BoSY,Grade 7,3-level,frustration,229,908,25.220264317180618
305324,15,1514,151401,Control,BoSY,Grade 7,3-level,frustration,119,270,44.074074074074076
305454,15,1510,151001,Control,BoSY,Grade 7,3-level,frustration,13,139,9.352517985611511
308122,4,417,41708,Control,BoSY,Grade 7,3-level,frustration,10,236,4.237288135593221
301508,4,418,41801,Control,BoSY,Grade 7,3-level,frustration,116,311,37.29903536977492
305465,15,1515,151502,Control,BoSY,Grade 7,3-level,frustration,142,813,17.466174661746617
305428,15,1511,151101,Control,BoSY,Grade 7,3-level,frustration,23,412,5.58252427184466
301175,4,408,40807,Control,BoSY,Grade 7,3-level,frustration,58,700,8.285714285714286
301437,4,417,41704,Control,BoSY,Grade 7,3-level,frustration,332,1034,32.10831721470019
320204,15,1511,151101,Control,BoSY,Grade 7,3-level,frustration,58,595,9.747899159663865
305447,15,1505,150501,Control,BoSY,Grade 7,3-level,frustration,8,764,1.0471204188481675
301438,4,417,41704,Control,BoSY,Grade 7,3-level,frustration,411,538,76.39405204460967
308135,4,417,41708,Control,BoSY,Grade 7,3-level,frustration,142,488,29.098360655737704
301418,4,401,40101,Control,BoSY,Grade 7,3-level,frustration,187,3463,5.399942246606988
305288,15,1507,150710,Control,BoSY,Grade 7,3-level,frustration,298,704,42.32954545454545
301265,4,413,41301,Control,BoSY,Grade 7,3-level,frustration,220,412,53.398058252427184
305442,15,1516,151601,Control,BoSY,Grade 7,3-level,frustration,56,270,20.74074074074074
500339,15,1505,150501,Control,BoSY,Grade 7,3-level,frustration,140,369,37.94037940379404
305435,15,1503,150301,Control,BoSY,Grade 7,3-level,frustration,107,474,22.573839662447256
308134,4,417,41708,Control,BoSY,Grade 7,3-level,frustration,101,643,15.707620528771384
305452,15,1505,150501,Control,BoSY,Grade 7,3-level,frustration,79,693,11.3997113997114
312330,7,703,70308,Treatment,BoSY,Grade 7,3-level,frustration,10,88,11.363636363636363
305710,7,703,70302,Treatment,BoSY,Grade 7,3-level,frustration,1,86,1.1627906976744187
305655,11,1101,110101,Treatment,BoSY,Grade 7,3-level,frustration,2,27,7.407407407407407
305581,7,703,70303,Treatment,BoSY,Grade 7,3-level,frustration,5,46,10.869565217391305
303130,7,703,70309,Treatment,BoSY,Grade 7,3-level,frustration,145,196,73.9795918367347
312354,7,703,70309,Treatment,BoSY,Grade 7,3-level,frustration,1,28,3.5714285714285716
305849,11,1105,110503,Treatment,BoSY,Grade 7,3-level,frustration,1,37,2.7027027027027026
305500,11,1101,110101,Treatment,BoSY,Grade 7,3-level,frustration,17,36,47.22222222222222
312355,7,703,70304,Treatment,BoSY,Grade 7,3-level,frustration,8,38,21.05263157894737
501903,11,1110,111001,Treatment,BoSY,Grade 7,3-level,frustration,15,30,50
500665,7,705,70527,Control,BoSY,Grade 7,3-level,frustration,42,107,39.25233644859813
312462,7,705,70520,Control,BoSY,Grade 7,3-level,frustration,3,16,18.75
306038,11,1102,110202,Control,BoSY,Grade 7,3-level,frustration,10,33,30.303030303030305
500221,7,705,70527,Control,BoSY,Grade 7,3-level,frustration,7,22,31.818181818181817
500744,7,708,70801,Control,BoSY,Grade 7,3-level,frustration,4,55,7.2727272727272725
305884,11,1101,110101,Control,BoSY,Grade 7,3-level,frustration,2,125,1.6
303170,7,709,70901,Control,BoSY,Grade 7,3-level,frustration,2,51,3.9215686274509802
500787,7,708,70801,Control,BoSY,Grade 7,3-level,frustration,12,49,24.489795918367346
500667,7,705,70528,Control,BoSY,Grade 7,3-level,frustration,6,72,8.333333333333334
501071,11,1101,110101,Control,BoSY,Grade 7,3-level,frustration,2,25,8
303046,7,705,70527,Control,BoSY,Grade 7,3-level,frustration,2,84,2.380952380952381
325303,7,707,70701,Control,BoSY,Grade 7,3-level,frustration,65,85,76.47058823529412
500208,7,703,70305,Control,BoSY,Grade 7,3-level,frustration,5,19,26.31578947368421
312401,7,705,70525,Control,BoSY,Grade 7,3-level,frustration,116,116,100
303136,7,706,70601,Control,BoSY,Grade 7,3-level,frustration,35,111,31.53153153153153
312435,7,707,70701,Control,BoSY,Grade 7,3-level,frustration,19,54,35.18518518518518
502186,11,1101,110101,Control,BoSY,Grade 7,3-level,frustration,6,19,31.57894736842105
500782,7,708,70801,Control,BoSY,Grade 7,3-level,frustration,38,291,13.058419243986254
306086,11,1106,110606,Control,BoSY,Grade 7,3-level,frustration,8,18,44.44444444444444
305755,7,705,70529,Control,BoSY,Grade 7,3-level,frustration,58,138,42.028985507246375
305665,11,1101,110101,Control,BoSY,Grade 7,3-level,frustration,17,25,68
501635,7,703,70301,Control,BoSY,Grade 7,3-level,frustration,1,62,1.6129032258064515
305843,11,1110,111001,Control,BoSY,Grade 7,3-level,frustration,38,60,63.333333333333336
500894,7,705,70517,Control,BoSY,Grade 7,3-level,frustration,23,101,22.77227722772277
500671,7,705,70506,Control,BoSY,Grade 7,3-level,frustration,6,28,21.428571428571427
305847,11,1105,110503,Control,BoSY,Grade 7,3-level,frustration,1,60,1.6666666666666667
500784,7,708,70801,Control,BoSY,Grade 7,3-level,frustration,10,24,41.666666666666664
501267,7,705,70525,Control,BoSY,Grade 7,3-level,frustration,4,42,9.523809523809524
306000,7,705,70525,Control,BoSY,Grade 7,3-level,frustration,5,63,7.936507936507937
305517,11,1106,110608,Control,BoSY,Grade 7,3-level,frustration,10,53,18.867924528301888
305713,7,710,71001,Control,BoSY,Grade 7,3-level,frustration,1,65,1.5384615384615385
500768,7,705,70521,Control,BoSY,Grade 7,3-level,frustration,2,83,2.4096385542168677
316303,11,1107,110701,Control,BoSY,Grade 7,3-level,frustration,1,71,1.408450704225352
316304,11,1107,110701,Control,BoSY,Grade 7,3-level,frustration,53,101,52.475247524752476
305506,11,1101,110101,Control,BoSY,Grade 7,3-level,frustration,2,22,9.090909090909092
500421,7,705,70507,Control,BoSY,Grade 7,3-level,frustration,27,113,23.893805309734514
305681,11,1110,111001,Control,BoSY,Grade 7,3-level,frustration,23,230,10
303186,7,711,71101,Control,BoSY,Grade 7,3-level,frustration,1,145,0.6896551724137931
501429,7,714,71402,Control,BoSY,Grade 7,3-level,frustration,14,57,24.56140350877193
305844,11,1103,110303,Control,BoSY,Grade 7,3-level,frustration,25,57,43.85964912280702
305965,11,1110,111001,Control,BoSY,Grade 7,3-level,frustration,0,114,0
501076,11,1103,110305,Control,BoSY,Grade 7,3-level,frustration,12,13,92.3076923076923
305889,11,1101,110101,Control,BoSY,Grade 7,3-level,frustration,0,61,0
501074,11,1103,110306,Control,BoSY,Grade 7,3-level,frustration,42,58,72.41379310344827
312408,7,705,70530,Control,BoSY,Grade 7,3-level,frustration,1,79,1.2658227848101267
501351,7,705,70522,Control,BoSY,Grade 7,3-level,frustration,10,79,12.658227848101266
501404,11,1101,110101,Control,BoSY,Grade 7,3-level,frustration,1,18,5.555555555555555
305660,11,1101,110101,Control,BoSY,Grade 7,3-level,frustration,5,45,11.11111111111111
303219,7,701,70101,Control,BoSY,Grade 7,3-level,frustration,4,141,2.8368794326241136
312450,7,705,70522,Control,BoSY,Grade 7,3-level,frustration,0,124,0
324903,7,704,70401,Control,BoSY,Grade 7,3-level,frustration,13,44,29.545454545454547
501065,11,1101,110101,Control,BoSY,Grade 7,3-level,frustration,21,141,14.893617021276595
312451,7,705,70532,Control,BoSY,Grade 7,3-level,frustration,4,88,4.545454545454546
501763,11,1103,110305,Control,BoSY,Grade 7,3-level,frustration,22,45,48.888888888888886
316405,11,1110,111001,Control,BoSY,Grade 7,3-level,frustration,20,166,12.048192771084338
316404,11,1110,111001,Control,BoSY,Grade 7,3-level,frustration,16,63,25.396825396825395
316301,11,1107,110701,Control,BoSY,Grade 7,3-level,frustration,0,198,0
312910,7,710,71001,Control,BoSY,Grade 7,3-level,frustration,35,194,18.04123711340206
303011,7,705,70512,Control,BoSY,Grade 7,3-level,frustration,10,59,16.949152542372882
305651,11,1101,110101,Control,BoSY,Grade 7,3-level,frustration,27,35,77.14285714285714
305662,11,1101,110101,Control,BoSY,Grade 7,3-level,frustration,10,52,19.23076923076923
305850,11,1105,110503,Control,BoSY,Grade 7,3-level,frustration,3,32,9.375
312481,7,705,70518,Control,BoSY,Grade 7,3-level,frustration,7,199,3.5175879396984926
304409,11,1110,111001,Control,BoSY,Grade 7,3-level,frustration,13,124,10.483870967741936
303246,7,713,71303,Control,BoSY,Grade 7,3-level,frustration,49,183,26.775956284153004
501405,11,1101,110101,Control,BoSY,Grade 7,3-level,frustration,12,65,18.46153846153846
305677,11,1105,110503,Control,BoSY,Grade 7,3-level,frustration,15,59,25.423728813559322
500447,7,708,70801,Control,BoSY,Grade 7,3-level,frustration,37,72,51.388888888888886
501305,7,708,70801,Control,BoSY,Grade 7,3-level,frustration,10,31,32.25806451612903
305917,7,708,70801,Control,BoSY,Grade 7,3-level,frustration,6,24,25
305722,7,703,70304,Control,BoSY,Grade 7,3-level,frustration,18,60,30
312953,7,713,71306,Control,BoSY,Grade 7,3-level,frustration,0,46,0
305498,11,1101,110101,Control,BoSY,Grade 7,3-level,frustration,45,75,60
305669,11,1101,110101,Control,BoSY,Grade 7,3-level,frustration,22,39,56.41025641025641
312960,7,710,71002,Control,BoSY,Grade 7,3-level,frustration,43,71,60.563380281690144
309906,5,508,50811,Treatment,BoSY,Grade 7,3-level,instructional,7,130,5.384615384615385
309934,5,508,50806,Treatment,BoSY,Grade 7,3-level,instructional,8,43,18.6046511627907
301871,5,501,50107,Treatment,BoSY,Grade 7,3-level,instructional,15,73,20.54794520547945
302134,5,508,50804,Treatment,BoSY,Grade 7,3-level,instructional,0,169,0
302117,5,508,50803,Treatment,BoSY,Grade 7,3-level,instructional,32,92,34.78260869565217
309909,5,508,50801,Treatment,BoSY,Grade 7,3-level,instructional,0,127,0
309915,5,508,50801,Treatment,BoSY,Grade 7,3-level,instructional,8,51,15.686274509803921
501544,5,508,50815,Treatment,BoSY,Grade 7,3-level,instructional,21,72,29.166666666666668
301887,5,502,50205,Treatment,BoSY,Grade 7,3-level,instructional,25,98,25.510204081632654
302175,5,508,50820,Treatment,BoSY,Grade 7,3-level,instructional,2,126,1.5873015873015872
302146,5,508,50812,Treatment,BoSY,Grade 7,3-level,instructional,28,150,18.666666666666668
309921,5,508,50805,Treatment,BoSY,Grade 7,3-level,instructional,22,97,22.68041237113402
302254,5,505,50501,Control,BoSY,Grade 7,3-level,instructional,15,93,16.129032258064516
309513,5,501,50112,Control,BoSY,Grade 7,3-level,instructional,28,122,22.950819672131146
500163,5,508,50801,Control,BoSY,Grade 7,3-level,instructional,7,76,9.210526315789474
302058,5,503,50333,Control,BoSY,Grade 7,3-level,instructional,22,99,22.22222222222222
302192,5,511,51103,Control,BoSY,Grade 7,3-level,instructional,27,286,9.44055944055944
302227,5,511,51105,Control,BoSY,Grade 7,3-level,instructional,0,76,0
302252,5,505,50501,Control,BoSY,Grade 7,3-level,instructional,7,98,7.142857142857143
309914,5,508,50806,Control,BoSY,Grade 7,3-level,instructional,65,230,28.26086956521739
309711,5,503,50317,Control,BoSY,Grade 7,3-level,instructional,8,64,12.5
301817,5,507,50701,Control,BoSY,Grade 7,3-level,instructional,33,114,28.94736842105263
302165,5,508,50816,Control,BoSY,Grade 7,3-level,instructional,20,92,21.73913043478261
301974,5,503,50311,Treatment,BoSY,Grade 7,3-level,instructional,8,82,9.75609756097561
302256,5,505,50501,Control,BoSY,Grade 7,3-level,instructional,55,115,47.82608695652174
301834,5,501,50106,Control,BoSY,Grade 7,3-level,instructional,43,165,26.060606060606062
309760,5,503,50306,Control,BoSY,Grade 7,3-level,instructional,3,34,8.823529411764707
309936,5,508,50819,Control,BoSY,Grade 7,3-level,instructional,0,56,0
302203,5,511,51102,Control,BoSY,Grade 7,3-level,instructional,8,81,9.876543209876543
302011,5,503,50314,Control,BoSY,Grade 7,3-level,instructional,19,229,8.296943231441048
500168,5,505,50501,Control,BoSY,Grade 7,3-level,instructional,4,90,4.444444444444445
301947,5,503,50306,Control,BoSY,Grade 7,3-level,instructional,38,312,12.179487179487179
309941,5,508,50812,Control,BoSY,Grade 7,3-level,instructional,64,244,26.229508196721312
301839,5,501,50111,Control,BoSY,Grade 7,3-level,instructional,2,90,2.2222222222222223
501843,5,508,50818,Treatment,BoSY,Grade 7,3-level,instructional,2,40,5
302111,5,508,50801,Control,BoSY,Grade 7,3-level,instructional,122,496,24.596774193548388
302133,5,509,50901,Control,BoSY,Grade 7,3-level,instructional,34,174,19.54022988505747
301990,5,503,50317,Control,BoSY,Grade 7,3-level,instructional,6,64,9.375
309937,5,508,50819,Control,BoSY,Grade 7,3-level,instructional,12,80,15
302241,5,511,51105,Control,BoSY,Grade 7,3-level,instructional,0,170,0
500167,5,505,50501,Control,BoSY,Grade 7,3-level,instructional,14,60,23.333333333333332
309764,5,503,50320,Control,BoSY,Grade 7,3-level,instructional,3,40,7.5
302205,5,511,51106,Control,BoSY,Grade 7,3-level,instructional,29,136,21.323529411764707
302014,5,503,50302,Control,BoSY,Grade 7,3-level,instructional,28,159,17.61006289308176
309740,5,503,50315,Control,BoSY,Grade 7,3-level,instructional,5,37,13.513513513513514
309741,5,503,50315,Control,BoSY,Grade 7,3-level,instructional,3,117,2.5641025641025643
302161,5,508,50803,Treatment,BoSY,Grade 7,3-level,instructional,16,100,16
302113,5,508,50818,Treatment,BoSY,Grade 7,3-level,instructional,36,100,36
302127,5,508,50817,Control,BoSY,Grade 7,3-level,instructional,14,49,28.571428571428573
301899,5,502,50205,Control,BoSY,Grade 7,3-level,instructional,59,132,44.696969696969695
309509,5,501,50113,Control,BoSY,Grade 7,3-level,instructional,17,89,19.10112359550562
309903,5,508,50816,Control,BoSY,Grade 7,3-level,instructional,0,103,0
301995,5,503,50310,Control,BoSY,Grade 7,3-level,instructional,0,63,0
309702,5,503,50325,Control,BoSY,Grade 7,3-level,instructional,3,257,1.1673151750972763
501020,5,503,50310,Control,BoSY,Grade 7,3-level,instructional,5,33,15.151515151515152
309743,5,503,50332,Control,BoSY,Grade 7,3-level,instructional,14,115,12.173913043478262
301816,5,501,50101,Control,BoSY,Grade 7,3-level,instructional,34,122,27.868852459016395
302054,5,503,50315,Control,BoSY,Grade 7,3-level,instructional,13,112,11.607142857142858
301862,5,507,50701,Control,BoSY,Grade 7,3-level,instructional,47,247,19.02834008097166
502477,5,501,50108,Control,BoSY,Grade 7,3-level,instructional,3,26,11.538461538461538
302283,5,513,51301,Control,BoSY,Grade 7,3-level,instructional,53,333,15.915915915915916
301900,5,502,50206,Control,BoSY,Grade 7,3-level,instructional,4,71,5.633802816901408
302123,5,508,50808,Control,BoSY,Grade 7,3-level,instructional,14,81,17.28395061728395
309512,5,501,50110,Control,BoSY,Grade 7,3-level,instructional,0,50,0
302284,5,513,51301,Control,BoSY,Grade 7,3-level,instructional,23,181,12.707182320441989
500034,5,508,50819,Control,BoSY,Grade 7,3-level,instructional,20,37,54.054054054054056
302043,5,503,50305,Control,BoSY,Grade 7,3-level,instructional,54,213,25.35211267605634
302182,5,511,51107,Control,BoSY,Grade 7,3-level,instructional,14,90,15.555555555555555
301986,5,503,50334,Control,BoSY,Grade 7,3-level,instructional,15,206,7.281553398058253
302109,5,508,50817,Control,BoSY,Grade 7,3-level,instructional,0,240,0
302061,5,503,50311,Control,BoSY,Grade 7,3-level,instructional,31,82,37.80487804878049
309931,5,508,50802,Control,BoSY,Grade 7,3-level,instructional,25,87,28.735632183908045
301984,5,503,50331,Control,BoSY,Grade 7,3-level,instructional,49,225,21.77777777777778
302156,5,508,50803,Control,BoSY,Grade 7,3-level,instructional,0,101,0
309705,5,503,50330,Control,BoSY,Grade 7,3-level,instructional,10,87,11.494252873563218
500165,5,508,50804,Control,BoSY,Grade 7,3-level,instructional,10,51,19.607843137254903
301930,5,503,50328,Control,BoSY,Grade 7,3-level,instructional,8,99,8.080808080808081
302177,5,508,50806,Control,BoSY,Grade 7,3-level,instructional,15,114,13.157894736842104
302282,5,513,51301,Control,BoSY,Grade 7,3-level,instructional,143,328,43.59756097560975
502615,5,508,50802,Control,BoSY,Grade 7,3-level,instructional,0,22,0
302263,5,506,50601,Control,BoSY,Grade 7,3-level,instructional,17,66,25.757575757575758
301826,5,501,50103,Control,BoSY,Grade 7,3-level,instructional,29,56,51.785714285714285
305750,5,513,51301,Control,BoSY,Grade 7,3-level,instructional,24,66,36.36363636363637
301870,5,501,50110,Control,BoSY,Grade 7,3-level,instructional,10,124,8.064516129032258
302039,5,503,50316,Control,BoSY,Grade 7,3-level,instructional,97,322,30.124223602484474
301868,5,501,50112,Control,BoSY,Grade 7,3-level,instructional,2,227,0.8810572687224669
301963,5,503,50316,Control,BoSY,Grade 7,3-level,instructional,39,219,17.80821917808219
340567,15,1505,150501,Treatment,BoSY,Grade 7,3-level,instructional,96,267,35.95505617977528
320606,15,1515,151502,Treatment,BoSY,Grade 7,3-level,instructional,59,315,18.73015873015873
320202,15,1511,151101,Treatment,BoSY,Grade 7,3-level,instructional,50,161,31.055900621118013
305310,15,1507,150703,Treatment,BoSY,Grade 7,3-level,instructional,50,304,16.44736842105263
305418,15,1513,151301,Treatment,BoSY,Grade 7,3-level,instructional,167,1277,13.07752545027408
500565,15,1515,151502,Treatment,BoSY,Grade 7,3-level,instructional,167,947,17.634635691657866
301258,4,413,41308,Treatment,BoSY,Grade 7,3-level,instructional,49,548,8.941605839416058
301214,4,411,41101,Treatment,BoSY,Grade 7,3-level,instructional,181,646,28.018575851393187
301497,4,414,41401,Treatment,BoSY,Grade 7,3-level,instructional,142,444,31.98198198198198
305411,15,1515,151502,Treatment,BoSY,Grade 7,3-level,instructional,125,693,18.037518037518037
305420,15,1513,151301,Treatment,BoSY,Grade 7,3-level,instructional,269,1407,19.118692253020612
301231,4,413,41302,Control,BoSY,Grade 7,3-level,instructional,16,236,6.779661016949152
301188,4,402,40201,Control,BoSY,Grade 7,3-level,instructional,201,714,28.15126050420168
307913,4,413,41309,Control,BoSY,Grade 7,3-level,instructional,0,351,0
500566,15,1507,150710,Control,BoSY,Grade 7,3-level,instructional,106,713,14.866760168302946
305453,15,1510,151001,Control,BoSY,Grade 7,3-level,instructional,19,891,2.132435465768799
305311,15,1507,150702,Control,BoSY,Grade 7,3-level,instructional,56,288,19.444444444444443
301425,4,401,40101,Control,BoSY,Grade 7,3-level,instructional,142,1052,13.49809885931559
301202,4,408,40812,Control,BoSY,Grade 7,3-level,instructional,101,432,23.37962962962963
305412,15,1515,151502,Control,BoSY,Grade 7,3-level,instructional,123,1188,10.353535353535353
308105,4,417,41703,Control,BoSY,Grade 7,3-level,instructional,325,906,35.8719646799117
305341,15,1514,151401,Control,BoSY,Grade 7,3-level,instructional,154,1278,12.050078247261347
319604,15,1512,151201,Control,BoSY,Grade 7,3-level,instructional,7,395,1.7721518987341771
305568,15,1516,151601,Control,BoSY,Grade 7,3-level,instructional,60,469,12.793176972281449
305434,15,1503,150301,Control,BoSY,Grade 7,3-level,instructional,119,967,12.306101344364013
301464,4,417,41710,Control,BoSY,Grade 7,3-level,instructional,236,651,36.25192012288787
305461,15,1515,151502,Control,BoSY,Grade 7,3-level,instructional,0,327,0
305384,15,1501,150101,Control,BoSY,Grade 7,3-level,instructional,86,490,17.551020408163264
301143,4,421,42101,Control,BoSY,Grade 7,3-level,instructional,38,1302,2.9185867895545314
305340,15,1514,151401,Control,BoSY,Grade 7,3-level,instructional,57,1372,4.154518950437318
305302,15,1507,150709,Treatment,BoSY,Grade 7,3-level,instructional,196,1136,17.253521126760564
308103,4,417,41712,Control,BoSY,Grade 7,3-level,instructional,199,406,49.01477832512315
308130,4,417,41711,Control,BoSY,Grade 7,3-level,instructional,59,184,32.06521739130435
301227,4,420,42001,Control,BoSY,Grade 7,3-level,instructional,102,1520,6.7105263157894735
305334,15,1514,151401,Control,BoSY,Grade 7,3-level,instructional,40,605,6.6115702479338845
305367,15,1512,151201,Control,BoSY,Grade 7,3-level,instructional,597,1192,50.08389261744966
305635,15,1514,151401,Control,BoSY,Grade 7,3-level,instructional,64,515,12.427184466019417
301218,4,408,40814,Control,BoSY,Grade 7,3-level,instructional,884,2259,39.132359451084554
308501,4,415,41501,Control,BoSY,Grade 7,3-level,instructional,226,724,31.215469613259668
500332,15,1506,150601,Control,BoSY,Grade 7,3-level,instructional,35,316,11.075949367088608
305471,15,1509,150901,Control,BoSY,Grade 7,3-level,instructional,45,1010,4.455445544554456
305376,15,1501,150101,Treatment,BoSY,Grade 7,3-level,instructional,65,890,7.303370786516854
301432,4,417,41705,Control,BoSY,Grade 7,3-level,instructional,132,662,19.939577039274923
305459,15,1515,151502,Control,BoSY,Grade 7,3-level,instructional,460,960,47.916666666666664
305313,15,1507,150708,Control,BoSY,Grade 7,3-level,instructional,75,653,11.485451761102603
301186,4,410,41001,Control,BoSY,Grade 7,3-level,instructional,739,2124,34.792843691148775
301184,4,410,41001,Control,BoSY,Grade 7,3-level,instructional,0,1318,0
305295,15,1507,150710,Control,BoSY,Grade 7,3-level,instructional,110,1345,8.178438661710038
301416,4,422,42201,Control,BoSY,Grade 7,3-level,instructional,0,207,0
305450,15,1505,150501,Treatment,BoSY,Grade 7,3-level,instructional,72,482,14.937759336099585
301403,4,416,41606,Control,BoSY,Grade 7,3-level,instructional,135,584,23.116438356164384
301451,4,417,41708,Control,BoSY,Grade 7,3-level,instructional,25,370,6.756756756756757
305338,15,1514,151401,Control,BoSY,Grade 7,3-level,instructional,138,856,16.121495327102803
301257,4,413,41312,Control,BoSY,Grade 7,3-level,instructional,477,2100,22.714285714285715
305416,15,1513,151301,Control,BoSY,Grade 7,3-level,instructional,103,1038,9.922928709055876
305337,15,1514,151401,Control,BoSY,Grade 7,3-level,instructional,267,2523,10.582639714625445
305353,15,1514,151401,Control,BoSY,Grade 7,3-level,instructional,45,394,11.421319796954315
301197,4,408,40812,Control,BoSY,Grade 7,3-level,instructional,38,442,8.597285067873303
301236,4,413,41308,Treatment,BoSY,Grade 7,3-level,instructional,66,341,19.35483870967742
305444,15,1516,151601,Control,BoSY,Grade 7,3-level,instructional,91,463,19.65442764578834
320306,15,1503,150301,Control,BoSY,Grade 7,3-level,instructional,266,878,30.29612756264237
301489,4,414,41401,Control,BoSY,Grade 7,3-level,instructional,126,403,31.265508684863523
301507,4,418,41801,Control,BoSY,Grade 7,3-level,instructional,67,130,51.53846153846154
301456,4,417,41710,Control,BoSY,Grade 7,3-level,instructional,77,619,12.439418416801292
301238,4,413,41303,Control,BoSY,Grade 7,3-level,instructional,19,621,3.0595813204508855
305438,15,1516,151601,Control,BoSY,Grade 7,3-level,instructional,197,908,21.696035242290748
305324,15,1514,151401,Control,BoSY,Grade 7,3-level,instructional,26,270,9.62962962962963
305454,15,1510,151001,Control,BoSY,Grade 7,3-level,instructional,53,139,38.1294964028777
308122,4,417,41708,Control,BoSY,Grade 7,3-level,instructional,5,236,2.1186440677966103
301508,4,418,41801,Control,BoSY,Grade 7,3-level,instructional,69,311,22.186495176848876
305465,15,1515,151502,Control,BoSY,Grade 7,3-level,instructional,141,813,17.343173431734318
305428,15,1511,151101,Control,BoSY,Grade 7,3-level,instructional,57,412,13.83495145631068
301175,4,408,40807,Control,BoSY,Grade 7,3-level,instructional,54,700,7.714285714285714
301437,4,417,41704,Control,BoSY,Grade 7,3-level,instructional,159,1034,15.377176015473887
320204,15,1511,151101,Control,BoSY,Grade 7,3-level,instructional,172,595,28.907563025210084
305447,15,1505,150501,Control,BoSY,Grade 7,3-level,instructional,1,764,0.13089005235602094
301438,4,417,41704,Control,BoSY,Grade 7,3-level,instructional,48,538,8.921933085501859
308135,4,417,41708,Control,BoSY,Grade 7,3-level,instructional,109,488,22.33606557377049
301418,4,401,40101,Control,BoSY,Grade 7,3-level,instructional,896,3463,25.87352006930407
305288,15,1507,150710,Control,BoSY,Grade 7,3-level,instructional,165,704,23.4375
301265,4,413,41301,Control,BoSY,Grade 7,3-level,instructional,31,412,7.524271844660194
305442,15,1516,151601,Control,BoSY,Grade 7,3-level,instructional,64,270,23.703703703703702
500339,15,1505,150501,Control,BoSY,Grade 7,3-level,instructional,45,369,12.195121951219512
305435,15,1503,150301,Control,BoSY,Grade 7,3-level,instructional,79,474,16.666666666666668
308134,4,417,41708,Control,BoSY,Grade 7,3-level,instructional,209,643,32.50388802488336
305452,15,1505,150501,Control,BoSY,Grade 7,3-level,instructional,238,693,34.343434343434346
312330,7,703,70308,Treatment,BoSY,Grade 7,3-level,instructional,48,88,54.54545454545455
305710,7,703,70302,Treatment,BoSY,Grade 7,3-level,instructional,9,86,10.465116279069768
305655,11,1101,110101,Treatment,BoSY,Grade 7,3-level,instructional,11,27,40.74074074074074
305581,7,703,70303,Treatment,BoSY,Grade 7,3-level,instructional,19,46,41.30434782608695
303130,7,703,70309,Treatment,BoSY,Grade 7,3-level,instructional,16,196,8.16326530612245
312354,7,703,70309,Treatment,BoSY,Grade 7,3-level,instructional,2,28,7.142857142857143
305849,11,1105,110503,Treatment,BoSY,Grade 7,3-level,instructional,2,37,5.405405405405405
305500,11,1101,110101,Treatment,BoSY,Grade 7,3-level,instructional,16,36,44.44444444444444
312355,7,703,70304,Treatment,BoSY,Grade 7,3-level,instructional,19,38,50
501903,11,1110,111001,Treatment,BoSY,Grade 7,3-level,instructional,8,30,26.666666666666668
500665,7,705,70527,Control,BoSY,Grade 7,3-level,instructional,24,107,22.429906542056074
312462,7,705,70520,Control,BoSY,Grade 7,3-level,instructional,5,16,31.25
306038,11,1102,110202,Control,BoSY,Grade 7,3-level,instructional,7,33,21.21212121212121
500221,7,705,70527,Control,BoSY,Grade 7,3-level,instructional,1,22,4.545454545454546
500744,7,708,70801,Control,BoSY,Grade 7,3-level,instructional,2,55,3.6363636363636362
305884,11,1101,110101,Control,BoSY,Grade 7,3-level,instructional,19,125,15.2
303170,7,709,70901,Control,BoSY,Grade 7,3-level,instructional,10,51,19.607843137254903
500787,7,708,70801,Control,BoSY,Grade 7,3-level,instructional,8,49,16.3265306122449
500667,7,705,70528,Control,BoSY,Grade 7,3-level,instructional,30,72,41.666666666666664
501071,11,1101,110101,Control,BoSY,Grade 7,3-level,instructional,4,25,16
303046,7,705,70527,Control,BoSY,Grade 7,3-level,instructional,27,84,32.142857142857146
325303,7,707,70701,Control,BoSY,Grade 7,3-level,instructional,8,85,9.411764705882353
500208,7,703,70305,Control,BoSY,Grade 7,3-level,instructional,5,19,26.31578947368421
312401,7,705,70525,Control,BoSY,Grade 7,3-level,instructional,0,116,0
303136,7,706,70601,Control,BoSY,Grade 7,3-level,instructional,23,111,20.72072072072072
312435,7,707,70701,Control,BoSY,Grade 7,3-level,instructional,7,54,12.962962962962964
502186,11,1101,110101,Control,BoSY,Grade 7,3-level,instructional,5,19,26.31578947368421
500782,7,708,70801,Control,BoSY,Grade 7,3-level,instructional,59,291,20.274914089347078
306086,11,1106,110606,Control,BoSY,Grade 7,3-level,instructional,2,18,11.11111111111111
305755,7,705,70529,Control,BoSY,Grade 7,3-level,instructional,7,138,5.072463768115942
305665,11,1101,110101,Control,BoSY,Grade 7,3-level,instructional,4,25,16
501635,7,703,70301,Control,BoSY,Grade 7,3-level,instructional,1,62,1.6129032258064515
305843,11,1110,111001,Control,BoSY,Grade 7,3-level,instructional,9,60,15
500894,7,705,70517,Control,BoSY,Grade 7,3-level,instructional,5,101,4.9504950495049505
500671,7,705,70506,Control,BoSY,Grade 7,3-level,instructional,2,28,7.142857142857143
305847,11,1105,110503,Control,BoSY,Grade 7,3-level,instructional,16,60,26.666666666666668
500784,7,708,70801,Control,BoSY,Grade 7,3-level,instructional,9,24,37.5
501267,7,705,70525,Control,BoSY,Grade 7,3-level,instructional,7,42,16.666666666666668
306000,7,705,70525,Control,BoSY,Grade 7,3-level,instructional,16,63,25.396825396825395
305517,11,1106,110608,Control,BoSY,Grade 7,3-level,instructional,16,53,30.18867924528302
305713,7,710,71001,Control,BoSY,Grade 7,3-level,instructional,0,65,0
500768,7,705,70521,Control,BoSY,Grade 7,3-level,instructional,5,83,6.024096385542169
316303,11,1107,110701,Control,BoSY,Grade 7,3-level,instructional,7,71,9.859154929577464
316304,11,1107,110701,Control,BoSY,Grade 7,3-level,instructional,8,101,7.920792079207921
305506,11,1101,110101,Control,BoSY,Grade 7,3-level,instructional,5,22,22.727272727272727
500421,7,705,70507,Control,BoSY,Grade 7,3-level,instructional,11,113,9.734513274336283
305681,11,1110,111001,Control,BoSY,Grade 7,3-level,instructional,22,230,9.565217391304348
303186,7,711,71101,Control,BoSY,Grade 7,3-level,instructional,49,145,33.793103448275865
501429,7,714,71402,Control,BoSY,Grade 7,3-level,instructional,9,57,15.789473684210526
305844,11,1103,110303,Control,BoSY,Grade 7,3-level,instructional,14,57,24.56140350877193
305965,11,1110,111001,Control,BoSY,Grade 7,3-level,instructional,10,114,8.771929824561404
501076,11,1103,110305,Control,BoSY,Grade 7,3-level,instructional,1,13,7.6923076923076925
305889,11,1101,110101,Control,BoSY,Grade 7,3-level,instructional,3,61,4.918032786885246
501074,11,1103,110306,Control,BoSY,Grade 7,3-level,instructional,2,58,3.4482758620689653
312408,7,705,70530,Control,BoSY,Grade 7,3-level,instructional,16,79,20.253164556962027
501351,7,705,70522,Control,BoSY,Grade 7,3-level,instructional,25,79,31.645569620253166
501404,11,1101,110101,Control,BoSY,Grade 7,3-level,instructional,4,18,22.22222222222222
305660,11,1101,110101,Control,BoSY,Grade 7,3-level,instructional,20,45,44.44444444444444
303219,7,701,70101,Control,BoSY,Grade 7,3-level,instructional,22,141,15.602836879432624
312450,7,705,70522,Control,BoSY,Grade 7,3-level,instructional,23,124,18.548387096774192
324903,7,704,70401,Control,BoSY,Grade 7,3-level,instructional,2,44,4.545454545454546
501065,11,1101,110101,Control,BoSY,Grade 7,3-level,instructional,42,141,29.78723404255319
312451,7,705,70532,Control,BoSY,Grade 7,3-level,instructional,5,88,5.681818181818182
501763,11,1103,110305,Control,BoSY,Grade 7,3-level,instructional,14,45,31.11111111111111
316405,11,1110,111001,Control,BoSY,Grade 7,3-level,instructional,73,166,43.975903614457835
316404,11,1110,111001,Control,BoSY,Grade 7,3-level,instructional,25,63,39.682539682539684
316301,11,1107,110701,Control,BoSY,Grade 7,3-level,instructional,0,198,0
312910,7,710,71001,Control,BoSY,Grade 7,3-level,instructional,48,194,24.742268041237114
303011,7,705,70512,Control,BoSY,Grade 7,3-level,instructional,10,59,16.949152542372882
305651,11,1101,110101,Control,BoSY,Grade 7,3-level,instructional,0,35,0
305662,11,1101,110101,Control,BoSY,Grade 7,3-level,instructional,13,52,25
305850,11,1105,110503,Control,BoSY,Grade 7,3-level,instructional,7,32,21.875
312481,7,705,70518,Control,BoSY,Grade 7,3-level,instructional,18,199,9.045226130653266
304409,11,1110,111001,Control,BoSY,Grade 7,3-level,instructional,65,124,52.41935483870968
303246,7,713,71303,Control,BoSY,Grade 7,3-level,instructional,48,183,26.229508196721312
501405,11,1101,110101,Control,BoSY,Grade 7,3-level,instructional,13,65,20
305677,11,1105,110503,Control,BoSY,Grade 7,3-level,instructional,25,59,42.3728813559322
500447,7,708,70801,Control,BoSY,Grade 7,3-level,instructional,11,72,15.277777777777779
501305,7,708,70801,Control,BoSY,Grade 7,3-level,instructional,11,31,35.483870967741936
305917,7,708,70801,Control,BoSY,Grade 7,3-level,instructional,2,24,8.333333333333334
305722,7,703,70304,Control,BoSY,Grade 7,3-level,instructional,30,60,50
312953,7,713,71306,Control,BoSY,Grade 7,3-level,instructional,3,46,6.521739130434782
305498,11,1101,110101,Control,BoSY,Grade 7,3-level,instructional,13,75,17.333333333333332
305669,11,1101,110101,Control,BoSY,Grade 7,3-level,instructional,8,39,20.512820512820515
312960,7,710,71002,Control,BoSY,Grade 7,3-level,instructional,15,71,21.12676056338028
309906,5,508,50811,Treatment,BoSY,Grade 7,3-level,independent,6,130,4.615384615384615
309934,5,508,50806,Treatment,BoSY,Grade 7,3-level,independent,11,43,25.58139534883721
301871,5,501,50107,Treatment,BoSY,Grade 7,3-level,independent,6,73,8.219178082191782
302134,5,508,50804,Treatment,BoSY,Grade 7,3-level,independent,0,169,0
302117,5,508,50803,Treatment,BoSY,Grade 7,3-level,independent,35,92,38.04347826086956
309909,5,508,50801,Treatment,BoSY,Grade 7,3-level,independent,0,127,0
309915,5,508,50801,Treatment,BoSY,Grade 7,3-level,independent,1,51,1.9607843137254901
501544,5,508,50815,Treatment,BoSY,Grade 7,3-level,independent,0,72,0
301887,5,502,50205,Treatment,BoSY,Grade 7,3-level,independent,11,98,11.224489795918368
302175,5,508,50820,Treatment,BoSY,Grade 7,3-level,independent,2,126,1.5873015873015872
302146,5,508,50812,Treatment,BoSY,Grade 7,3-level,independent,13,150,8.666666666666666
309921,5,508,50805,Treatment,BoSY,Grade 7,3-level,independent,20,97,20.61855670103093
302254,5,505,50501,Control,BoSY,Grade 7,3-level,independent,0,93,0
309513,5,501,50112,Control,BoSY,Grade 7,3-level,independent,9,122,7.377049180327869
500163,5,508,50801,Control,BoSY,Grade 7,3-level,independent,10,76,13.157894736842104
302058,5,503,50333,Control,BoSY,Grade 7,3-level,independent,7,99,7.070707070707071
302192,5,511,51103,Control,BoSY,Grade 7,3-level,independent,29,286,10.13986013986014
302227,5,511,51105,Control,BoSY,Grade 7,3-level,independent,0,76,0
302252,5,505,50501,Control,BoSY,Grade 7,3-level,independent,4,98,4.081632653061225
309914,5,508,50806,Control,BoSY,Grade 7,3-level,independent,119,230,51.73913043478261
309711,5,503,50317,Control,BoSY,Grade 7,3-level,independent,10,64,15.625
301817,5,507,50701,Control,BoSY,Grade 7,3-level,independent,7,114,6.140350877192983
302165,5,508,50816,Control,BoSY,Grade 7,3-level,independent,0,92,0
301974,5,503,50311,Treatment,BoSY,Grade 7,3-level,independent,20,82,24.390243902439025
302256,5,505,50501,Control,BoSY,Grade 7,3-level,independent,26,115,22.608695652173914
301834,5,501,50106,Control,BoSY,Grade 7,3-level,independent,27,165,16.363636363636363
309760,5,503,50306,Control,BoSY,Grade 7,3-level,independent,0,34,0
309936,5,508,50819,Control,BoSY,Grade 7,3-level,independent,0,56,0
302203,5,511,51102,Control,BoSY,Grade 7,3-level,independent,7,81,8.641975308641975
302011,5,503,50314,Control,BoSY,Grade 7,3-level,independent,7,229,3.056768558951965
500168,5,505,50501,Control,BoSY,Grade 7,3-level,independent,2,90,2.2222222222222223
301947,5,503,50306,Control,BoSY,Grade 7,3-level,independent,12,312,3.8461538461538463
309941,5,508,50812,Control,BoSY,Grade 7,3-level,independent,12,244,4.918032786885246
301839,5,501,50111,Control,BoSY,Grade 7,3-level,independent,5,90,5.555555555555555
501843,5,508,50818,Treatment,BoSY,Grade 7,3-level,independent,5,40,12.5
302111,5,508,50801,Control,BoSY,Grade 7,3-level,independent,164,496,33.064516129032256
302133,5,509,50901,Control,BoSY,Grade 7,3-level,independent,25,174,14.367816091954023
301990,5,503,50317,Control,BoSY,Grade 7,3-level,independent,12,64,18.75
309937,5,508,50819,Control,BoSY,Grade 7,3-level,independent,10,80,12.5
302241,5,511,51105,Control,BoSY,Grade 7,3-level,independent,0,170,0
500167,5,505,50501,Control,BoSY,Grade 7,3-level,independent,7,60,11.666666666666666
309764,5,503,50320,Control,BoSY,Grade 7,3-level,independent,0,40,0
302205,5,511,51106,Control,BoSY,Grade 7,3-level,independent,85,136,62.5
302014,5,503,50302,Control,BoSY,Grade 7,3-level,independent,9,159,5.660377358490566
309740,5,503,50315,Control,BoSY,Grade 7,3-level,independent,16,37,43.24324324324324
309741,5,503,50315,Control,BoSY,Grade 7,3-level,independent,0,117,0
302161,5,508,50803,Treatment,BoSY,Grade 7,3-level,independent,18,100,18
302113,5,508,50818,Treatment,BoSY,Grade 7,3-level,independent,0,100,0
302127,5,508,50817,Control,BoSY,Grade 7,3-level,independent,1,49,2.0408163265306123
301899,5,502,50205,Control,BoSY,Grade 7,3-level,independent,31,132,23.484848484848484
309509,5,501,50113,Control,BoSY,Grade 7,3-level,independent,16,89,17.97752808988764
309903,5,508,50816,Control,BoSY,Grade 7,3-level,independent,0,103,0
301995,5,503,50310,Control,BoSY,Grade 7,3-level,independent,0,63,0
309702,5,503,50325,Control,BoSY,Grade 7,3-level,independent,0,257,0
501020,5,503,50310,Control,BoSY,Grade 7,3-level,independent,21,33,63.63636363636363
309743,5,503,50332,Control,BoSY,Grade 7,3-level,independent,3,115,2.608695652173913
301816,5,501,50101,Control,BoSY,Grade 7,3-level,independent,46,122,37.704918032786885
302054,5,503,50315,Control,BoSY,Grade 7,3-level,independent,9,112,8.035714285714286
301862,5,507,50701,Control,BoSY,Grade 7,3-level,independent,27,247,10.931174089068826
502477,5,501,50108,Control,BoSY,Grade 7,3-level,independent,2,26,7.6923076923076925
302283,5,513,51301,Control,BoSY,Grade 7,3-level,independent,40,333,12.012012012012011
301900,5,502,50206,Control,BoSY,Grade 7,3-level,independent,0,71,0
302123,5,508,50808,Control,BoSY,Grade 7,3-level,independent,4,81,4.938271604938271
309512,5,501,50110,Control,BoSY,Grade 7,3-level,independent,0,50,0
302284,5,513,51301,Control,BoSY,Grade 7,3-level,independent,24,181,13.259668508287293
500034,5,508,50819,Control,BoSY,Grade 7,3-level,independent,5,37,13.513513513513514
302043,5,503,50305,Control,BoSY,Grade 7,3-level,independent,96,213,45.070422535211264
302182,5,511,51107,Control,BoSY,Grade 7,3-level,independent,9,90,10
301986,5,503,50334,Control,BoSY,Grade 7,3-level,independent,7,206,3.3980582524271843
302109,5,508,50817,Control,BoSY,Grade 7,3-level,independent,0,240,0
302061,5,503,50311,Control,BoSY,Grade 7,3-level,independent,19,82,23.170731707317074
309931,5,508,50802,Control,BoSY,Grade 7,3-level,independent,22,87,25.28735632183908
301984,5,503,50331,Control,BoSY,Grade 7,3-level,independent,21,225,9.333333333333334
302156,5,508,50803,Control,BoSY,Grade 7,3-level,independent,0,101,0
309705,5,503,50330,Control,BoSY,Grade 7,3-level,independent,3,87,3.4482758620689653
500165,5,508,50804,Control,BoSY,Grade 7,3-level,independent,8,51,15.686274509803921
301930,5,503,50328,Control,BoSY,Grade 7,3-level,independent,1,99,1.0101010101010102
302177,5,508,50806,Control,BoSY,Grade 7,3-level,independent,30,114,26.31578947368421
302282,5,513,51301,Control,BoSY,Grade 7,3-level,independent,71,328,21.646341463414632
502615,5,508,50802,Control,BoSY,Grade 7,3-level,independent,0,22,0
302263,5,506,50601,Control,BoSY,Grade 7,3-level,independent,10,66,15.151515151515152
301826,5,501,50103,Control,BoSY,Grade 7,3-level,independent,3,56,5.357142857142857
305750,5,513,51301,Control,BoSY,Grade 7,3-level,independent,5,66,7.575757575757576
301870,5,501,50110,Control,BoSY,Grade 7,3-level,independent,2,124,1.6129032258064515
302039,5,503,50316,Control,BoSY,Grade 7,3-level,independent,86,322,26.70807453416149
301868,5,501,50112,Control,BoSY,Grade 7,3-level,independent,13,227,5.726872246696035
301963,5,503,50316,Control,BoSY,Grade 7,3-level,independent,37,219,16.894977168949772
340567,15,1505,150501,Treatment,BoSY,Grade 7,3-level,independent,12,267,4.49438202247191
320606,15,1515,151502,Treatment,BoSY,Grade 7,3-level,independent,31,315,9.841269841269842
320202,15,1511,151101,Treatment,BoSY,Grade 7,3-level,independent,41,161,25.46583850931677
305310,15,1507,150703,Treatment,BoSY,Grade 7,3-level,independent,39,304,12.828947368421053
305418,15,1513,151301,Treatment,BoSY,Grade 7,3-level,independent,111,1277,8.692247454972591
500565,15,1515,151502,Treatment,BoSY,Grade 7,3-level,independent,50,947,5.279831045406547
301258,4,413,41308,Treatment,BoSY,Grade 7,3-level,independent,88,548,16.05839416058394
301214,4,411,41101,Treatment,BoSY,Grade 7,3-level,independent,139,646,21.51702786377709
301497,4,414,41401,Treatment,BoSY,Grade 7,3-level,independent,47,444,10.585585585585585
305411,15,1515,151502,Treatment,BoSY,Grade 7,3-level,independent,35,693,5.05050505050505
305420,15,1513,151301,Treatment,BoSY,Grade 7,3-level,independent,438,1407,31.13006396588486
301231,4,413,41302,Control,BoSY,Grade 7,3-level,independent,0,236,0
301188,4,402,40201,Control,BoSY,Grade 7,3-level,independent,135,714,18.907563025210084
307913,4,413,41309,Control,BoSY,Grade 7,3-level,independent,0,351,0
500566,15,1507,150710,Control,BoSY,Grade 7,3-level,independent,8,713,1.1220196353436185
305453,15,1510,151001,Control,BoSY,Grade 7,3-level,independent,0,891,0
305311,15,1507,150702,Control,BoSY,Grade 7,3-level,independent,41,288,14.23611111111111
301425,4,401,40101,Control,BoSY,Grade 7,3-level,independent,106,1052,10.076045627376425
301202,4,408,40812,Control,BoSY,Grade 7,3-level,independent,48,432,11.11111111111111
305412,15,1515,151502,Control,BoSY,Grade 7,3-level,independent,150,1188,12.626262626262626
308105,4,417,41703,Control,BoSY,Grade 7,3-level,independent,96,906,10.596026490066226
305341,15,1514,151401,Control,BoSY,Grade 7,3-level,independent,374,1278,29.26447574334898
319604,15,1512,151201,Control,BoSY,Grade 7,3-level,independent,8,395,2.0253164556962027
305568,15,1516,151601,Control,BoSY,Grade 7,3-level,independent,60,469,12.793176972281449
305434,15,1503,150301,Control,BoSY,Grade 7,3-level,independent,145,967,14.99482936918304
301464,4,417,41710,Control,BoSY,Grade 7,3-level,independent,16,651,2.457757296466974
305461,15,1515,151502,Control,BoSY,Grade 7,3-level,independent,0,327,0
305384,15,1501,150101,Control,BoSY,Grade 7,3-level,independent,210,490,42.857142857142854
301143,4,421,42101,Control,BoSY,Grade 7,3-level,independent,42,1302,3.225806451612903
305340,15,1514,151401,Control,BoSY,Grade 7,3-level,independent,500,1372,36.44314868804665
305302,15,1507,150709,Treatment,BoSY,Grade 7,3-level,independent,154,1136,13.556338028169014
308103,4,417,41712,Control,BoSY,Grade 7,3-level,independent,6,406,1.477832512315271
308130,4,417,41711,Control,BoSY,Grade 7,3-level,independent,6,184,3.260869565217391
301227,4,420,42001,Control,BoSY,Grade 7,3-level,independent,200,1520,13.157894736842104
305334,15,1514,151401,Control,BoSY,Grade 7,3-level,independent,80,605,13.223140495867769
305367,15,1512,151201,Control,BoSY,Grade 7,3-level,independent,72,1192,6.040268456375839
305635,15,1514,151401,Control,BoSY,Grade 7,3-level,independent,28,515,5.436893203883495
301218,4,408,40814,Control,BoSY,Grade 7,3-level,independent,262,2259,11.598052235502434
308501,4,415,41501,Control,BoSY,Grade 7,3-level,independent,74,724,10.220994475138122
500332,15,1506,150601,Control,BoSY,Grade 7,3-level,independent,30,316,9.49367088607595
305471,15,1509,150901,Control,BoSY,Grade 7,3-level,independent,89,1010,8.811881188118813
305376,15,1501,150101,Treatment,BoSY,Grade 7,3-level,independent,120,890,13.48314606741573
301432,4,417,41705,Control,BoSY,Grade 7,3-level,independent,116,662,17.522658610271904
305459,15,1515,151502,Control,BoSY,Grade 7,3-level,independent,92,960,9.583333333333334
305313,15,1507,150708,Control,BoSY,Grade 7,3-level,independent,53,653,8.116385911179172
301186,4,410,41001,Control,BoSY,Grade 7,3-level,independent,330,2124,15.536723163841808
301184,4,410,41001,Control,BoSY,Grade 7,3-level,independent,0,1318,0
305295,15,1507,150710,Control,BoSY,Grade 7,3-level,independent,220,1345,16.356877323420075
301416,4,422,42201,Control,BoSY,Grade 7,3-level,independent,0,207,0
305450,15,1505,150501,Treatment,BoSY,Grade 7,3-level,independent,25,482,5.186721991701245
301403,4,416,41606,Control,BoSY,Grade 7,3-level,independent,35,584,5.993150684931507
301451,4,417,41708,Control,BoSY,Grade 7,3-level,independent,3,370,0.8108108108108109
305338,15,1514,151401,Control,BoSY,Grade 7,3-level,independent,59,856,6.892523364485982
301257,4,413,41312,Control,BoSY,Grade 7,3-level,independent,334,2100,15.904761904761905
305416,15,1513,151301,Control,BoSY,Grade 7,3-level,independent,176,1038,16.95568400770713
305337,15,1514,151401,Control,BoSY,Grade 7,3-level,independent,438,2523,17.360285374554103
305353,15,1514,151401,Control,BoSY,Grade 7,3-level,independent,110,394,27.918781725888326
301197,4,408,40812,Control,BoSY,Grade 7,3-level,independent,11,442,2.48868778280543
301236,4,413,41308,Treatment,BoSY,Grade 7,3-level,independent,77,341,22.580645161290324
305444,15,1516,151601,Control,BoSY,Grade 7,3-level,independent,32,463,6.911447084233261
320306,15,1503,150301,Control,BoSY,Grade 7,3-level,independent,135,878,15.375854214123008
301489,4,414,41401,Control,BoSY,Grade 7,3-level,independent,89,403,22.084367245657567
301507,4,418,41801,Control,BoSY,Grade 7,3-level,independent,8,130,6.153846153846154
301456,4,417,41710,Control,BoSY,Grade 7,3-level,independent,103,619,16.63974151857835
301238,4,413,41303,Control,BoSY,Grade 7,3-level,independent,17,621,2.737520128824477
305438,15,1516,151601,Control,BoSY,Grade 7,3-level,independent,41,908,4.515418502202643
305324,15,1514,151401,Control,BoSY,Grade 7,3-level,independent,7,270,2.5925925925925926
305454,15,1510,151001,Control,BoSY,Grade 7,3-level,independent,40,139,28.776978417266186
308122,4,417,41708,Control,BoSY,Grade 7,3-level,independent,5,236,2.1186440677966103
301508,4,418,41801,Control,BoSY,Grade 7,3-level,independent,19,311,6.109324758842444
305465,15,1515,151502,Control,BoSY,Grade 7,3-level,independent,212,813,26.076260762607625
305428,15,1511,151101,Control,BoSY,Grade 7,3-level,independent,87,412,21.116504854368934
301175,4,408,40807,Control,BoSY,Grade 7,3-level,independent,104,700,14.857142857142858
301437,4,417,41704,Control,BoSY,Grade 7,3-level,independent,109,1034,10.541586073500968
320204,15,1511,151101,Control,BoSY,Grade 7,3-level,independent,201,595,33.78151260504202
305447,15,1505,150501,Control,BoSY,Grade 7,3-level,independent,1,764,0.13089005235602094
301438,4,417,41704,Control,BoSY,Grade 7,3-level,independent,3,538,0.5576208178438662
308135,4,417,41708,Control,BoSY,Grade 7,3-level,independent,42,488,8.60655737704918
301418,4,401,40101,Control,BoSY,Grade 7,3-level,independent,1428,3463,41.235922610453365
305288,15,1507,150710,Control,BoSY,Grade 7,3-level,independent,81,704,11.505681818181818
301265,4,413,41301,Control,BoSY,Grade 7,3-level,independent,12,412,2.912621359223301
305442,15,1516,151601,Control,BoSY,Grade 7,3-level,independent,34,270,12.592592592592593
500339,15,1505,150501,Control,BoSY,Grade 7,3-level,independent,10,369,2.710027100271003
305435,15,1503,150301,Control,BoSY,Grade 7,3-level,independent,119,474,25.10548523206751
308134,4,417,41708,Control,BoSY,Grade 7,3-level,independent,118,643,18.351477449455675
305452,15,1505,150501,Control,BoSY,Grade 7,3-level,independent,10,693,1.443001443001443
312330,7,703,70308,Treatment,BoSY,Grade 7,3-level,independent,20,88,22.727272727272727
305710,7,703,70302,Treatment,BoSY,Grade 7,3-level,independent,11,86,12.790697674418604
305655,11,1101,110101,Treatment,BoSY,Grade 7,3-level,independent,0,27,0
305581,7,703,70303,Treatment,BoSY,Grade 7,3-level,independent,9,46,19.565217391304348
303130,7,703,70309,Treatment,BoSY,Grade 7,3-level,independent,19,196,9.693877551020408
312354,7,703,70309,Treatment,BoSY,Grade 7,3-level,independent,2,28,7.142857142857143
305849,11,1105,110503,Treatment,BoSY,Grade 7,3-level,independent,3,37,8.108108108108109
305500,11,1101,110101,Treatment,BoSY,Grade 7,3-level,independent,0,36,0
312355,7,703,70304,Treatment,BoSY,Grade 7,3-level,independent,2,38,5.2631578947368425
501903,11,1110,111001,Treatment,BoSY,Grade 7,3-level,independent,2,30,6.666666666666667
500665,7,705,70527,Control,BoSY,Grade 7,3-level,independent,23,107,21.49532710280374
312462,7,705,70520,Control,BoSY,Grade 7,3-level,independent,3,16,18.75
306038,11,1102,110202,Control,BoSY,Grade 7,3-level,independent,8,33,24.242424242424242
500221,7,705,70527,Control,BoSY,Grade 7,3-level,independent,2,22,9.090909090909092
500744,7,708,70801,Control,BoSY,Grade 7,3-level,independent,7,55,12.727272727272727
305884,11,1101,110101,Control,BoSY,Grade 7,3-level,independent,22,125,17.6
303170,7,709,70901,Control,BoSY,Grade 7,3-level,independent,12,51,23.529411764705884
500787,7,708,70801,Control,BoSY,Grade 7,3-level,independent,7,49,14.285714285714286
500667,7,705,70528,Control,BoSY,Grade 7,3-level,independent,17,72,23.61111111111111
501071,11,1101,110101,Control,BoSY,Grade 7,3-level,independent,9,25,36
303046,7,705,70527,Control,BoSY,Grade 7,3-level,independent,10,84,11.904761904761905
325303,7,707,70701,Control,BoSY,Grade 7,3-level,independent,0,85,0
500208,7,703,70305,Control,BoSY,Grade 7,3-level,independent,2,19,10.526315789473685
312401,7,705,70525,Control,BoSY,Grade 7,3-level,independent,0,116,0
303136,7,706,70601,Control,BoSY,Grade 7,3-level,independent,12,111,10.81081081081081
312435,7,707,70701,Control,BoSY,Grade 7,3-level,independent,2,54,3.7037037037037037
502186,11,1101,110101,Control,BoSY,Grade 7,3-level,independent,6,19,31.57894736842105
500782,7,708,70801,Control,BoSY,Grade 7,3-level,independent,60,291,20.61855670103093
306086,11,1106,110606,Control,BoSY,Grade 7,3-level,independent,0,18,0
305755,7,705,70529,Control,BoSY,Grade 7,3-level,independent,0,138,0
305665,11,1101,110101,Control,BoSY,Grade 7,3-level,independent,0,25,0
501635,7,703,70301,Control,BoSY,Grade 7,3-level,independent,7,62,11.290322580645162
305843,11,1110,111001,Control,BoSY,Grade 7,3-level,independent,3,60,5
500894,7,705,70517,Control,BoSY,Grade 7,3-level,independent,7,101,6.930693069306931
500671,7,705,70506,Control,BoSY,Grade 7,3-level,independent,3,28,10.714285714285714
305847,11,1105,110503,Control,BoSY,Grade 7,3-level,independent,7,60,11.666666666666666
500784,7,708,70801,Control,BoSY,Grade 7,3-level,independent,0,24,0
501267,7,705,70525,Control,BoSY,Grade 7,3-level,independent,10,42,23.80952380952381
306000,7,705,70525,Control,BoSY,Grade 7,3-level,independent,1,63,1.5873015873015872
305517,11,1106,110608,Control,BoSY,Grade 7,3-level,independent,13,53,24.528301886792452
305713,7,710,71001,Control,BoSY,Grade 7,3-level,independent,0,65,0
500768,7,705,70521,Control,BoSY,Grade 7,3-level,independent,0,83,0
316303,11,1107,110701,Control,BoSY,Grade 7,3-level,independent,9,71,12.67605633802817
316304,11,1107,110701,Control,BoSY,Grade 7,3-level,independent,5,101,4.9504950495049505
305506,11,1101,110101,Control,BoSY,Grade 7,3-level,independent,1,22,4.545454545454546
500421,7,705,70507,Control,BoSY,Grade 7,3-level,independent,10,113,8.849557522123893
305681,11,1110,111001,Control,BoSY,Grade 7,3-level,independent,35,230,15.217391304347826
303186,7,711,71101,Control,BoSY,Grade 7,3-level,independent,68,145,46.89655172413793
501429,7,714,71402,Control,BoSY,Grade 7,3-level,independent,3,57,5.2631578947368425
305844,11,1103,110303,Control,BoSY,Grade 7,3-level,independent,3,57,5.2631578947368425
305965,11,1110,111001,Control,BoSY,Grade 7,3-level,independent,23,114,20.17543859649123
501076,11,1103,110305,Control,BoSY,Grade 7,3-level,independent,0,13,0
305889,11,1101,110101,Control,BoSY,Grade 7,3-level,independent,48,61,78.68852459016394
501074,11,1103,110306,Control,BoSY,Grade 7,3-level,independent,0,58,0
312408,7,705,70530,Control,BoSY,Grade 7,3-level,independent,9,79,11.39240506329114
501351,7,705,70522,Control,BoSY,Grade 7,3-level,independent,18,79,22.78481012658228
501404,11,1101,110101,Control,BoSY,Grade 7,3-level,independent,1,18,5.555555555555555
305660,11,1101,110101,Control,BoSY,Grade 7,3-level,independent,8,45,17.77777777777778
303219,7,701,70101,Control,BoSY,Grade 7,3-level,independent,29,141,20.56737588652482
312450,7,705,70522,Control,BoSY,Grade 7,3-level,independent,50,124,40.32258064516129
324903,7,704,70401,Control,BoSY,Grade 7,3-level,independent,1,44,2.272727272727273
501065,11,1101,110101,Control,BoSY,Grade 7,3-level,independent,15,141,10.638297872340425
312451,7,705,70532,Control,BoSY,Grade 7,3-level,independent,2,88,2.272727272727273
501763,11,1103,110305,Control,BoSY,Grade 7,3-level,independent,9,45,20
316405,11,1110,111001,Control,BoSY,Grade 7,3-level,independent,38,166,22.89156626506024
316404,11,1110,111001,Control,BoSY,Grade 7,3-level,independent,15,63,23.80952380952381
316301,11,1107,110701,Control,BoSY,Grade 7,3-level,independent,46,198,23.232323232323232
312910,7,710,71001,Control,BoSY,Grade 7,3-level,independent,11,194,5.670103092783505
303011,7,705,70512,Control,BoSY,Grade 7,3-level,independent,10,59,16.949152542372882
305651,11,1101,110101,Control,BoSY,Grade 7,3-level,independent,0,35,0
305662,11,1101,110101,Control,BoSY,Grade 7,3-level,independent,5,52,9.615384615384615
305850,11,1105,110503,Control,BoSY,Grade 7,3-level,independent,5,32,15.625
312481,7,705,70518,Control,BoSY,Grade 7,3-level,independent,25,199,12.56281407035176
304409,11,1110,111001,Control,BoSY,Grade 7,3-level,independent,5,124,4.032258064516129
303246,7,713,71303,Control,BoSY,Grade 7,3-level,independent,34,183,18.579234972677597
501405,11,1101,110101,Control,BoSY,Grade 7,3-level,independent,9,65,13.846153846153847
305677,11,1105,110503,Control,BoSY,Grade 7,3-level,independent,12,59,20.338983050847457
500447,7,708,70801,Control,BoSY,Grade 7,3-level,independent,2,72,2.7777777777777777
501305,7,708,70801,Control,BoSY,Grade 7,3-level,independent,1,31,3.225806451612903
305917,7,708,70801,Control,BoSY,Grade 7,3-level,independent,2,24,8.333333333333334
305722,7,703,70304,Control,BoSY,Grade 7,3-level,independent,0,60,0
312953,7,713,71306,Control,BoSY,Grade 7,3-level,independent,4,46,8.695652173913043
305498,11,1101,110101,Control,BoSY,Grade 7,3-level,independent,15,75,20
305669,11,1101,110101,Control,BoSY,Grade 7,3-level,independent,5,39,12.820512820512821
312960,7,710,71002,Control,BoSY,Grade 7,3-level,independent,4,71,5.633802816901408
309906,5,508,50811,Treatment,BoSY,Grade 8,2-level,frustration,41,153,26.797385620915033
309934,5,508,50806,Treatment,BoSY,Grade 8,2-level,frustration,4,40,10
301871,5,501,50107,Treatment,BoSY,Grade 8,2-level,frustration,0,98,0
302134,5,508,50804,Treatment,BoSY,Grade 8,2-level,frustration,25,126,19.841269841269842
302117,5,508,50803,Treatment,BoSY,Grade 8,2-level,frustration,5,67,7.462686567164179
309909,5,508,50801,Treatment,BoSY,Grade 8,2-level,frustration,0,108,0
309915,5,508,50801,Treatment,BoSY,Grade 8,2-level,frustration,4,39,10.256410256410257
501544,5,508,50815,Treatment,BoSY,Grade 8,2-level,frustration,6,66,9.090909090909092
301887,5,502,50205,Treatment,BoSY,Grade 8,2-level,frustration,0,81,0
302175,5,508,50820,Treatment,BoSY,Grade 8,2-level,frustration,0,99,0
302146,5,508,50812,Treatment,BoSY,Grade 8,2-level,frustration,3,138,2.1739130434782608
309921,5,508,50805,Treatment,BoSY,Grade 8,2-level,frustration,0,71,0
302254,5,505,50501,Control,BoSY,Grade 8,2-level,frustration,23,94,24.46808510638298
309513,5,501,50112,Control,BoSY,Grade 8,2-level,frustration,0,106,0
500163,5,508,50801,Control,BoSY,Grade 8,2-level,frustration,4,78,5.128205128205129
302058,5,503,50333,Control,BoSY,Grade 8,2-level,frustration,3,74,4.054054054054054
302192,5,511,51103,Control,BoSY,Grade 8,2-level,frustration,16,288,5.555555555555555
302227,5,511,51105,Control,BoSY,Grade 8,2-level,frustration,8,71,11.267605633802816
302252,5,505,50501,Control,BoSY,Grade 8,2-level,frustration,0,90,0
309914,5,508,50806,Control,BoSY,Grade 8,2-level,frustration,0,190,0
309711,5,503,50317,Control,BoSY,Grade 8,2-level,frustration,0,69,0
301817,5,507,50701,Control,BoSY,Grade 8,2-level,frustration,10,112,8.928571428571429
302165,5,508,50816,Control,BoSY,Grade 8,2-level,frustration,0,71,0
301974,5,503,50311,Treatment,BoSY,Grade 8,2-level,frustration,12,83,14.457831325301205
302256,5,505,50501,Control,BoSY,Grade 8,2-level,frustration,8,110,7.2727272727272725
301834,5,501,50106,Control,BoSY,Grade 8,2-level,frustration,12,178,6.741573033707865
309760,5,503,50306,Control,BoSY,Grade 8,2-level,frustration,1,58,1.7241379310344827
309936,5,508,50819,Control,BoSY,Grade 8,2-level,frustration,7,47,14.893617021276595
302203,5,511,51102,Control,BoSY,Grade 8,2-level,frustration,4,39,10.256410256410257
302011,5,503,50314,Control,BoSY,Grade 8,2-level,frustration,9,196,4.591836734693878
500168,5,505,50501,Control,BoSY,Grade 8,2-level,frustration,5,78,6.410256410256411
301947,5,503,50306,Control,BoSY,Grade 8,2-level,frustration,17,364,4.670329670329671
309941,5,508,50812,Control,BoSY,Grade 8,2-level,frustration,25,218,11.46788990825688
301839,5,501,50111,Control,BoSY,Grade 8,2-level,frustration,3,86,3.488372093023256
501843,5,508,50818,Treatment,BoSY,Grade 8,2-level,frustration,2,45,4.444444444444445
302111,5,508,50801,Control,BoSY,Grade 8,2-level,frustration,5,469,1.0660980810234542
302133,5,509,50901,Control,BoSY,Grade 8,2-level,frustration,11,179,6.145251396648045
301990,5,503,50317,Control,BoSY,Grade 8,2-level,frustration,2,55,3.6363636363636362
309937,5,508,50819,Control,BoSY,Grade 8,2-level,frustration,7,80,8.75
302241,5,511,51105,Control,BoSY,Grade 8,2-level,frustration,13,123,10.56910569105691
500167,5,505,50501,Control,BoSY,Grade 8,2-level,frustration,0,63,0
309764,5,503,50320,Control,BoSY,Grade 8,2-level,frustration,1,58,1.7241379310344827
302205,5,511,51106,Control,BoSY,Grade 8,2-level,frustration,0,103,0
302014,5,503,50302,Control,BoSY,Grade 8,2-level,frustration,16,151,10.596026490066226
309740,5,503,50315,Control,BoSY,Grade 8,2-level,frustration,7,74,9.45945945945946
309741,5,503,50315,Control,BoSY,Grade 8,2-level,frustration,0,91,0
302161,5,508,50803,Treatment,BoSY,Grade 8,2-level,frustration,7,74,9.45945945945946
302113,5,508,50818,Treatment,BoSY,Grade 8,2-level,frustration,0,100,0
302127,5,508,50817,Control,BoSY,Grade 8,2-level,frustration,0,53,0
301899,5,502,50205,Control,BoSY,Grade 8,2-level,frustration,1,142,0.704225352112676
309509,5,501,50113,Control,BoSY,Grade 8,2-level,frustration,5,84,5.9523809523809526
309903,5,508,50816,Control,BoSY,Grade 8,2-level,frustration,4,66,6.0606060606060606
301995,5,503,50310,Control,BoSY,Grade 8,2-level,frustration,3,76,3.9473684210526314
309702,5,503,50325,Control,BoSY,Grade 8,2-level,frustration,14,282,4.964539007092198
501020,5,503,50310,Control,BoSY,Grade 8,2-level,frustration,0,30,0
309743,5,503,50332,Control,BoSY,Grade 8,2-level,frustration,8,106,7.547169811320755
301816,5,501,50101,Control,BoSY,Grade 8,2-level,frustration,24,150,16
302054,5,503,50315,Control,BoSY,Grade 8,2-level,frustration,15,119,12.605042016806722
301862,5,507,50701,Control,BoSY,Grade 8,2-level,frustration,20,227,8.810572687224669
502477,5,501,50108,Control,BoSY,Grade 8,2-level,frustration,0,34,0
302283,5,513,51301,Control,BoSY,Grade 8,2-level,frustration,40,343,11.661807580174926
301900,5,502,50206,Control,BoSY,Grade 8,2-level,frustration,1,67,1.492537313432836
302123,5,508,50808,Control,BoSY,Grade 8,2-level,frustration,0,90,0
309512,5,501,50110,Control,BoSY,Grade 8,2-level,frustration,1,78,1.2820512820512822
302284,5,513,51301,Control,BoSY,Grade 8,2-level,frustration,2,180,1.1111111111111112
500034,5,508,50819,Control,BoSY,Grade 8,2-level,frustration,0,36,0
302043,5,503,50305,Control,BoSY,Grade 8,2-level,frustration,46,186,24.731182795698924
302182,5,511,51107,Control,BoSY,Grade 8,2-level,frustration,29,95,30.526315789473685
301986,5,503,50334,Control,BoSY,Grade 8,2-level,frustration,52,179,29.050279329608937
302109,5,508,50817,Control,BoSY,Grade 8,2-level,frustration,14,225,6.222222222222222
302061,5,503,50311,Control,BoSY,Grade 8,2-level,frustration,2,64,3.125
309931,5,508,50802,Control,BoSY,Grade 8,2-level,frustration,1,75,1.3333333333333333
301984,5,503,50331,Control,BoSY,Grade 8,2-level,frustration,13,189,6.878306878306878
302156,5,508,50803,Control,BoSY,Grade 8,2-level,frustration,0,106,0
309705,5,503,50330,Control,BoSY,Grade 8,2-level,frustration,1,92,1.0869565217391304
500165,5,508,50804,Control,BoSY,Grade 8,2-level,frustration,2,49,4.081632653061225
301930,5,503,50328,Control,BoSY,Grade 8,2-level,frustration,16,112,14.285714285714286
302177,5,508,50806,Control,BoSY,Grade 8,2-level,frustration,7,98,7.142857142857143
302282,5,513,51301,Control,BoSY,Grade 8,2-level,frustration,52,367,14.168937329700272
502615,5,508,50802,Control,BoSY,Grade 8,2-level,frustration,7,22,31.818181818181817
302263,5,506,50601,Control,BoSY,Grade 8,2-level,frustration,11,90,12.222222222222221
301826,5,501,50103,Control,BoSY,Grade 8,2-level,frustration,2,43,4.651162790697675
305750,5,513,51301,Control,BoSY,Grade 8,2-level,frustration,0,84,0
301870,5,501,50110,Control,BoSY,Grade 8,2-level,frustration,34,148,22.972972972972972
302039,5,503,50316,Control,BoSY,Grade 8,2-level,frustration,0,284,0
301868,5,501,50112,Control,BoSY,Grade 8,2-level,frustration,6,241,2.4896265560165975
301963,5,503,50316,Control,BoSY,Grade 8,2-level,frustration,0,218,0
340567,15,1505,150501,Treatment,BoSY,Grade 8,2-level,frustration,57,235,24.25531914893617
320606,15,1515,151502,Treatment,BoSY,Grade 8,2-level,frustration,48,423,11.347517730496454
320202,15,1511,151101,Treatment,BoSY,Grade 8,2-level,frustration,10,163,6.134969325153374
305310,15,1507,150703,Treatment,BoSY,Grade 8,2-level,frustration,41,319,12.852664576802507
305418,15,1513,151301,Treatment,BoSY,Grade 8,2-level,frustration,232,908,25.550660792951543
500565,15,1515,151502,Treatment,BoSY,Grade 8,2-level,frustration,129,879,14.675767918088738
301258,4,413,41308,Treatment,BoSY,Grade 8,2-level,frustration,71,552,12.86231884057971
301214,4,411,41101,Treatment,BoSY,Grade 8,2-level,frustration,136,585,23.247863247863247
301497,4,414,41401,Treatment,BoSY,Grade 8,2-level,frustration,17,375,4.533333333333333
305411,15,1515,151502,Treatment,BoSY,Grade 8,2-level,frustration,87,810,10.74074074074074
305420,15,1513,151301,Treatment,BoSY,Grade 8,2-level,frustration,264,1398,18.88412017167382
301231,4,413,41302,Control,BoSY,Grade 8,2-level,frustration,21,238,8.823529411764707
301188,4,402,40201,Control,BoSY,Grade 8,2-level,frustration,29,683,4.24597364568082
307913,4,413,41309,Control,BoSY,Grade 8,2-level,frustration,12,342,3.508771929824561
500566,15,1507,150710,Control,BoSY,Grade 8,2-level,frustration,32,709,4.513399153737659
305453,15,1510,151001,Control,BoSY,Grade 8,2-level,frustration,123,1002,12.275449101796408
305311,15,1507,150702,Control,BoSY,Grade 8,2-level,frustration,19,293,6.484641638225256
301425,4,401,40101,Control,BoSY,Grade 8,2-level,frustration,91,1034,8.800773694390715
301202,4,408,40812,Control,BoSY,Grade 8,2-level,frustration,0,377,0
305412,15,1515,151502,Control,BoSY,Grade 8,2-level,frustration,67,1160,5.775862068965517
308105,4,417,41703,Control,BoSY,Grade 8,2-level,frustration,37,830,4.457831325301205
305341,15,1514,151401,Control,BoSY,Grade 8,2-level,frustration,93,1319,7.050796057619409
319604,15,1512,151201,Control,BoSY,Grade 8,2-level,frustration,0,335,0
305568,15,1516,151601,Control,BoSY,Grade 8,2-level,frustration,60,378,15.873015873015873
305434,15,1503,150301,Control,BoSY,Grade 8,2-level,frustration,8,837,0.955794504181601
301464,4,417,41710,Control,BoSY,Grade 8,2-level,frustration,34,540,6.296296296296297
305461,15,1515,151502,Control,BoSY,Grade 8,2-level,frustration,300,426,70.4225352112676
305384,15,1501,150101,Control,BoSY,Grade 8,2-level,frustration,26,518,5.019305019305019
301143,4,421,42101,Control,BoSY,Grade 8,2-level,frustration,119,1140,10.43859649122807
305340,15,1514,151401,Control,BoSY,Grade 8,2-level,frustration,85,1208,7.0364238410596025
305302,15,1507,150709,Treatment,BoSY,Grade 8,2-level,frustration,69,1106,6.23869801084991
308103,4,417,41712,Control,BoSY,Grade 8,2-level,frustration,2,361,0.554016620498615
308130,4,417,41711,Control,BoSY,Grade 8,2-level,frustration,13,128,10.15625
301227,4,420,42001,Control,BoSY,Grade 8,2-level,frustration,20,1396,1.4326647564469914
305334,15,1514,151401,Control,BoSY,Grade 8,2-level,frustration,9,661,1.361573373676248
305367,15,1512,151201,Control,BoSY,Grade 8,2-level,frustration,605,1054,57.400379506641364
305635,15,1514,151401,Control,BoSY,Grade 8,2-level,frustration,59,462,12.770562770562771
301218,4,408,40814,Control,BoSY,Grade 8,2-level,frustration,12,2107,0.5695301376364499
308501,4,415,41501,Control,BoSY,Grade 8,2-level,frustration,29,656,4.420731707317073
500332,15,1506,150601,Control,BoSY,Grade 8,2-level,frustration,39,323,12.074303405572756
305471,15,1509,150901,Control,BoSY,Grade 8,2-level,frustration,33,802,4.114713216957606
305376,15,1501,150101,Treatment,BoSY,Grade 8,2-level,frustration,0,839,0
301432,4,417,41705,Control,BoSY,Grade 8,2-level,frustration,64,629,10.174880763116057
305459,15,1515,151502,Control,BoSY,Grade 8,2-level,frustration,74,918,8.061002178649238
305313,15,1507,150708,Control,BoSY,Grade 8,2-level,frustration,67,597,11.222780569514239
301186,4,410,41001,Control,BoSY,Grade 8,2-level,frustration,129,1823,7.07624794295118
301184,4,410,41001,Control,BoSY,Grade 8,2-level,frustration,0,1124,0
305295,15,1507,150710,Control,BoSY,Grade 8,2-level,frustration,35,1171,2.9888983774551665
301416,4,422,42201,Control,BoSY,Grade 8,2-level,frustration,0,158,0
305450,15,1505,150501,Treatment,BoSY,Grade 8,2-level,frustration,132,488,27.049180327868854
301403,4,416,41606,Control,BoSY,Grade 8,2-level,frustration,56,518,10.81081081081081
301451,4,417,41708,Control,BoSY,Grade 8,2-level,frustration,23,350,6.571428571428571
305338,15,1514,151401,Control,BoSY,Grade 8,2-level,frustration,11,796,1.3819095477386936
301257,4,413,41312,Control,BoSY,Grade 8,2-level,frustration,113,2101,5.378391242265588
305416,15,1513,151301,Control,BoSY,Grade 8,2-level,frustration,108,971,11.122554067971164
305337,15,1514,151401,Control,BoSY,Grade 8,2-level,frustration,198,2234,8.863025962399284
305353,15,1514,151401,Control,BoSY,Grade 8,2-level,frustration,79,477,16.561844863731658
301197,4,408,40812,Control,BoSY,Grade 8,2-level,frustration,8,329,2.43161094224924
301236,4,413,41308,Treatment,BoSY,Grade 8,2-level,frustration,44,335,13.134328358208956
305444,15,1516,151601,Control,BoSY,Grade 8,2-level,frustration,72,373,19.302949061662197
320306,15,1503,150301,Control,BoSY,Grade 8,2-level,frustration,8,882,0.9070294784580499
301489,4,414,41401,Control,BoSY,Grade 8,2-level,frustration,46,329,13.98176291793313
301507,4,418,41801,Control,BoSY,Grade 8,2-level,frustration,4,123,3.252032520325203
301456,4,417,41710,Control,BoSY,Grade 8,2-level,frustration,97,642,15.109034267912772
301238,4,413,41303,Control,BoSY,Grade 8,2-level,frustration,185,596,31.040268456375838
305438,15,1516,151601,Control,BoSY,Grade 8,2-level,frustration,35,834,4.196642685851319
305324,15,1514,151401,Control,BoSY,Grade 8,2-level,frustration,67,310,21.612903225806452
305454,15,1510,151001,Control,BoSY,Grade 8,2-level,frustration,10,179,5.58659217877095
308122,4,417,41708,Control,BoSY,Grade 8,2-level,frustration,58,206,28.155339805825243
301508,4,418,41801,Control,BoSY,Grade 8,2-level,frustration,34,296,11.486486486486486
305465,15,1515,151502,Control,BoSY,Grade 8,2-level,frustration,125,978,12.781186094069529
305428,15,1511,151101,Control,BoSY,Grade 8,2-level,frustration,23,422,5.450236966824645
301175,4,408,40807,Control,BoSY,Grade 8,2-level,frustration,14,573,2.443280977312391
301437,4,417,41704,Control,BoSY,Grade 8,2-level,frustration,4,1126,0.3552397868561279
320204,15,1511,151101,Control,BoSY,Grade 8,2-level,frustration,38,535,7.102803738317757
305447,15,1505,150501,Control,BoSY,Grade 8,2-level,frustration,95,621,15.297906602254429
301438,4,417,41704,Control,BoSY,Grade 8,2-level,frustration,45,546,8.241758241758241
308135,4,417,41708,Control,BoSY,Grade 8,2-level,frustration,110,470,23.404255319148938
301418,4,401,40101,Control,BoSY,Grade 8,2-level,frustration,561,3073,18.255776114546045
305288,15,1507,150710,Control,BoSY,Grade 8,2-level,frustration,79,710,11.126760563380282
301265,4,413,41301,Control,BoSY,Grade 8,2-level,frustration,69,450,15.333333333333334
305442,15,1516,151601,Control,BoSY,Grade 8,2-level,frustration,29,277,10.469314079422382
500339,15,1505,150501,Control,BoSY,Grade 8,2-level,frustration,73,391,18.67007672634271
305435,15,1503,150301,Control,BoSY,Grade 8,2-level,frustration,75,439,17.084282460136674
308134,4,417,41708,Control,BoSY,Grade 8,2-level,frustration,92,533,17.26078799249531
305452,15,1505,150501,Control,BoSY,Grade 8,2-level,frustration,24,625,3.84
312330,7,703,70308,Treatment,BoSY,Grade 8,2-level,frustration,7,120,5.833333333333333
305710,7,703,70302,Treatment,BoSY,Grade 8,2-level,frustration,13,71,18.309859154929576
305655,11,1101,110101,Treatment,BoSY,Grade 8,2-level,frustration,1,28,3.5714285714285716
305581,7,703,70303,Treatment,BoSY,Grade 8,2-level,frustration,2,46,4.3478260869565215
303130,7,703,70309,Treatment,BoSY,Grade 8,2-level,frustration,5,193,2.5906735751295336
312354,7,703,70309,Treatment,BoSY,Grade 8,2-level,frustration,2,39,5.128205128205129
305849,11,1105,110503,Treatment,BoSY,Grade 8,2-level,frustration,3,29,10.344827586206897
305500,11,1101,110101,Treatment,BoSY,Grade 8,2-level,frustration,0,34,0
312355,7,703,70304,Treatment,BoSY,Grade 8,2-level,frustration,0,37,0
501903,11,1110,111001,Treatment,BoSY,Grade 8,2-level,frustration,0,40,0
500665,7,705,70527,Control,BoSY,Grade 8,2-level,frustration,4,92,4.3478260869565215
312462,7,705,70520,Control,BoSY,Grade 8,2-level,frustration,2,18,11.11111111111111
306038,11,1102,110202,Control,BoSY,Grade 8,2-level,frustration,0,28,0
500221,7,705,70527,Control,BoSY,Grade 8,2-level,frustration,1,25,4
500744,7,708,70801,Control,BoSY,Grade 8,2-level,frustration,2,40,5
305884,11,1101,110101,Control,BoSY,Grade 8,2-level,frustration,14,101,13.861386138613861
303170,7,709,70901,Control,BoSY,Grade 8,2-level,frustration,0,66,0
500787,7,708,70801,Control,BoSY,Grade 8,2-level,frustration,5,57,8.771929824561404
500667,7,705,70528,Control,BoSY,Grade 8,2-level,frustration,0,50,0
501071,11,1101,110101,Control,BoSY,Grade 8,2-level,frustration,0,28,0
303046,7,705,70527,Control,BoSY,Grade 8,2-level,frustration,6,112,5.357142857142857
325303,7,707,70701,Control,BoSY,Grade 8,2-level,frustration,19,60,31.666666666666668
500208,7,703,70305,Control,BoSY,Grade 8,2-level,frustration,0,13,0
312401,7,705,70525,Control,BoSY,Grade 8,2-level,frustration,0,91,0
303136,7,706,70601,Control,BoSY,Grade 8,2-level,frustration,5,80,6.25
312435,7,707,70701,Control,BoSY,Grade 8,2-level,frustration,9,50,18
502186,11,1101,110101,Control,BoSY,Grade 8,2-level,frustration,0,19,0
500782,7,708,70801,Control,BoSY,Grade 8,2-level,frustration,1,247,0.4048582995951417
306086,11,1106,110606,Control,BoSY,Grade 8,2-level,frustration,1,21,4.761904761904762
305755,7,705,70529,Control,BoSY,Grade 8,2-level,frustration,40,154,25.974025974025974
305665,11,1101,110101,Control,BoSY,Grade 8,2-level,frustration,0,16,0
501635,7,703,70301,Control,BoSY,Grade 8,2-level,frustration,8,80,10
305843,11,1110,111001,Control,BoSY,Grade 8,2-level,frustration,2,36,5.555555555555555
500894,7,705,70517,Control,BoSY,Grade 8,2-level,frustration,26,120,21.666666666666668
500671,7,705,70506,Control,BoSY,Grade 8,2-level,frustration,16,33,48.484848484848484
305847,11,1105,110503,Control,BoSY,Grade 8,2-level,frustration,3,60,5
500784,7,708,70801,Control,BoSY,Grade 8,2-level,frustration,0,19,0
501267,7,705,70525,Control,BoSY,Grade 8,2-level,frustration,0,32,0
306000,7,705,70525,Control,BoSY,Grade 8,2-level,frustration,2,40,5
305517,11,1106,110608,Control,BoSY,Grade 8,2-level,frustration,5,51,9.803921568627452
305713,7,710,71001,Control,BoSY,Grade 8,2-level,frustration,1,49,2.0408163265306123
500768,7,705,70521,Control,BoSY,Grade 8,2-level,frustration,17,88,19.318181818181817
316303,11,1107,110701,Control,BoSY,Grade 8,2-level,frustration,7,45,15.555555555555555
316304,11,1107,110701,Control,BoSY,Grade 8,2-level,frustration,43,97,44.329896907216494
305506,11,1101,110101,Control,BoSY,Grade 8,2-level,frustration,3,21,14.285714285714286
500421,7,705,70507,Control,BoSY,Grade 8,2-level,frustration,4,113,3.5398230088495577
305681,11,1110,111001,Control,BoSY,Grade 8,2-level,frustration,96,166,57.83132530120482
303186,7,711,71101,Control,BoSY,Grade 8,2-level,frustration,5,141,3.5460992907801416
501429,7,714,71402,Control,BoSY,Grade 8,2-level,frustration,19,62,30.64516129032258
305844,11,1103,110303,Control,BoSY,Grade 8,2-level,frustration,1,57,1.7543859649122806
305965,11,1110,111001,Control,BoSY,Grade 8,2-level,frustration,4,81,4.938271604938271
501076,11,1103,110305,Control,BoSY,Grade 8,2-level,frustration,1,12,8.333333333333334
305889,11,1101,110101,Control,BoSY,Grade 8,2-level,frustration,0,46,0
501074,11,1103,110306,Control,BoSY,Grade 8,2-level,frustration,3,39,7.6923076923076925
312408,7,705,70530,Control,BoSY,Grade 8,2-level,frustration,11,78,14.102564102564102
501351,7,705,70522,Control,BoSY,Grade 8,2-level,frustration,9,63,14.285714285714286
501404,11,1101,110101,Control,BoSY,Grade 8,2-level,frustration,4,33,12.121212121212121
305660,11,1101,110101,Control,BoSY,Grade 8,2-level,frustration,0,41,0
303219,7,701,70101,Control,BoSY,Grade 8,2-level,frustration,2,106,1.8867924528301887
312450,7,705,70522,Control,BoSY,Grade 8,2-level,frustration,0,96,0
324903,7,704,70401,Control,BoSY,Grade 8,2-level,frustration,1,33,3.0303030303030303
501065,11,1101,110101,Control,BoSY,Grade 8,2-level,frustration,0,122,0
312451,7,705,70532,Control,BoSY,Grade 8,2-level,frustration,10,86,11.627906976744185
501763,11,1103,110305,Control,BoSY,Grade 8,2-level,frustration,0,56,0
316405,11,1110,111001,Control,BoSY,Grade 8,2-level,frustration,4,164,2.4390243902439024
316404,11,1110,111001,Control,BoSY,Grade 8,2-level,frustration,18,60,30
316301,11,1107,110701,Control,BoSY,Grade 8,2-level,frustration,0,178,0
312910,7,710,71001,Control,BoSY,Grade 8,2-level,frustration,11,148,7.4324324324324325
303011,7,705,70512,Control,BoSY,Grade 8,2-level,frustration,5,43,11.627906976744185
305651,11,1101,110101,Control,BoSY,Grade 8,2-level,frustration,0,35,0
305662,11,1101,110101,Control,BoSY,Grade 8,2-level,frustration,7,43,16.27906976744186
305850,11,1105,110503,Control,BoSY,Grade 8,2-level,frustration,3,29,10.344827586206897
312481,7,705,70518,Control,BoSY,Grade 8,2-level,frustration,16,180,8.88888888888889
304409,11,1110,111001,Control,BoSY,Grade 8,2-level,frustration,4,135,2.962962962962963
303246,7,713,71303,Control,BoSY,Grade 8,2-level,frustration,12,138,8.695652173913043
501405,11,1101,110101,Control,BoSY,Grade 8,2-level,frustration,5,75,6.666666666666667
305677,11,1105,110503,Control,BoSY,Grade 8,2-level,frustration,0,49,0
500447,7,708,70801,Control,BoSY,Grade 8,2-level,frustration,3,64,4.6875
501305,7,708,70801,Control,BoSY,Grade 8,2-level,frustration,0,34,0
305917,7,708,70801,Control,BoSY,Grade 8,2-level,frustration,6,31,19.35483870967742
305722,7,703,70304,Control,BoSY,Grade 8,2-level,frustration,0,68,0
312953,7,713,71306,Control,BoSY,Grade 8,2-level,frustration,0,22,0
305498,11,1101,110101,Control,BoSY,Grade 8,2-level,frustration,2,76,2.6315789473684212
305669,11,1101,110101,Control,BoSY,Grade 8,2-level,frustration,1,31,3.225806451612903
312960,7,710,71002,Control,BoSY,Grade 8,2-level,frustration,2,61,3.278688524590164
309906,5,508,50811,Treatment,BoSY,Grade 8,2-level,instructional,34,153,22.22222222222222
309934,5,508,50806,Treatment,BoSY,Grade 8,2-level,instructional,9,40,22.5
301871,5,501,50107,Treatment,BoSY,Grade 8,2-level,instructional,4,98,4.081632653061225
302134,5,508,50804,Treatment,BoSY,Grade 8,2-level,instructional,30,126,23.80952380952381
302117,5,508,50803,Treatment,BoSY,Grade 8,2-level,instructional,6,67,8.955223880597014
309909,5,508,50801,Treatment,BoSY,Grade 8,2-level,instructional,33,108,30.555555555555557
309915,5,508,50801,Treatment,BoSY,Grade 8,2-level,instructional,4,39,10.256410256410257
501544,5,508,50815,Treatment,BoSY,Grade 8,2-level,instructional,4,66,6.0606060606060606
301887,5,502,50205,Treatment,BoSY,Grade 8,2-level,instructional,2,81,2.4691358024691357
302175,5,508,50820,Treatment,BoSY,Grade 8,2-level,instructional,9,99,9.090909090909092
302146,5,508,50812,Treatment,BoSY,Grade 8,2-level,instructional,2,138,1.4492753623188406
309921,5,508,50805,Treatment,BoSY,Grade 8,2-level,instructional,0,71,0
302254,5,505,50501,Control,BoSY,Grade 8,2-level,instructional,7,94,7.446808510638298
309513,5,501,50112,Control,BoSY,Grade 8,2-level,instructional,10,106,9.433962264150944
500163,5,508,50801,Control,BoSY,Grade 8,2-level,instructional,7,78,8.974358974358974
302058,5,503,50333,Control,BoSY,Grade 8,2-level,instructional,9,74,12.162162162162161
302192,5,511,51103,Control,BoSY,Grade 8,2-level,instructional,29,288,10.069444444444445
302227,5,511,51105,Control,BoSY,Grade 8,2-level,instructional,0,71,0
302252,5,505,50501,Control,BoSY,Grade 8,2-level,instructional,11,90,12.222222222222221
309914,5,508,50806,Control,BoSY,Grade 8,2-level,instructional,0,190,0
309711,5,503,50317,Control,BoSY,Grade 8,2-level,instructional,3,69,4.3478260869565215
301817,5,507,50701,Control,BoSY,Grade 8,2-level,instructional,2,112,1.7857142857142858
302165,5,508,50816,Control,BoSY,Grade 8,2-level,instructional,7,71,9.859154929577464
301974,5,503,50311,Treatment,BoSY,Grade 8,2-level,instructional,25,83,30.120481927710845
302256,5,505,50501,Control,BoSY,Grade 8,2-level,instructional,25,110,22.727272727272727
301834,5,501,50106,Control,BoSY,Grade 8,2-level,instructional,16,178,8.98876404494382
309760,5,503,50306,Control,BoSY,Grade 8,2-level,instructional,3,58,5.172413793103448
309936,5,508,50819,Control,BoSY,Grade 8,2-level,instructional,2,47,4.25531914893617
302203,5,511,51102,Control,BoSY,Grade 8,2-level,instructional,2,39,5.128205128205129
302011,5,503,50314,Control,BoSY,Grade 8,2-level,instructional,5,196,2.5510204081632653
500168,5,505,50501,Control,BoSY,Grade 8,2-level,instructional,8,78,10.256410256410257
301947,5,503,50306,Control,BoSY,Grade 8,2-level,instructional,9,364,2.4725274725274726
309941,5,508,50812,Control,BoSY,Grade 8,2-level,instructional,19,218,8.715596330275229
301839,5,501,50111,Control,BoSY,Grade 8,2-level,instructional,11,86,12.790697674418604
501843,5,508,50818,Treatment,BoSY,Grade 8,2-level,instructional,9,45,20
302111,5,508,50801,Control,BoSY,Grade 8,2-level,instructional,80,469,17.057569296375267
302133,5,509,50901,Control,BoSY,Grade 8,2-level,instructional,2,179,1.1173184357541899
301990,5,503,50317,Control,BoSY,Grade 8,2-level,instructional,10,55,18.181818181818183
309937,5,508,50819,Control,BoSY,Grade 8,2-level,instructional,2,80,2.5
302241,5,511,51105,Control,BoSY,Grade 8,2-level,instructional,62,123,50.40650406504065
500167,5,505,50501,Control,BoSY,Grade 8,2-level,instructional,4,63,6.349206349206349
309764,5,503,50320,Control,BoSY,Grade 8,2-level,instructional,1,58,1.7241379310344827
302205,5,511,51106,Control,BoSY,Grade 8,2-level,instructional,0,103,0
302014,5,503,50302,Control,BoSY,Grade 8,2-level,instructional,12,151,7.947019867549669
309740,5,503,50315,Control,BoSY,Grade 8,2-level,instructional,12,74,16.216216216216218
309741,5,503,50315,Control,BoSY,Grade 8,2-level,instructional,2,91,2.197802197802198
302161,5,508,50803,Treatment,BoSY,Grade 8,2-level,instructional,16,74,21.62162162162162
302113,5,508,50818,Treatment,BoSY,Grade 8,2-level,instructional,2,100,2
302127,5,508,50817,Control,BoSY,Grade 8,2-level,instructional,3,53,5.660377358490566
301899,5,502,50205,Control,BoSY,Grade 8,2-level,instructional,7,142,4.929577464788732
309509,5,501,50113,Control,BoSY,Grade 8,2-level,instructional,18,84,21.428571428571427
309903,5,508,50816,Control,BoSY,Grade 8,2-level,instructional,11,66,16.666666666666668
301995,5,503,50310,Control,BoSY,Grade 8,2-level,instructional,16,76,21.05263157894737
309702,5,503,50325,Control,BoSY,Grade 8,2-level,instructional,9,282,3.1914893617021276
501020,5,503,50310,Control,BoSY,Grade 8,2-level,instructional,0,30,0
309743,5,503,50332,Control,BoSY,Grade 8,2-level,instructional,12,106,11.320754716981131
301816,5,501,50101,Control,BoSY,Grade 8,2-level,instructional,6,150,4
302054,5,503,50315,Control,BoSY,Grade 8,2-level,instructional,22,119,18.48739495798319
301862,5,507,50701,Control,BoSY,Grade 8,2-level,instructional,57,227,25.110132158590307
502477,5,501,50108,Control,BoSY,Grade 8,2-level,instructional,18,34,52.94117647058823
302283,5,513,51301,Control,BoSY,Grade 8,2-level,instructional,22,343,6.41399416909621
301900,5,502,50206,Control,BoSY,Grade 8,2-level,instructional,5,67,7.462686567164179
302123,5,508,50808,Control,BoSY,Grade 8,2-level,instructional,3,90,3.3333333333333335
309512,5,501,50110,Control,BoSY,Grade 8,2-level,instructional,4,78,5.128205128205129
302284,5,513,51301,Control,BoSY,Grade 8,2-level,instructional,14,180,7.777777777777778
500034,5,508,50819,Control,BoSY,Grade 8,2-level,instructional,0,36,0
302043,5,503,50305,Control,BoSY,Grade 8,2-level,instructional,26,186,13.978494623655914
302182,5,511,51107,Control,BoSY,Grade 8,2-level,instructional,7,95,7.368421052631579
301986,5,503,50334,Control,BoSY,Grade 8,2-level,instructional,2,179,1.1173184357541899
302109,5,508,50817,Control,BoSY,Grade 8,2-level,instructional,20,225,8.88888888888889
302061,5,503,50311,Control,BoSY,Grade 8,2-level,instructional,2,64,3.125
309931,5,508,50802,Control,BoSY,Grade 8,2-level,instructional,2,75,2.6666666666666665
301984,5,503,50331,Control,BoSY,Grade 8,2-level,instructional,5,189,2.6455026455026456
302156,5,508,50803,Control,BoSY,Grade 8,2-level,instructional,43,106,40.56603773584906
309705,5,503,50330,Control,BoSY,Grade 8,2-level,instructional,0,92,0
500165,5,508,50804,Control,BoSY,Grade 8,2-level,instructional,5,49,10.204081632653061
301930,5,503,50328,Control,BoSY,Grade 8,2-level,instructional,0,112,0
302177,5,508,50806,Control,BoSY,Grade 8,2-level,instructional,1,98,1.0204081632653061
302282,5,513,51301,Control,BoSY,Grade 8,2-level,instructional,110,367,29.97275204359673
502615,5,508,50802,Control,BoSY,Grade 8,2-level,instructional,2,22,9.090909090909092
302263,5,506,50601,Control,BoSY,Grade 8,2-level,instructional,2,90,2.2222222222222223
301826,5,501,50103,Control,BoSY,Grade 8,2-level,instructional,8,43,18.6046511627907
305750,5,513,51301,Control,BoSY,Grade 8,2-level,instructional,4,84,4.761904761904762
301870,5,501,50110,Control,BoSY,Grade 8,2-level,instructional,9,148,6.081081081081081
302039,5,503,50316,Control,BoSY,Grade 8,2-level,instructional,20,284,7.042253521126761
301868,5,501,50112,Control,BoSY,Grade 8,2-level,instructional,45,241,18.672199170124482
301963,5,503,50316,Control,BoSY,Grade 8,2-level,instructional,0,218,0
340567,15,1505,150501,Treatment,BoSY,Grade 8,2-level,instructional,40,235,17.02127659574468
320606,15,1515,151502,Treatment,BoSY,Grade 8,2-level,instructional,70,423,16.548463356973997
320202,15,1511,151101,Treatment,BoSY,Grade 8,2-level,instructional,7,163,4.294478527607362
305310,15,1507,150703,Treatment,BoSY,Grade 8,2-level,instructional,14,319,4.38871473354232
305418,15,1513,151301,Treatment,BoSY,Grade 8,2-level,instructional,138,908,15.198237885462555
500565,15,1515,151502,Treatment,BoSY,Grade 8,2-level,instructional,157,879,17.861205915813425
301258,4,413,41308,Treatment,BoSY,Grade 8,2-level,instructional,63,552,11.41304347826087
301214,4,411,41101,Treatment,BoSY,Grade 8,2-level,instructional,192,585,32.82051282051282
301497,4,414,41401,Treatment,BoSY,Grade 8,2-level,instructional,67,375,17.866666666666667
305411,15,1515,151502,Treatment,BoSY,Grade 8,2-level,instructional,64,810,7.901234567901234
305420,15,1513,151301,Treatment,BoSY,Grade 8,2-level,instructional,163,1398,11.659513590844062
301231,4,413,41302,Control,BoSY,Grade 8,2-level,instructional,24,238,10.084033613445378
301188,4,402,40201,Control,BoSY,Grade 8,2-level,instructional,101,683,14.787701317715959
307913,4,413,41309,Control,BoSY,Grade 8,2-level,instructional,24,342,7.017543859649122
500566,15,1507,150710,Control,BoSY,Grade 8,2-level,instructional,63,709,8.885754583921015
305453,15,1510,151001,Control,BoSY,Grade 8,2-level,instructional,493,1002,49.20159680638722
305311,15,1507,150702,Control,BoSY,Grade 8,2-level,instructional,10,293,3.4129692832764507
301425,4,401,40101,Control,BoSY,Grade 8,2-level,instructional,307,1034,29.690522243713733
301202,4,408,40812,Control,BoSY,Grade 8,2-level,instructional,25,377,6.63129973474801
305412,15,1515,151502,Control,BoSY,Grade 8,2-level,instructional,334,1160,28.79310344827586
308105,4,417,41703,Control,BoSY,Grade 8,2-level,instructional,288,830,34.69879518072289
305341,15,1514,151401,Control,BoSY,Grade 8,2-level,instructional,270,1319,20.470053070507962
319604,15,1512,151201,Control,BoSY,Grade 8,2-level,instructional,49,335,14.626865671641792
305568,15,1516,151601,Control,BoSY,Grade 8,2-level,instructional,79,378,20.8994708994709
305434,15,1503,150301,Control,BoSY,Grade 8,2-level,instructional,49,837,5.854241338112306
301464,4,417,41710,Control,BoSY,Grade 8,2-level,instructional,74,540,13.703703703703704
305461,15,1515,151502,Control,BoSY,Grade 8,2-level,instructional,96,426,22.535211267605632
305384,15,1501,150101,Control,BoSY,Grade 8,2-level,instructional,45,518,8.687258687258687
301143,4,421,42101,Control,BoSY,Grade 8,2-level,instructional,179,1140,15.701754385964913
305340,15,1514,151401,Control,BoSY,Grade 8,2-level,instructional,136,1208,11.258278145695364
305302,15,1507,150709,Treatment,BoSY,Grade 8,2-level,instructional,122,1106,11.030741410488245
308103,4,417,41712,Control,BoSY,Grade 8,2-level,instructional,39,361,10.803324099722992
308130,4,417,41711,Control,BoSY,Grade 8,2-level,instructional,49,128,38.28125
301227,4,420,42001,Control,BoSY,Grade 8,2-level,instructional,100,1396,7.163323782234957
305334,15,1514,151401,Control,BoSY,Grade 8,2-level,instructional,58,661,8.774583963691377
305367,15,1512,151201,Control,BoSY,Grade 8,2-level,instructional,156,1054,14.800759013282732
305635,15,1514,151401,Control,BoSY,Grade 8,2-level,instructional,111,462,24.025974025974026
301218,4,408,40814,Control,BoSY,Grade 8,2-level,instructional,585,2107,27.764594209776934
308501,4,415,41501,Control,BoSY,Grade 8,2-level,instructional,112,656,17.073170731707318
500332,15,1506,150601,Control,BoSY,Grade 8,2-level,instructional,38,323,11.764705882352942
305471,15,1509,150901,Control,BoSY,Grade 8,2-level,instructional,66,802,8.229426433915211
305376,15,1501,150101,Treatment,BoSY,Grade 8,2-level,instructional,80,839,9.535160905840286
301432,4,417,41705,Control,BoSY,Grade 8,2-level,instructional,52,629,8.267090620031796
305459,15,1515,151502,Control,BoSY,Grade 8,2-level,instructional,159,918,17.320261437908496
305313,15,1507,150708,Control,BoSY,Grade 8,2-level,instructional,122,597,20.435510887772196
301186,4,410,41001,Control,BoSY,Grade 8,2-level,instructional,399,1823,21.886999451453647
301184,4,410,41001,Control,BoSY,Grade 8,2-level,instructional,329,1124,29.270462633451956
305295,15,1507,150710,Control,BoSY,Grade 8,2-level,instructional,110,1171,9.393680614859095
301416,4,422,42201,Control,BoSY,Grade 8,2-level,instructional,54,158,34.177215189873415
305450,15,1505,150501,Treatment,BoSY,Grade 8,2-level,instructional,78,488,15.98360655737705
301403,4,416,41606,Control,BoSY,Grade 8,2-level,instructional,54,518,10.424710424710424
301451,4,417,41708,Control,BoSY,Grade 8,2-level,instructional,35,350,10
305338,15,1514,151401,Control,BoSY,Grade 8,2-level,instructional,87,796,10.92964824120603
301257,4,413,41312,Control,BoSY,Grade 8,2-level,instructional,368,2101,17.515468824369346
305416,15,1513,151301,Control,BoSY,Grade 8,2-level,instructional,85,971,8.753861997940268
305337,15,1514,151401,Control,BoSY,Grade 8,2-level,instructional,193,2234,8.639212175470009
305353,15,1514,151401,Control,BoSY,Grade 8,2-level,instructional,52,477,10.90146750524109
301197,4,408,40812,Control,BoSY,Grade 8,2-level,instructional,18,329,5.47112462006079
301236,4,413,41308,Treatment,BoSY,Grade 8,2-level,instructional,24,335,7.164179104477612
305444,15,1516,151601,Control,BoSY,Grade 8,2-level,instructional,77,373,20.64343163538874
320306,15,1503,150301,Control,BoSY,Grade 8,2-level,instructional,146,882,16.55328798185941
301489,4,414,41401,Control,BoSY,Grade 8,2-level,instructional,14,329,4.25531914893617
301507,4,418,41801,Control,BoSY,Grade 8,2-level,instructional,9,123,7.317073170731708
301456,4,417,41710,Control,BoSY,Grade 8,2-level,instructional,39,642,6.074766355140187
301238,4,413,41303,Control,BoSY,Grade 8,2-level,instructional,63,596,10.570469798657719
305438,15,1516,151601,Control,BoSY,Grade 8,2-level,instructional,227,834,27.218225419664268
305324,15,1514,151401,Control,BoSY,Grade 8,2-level,instructional,19,310,6.129032258064516
305454,15,1510,151001,Control,BoSY,Grade 8,2-level,instructional,40,179,22.3463687150838
308122,4,417,41708,Control,BoSY,Grade 8,2-level,instructional,78,206,37.86407766990291
301508,4,418,41801,Control,BoSY,Grade 8,2-level,instructional,17,296,5.743243243243243
305465,15,1515,151502,Control,BoSY,Grade 8,2-level,instructional,86,978,8.793456032719837
305428,15,1511,151101,Control,BoSY,Grade 8,2-level,instructional,123,422,29.14691943127962
301175,4,408,40807,Control,BoSY,Grade 8,2-level,instructional,135,573,23.56020942408377
301437,4,417,41704,Control,BoSY,Grade 8,2-level,instructional,62,1126,5.506216696269982
320204,15,1511,151101,Control,BoSY,Grade 8,2-level,instructional,43,535,8.037383177570094
305447,15,1505,150501,Control,BoSY,Grade 8,2-level,instructional,49,621,7.890499194847021
301438,4,417,41704,Control,BoSY,Grade 8,2-level,instructional,42,546,7.6923076923076925
308135,4,417,41708,Control,BoSY,Grade 8,2-level,instructional,57,470,12.127659574468085
301418,4,401,40101,Control,BoSY,Grade 8,2-level,instructional,242,3073,7.875040676863001
305288,15,1507,150710,Control,BoSY,Grade 8,2-level,instructional,94,710,13.23943661971831
301265,4,413,41301,Control,BoSY,Grade 8,2-level,instructional,58,450,12.88888888888889
305442,15,1516,151601,Control,BoSY,Grade 8,2-level,instructional,47,277,16.967509025270758
500339,15,1505,150501,Control,BoSY,Grade 8,2-level,instructional,34,391,8.695652173913043
305435,15,1503,150301,Control,BoSY,Grade 8,2-level,instructional,55,439,12.528473804100228
308134,4,417,41708,Control,BoSY,Grade 8,2-level,instructional,127,533,23.827392120075046
305452,15,1505,150501,Control,BoSY,Grade 8,2-level,instructional,136,625,21.76
312330,7,703,70308,Treatment,BoSY,Grade 8,2-level,instructional,13,120,10.833333333333334
305710,7,703,70302,Treatment,BoSY,Grade 8,2-level,instructional,13,71,18.309859154929576
305655,11,1101,110101,Treatment,BoSY,Grade 8,2-level,instructional,9,28,32.142857142857146
305581,7,703,70303,Treatment,BoSY,Grade 8,2-level,instructional,2,46,4.3478260869565215
303130,7,703,70309,Treatment,BoSY,Grade 8,2-level,instructional,9,193,4.66321243523316
312354,7,703,70309,Treatment,BoSY,Grade 8,2-level,instructional,5,39,12.820512820512821
305849,11,1105,110503,Treatment,BoSY,Grade 8,2-level,instructional,8,29,27.586206896551722
305500,11,1101,110101,Treatment,BoSY,Grade 8,2-level,instructional,2,34,5.882352941176471
312355,7,703,70304,Treatment,BoSY,Grade 8,2-level,instructional,3,37,8.108108108108109
501903,11,1110,111001,Treatment,BoSY,Grade 8,2-level,instructional,1,40,2.5
500665,7,705,70527,Control,BoSY,Grade 8,2-level,instructional,4,92,4.3478260869565215
312462,7,705,70520,Control,BoSY,Grade 8,2-level,instructional,0,18,0
306038,11,1102,110202,Control,BoSY,Grade 8,2-level,instructional,1,28,3.5714285714285716
500221,7,705,70527,Control,BoSY,Grade 8,2-level,instructional,2,25,8
500744,7,708,70801,Control,BoSY,Grade 8,2-level,instructional,6,40,15
305884,11,1101,110101,Control,BoSY,Grade 8,2-level,instructional,41,101,40.59405940594059
303170,7,709,70901,Control,BoSY,Grade 8,2-level,instructional,9,66,13.636363636363637
500787,7,708,70801,Control,BoSY,Grade 8,2-level,instructional,10,57,17.54385964912281
500667,7,705,70528,Control,BoSY,Grade 8,2-level,instructional,16,50,32
501071,11,1101,110101,Control,BoSY,Grade 8,2-level,instructional,2,28,7.142857142857143
303046,7,705,70527,Control,BoSY,Grade 8,2-level,instructional,34,112,30.357142857142858
325303,7,707,70701,Control,BoSY,Grade 8,2-level,instructional,21,60,35
500208,7,703,70305,Control,BoSY,Grade 8,2-level,instructional,2,13,15.384615384615385
312401,7,705,70525,Control,BoSY,Grade 8,2-level,instructional,0,91,0
303136,7,706,70601,Control,BoSY,Grade 8,2-level,instructional,6,80,7.5
312435,7,707,70701,Control,BoSY,Grade 8,2-level,instructional,0,50,0
502186,11,1101,110101,Control,BoSY,Grade 8,2-level,instructional,0,19,0
500782,7,708,70801,Control,BoSY,Grade 8,2-level,instructional,16,247,6.477732793522267
306086,11,1106,110606,Control,BoSY,Grade 8,2-level,instructional,1,21,4.761904761904762
305755,7,705,70529,Control,BoSY,Grade 8,2-level,instructional,33,154,21.428571428571427
305665,11,1101,110101,Control,BoSY,Grade 8,2-level,instructional,0,16,0
501635,7,703,70301,Control,BoSY,Grade 8,2-level,instructional,13,80,16.25
305843,11,1110,111001,Control,BoSY,Grade 8,2-level,instructional,2,36,5.555555555555555
500894,7,705,70517,Control,BoSY,Grade 8,2-level,instructional,12,120,10
500671,7,705,70506,Control,BoSY,Grade 8,2-level,instructional,3,33,9.090909090909092
305847,11,1105,110503,Control,BoSY,Grade 8,2-level,instructional,7,60,11.666666666666666
500784,7,708,70801,Control,BoSY,Grade 8,2-level,instructional,0,19,0
501267,7,705,70525,Control,BoSY,Grade 8,2-level,instructional,8,32,25
306000,7,705,70525,Control,BoSY,Grade 8,2-level,instructional,18,40,45
305517,11,1106,110608,Control,BoSY,Grade 8,2-level,instructional,3,51,5.882352941176471
305713,7,710,71001,Control,BoSY,Grade 8,2-level,instructional,0,49,0
500768,7,705,70521,Control,BoSY,Grade 8,2-level,instructional,9,88,10.227272727272727
316303,11,1107,110701,Control,BoSY,Grade 8,2-level,instructional,9,45,20
316304,11,1107,110701,Control,BoSY,Grade 8,2-level,instructional,14,97,14.43298969072165
305506,11,1101,110101,Control,BoSY,Grade 8,2-level,instructional,6,21,28.571428571428573
500421,7,705,70507,Control,BoSY,Grade 8,2-level,instructional,12,113,10.619469026548673
305681,11,1110,111001,Control,BoSY,Grade 8,2-level,instructional,11,166,6.626506024096385
303186,7,711,71101,Control,BoSY,Grade 8,2-level,instructional,6,141,4.25531914893617
501429,7,714,71402,Control,BoSY,Grade 8,2-level,instructional,7,62,11.290322580645162
305844,11,1103,110303,Control,BoSY,Grade 8,2-level,instructional,6,57,10.526315789473685
305965,11,1110,111001,Control,BoSY,Grade 8,2-level,instructional,23,81,28.395061728395063
501076,11,1103,110305,Control,BoSY,Grade 8,2-level,instructional,0,12,0
305889,11,1101,110101,Control,BoSY,Grade 8,2-level,instructional,0,46,0
501074,11,1103,110306,Control,BoSY,Grade 8,2-level,instructional,1,39,2.5641025641025643
312408,7,705,70530,Control,BoSY,Grade 8,2-level,instructional,25,78,32.05128205128205
501351,7,705,70522,Control,BoSY,Grade 8,2-level,instructional,8,63,12.698412698412698
501404,11,1101,110101,Control,BoSY,Grade 8,2-level,instructional,7,33,21.21212121212121
305660,11,1101,110101,Control,BoSY,Grade 8,2-level,instructional,4,41,9.75609756097561
303219,7,701,70101,Control,BoSY,Grade 8,2-level,instructional,21,106,19.81132075471698
312450,7,705,70522,Control,BoSY,Grade 8,2-level,instructional,29,96,30.208333333333332
324903,7,704,70401,Control,BoSY,Grade 8,2-level,instructional,3,33,9.090909090909092
501065,11,1101,110101,Control,BoSY,Grade 8,2-level,instructional,14,122,11.475409836065573
312451,7,705,70532,Control,BoSY,Grade 8,2-level,instructional,7,86,8.13953488372093
501763,11,1103,110305,Control,BoSY,Grade 8,2-level,instructional,0,56,0
316405,11,1110,111001,Control,BoSY,Grade 8,2-level,instructional,9,164,5.487804878048781
316404,11,1110,111001,Control,BoSY,Grade 8,2-level,instructional,3,60,5
316301,11,1107,110701,Control,BoSY,Grade 8,2-level,instructional,0,178,0
312910,7,710,71001,Control,BoSY,Grade 8,2-level,instructional,5,148,3.3783783783783785
303011,7,705,70512,Control,BoSY,Grade 8,2-level,instructional,6,43,13.953488372093023
305651,11,1101,110101,Control,BoSY,Grade 8,2-level,instructional,2,35,5.714285714285714
305662,11,1101,110101,Control,BoSY,Grade 8,2-level,instructional,3,43,6.976744186046512
305850,11,1105,110503,Control,BoSY,Grade 8,2-level,instructional,5,29,17.24137931034483
312481,7,705,70518,Control,BoSY,Grade 8,2-level,instructional,21,180,11.666666666666666
304409,11,1110,111001,Control,BoSY,Grade 8,2-level,instructional,19,135,14.074074074074074
303246,7,713,71303,Control,BoSY,Grade 8,2-level,instructional,31,138,22.463768115942027
501405,11,1101,110101,Control,BoSY,Grade 8,2-level,instructional,16,75,21.333333333333332
305677,11,1105,110503,Control,BoSY,Grade 8,2-level,instructional,1,49,2.0408163265306123
500447,7,708,70801,Control,BoSY,Grade 8,2-level,instructional,5,64,7.8125
501305,7,708,70801,Control,BoSY,Grade 8,2-level,instructional,0,34,0
305917,7,708,70801,Control,BoSY,Grade 8,2-level,instructional,7,31,22.580645161290324
305722,7,703,70304,Control,BoSY,Grade 8,2-level,instructional,8,68,11.764705882352942
312953,7,713,71306,Control,BoSY,Grade 8,2-level,instructional,3,22,13.636363636363637
305498,11,1101,110101,Control,BoSY,Grade 8,2-level,instructional,7,76,9.210526315789474
305669,11,1101,110101,Control,BoSY,Grade 8,2-level,instructional,1,31,3.225806451612903
312960,7,710,71002,Control,BoSY,Grade 8,2-level,instructional,1,61,1.639344262295082
309906,5,508,50811,Treatment,BoSY,Grade 8,2-level,independent,61,153,39.869281045751634
309934,5,508,50806,Treatment,BoSY,Grade 8,2-level,independent,3,40,7.5
301871,5,501,50107,Treatment,BoSY,Grade 8,2-level,independent,4,98,4.081632653061225
302134,5,508,50804,Treatment,BoSY,Grade 8,2-level,independent,71,126,56.34920634920635
302117,5,508,50803,Treatment,BoSY,Grade 8,2-level,independent,16,67,23.880597014925375
309909,5,508,50801,Treatment,BoSY,Grade 8,2-level,independent,0,108,0
309915,5,508,50801,Treatment,BoSY,Grade 8,2-level,independent,3,39,7.6923076923076925
501544,5,508,50815,Treatment,BoSY,Grade 8,2-level,independent,0,66,0
301887,5,502,50205,Treatment,BoSY,Grade 8,2-level,independent,4,81,4.938271604938271
302175,5,508,50820,Treatment,BoSY,Grade 8,2-level,independent,27,99,27.272727272727273
302146,5,508,50812,Treatment,BoSY,Grade 8,2-level,independent,0,138,0
309921,5,508,50805,Treatment,BoSY,Grade 8,2-level,independent,0,71,0
302254,5,505,50501,Control,BoSY,Grade 8,2-level,independent,1,94,1.0638297872340425
309513,5,501,50112,Control,BoSY,Grade 8,2-level,independent,10,106,9.433962264150944
500163,5,508,50801,Control,BoSY,Grade 8,2-level,independent,16,78,20.512820512820515
302058,5,503,50333,Control,BoSY,Grade 8,2-level,independent,6,74,8.108108108108109
302192,5,511,51103,Control,BoSY,Grade 8,2-level,independent,32,288,11.11111111111111
302227,5,511,51105,Control,BoSY,Grade 8,2-level,independent,0,71,0
302252,5,505,50501,Control,BoSY,Grade 8,2-level,independent,7,90,7.777777777777778
309914,5,508,50806,Control,BoSY,Grade 8,2-level,independent,0,190,0
309711,5,503,50317,Control,BoSY,Grade 8,2-level,independent,8,69,11.594202898550725
301817,5,507,50701,Control,BoSY,Grade 8,2-level,independent,4,112,3.5714285714285716
302165,5,508,50816,Control,BoSY,Grade 8,2-level,independent,0,71,0
301974,5,503,50311,Treatment,BoSY,Grade 8,2-level,independent,25,83,30.120481927710845
302256,5,505,50501,Control,BoSY,Grade 8,2-level,independent,19,110,17.272727272727273
301834,5,501,50106,Control,BoSY,Grade 8,2-level,independent,136,178,76.40449438202248
309760,5,503,50306,Control,BoSY,Grade 8,2-level,independent,2,58,3.4482758620689653
309936,5,508,50819,Control,BoSY,Grade 8,2-level,independent,5,47,10.638297872340425
302203,5,511,51102,Control,BoSY,Grade 8,2-level,independent,0,39,0
302011,5,503,50314,Control,BoSY,Grade 8,2-level,independent,1,196,0.5102040816326531
500168,5,505,50501,Control,BoSY,Grade 8,2-level,independent,10,78,12.820512820512821
301947,5,503,50306,Control,BoSY,Grade 8,2-level,independent,20,364,5.4945054945054945
309941,5,508,50812,Control,BoSY,Grade 8,2-level,independent,0,218,0
301839,5,501,50111,Control,BoSY,Grade 8,2-level,independent,8,86,9.30232558139535
501843,5,508,50818,Treatment,BoSY,Grade 8,2-level,independent,21,45,46.666666666666664
302111,5,508,50801,Control,BoSY,Grade 8,2-level,independent,43,469,9.168443496801705
302133,5,509,50901,Control,BoSY,Grade 8,2-level,independent,1,179,0.5586592178770949
301990,5,503,50317,Control,BoSY,Grade 8,2-level,independent,13,55,23.636363636363637
309937,5,508,50819,Control,BoSY,Grade 8,2-level,independent,11,80,13.75
302241,5,511,51105,Control,BoSY,Grade 8,2-level,independent,24,123,19.51219512195122
500167,5,505,50501,Control,BoSY,Grade 8,2-level,independent,1,63,1.5873015873015872
309764,5,503,50320,Control,BoSY,Grade 8,2-level,independent,1,58,1.7241379310344827
302205,5,511,51106,Control,BoSY,Grade 8,2-level,independent,9,103,8.737864077669903
302014,5,503,50302,Control,BoSY,Grade 8,2-level,independent,13,151,8.609271523178808
309740,5,503,50315,Control,BoSY,Grade 8,2-level,independent,23,74,31.08108108108108
309741,5,503,50315,Control,BoSY,Grade 8,2-level,independent,7,91,7.6923076923076925
302161,5,508,50803,Treatment,BoSY,Grade 8,2-level,independent,18,74,24.324324324324323
302113,5,508,50818,Treatment,BoSY,Grade 8,2-level,independent,4,100,4
302127,5,508,50817,Control,BoSY,Grade 8,2-level,independent,1,53,1.8867924528301887
301899,5,502,50205,Control,BoSY,Grade 8,2-level,independent,31,142,21.830985915492956
309509,5,501,50113,Control,BoSY,Grade 8,2-level,independent,10,84,11.904761904761905
309903,5,508,50816,Control,BoSY,Grade 8,2-level,independent,51,66,77.27272727272727
301995,5,503,50310,Control,BoSY,Grade 8,2-level,independent,25,76,32.89473684210526
309702,5,503,50325,Control,BoSY,Grade 8,2-level,independent,14,282,4.964539007092198
501020,5,503,50310,Control,BoSY,Grade 8,2-level,independent,2,30,6.666666666666667
309743,5,503,50332,Control,BoSY,Grade 8,2-level,independent,2,106,1.8867924528301887
301816,5,501,50101,Control,BoSY,Grade 8,2-level,independent,5,150,3.3333333333333335
302054,5,503,50315,Control,BoSY,Grade 8,2-level,independent,17,119,14.285714285714286
301862,5,507,50701,Control,BoSY,Grade 8,2-level,independent,35,227,15.418502202643172
502477,5,501,50108,Control,BoSY,Grade 8,2-level,independent,10,34,29.41176470588235
302283,5,513,51301,Control,BoSY,Grade 8,2-level,independent,3,343,0.8746355685131195
301900,5,502,50206,Control,BoSY,Grade 8,2-level,independent,0,67,0
302123,5,508,50808,Control,BoSY,Grade 8,2-level,independent,2,90,2.2222222222222223
309512,5,501,50110,Control,BoSY,Grade 8,2-level,independent,18,78,23.076923076923077
302284,5,513,51301,Control,BoSY,Grade 8,2-level,independent,8,180,4.444444444444445
500034,5,508,50819,Control,BoSY,Grade 8,2-level,independent,0,36,0
302043,5,503,50305,Control,BoSY,Grade 8,2-level,independent,10,186,5.376344086021505
302182,5,511,51107,Control,BoSY,Grade 8,2-level,independent,1,95,1.0526315789473684
301986,5,503,50334,Control,BoSY,Grade 8,2-level,independent,0,179,0
302109,5,508,50817,Control,BoSY,Grade 8,2-level,independent,7,225,3.111111111111111
302061,5,503,50311,Control,BoSY,Grade 8,2-level,independent,7,64,10.9375
309931,5,508,50802,Control,BoSY,Grade 8,2-level,independent,10,75,13.333333333333334
301984,5,503,50331,Control,BoSY,Grade 8,2-level,independent,3,189,1.5873015873015872
302156,5,508,50803,Control,BoSY,Grade 8,2-level,independent,63,106,59.43396226415094
309705,5,503,50330,Control,BoSY,Grade 8,2-level,independent,2,92,2.1739130434782608
500165,5,508,50804,Control,BoSY,Grade 8,2-level,independent,4,49,8.16326530612245
301930,5,503,50328,Control,BoSY,Grade 8,2-level,independent,0,112,0
302177,5,508,50806,Control,BoSY,Grade 8,2-level,independent,0,98,0
302282,5,513,51301,Control,BoSY,Grade 8,2-level,independent,44,367,11.989100817438691
502615,5,508,50802,Control,BoSY,Grade 8,2-level,independent,1,22,4.545454545454546
302263,5,506,50601,Control,BoSY,Grade 8,2-level,independent,0,90,0
301826,5,501,50103,Control,BoSY,Grade 8,2-level,independent,0,43,0
305750,5,513,51301,Control,BoSY,Grade 8,2-level,independent,2,84,2.380952380952381
301870,5,501,50110,Control,BoSY,Grade 8,2-level,independent,3,148,2.027027027027027
302039,5,503,50316,Control,BoSY,Grade 8,2-level,independent,18,284,6.338028169014085
301868,5,501,50112,Control,BoSY,Grade 8,2-level,independent,41,241,17.012448132780083
301963,5,503,50316,Control,BoSY,Grade 8,2-level,independent,23,218,10.55045871559633
340567,15,1505,150501,Treatment,BoSY,Grade 8,2-level,independent,28,235,11.914893617021276
320606,15,1515,151502,Treatment,BoSY,Grade 8,2-level,independent,45,423,10.638297872340425
320202,15,1511,151101,Treatment,BoSY,Grade 8,2-level,independent,24,163,14.723926380368098
305310,15,1507,150703,Treatment,BoSY,Grade 8,2-level,independent,9,319,2.8213166144200628
305418,15,1513,151301,Treatment,BoSY,Grade 8,2-level,independent,40,908,4.405286343612334
500565,15,1515,151502,Treatment,BoSY,Grade 8,2-level,independent,57,879,6.484641638225256
301258,4,413,41308,Treatment,BoSY,Grade 8,2-level,independent,38,552,6.884057971014493
301214,4,411,41101,Treatment,BoSY,Grade 8,2-level,independent,55,585,9.401709401709402
301497,4,414,41401,Treatment,BoSY,Grade 8,2-level,independent,15,375,4
305411,15,1515,151502,Treatment,BoSY,Grade 8,2-level,independent,61,810,7.530864197530864
305420,15,1513,151301,Treatment,BoSY,Grade 8,2-level,independent,50,1398,3.57653791130186
301231,4,413,41302,Control,BoSY,Grade 8,2-level,independent,30,238,12.605042016806722
301188,4,402,40201,Control,BoSY,Grade 8,2-level,independent,94,683,13.762811127379209
307913,4,413,41309,Control,BoSY,Grade 8,2-level,independent,0,342,0
500566,15,1507,150710,Control,BoSY,Grade 8,2-level,independent,52,709,7.3342736248236955
305453,15,1510,151001,Control,BoSY,Grade 8,2-level,independent,76,1002,7.584830339321357
305311,15,1507,150702,Control,BoSY,Grade 8,2-level,independent,3,293,1.023890784982935
301425,4,401,40101,Control,BoSY,Grade 8,2-level,independent,73,1034,7.059961315280464
301202,4,408,40812,Control,BoSY,Grade 8,2-level,independent,93,377,24.6684350132626
305412,15,1515,151502,Control,BoSY,Grade 8,2-level,independent,216,1160,18.620689655172413
308105,4,417,41703,Control,BoSY,Grade 8,2-level,independent,71,830,8.55421686746988
305341,15,1514,151401,Control,BoSY,Grade 8,2-level,independent,120,1319,9.097801364670204
319604,15,1512,151201,Control,BoSY,Grade 8,2-level,independent,33,335,9.850746268656716
305568,15,1516,151601,Control,BoSY,Grade 8,2-level,independent,26,378,6.878306878306878
305434,15,1503,150301,Control,BoSY,Grade 8,2-level,independent,75,837,8.960573476702509
301464,4,417,41710,Control,BoSY,Grade 8,2-level,independent,113,540,20.925925925925927
305461,15,1515,151502,Control,BoSY,Grade 8,2-level,independent,28,426,6.572769953051643
305384,15,1501,150101,Control,BoSY,Grade 8,2-level,independent,72,518,13.8996138996139
301143,4,421,42101,Control,BoSY,Grade 8,2-level,independent,156,1140,13.68421052631579
305340,15,1514,151401,Control,BoSY,Grade 8,2-level,independent,415,1208,34.354304635761586
305302,15,1507,150709,Treatment,BoSY,Grade 8,2-level,independent,25,1106,2.2603978300180834
308103,4,417,41712,Control,BoSY,Grade 8,2-level,independent,35,361,9.695290858725762
308130,4,417,41711,Control,BoSY,Grade 8,2-level,independent,33,128,25.78125
301227,4,420,42001,Control,BoSY,Grade 8,2-level,independent,350,1396,25.07163323782235
305334,15,1514,151401,Control,BoSY,Grade 8,2-level,independent,110,661,16.64145234493192
305367,15,1512,151201,Control,BoSY,Grade 8,2-level,independent,75,1054,7.115749525616699
305635,15,1514,151401,Control,BoSY,Grade 8,2-level,independent,102,462,22.07792207792208
301218,4,408,40814,Control,BoSY,Grade 8,2-level,independent,125,2107,5.932605600379687
308501,4,415,41501,Control,BoSY,Grade 8,2-level,independent,59,656,8.99390243902439
500332,15,1506,150601,Control,BoSY,Grade 8,2-level,independent,40,323,12.38390092879257
305471,15,1509,150901,Control,BoSY,Grade 8,2-level,independent,47,802,5.860349127182045
305376,15,1501,150101,Treatment,BoSY,Grade 8,2-level,independent,172,839,20.500595947556615
301432,4,417,41705,Control,BoSY,Grade 8,2-level,independent,90,629,14.308426073131956
305459,15,1515,151502,Control,BoSY,Grade 8,2-level,independent,38,918,4.139433551198257
305313,15,1507,150708,Control,BoSY,Grade 8,2-level,independent,75,597,12.56281407035176
301186,4,410,41001,Control,BoSY,Grade 8,2-level,independent,132,1823,7.240811848601207
301184,4,410,41001,Control,BoSY,Grade 8,2-level,independent,391,1124,34.786476868327405
305295,15,1507,150710,Control,BoSY,Grade 8,2-level,independent,175,1171,14.944491887275833
301416,4,422,42201,Control,BoSY,Grade 8,2-level,independent,0,158,0
305450,15,1505,150501,Treatment,BoSY,Grade 8,2-level,independent,23,488,4.713114754098361
301403,4,416,41606,Control,BoSY,Grade 8,2-level,independent,16,518,3.088803088803089
301451,4,417,41708,Control,BoSY,Grade 8,2-level,independent,7,350,2
305338,15,1514,151401,Control,BoSY,Grade 8,2-level,independent,101,796,12.688442211055277
301257,4,413,41312,Control,BoSY,Grade 8,2-level,independent,259,2101,12.327463112803427
305416,15,1513,151301,Control,BoSY,Grade 8,2-level,independent,48,971,4.94335736354274
305337,15,1514,151401,Control,BoSY,Grade 8,2-level,independent,37,2234,1.6562220232766338
305353,15,1514,151401,Control,BoSY,Grade 8,2-level,independent,14,477,2.9350104821802936
301197,4,408,40812,Control,BoSY,Grade 8,2-level,independent,28,329,8.51063829787234
301236,4,413,41308,Treatment,BoSY,Grade 8,2-level,independent,8,335,2.388059701492537
305444,15,1516,151601,Control,BoSY,Grade 8,2-level,independent,20,373,5.361930294906166
320306,15,1503,150301,Control,BoSY,Grade 8,2-level,independent,63,882,7.142857142857143
301489,4,414,41401,Control,BoSY,Grade 8,2-level,independent,12,329,3.6474164133738602
301507,4,418,41801,Control,BoSY,Grade 8,2-level,independent,8,123,6.504065040650406
301456,4,417,41710,Control,BoSY,Grade 8,2-level,independent,12,642,1.8691588785046729
301238,4,413,41303,Control,BoSY,Grade 8,2-level,independent,21,596,3.523489932885906
305438,15,1516,151601,Control,BoSY,Grade 8,2-level,independent,14,834,1.6786570743405276
305324,15,1514,151401,Control,BoSY,Grade 8,2-level,independent,5,310,1.6129032258064515
305454,15,1510,151001,Control,BoSY,Grade 8,2-level,independent,62,179,34.63687150837989
308122,4,417,41708,Control,BoSY,Grade 8,2-level,independent,26,206,12.62135922330097
301508,4,418,41801,Control,BoSY,Grade 8,2-level,independent,9,296,3.0405405405405403
305465,15,1515,151502,Control,BoSY,Grade 8,2-level,independent,38,978,3.885480572597137
305428,15,1511,151101,Control,BoSY,Grade 8,2-level,independent,93,422,22.03791469194313
301175,4,408,40807,Control,BoSY,Grade 8,2-level,independent,190,573,33.1588132635253
301437,4,417,41704,Control,BoSY,Grade 8,2-level,independent,204,1126,18.117229129662523
320204,15,1511,151101,Control,BoSY,Grade 8,2-level,independent,54,535,10.093457943925234
305447,15,1505,150501,Control,BoSY,Grade 8,2-level,independent,13,621,2.0933977455716586
301438,4,417,41704,Control,BoSY,Grade 8,2-level,independent,17,546,3.1135531135531136
308135,4,417,41708,Control,BoSY,Grade 8,2-level,independent,5,470,1.0638297872340425
301418,4,401,40101,Control,BoSY,Grade 8,2-level,independent,62,3073,2.0175724048161405
305288,15,1507,150710,Control,BoSY,Grade 8,2-level,independent,18,710,2.535211267605634
301265,4,413,41301,Control,BoSY,Grade 8,2-level,independent,45,450,10
305442,15,1516,151601,Control,BoSY,Grade 8,2-level,independent,54,277,19.494584837545126
500339,15,1505,150501,Control,BoSY,Grade 8,2-level,independent,13,391,3.3248081841432224
305435,15,1503,150301,Control,BoSY,Grade 8,2-level,independent,17,439,3.8724373576309796
308134,4,417,41708,Control,BoSY,Grade 8,2-level,independent,23,533,4.315196998123827
305452,15,1505,150501,Control,BoSY,Grade 8,2-level,independent,65,625,10.4
312330,7,703,70308,Treatment,BoSY,Grade 8,2-level,independent,7,120,5.833333333333333
305710,7,703,70302,Treatment,BoSY,Grade 8,2-level,independent,10,71,14.084507042253522
305655,11,1101,110101,Treatment,BoSY,Grade 8,2-level,independent,4,28,14.285714285714286
305581,7,703,70303,Treatment,BoSY,Grade 8,2-level,independent,1,46,2.1739130434782608
303130,7,703,70309,Treatment,BoSY,Grade 8,2-level,independent,1,193,0.5181347150259067
312354,7,703,70309,Treatment,BoSY,Grade 8,2-level,independent,10,39,25.641025641025642
305849,11,1105,110503,Treatment,BoSY,Grade 8,2-level,independent,7,29,24.137931034482758
305500,11,1101,110101,Treatment,BoSY,Grade 8,2-level,independent,0,34,0
312355,7,703,70304,Treatment,BoSY,Grade 8,2-level,independent,4,37,10.81081081081081
501903,11,1110,111001,Treatment,BoSY,Grade 8,2-level,independent,1,40,2.5
500665,7,705,70527,Control,BoSY,Grade 8,2-level,independent,6,92,6.521739130434782
312462,7,705,70520,Control,BoSY,Grade 8,2-level,independent,0,18,0
306038,11,1102,110202,Control,BoSY,Grade 8,2-level,independent,2,28,7.142857142857143
500221,7,705,70527,Control,BoSY,Grade 8,2-level,independent,6,25,24
500744,7,708,70801,Control,BoSY,Grade 8,2-level,independent,12,40,30
305884,11,1101,110101,Control,BoSY,Grade 8,2-level,independent,20,101,19.801980198019802
303170,7,709,70901,Control,BoSY,Grade 8,2-level,independent,6,66,9.090909090909092
500787,7,708,70801,Control,BoSY,Grade 8,2-level,independent,7,57,12.280701754385966
500667,7,705,70528,Control,BoSY,Grade 8,2-level,independent,10,50,20
501071,11,1101,110101,Control,BoSY,Grade 8,2-level,independent,0,28,0
303046,7,705,70527,Control,BoSY,Grade 8,2-level,independent,3,112,2.6785714285714284
325303,7,707,70701,Control,BoSY,Grade 8,2-level,independent,0,60,0
500208,7,703,70305,Control,BoSY,Grade 8,2-level,independent,2,13,15.384615384615385
312401,7,705,70525,Control,BoSY,Grade 8,2-level,independent,0,91,0
303136,7,706,70601,Control,BoSY,Grade 8,2-level,independent,5,80,6.25
312435,7,707,70701,Control,BoSY,Grade 8,2-level,independent,0,50,0
502186,11,1101,110101,Control,BoSY,Grade 8,2-level,independent,0,19,0
500782,7,708,70801,Control,BoSY,Grade 8,2-level,independent,90,247,36.43724696356275
306086,11,1106,110606,Control,BoSY,Grade 8,2-level,independent,2,21,9.523809523809524
305755,7,705,70529,Control,BoSY,Grade 8,2-level,independent,12,154,7.792207792207792
305665,11,1101,110101,Control,BoSY,Grade 8,2-level,independent,0,16,0
501635,7,703,70301,Control,BoSY,Grade 8,2-level,independent,14,80,17.5
305843,11,1110,111001,Control,BoSY,Grade 8,2-level,independent,2,36,5.555555555555555
500894,7,705,70517,Control,BoSY,Grade 8,2-level,independent,10,120,8.333333333333334
500671,7,705,70506,Control,BoSY,Grade 8,2-level,independent,5,33,15.151515151515152
305847,11,1105,110503,Control,BoSY,Grade 8,2-level,independent,11,60,18.333333333333332
500784,7,708,70801,Control,BoSY,Grade 8,2-level,independent,1,19,5.2631578947368425
501267,7,705,70525,Control,BoSY,Grade 8,2-level,independent,1,32,3.125
306000,7,705,70525,Control,BoSY,Grade 8,2-level,independent,6,40,15
305517,11,1106,110608,Control,BoSY,Grade 8,2-level,independent,0,51,0
305713,7,710,71001,Control,BoSY,Grade 8,2-level,independent,0,49,0
500768,7,705,70521,Control,BoSY,Grade 8,2-level,independent,1,88,1.1363636363636365
316303,11,1107,110701,Control,BoSY,Grade 8,2-level,independent,8,45,17.77777777777778
316304,11,1107,110701,Control,BoSY,Grade 8,2-level,independent,0,97,0
305506,11,1101,110101,Control,BoSY,Grade 8,2-level,independent,1,21,4.761904761904762
500421,7,705,70507,Control,BoSY,Grade 8,2-level,independent,19,113,16.8141592920354
305681,11,1110,111001,Control,BoSY,Grade 8,2-level,independent,3,166,1.8072289156626506
303186,7,711,71101,Control,BoSY,Grade 8,2-level,independent,14,141,9.929078014184396
501429,7,714,71402,Control,BoSY,Grade 8,2-level,independent,4,62,6.451612903225806
305844,11,1103,110303,Control,BoSY,Grade 8,2-level,independent,0,57,0
305965,11,1110,111001,Control,BoSY,Grade 8,2-level,independent,37,81,45.67901234567901
501076,11,1103,110305,Control,BoSY,Grade 8,2-level,independent,0,12,0
305889,11,1101,110101,Control,BoSY,Grade 8,2-level,independent,18,46,39.130434782608695
501074,11,1103,110306,Control,BoSY,Grade 8,2-level,independent,2,39,5.128205128205129
312408,7,705,70530,Control,BoSY,Grade 8,2-level,independent,5,78,6.410256410256411
501351,7,705,70522,Control,BoSY,Grade 8,2-level,independent,5,63,7.936507936507937
501404,11,1101,110101,Control,BoSY,Grade 8,2-level,independent,4,33,12.121212121212121
305660,11,1101,110101,Control,BoSY,Grade 8,2-level,independent,3,41,7.317073170731708
303219,7,701,70101,Control,BoSY,Grade 8,2-level,independent,23,106,21.69811320754717
312450,7,705,70522,Control,BoSY,Grade 8,2-level,independent,21,96,21.875
324903,7,704,70401,Control,BoSY,Grade 8,2-level,independent,0,33,0
501065,11,1101,110101,Control,BoSY,Grade 8,2-level,independent,48,122,39.34426229508197
312451,7,705,70532,Control,BoSY,Grade 8,2-level,independent,1,86,1.1627906976744187
501763,11,1103,110305,Control,BoSY,Grade 8,2-level,independent,0,56,0
316405,11,1110,111001,Control,BoSY,Grade 8,2-level,independent,11,164,6.7073170731707314
316404,11,1110,111001,Control,BoSY,Grade 8,2-level,independent,0,60,0
316301,11,1107,110701,Control,BoSY,Grade 8,2-level,independent,120,178,67.41573033707866
312910,7,710,71001,Control,BoSY,Grade 8,2-level,independent,5,148,3.3783783783783785
303011,7,705,70512,Control,BoSY,Grade 8,2-level,independent,8,43,18.6046511627907
305651,11,1101,110101,Control,BoSY,Grade 8,2-level,independent,0,35,0
305662,11,1101,110101,Control,BoSY,Grade 8,2-level,independent,2,43,4.651162790697675
305850,11,1105,110503,Control,BoSY,Grade 8,2-level,independent,1,29,3.4482758620689653
312481,7,705,70518,Control,BoSY,Grade 8,2-level,independent,29,180,16.11111111111111
304409,11,1110,111001,Control,BoSY,Grade 8,2-level,independent,8,135,5.925925925925926
303246,7,713,71303,Control,BoSY,Grade 8,2-level,independent,22,138,15.942028985507246
501405,11,1101,110101,Control,BoSY,Grade 8,2-level,independent,21,75,28
305677,11,1105,110503,Control,BoSY,Grade 8,2-level,independent,0,49,0
500447,7,708,70801,Control,BoSY,Grade 8,2-level,independent,2,64,3.125
501305,7,708,70801,Control,BoSY,Grade 8,2-level,independent,5,34,14.705882352941176
305917,7,708,70801,Control,BoSY,Grade 8,2-level,independent,3,31,9.67741935483871
305722,7,703,70304,Control,BoSY,Grade 8,2-level,independent,25,68,36.76470588235294
312953,7,713,71306,Control,BoSY,Grade 8,2-level,independent,0,22,0
305498,11,1101,110101,Control,BoSY,Grade 8,2-level,independent,2,76,2.6315789473684212
305669,11,1101,110101,Control,BoSY,Grade 8,2-level,independent,1,31,3.225806451612903
312960,7,710,71002,Control,BoSY,Grade 8,2-level,independent,1,61,1.639344262295082
309906,5,508,50811,Treatment,BoSY,Grade 8,3-level,frustration,5,153,3.2679738562091503
309934,5,508,50806,Treatment,BoSY,Grade 8,3-level,frustration,2,40,5
301871,5,501,50107,Treatment,BoSY,Grade 8,3-level,frustration,50,98,51.02040816326531
302134,5,508,50804,Treatment,BoSY,Grade 8,3-level,frustration,0,126,0
302117,5,508,50803,Treatment,BoSY,Grade 8,3-level,frustration,8,67,11.940298507462687
309909,5,508,50801,Treatment,BoSY,Grade 8,3-level,frustration,75,108,69.44444444444444
309915,5,508,50801,Treatment,BoSY,Grade 8,3-level,frustration,15,39,38.46153846153846
501544,5,508,50815,Treatment,BoSY,Grade 8,3-level,frustration,10,66,15.151515151515152
301887,5,502,50205,Treatment,BoSY,Grade 8,3-level,frustration,33,81,40.74074074074074
302175,5,508,50820,Treatment,BoSY,Grade 8,3-level,frustration,3,99,3.0303030303030303
302146,5,508,50812,Treatment,BoSY,Grade 8,3-level,frustration,106,138,76.81159420289855
309921,5,508,50805,Treatment,BoSY,Grade 8,3-level,frustration,0,71,0
302254,5,505,50501,Control,BoSY,Grade 8,3-level,frustration,34,94,36.170212765957444
309513,5,501,50112,Control,BoSY,Grade 8,3-level,frustration,38,106,35.84905660377358
500163,5,508,50801,Control,BoSY,Grade 8,3-level,frustration,5,78,6.410256410256411
302058,5,503,50333,Control,BoSY,Grade 8,3-level,frustration,29,74,39.189189189189186
302192,5,511,51103,Control,BoSY,Grade 8,3-level,frustration,82,288,28.47222222222222
302227,5,511,51105,Control,BoSY,Grade 8,3-level,frustration,63,71,88.73239436619718
302252,5,505,50501,Control,BoSY,Grade 8,3-level,frustration,29,90,32.22222222222222
309914,5,508,50806,Control,BoSY,Grade 8,3-level,frustration,34,190,17.894736842105264
309711,5,503,50317,Control,BoSY,Grade 8,3-level,frustration,12,69,17.391304347826086
301817,5,507,50701,Control,BoSY,Grade 8,3-level,frustration,81,112,72.32142857142857
302165,5,508,50816,Control,BoSY,Grade 8,3-level,frustration,38,71,53.521126760563384
301974,5,503,50311,Treatment,BoSY,Grade 8,3-level,frustration,0,83,0
302256,5,505,50501,Control,BoSY,Grade 8,3-level,frustration,10,110,9.090909090909092
301834,5,501,50106,Control,BoSY,Grade 8,3-level,frustration,0,178,0
309760,5,503,50306,Control,BoSY,Grade 8,3-level,frustration,23,58,39.6551724137931
309936,5,508,50819,Control,BoSY,Grade 8,3-level,frustration,0,47,0
302203,5,511,51102,Control,BoSY,Grade 8,3-level,frustration,28,39,71.7948717948718
302011,5,503,50314,Control,BoSY,Grade 8,3-level,frustration,104,196,53.06122448979592
500168,5,505,50501,Control,BoSY,Grade 8,3-level,frustration,8,78,10.256410256410257
301947,5,503,50306,Control,BoSY,Grade 8,3-level,frustration,135,364,37.08791208791209
309941,5,508,50812,Control,BoSY,Grade 8,3-level,frustration,119,218,54.58715596330275
301839,5,501,50111,Control,BoSY,Grade 8,3-level,frustration,2,86,2.3255813953488373
501843,5,508,50818,Treatment,BoSY,Grade 8,3-level,frustration,4,45,8.88888888888889
302111,5,508,50801,Control,BoSY,Grade 8,3-level,frustration,86,469,18.33688699360341
302133,5,509,50901,Control,BoSY,Grade 8,3-level,frustration,97,179,54.18994413407821
301990,5,503,50317,Control,BoSY,Grade 8,3-level,frustration,1,55,1.8181818181818181
309937,5,508,50819,Control,BoSY,Grade 8,3-level,frustration,20,80,25
302241,5,511,51105,Control,BoSY,Grade 8,3-level,frustration,0,123,0
500167,5,505,50501,Control,BoSY,Grade 8,3-level,frustration,32,63,50.79365079365079
309764,5,503,50320,Control,BoSY,Grade 8,3-level,frustration,46,58,79.3103448275862
302205,5,511,51106,Control,BoSY,Grade 8,3-level,frustration,4,103,3.883495145631068
302014,5,503,50302,Control,BoSY,Grade 8,3-level,frustration,73,151,48.34437086092715
309740,5,503,50315,Control,BoSY,Grade 8,3-level,frustration,7,74,9.45945945945946
309741,5,503,50315,Control,BoSY,Grade 8,3-level,frustration,37,91,40.65934065934066
302161,5,508,50803,Treatment,BoSY,Grade 8,3-level,frustration,7,74,9.45945945945946
302113,5,508,50818,Treatment,BoSY,Grade 8,3-level,frustration,20,100,20
302127,5,508,50817,Control,BoSY,Grade 8,3-level,frustration,29,53,54.716981132075475
301899,5,502,50205,Control,BoSY,Grade 8,3-level,frustration,9,142,6.338028169014085
309509,5,501,50113,Control,BoSY,Grade 8,3-level,frustration,4,84,4.761904761904762
309903,5,508,50816,Control,BoSY,Grade 8,3-level,frustration,0,66,0
301995,5,503,50310,Control,BoSY,Grade 8,3-level,frustration,7,76,9.210526315789474
309702,5,503,50325,Control,BoSY,Grade 8,3-level,frustration,165,282,58.51063829787234
501020,5,503,50310,Control,BoSY,Grade 8,3-level,frustration,2,30,6.666666666666667
309743,5,503,50332,Control,BoSY,Grade 8,3-level,frustration,65,106,61.320754716981135
301816,5,501,50101,Control,BoSY,Grade 8,3-level,frustration,0,150,0
302054,5,503,50315,Control,BoSY,Grade 8,3-level,frustration,13,119,10.92436974789916
301862,5,507,50701,Control,BoSY,Grade 8,3-level,frustration,28,227,12.334801762114537
502477,5,501,50108,Control,BoSY,Grade 8,3-level,frustration,0,34,0
302283,5,513,51301,Control,BoSY,Grade 8,3-level,frustration,204,343,59.475218658892125
301900,5,502,50206,Control,BoSY,Grade 8,3-level,frustration,7,67,10.447761194029852
302123,5,508,50808,Control,BoSY,Grade 8,3-level,frustration,35,90,38.888888888888886
309512,5,501,50110,Control,BoSY,Grade 8,3-level,frustration,0,78,0
302284,5,513,51301,Control,BoSY,Grade 8,3-level,frustration,63,180,35
500034,5,508,50819,Control,BoSY,Grade 8,3-level,frustration,10,36,27.77777777777778
302043,5,503,50305,Control,BoSY,Grade 8,3-level,frustration,19,186,10.21505376344086
302182,5,511,51107,Control,BoSY,Grade 8,3-level,frustration,43,95,45.26315789473684
301986,5,503,50334,Control,BoSY,Grade 8,3-level,frustration,121,179,67.59776536312849
302109,5,508,50817,Control,BoSY,Grade 8,3-level,frustration,0,225,0
302061,5,503,50311,Control,BoSY,Grade 8,3-level,frustration,4,64,6.25
309931,5,508,50802,Control,BoSY,Grade 8,3-level,frustration,10,75,13.333333333333334
301984,5,503,50331,Control,BoSY,Grade 8,3-level,frustration,92,189,48.67724867724868
302156,5,508,50803,Control,BoSY,Grade 8,3-level,frustration,0,106,0
309705,5,503,50330,Control,BoSY,Grade 8,3-level,frustration,78,92,84.78260869565217
500165,5,508,50804,Control,BoSY,Grade 8,3-level,frustration,10,49,20.408163265306122
301930,5,503,50328,Control,BoSY,Grade 8,3-level,frustration,96,112,85.71428571428571
302177,5,508,50806,Control,BoSY,Grade 8,3-level,frustration,74,98,75.51020408163265
302282,5,513,51301,Control,BoSY,Grade 8,3-level,frustration,20,367,5.449591280653951
502615,5,508,50802,Control,BoSY,Grade 8,3-level,frustration,5,22,22.727272727272727
302263,5,506,50601,Control,BoSY,Grade 8,3-level,frustration,50,90,55.55555555555556
301826,5,501,50103,Control,BoSY,Grade 8,3-level,frustration,9,43,20.930232558139537
305750,5,513,51301,Control,BoSY,Grade 8,3-level,frustration,32,84,38.095238095238095
301870,5,501,50110,Control,BoSY,Grade 8,3-level,frustration,71,148,47.972972972972975
302039,5,503,50316,Control,BoSY,Grade 8,3-level,frustration,160,284,56.33802816901409
301868,5,501,50112,Control,BoSY,Grade 8,3-level,frustration,8,241,3.319502074688797
301963,5,503,50316,Control,BoSY,Grade 8,3-level,frustration,7,218,3.2110091743119265
340567,15,1505,150501,Treatment,BoSY,Grade 8,3-level,frustration,16,235,6.808510638297872
320606,15,1515,151502,Treatment,BoSY,Grade 8,3-level,frustration,71,423,16.78486997635934
320202,15,1511,151101,Treatment,BoSY,Grade 8,3-level,frustration,30,163,18.404907975460123
305310,15,1507,150703,Treatment,BoSY,Grade 8,3-level,frustration,11,319,3.4482758620689653
305418,15,1513,151301,Treatment,BoSY,Grade 8,3-level,frustration,141,908,15.52863436123348
500565,15,1515,151502,Treatment,BoSY,Grade 8,3-level,frustration,290,879,32.99203640500569
301258,4,413,41308,Treatment,BoSY,Grade 8,3-level,frustration,200,552,36.231884057971016
301214,4,411,41101,Treatment,BoSY,Grade 8,3-level,frustration,54,585,9.23076923076923
301497,4,414,41401,Treatment,BoSY,Grade 8,3-level,frustration,100,375,26.666666666666668
305411,15,1515,151502,Treatment,BoSY,Grade 8,3-level,frustration,43,810,5.308641975308642
305420,15,1513,151301,Treatment,BoSY,Grade 8,3-level,frustration,691,1398,49.4277539341917
301231,4,413,41302,Control,BoSY,Grade 8,3-level,frustration,10,238,4.201680672268908
301188,4,402,40201,Control,BoSY,Grade 8,3-level,frustration,26,683,3.8067349926793557
307913,4,413,41309,Control,BoSY,Grade 8,3-level,frustration,8,342,2.3391812865497075
500566,15,1507,150710,Control,BoSY,Grade 8,3-level,frustration,178,709,25.105782792665725
305453,15,1510,151001,Control,BoSY,Grade 8,3-level,frustration,7,1002,0.6986027944111777
305311,15,1507,150702,Control,BoSY,Grade 8,3-level,frustration,210,293,71.67235494880546
301425,4,401,40101,Control,BoSY,Grade 8,3-level,frustration,117,1034,11.315280464216634
301202,4,408,40812,Control,BoSY,Grade 8,3-level,frustration,90,377,23.872679045092838
305412,15,1515,151502,Control,BoSY,Grade 8,3-level,frustration,54,1160,4.655172413793103
308105,4,417,41703,Control,BoSY,Grade 8,3-level,frustration,205,830,24.698795180722893
305341,15,1514,151401,Control,BoSY,Grade 8,3-level,frustration,313,1319,23.730098559514783
319604,15,1512,151201,Control,BoSY,Grade 8,3-level,frustration,27,335,8.059701492537313
305568,15,1516,151601,Control,BoSY,Grade 8,3-level,frustration,79,378,20.8994708994709
305434,15,1503,150301,Control,BoSY,Grade 8,3-level,frustration,15,837,1.7921146953405018
301464,4,417,41710,Control,BoSY,Grade 8,3-level,frustration,20,540,3.7037037037037037
305461,15,1515,151502,Control,BoSY,Grade 8,3-level,frustration,0,426,0
305384,15,1501,150101,Control,BoSY,Grade 8,3-level,frustration,23,518,4.44015444015444
301143,4,421,42101,Control,BoSY,Grade 8,3-level,frustration,42,1140,3.6842105263157894
305340,15,1514,151401,Control,BoSY,Grade 8,3-level,frustration,49,1208,4.056291390728477
305302,15,1507,150709,Treatment,BoSY,Grade 8,3-level,frustration,390,1106,35.2622061482821
308103,4,417,41712,Control,BoSY,Grade 8,3-level,frustration,50,361,13.850415512465373
308130,4,417,41711,Control,BoSY,Grade 8,3-level,frustration,9,128,7.03125
301227,4,420,42001,Control,BoSY,Grade 8,3-level,frustration,22,1396,1.5759312320916905
305334,15,1514,151401,Control,BoSY,Grade 8,3-level,frustration,24,661,3.6308623298033282
305367,15,1512,151201,Control,BoSY,Grade 8,3-level,frustration,153,1054,14.516129032258064
305635,15,1514,151401,Control,BoSY,Grade 8,3-level,frustration,28,462,6.0606060606060606
301218,4,408,40814,Control,BoSY,Grade 8,3-level,frustration,100,2107,4.746084480303749
308501,4,415,41501,Control,BoSY,Grade 8,3-level,frustration,123,656,18.75
500332,15,1506,150601,Control,BoSY,Grade 8,3-level,frustration,79,323,24.458204334365327
305471,15,1509,150901,Control,BoSY,Grade 8,3-level,frustration,17,802,2.119700748129676
305376,15,1501,150101,Treatment,BoSY,Grade 8,3-level,frustration,0,839,0
301432,4,417,41705,Control,BoSY,Grade 8,3-level,frustration,199,629,31.63751987281399
305459,15,1515,151502,Control,BoSY,Grade 8,3-level,frustration,274,918,29.847494553376908
305313,15,1507,150708,Control,BoSY,Grade 8,3-level,frustration,41,597,6.867671691792295
301186,4,410,41001,Control,BoSY,Grade 8,3-level,frustration,219,1823,12.013165112452002
301184,4,410,41001,Control,BoSY,Grade 8,3-level,frustration,390,1124,34.69750889679715
305295,15,1507,150710,Control,BoSY,Grade 8,3-level,frustration,32,1171,2.7327070879590094
301416,4,422,42201,Control,BoSY,Grade 8,3-level,frustration,65,158,41.139240506329116
305450,15,1505,150501,Treatment,BoSY,Grade 8,3-level,frustration,171,488,35.040983606557376
301403,4,416,41606,Control,BoSY,Grade 8,3-level,frustration,257,518,49.61389961389961
301451,4,417,41708,Control,BoSY,Grade 8,3-level,frustration,104,350,29.714285714285715
305338,15,1514,151401,Control,BoSY,Grade 8,3-level,frustration,199,796,25
301257,4,413,41312,Control,BoSY,Grade 8,3-level,frustration,316,2101,15.040456925273679
305416,15,1513,151301,Control,BoSY,Grade 8,3-level,frustration,187,971,19.25849639546859
305337,15,1514,151401,Control,BoSY,Grade 8,3-level,frustration,1027,2234,45.971351835273055
305353,15,1514,151401,Control,BoSY,Grade 8,3-level,frustration,182,477,38.15513626834382
301197,4,408,40812,Control,BoSY,Grade 8,3-level,frustration,33,329,10.030395136778116
301236,4,413,41308,Treatment,BoSY,Grade 8,3-level,frustration,158,335,47.16417910447761
305444,15,1516,151601,Control,BoSY,Grade 8,3-level,frustration,53,373,14.20911528150134
320306,15,1503,150301,Control,BoSY,Grade 8,3-level,frustration,112,882,12.698412698412698
301489,4,414,41401,Control,BoSY,Grade 8,3-level,frustration,20,329,6.079027355623101
301507,4,418,41801,Control,BoSY,Grade 8,3-level,frustration,3,123,2.4390243902439024
301456,4,417,41710,Control,BoSY,Grade 8,3-level,frustration,39,642,6.074766355140187
301238,4,413,41303,Control,BoSY,Grade 8,3-level,frustration,131,596,21.97986577181208
305438,15,1516,151601,Control,BoSY,Grade 8,3-level,frustration,148,834,17.74580335731415
305324,15,1514,151401,Control,BoSY,Grade 8,3-level,frustration,84,310,27.096774193548388
305454,15,1510,151001,Control,BoSY,Grade 8,3-level,frustration,9,179,5.027932960893855
308122,4,417,41708,Control,BoSY,Grade 8,3-level,frustration,9,206,4.368932038834951
301508,4,418,41801,Control,BoSY,Grade 8,3-level,frustration,98,296,33.108108108108105
305465,15,1515,151502,Control,BoSY,Grade 8,3-level,frustration,484,978,49.488752556237216
305428,15,1511,151101,Control,BoSY,Grade 8,3-level,frustration,22,422,5.213270142180095
301175,4,408,40807,Control,BoSY,Grade 8,3-level,frustration,35,573,6.108202443280978
301437,4,417,41704,Control,BoSY,Grade 8,3-level,frustration,463,1126,41.119005328596806
320204,15,1511,151101,Control,BoSY,Grade 8,3-level,frustration,35,535,6.542056074766355
305447,15,1505,150501,Control,BoSY,Grade 8,3-level,frustration,15,621,2.4154589371980677
301438,4,417,41704,Control,BoSY,Grade 8,3-level,frustration,340,546,62.27106227106227
308135,4,417,41708,Control,BoSY,Grade 8,3-level,frustration,41,470,8.72340425531915
301418,4,401,40101,Control,BoSY,Grade 8,3-level,frustration,368,3073,11.975268467295802
305288,15,1507,150710,Control,BoSY,Grade 8,3-level,frustration,439,710,61.83098591549296
301265,4,413,41301,Control,BoSY,Grade 8,3-level,frustration,67,450,14.88888888888889
305442,15,1516,151601,Control,BoSY,Grade 8,3-level,frustration,35,277,12.635379061371841
500339,15,1505,150501,Control,BoSY,Grade 8,3-level,frustration,120,391,30.690537084398976
305435,15,1503,150301,Control,BoSY,Grade 8,3-level,frustration,130,439,29.612756264236904
308134,4,417,41708,Control,BoSY,Grade 8,3-level,frustration,23,533,4.315196998123827
305452,15,1505,150501,Control,BoSY,Grade 8,3-level,frustration,55,625,8.8
312330,7,703,70308,Treatment,BoSY,Grade 8,3-level,frustration,43,120,35.833333333333336
305710,7,703,70302,Treatment,BoSY,Grade 8,3-level,frustration,5,71,7.042253521126761
305655,11,1101,110101,Treatment,BoSY,Grade 8,3-level,frustration,1,28,3.5714285714285716
305581,7,703,70303,Treatment,BoSY,Grade 8,3-level,frustration,4,46,8.695652173913043
303130,7,703,70309,Treatment,BoSY,Grade 8,3-level,frustration,139,193,72.02072538860104
312354,7,703,70309,Treatment,BoSY,Grade 8,3-level,frustration,2,39,5.128205128205129
305849,11,1105,110503,Treatment,BoSY,Grade 8,3-level,frustration,3,29,10.344827586206897
305500,11,1101,110101,Treatment,BoSY,Grade 8,3-level,frustration,18,34,52.94117647058823
312355,7,703,70304,Treatment,BoSY,Grade 8,3-level,frustration,6,37,16.216216216216218
501903,11,1110,111001,Treatment,BoSY,Grade 8,3-level,frustration,27,40,67.5
500665,7,705,70527,Control,BoSY,Grade 8,3-level,frustration,56,92,60.869565217391305
312462,7,705,70520,Control,BoSY,Grade 8,3-level,frustration,9,18,50
306038,11,1102,110202,Control,BoSY,Grade 8,3-level,frustration,10,28,35.714285714285715
500221,7,705,70527,Control,BoSY,Grade 8,3-level,frustration,9,25,36
500744,7,708,70801,Control,BoSY,Grade 8,3-level,frustration,1,40,2.5
305884,11,1101,110101,Control,BoSY,Grade 8,3-level,frustration,1,101,0.9900990099009901
303170,7,709,70901,Control,BoSY,Grade 8,3-level,frustration,18,66,27.272727272727273
500787,7,708,70801,Control,BoSY,Grade 8,3-level,frustration,4,57,7.017543859649122
500667,7,705,70528,Control,BoSY,Grade 8,3-level,frustration,6,50,12
501071,11,1101,110101,Control,BoSY,Grade 8,3-level,frustration,8,28,28.571428571428573
303046,7,705,70527,Control,BoSY,Grade 8,3-level,frustration,12,112,10.714285714285714
325303,7,707,70701,Control,BoSY,Grade 8,3-level,frustration,13,60,21.666666666666668
500208,7,703,70305,Control,BoSY,Grade 8,3-level,frustration,3,13,23.076923076923077
312401,7,705,70525,Control,BoSY,Grade 8,3-level,frustration,91,91,100
303136,7,706,70601,Control,BoSY,Grade 8,3-level,frustration,31,80,38.75
312435,7,707,70701,Control,BoSY,Grade 8,3-level,frustration,36,50,72
502186,11,1101,110101,Control,BoSY,Grade 8,3-level,frustration,5,19,26.31578947368421
500782,7,708,70801,Control,BoSY,Grade 8,3-level,frustration,4,247,1.6194331983805668
306086,11,1106,110606,Control,BoSY,Grade 8,3-level,frustration,9,21,42.857142857142854
305755,7,705,70529,Control,BoSY,Grade 8,3-level,frustration,37,154,24.025974025974026
305665,11,1101,110101,Control,BoSY,Grade 8,3-level,frustration,11,16,68.75
501635,7,703,70301,Control,BoSY,Grade 8,3-level,frustration,5,80,6.25
305843,11,1110,111001,Control,BoSY,Grade 8,3-level,frustration,14,36,38.888888888888886
500894,7,705,70517,Control,BoSY,Grade 8,3-level,frustration,13,120,10.833333333333334
500671,7,705,70506,Control,BoSY,Grade 8,3-level,frustration,7,33,21.21212121212121
305847,11,1105,110503,Control,BoSY,Grade 8,3-level,frustration,2,60,3.3333333333333335
500784,7,708,70801,Control,BoSY,Grade 8,3-level,frustration,9,19,47.36842105263158
501267,7,705,70525,Control,BoSY,Grade 8,3-level,frustration,1,32,3.125
306000,7,705,70525,Control,BoSY,Grade 8,3-level,frustration,3,40,7.5
305517,11,1106,110608,Control,BoSY,Grade 8,3-level,frustration,39,51,76.47058823529412
305713,7,710,71001,Control,BoSY,Grade 8,3-level,frustration,1,49,2.0408163265306123
500768,7,705,70521,Control,BoSY,Grade 8,3-level,frustration,2,88,2.272727272727273
316303,11,1107,110701,Control,BoSY,Grade 8,3-level,frustration,0,45,0
316304,11,1107,110701,Control,BoSY,Grade 8,3-level,frustration,8,97,8.24742268041237
305506,11,1101,110101,Control,BoSY,Grade 8,3-level,frustration,4,21,19.047619047619047
500421,7,705,70507,Control,BoSY,Grade 8,3-level,frustration,29,113,25.663716814159294
305681,11,1110,111001,Control,BoSY,Grade 8,3-level,frustration,25,166,15.060240963855422
303186,7,711,71101,Control,BoSY,Grade 8,3-level,frustration,2,141,1.4184397163120568
501429,7,714,71402,Control,BoSY,Grade 8,3-level,frustration,17,62,27.419354838709676
305844,11,1103,110303,Control,BoSY,Grade 8,3-level,frustration,30,57,52.63157894736842
305965,11,1110,111001,Control,BoSY,Grade 8,3-level,frustration,2,81,2.4691358024691357
501076,11,1103,110305,Control,BoSY,Grade 8,3-level,frustration,11,12,91.66666666666667
305889,11,1101,110101,Control,BoSY,Grade 8,3-level,frustration,0,46,0
501074,11,1103,110306,Control,BoSY,Grade 8,3-level,frustration,30,39,76.92307692307692
312408,7,705,70530,Control,BoSY,Grade 8,3-level,frustration,2,78,2.5641025641025643
501351,7,705,70522,Control,BoSY,Grade 8,3-level,frustration,9,63,14.285714285714286
501404,11,1101,110101,Control,BoSY,Grade 8,3-level,frustration,0,33,0
305660,11,1101,110101,Control,BoSY,Grade 8,3-level,frustration,10,41,24.390243902439025
303219,7,701,70101,Control,BoSY,Grade 8,3-level,frustration,2,106,1.8867924528301887
312450,7,705,70522,Control,BoSY,Grade 8,3-level,frustration,1,96,1.0416666666666667
324903,7,704,70401,Control,BoSY,Grade 8,3-level,frustration,15,33,45.45454545454545
501065,11,1101,110101,Control,BoSY,Grade 8,3-level,frustration,10,122,8.19672131147541
312451,7,705,70532,Control,BoSY,Grade 8,3-level,frustration,2,86,2.3255813953488373
501763,11,1103,110305,Control,BoSY,Grade 8,3-level,frustration,13,56,23.214285714285715
316405,11,1110,111001,Control,BoSY,Grade 8,3-level,frustration,33,164,20.121951219512194
316404,11,1110,111001,Control,BoSY,Grade 8,3-level,frustration,2,60,3.3333333333333335
316301,11,1107,110701,Control,BoSY,Grade 8,3-level,frustration,0,178,0
312910,7,710,71001,Control,BoSY,Grade 8,3-level,frustration,78,148,52.7027027027027
303011,7,705,70512,Control,BoSY,Grade 8,3-level,frustration,5,43,11.627906976744185
305651,11,1101,110101,Control,BoSY,Grade 8,3-level,frustration,33,35,94.28571428571429
305662,11,1101,110101,Control,BoSY,Grade 8,3-level,frustration,6,43,13.953488372093023
305850,11,1105,110503,Control,BoSY,Grade 8,3-level,frustration,6,29,20.689655172413794
312481,7,705,70518,Control,BoSY,Grade 8,3-level,frustration,29,180,16.11111111111111
304409,11,1110,111001,Control,BoSY,Grade 8,3-level,frustration,10,135,7.407407407407407
303246,7,713,71303,Control,BoSY,Grade 8,3-level,frustration,9,138,6.521739130434782
501405,11,1101,110101,Control,BoSY,Grade 8,3-level,frustration,10,75,13.333333333333334
305677,11,1105,110503,Control,BoSY,Grade 8,3-level,frustration,21,49,42.857142857142854
500447,7,708,70801,Control,BoSY,Grade 8,3-level,frustration,33,64,51.5625
501305,7,708,70801,Control,BoSY,Grade 8,3-level,frustration,3,34,8.823529411764707
305917,7,708,70801,Control,BoSY,Grade 8,3-level,frustration,7,31,22.580645161290324
305722,7,703,70304,Control,BoSY,Grade 8,3-level,frustration,0,68,0
312953,7,713,71306,Control,BoSY,Grade 8,3-level,frustration,0,22,0
305498,11,1101,110101,Control,BoSY,Grade 8,3-level,frustration,41,76,53.94736842105263
305669,11,1101,110101,Control,BoSY,Grade 8,3-level,frustration,11,31,35.483870967741936
312960,7,710,71002,Control,BoSY,Grade 8,3-level,frustration,32,61,52.459016393442624
309906,5,508,50811,Treatment,BoSY,Grade 8,3-level,instructional,10,153,6.5359477124183005
309934,5,508,50806,Treatment,BoSY,Grade 8,3-level,instructional,6,40,15
301871,5,501,50107,Treatment,BoSY,Grade 8,3-level,instructional,28,98,28.571428571428573
302134,5,508,50804,Treatment,BoSY,Grade 8,3-level,instructional,0,126,0
302117,5,508,50803,Treatment,BoSY,Grade 8,3-level,instructional,19,67,28.35820895522388
309909,5,508,50801,Treatment,BoSY,Grade 8,3-level,instructional,0,108,0
309915,5,508,50801,Treatment,BoSY,Grade 8,3-level,instructional,7,39,17.94871794871795
501544,5,508,50815,Treatment,BoSY,Grade 8,3-level,instructional,41,66,62.121212121212125
301887,5,502,50205,Treatment,BoSY,Grade 8,3-level,instructional,35,81,43.20987654320987
302175,5,508,50820,Treatment,BoSY,Grade 8,3-level,instructional,7,99,7.070707070707071
302146,5,508,50812,Treatment,BoSY,Grade 8,3-level,instructional,19,138,13.768115942028986
309921,5,508,50805,Treatment,BoSY,Grade 8,3-level,instructional,0,71,0
302254,5,505,50501,Control,BoSY,Grade 8,3-level,instructional,29,94,30.851063829787233
309513,5,501,50112,Control,BoSY,Grade 8,3-level,instructional,25,106,23.58490566037736
500163,5,508,50801,Control,BoSY,Grade 8,3-level,instructional,7,78,8.974358974358974
302058,5,503,50333,Control,BoSY,Grade 8,3-level,instructional,20,74,27.027027027027028
302192,5,511,51103,Control,BoSY,Grade 8,3-level,instructional,73,288,25.34722222222222
302227,5,511,51105,Control,BoSY,Grade 8,3-level,instructional,0,71,0
302252,5,505,50501,Control,BoSY,Grade 8,3-level,instructional,0,90,0
309914,5,508,50806,Control,BoSY,Grade 8,3-level,instructional,54,190,28.42105263157895
309711,5,503,50317,Control,BoSY,Grade 8,3-level,instructional,34,69,49.27536231884058
301817,5,507,50701,Control,BoSY,Grade 8,3-level,instructional,10,112,8.928571428571429
302165,5,508,50816,Control,BoSY,Grade 8,3-level,instructional,14,71,19.718309859154928
301974,5,503,50311,Treatment,BoSY,Grade 8,3-level,instructional,0,83,0
302256,5,505,50501,Control,BoSY,Grade 8,3-level,instructional,26,110,23.636363636363637
301834,5,501,50106,Control,BoSY,Grade 8,3-level,instructional,0,178,0
309760,5,503,50306,Control,BoSY,Grade 8,3-level,instructional,21,58,36.206896551724135
309936,5,508,50819,Control,BoSY,Grade 8,3-level,instructional,0,47,0
302203,5,511,51102,Control,BoSY,Grade 8,3-level,instructional,2,39,5.128205128205129
302011,5,503,50314,Control,BoSY,Grade 8,3-level,instructional,32,196,16.3265306122449
500168,5,505,50501,Control,BoSY,Grade 8,3-level,instructional,5,78,6.410256410256411
301947,5,503,50306,Control,BoSY,Grade 8,3-level,instructional,122,364,33.51648351648352
309941,5,508,50812,Control,BoSY,Grade 8,3-level,instructional,21,218,9.63302752293578
301839,5,501,50111,Control,BoSY,Grade 8,3-level,instructional,2,86,2.3255813953488373
501843,5,508,50818,Treatment,BoSY,Grade 8,3-level,instructional,2,45,4.444444444444445
302111,5,508,50801,Control,BoSY,Grade 8,3-level,instructional,222,469,47.33475479744136
302133,5,509,50901,Control,BoSY,Grade 8,3-level,instructional,38,179,21.22905027932961
301990,5,503,50317,Control,BoSY,Grade 8,3-level,instructional,2,55,3.6363636363636362
309937,5,508,50819,Control,BoSY,Grade 8,3-level,instructional,30,80,37.5
302241,5,511,51105,Control,BoSY,Grade 8,3-level,instructional,0,123,0
500167,5,505,50501,Control,BoSY,Grade 8,3-level,instructional,21,63,33.333333333333336
309764,5,503,50320,Control,BoSY,Grade 8,3-level,instructional,3,58,5.172413793103448
302205,5,511,51106,Control,BoSY,Grade 8,3-level,instructional,35,103,33.980582524271846
302014,5,503,50302,Control,BoSY,Grade 8,3-level,instructional,29,151,19.205298013245034
309740,5,503,50315,Control,BoSY,Grade 8,3-level,instructional,21,74,28.37837837837838
309741,5,503,50315,Control,BoSY,Grade 8,3-level,instructional,37,91,40.65934065934066
302161,5,508,50803,Treatment,BoSY,Grade 8,3-level,instructional,13,74,17.56756756756757
302113,5,508,50818,Treatment,BoSY,Grade 8,3-level,instructional,47,100,47
302127,5,508,50817,Control,BoSY,Grade 8,3-level,instructional,18,53,33.9622641509434
301899,5,502,50205,Control,BoSY,Grade 8,3-level,instructional,65,142,45.774647887323944
309509,5,501,50113,Control,BoSY,Grade 8,3-level,instructional,32,84,38.095238095238095
309903,5,508,50816,Control,BoSY,Grade 8,3-level,instructional,0,66,0
301995,5,503,50310,Control,BoSY,Grade 8,3-level,instructional,0,76,0
309702,5,503,50325,Control,BoSY,Grade 8,3-level,instructional,52,282,18.43971631205674
501020,5,503,50310,Control,BoSY,Grade 8,3-level,instructional,2,30,6.666666666666667
309743,5,503,50332,Control,BoSY,Grade 8,3-level,instructional,15,106,14.150943396226415
301816,5,501,50101,Control,BoSY,Grade 8,3-level,instructional,44,150,29.333333333333332
302054,5,503,50315,Control,BoSY,Grade 8,3-level,instructional,19,119,15.966386554621849
301862,5,507,50701,Control,BoSY,Grade 8,3-level,instructional,59,227,25.991189427312776
502477,5,501,50108,Control,BoSY,Grade 8,3-level,instructional,2,34,5.882352941176471
302283,5,513,51301,Control,BoSY,Grade 8,3-level,instructional,47,343,13.70262390670554
301900,5,502,50206,Control,BoSY,Grade 8,3-level,instructional,49,67,73.13432835820896
302123,5,508,50808,Control,BoSY,Grade 8,3-level,instructional,48,90,53.333333333333336
309512,5,501,50110,Control,BoSY,Grade 8,3-level,instructional,0,78,0
302284,5,513,51301,Control,BoSY,Grade 8,3-level,instructional,44,180,24.444444444444443
500034,5,508,50819,Control,BoSY,Grade 8,3-level,instructional,22,36,61.111111111111114
302043,5,503,50305,Control,BoSY,Grade 8,3-level,instructional,30,186,16.129032258064516
302182,5,511,51107,Control,BoSY,Grade 8,3-level,instructional,14,95,14.736842105263158
301986,5,503,50334,Control,BoSY,Grade 8,3-level,instructional,3,179,1.675977653631285
302109,5,508,50817,Control,BoSY,Grade 8,3-level,instructional,0,225,0
302061,5,503,50311,Control,BoSY,Grade 8,3-level,instructional,21,64,32.8125
309931,5,508,50802,Control,BoSY,Grade 8,3-level,instructional,22,75,29.333333333333332
301984,5,503,50331,Control,BoSY,Grade 8,3-level,instructional,28,189,14.814814814814815
302156,5,508,50803,Control,BoSY,Grade 8,3-level,instructional,0,106,0
309705,5,503,50330,Control,BoSY,Grade 8,3-level,instructional,7,92,7.608695652173913
500165,5,508,50804,Control,BoSY,Grade 8,3-level,instructional,15,49,30.612244897959183
301930,5,503,50328,Control,BoSY,Grade 8,3-level,instructional,0,112,0
302177,5,508,50806,Control,BoSY,Grade 8,3-level,instructional,11,98,11.224489795918368
302282,5,513,51301,Control,BoSY,Grade 8,3-level,instructional,116,367,31.607629427792915
502615,5,508,50802,Control,BoSY,Grade 8,3-level,instructional,4,22,18.181818181818183
302263,5,506,50601,Control,BoSY,Grade 8,3-level,instructional,16,90,17.77777777777778
301826,5,501,50103,Control,BoSY,Grade 8,3-level,instructional,22,43,51.16279069767442
305750,5,513,51301,Control,BoSY,Grade 8,3-level,instructional,36,84,42.857142857142854
301870,5,501,50110,Control,BoSY,Grade 8,3-level,instructional,18,148,12.162162162162161
302039,5,503,50316,Control,BoSY,Grade 8,3-level,instructional,50,284,17.6056338028169
301868,5,501,50112,Control,BoSY,Grade 8,3-level,instructional,1,241,0.4149377593360996
301963,5,503,50316,Control,BoSY,Grade 8,3-level,instructional,59,218,27.06422018348624
340567,15,1505,150501,Treatment,BoSY,Grade 8,3-level,instructional,29,235,12.340425531914894
320606,15,1515,151502,Treatment,BoSY,Grade 8,3-level,instructional,93,423,21.98581560283688
320202,15,1511,151101,Treatment,BoSY,Grade 8,3-level,instructional,50,163,30.67484662576687
305310,15,1507,150703,Treatment,BoSY,Grade 8,3-level,instructional,27,319,8.463949843260188
305418,15,1513,151301,Treatment,BoSY,Grade 8,3-level,instructional,256,908,28.19383259911894
500565,15,1515,151502,Treatment,BoSY,Grade 8,3-level,instructional,106,879,12.059158134243459
301258,4,413,41308,Treatment,BoSY,Grade 8,3-level,instructional,71,552,12.86231884057971
301214,4,411,41101,Treatment,BoSY,Grade 8,3-level,instructional,57,585,9.743589743589743
301497,4,414,41401,Treatment,BoSY,Grade 8,3-level,instructional,126,375,33.6
305411,15,1515,151502,Treatment,BoSY,Grade 8,3-level,instructional,138,810,17.037037037037038
305420,15,1513,151301,Treatment,BoSY,Grade 8,3-level,instructional,218,1398,15.593705293276109
301231,4,413,41302,Control,BoSY,Grade 8,3-level,instructional,19,238,7.983193277310924
301188,4,402,40201,Control,BoSY,Grade 8,3-level,instructional,183,683,26.793557833089313
307913,4,413,41309,Control,BoSY,Grade 8,3-level,instructional,0,342,0
500566,15,1507,150710,Control,BoSY,Grade 8,3-level,instructional,223,709,31.45275035260931
305453,15,1510,151001,Control,BoSY,Grade 8,3-level,instructional,76,1002,7.584830339321357
305311,15,1507,150702,Control,BoSY,Grade 8,3-level,instructional,39,293,13.310580204778157
301425,4,401,40101,Control,BoSY,Grade 8,3-level,instructional,319,1034,30.851063829787233
301202,4,408,40812,Control,BoSY,Grade 8,3-level,instructional,88,377,23.342175066312997
305412,15,1515,151502,Control,BoSY,Grade 8,3-level,instructional,139,1160,11.982758620689655
308105,4,417,41703,Control,BoSY,Grade 8,3-level,instructional,172,830,20.72289156626506
305341,15,1514,151401,Control,BoSY,Grade 8,3-level,instructional,220,1319,16.679302501895375
319604,15,1512,151201,Control,BoSY,Grade 8,3-level,instructional,50,335,14.925373134328359
305568,15,1516,151601,Control,BoSY,Grade 8,3-level,instructional,57,378,15.079365079365079
305434,15,1503,150301,Control,BoSY,Grade 8,3-level,instructional,48,837,5.734767025089606
301464,4,417,41710,Control,BoSY,Grade 8,3-level,instructional,98,540,18.14814814814815
305461,15,1515,151502,Control,BoSY,Grade 8,3-level,instructional,0,426,0
305384,15,1501,150101,Control,BoSY,Grade 8,3-level,instructional,96,518,18.53281853281853
301143,4,421,42101,Control,BoSY,Grade 8,3-level,instructional,56,1140,4.912280701754386
305340,15,1514,151401,Control,BoSY,Grade 8,3-level,instructional,94,1208,7.781456953642384
305302,15,1507,150709,Treatment,BoSY,Grade 8,3-level,instructional,261,1106,23.598553345388787
308103,4,417,41712,Control,BoSY,Grade 8,3-level,instructional,212,361,58.72576177285318
308130,4,417,41711,Control,BoSY,Grade 8,3-level,instructional,3,128,2.34375
301227,4,420,42001,Control,BoSY,Grade 8,3-level,instructional,169,1396,12.106017191977077
305334,15,1514,151401,Control,BoSY,Grade 8,3-level,instructional,45,661,6.8078668683812404
305367,15,1512,151201,Control,BoSY,Grade 8,3-level,instructional,30,1054,2.846299810246679
305635,15,1514,151401,Control,BoSY,Grade 8,3-level,instructional,35,462,7.575757575757576
301218,4,408,40814,Control,BoSY,Grade 8,3-level,instructional,1066,2107,50.59326056003797
308501,4,415,41501,Control,BoSY,Grade 8,3-level,instructional,220,656,33.53658536585366
500332,15,1506,150601,Control,BoSY,Grade 8,3-level,instructional,44,323,13.622291021671826
305471,15,1509,150901,Control,BoSY,Grade 8,3-level,instructional,38,802,4.738154613466334
305376,15,1501,150101,Treatment,BoSY,Grade 8,3-level,instructional,55,839,6.5554231227651965
301432,4,417,41705,Control,BoSY,Grade 8,3-level,instructional,147,629,23.370429252782195
305459,15,1515,151502,Control,BoSY,Grade 8,3-level,instructional,257,918,27.995642701525053
305313,15,1507,150708,Control,BoSY,Grade 8,3-level,instructional,65,597,10.887772194304858
301186,4,410,41001,Control,BoSY,Grade 8,3-level,instructional,569,1823,31.212287438288534
301184,4,410,41001,Control,BoSY,Grade 8,3-level,instructional,0,1124,0
305295,15,1507,150710,Control,BoSY,Grade 8,3-level,instructional,79,1171,6.746370623398804
301416,4,422,42201,Control,BoSY,Grade 8,3-level,instructional,0,158,0
305450,15,1505,150501,Treatment,BoSY,Grade 8,3-level,instructional,48,488,9.836065573770492
301403,4,416,41606,Control,BoSY,Grade 8,3-level,instructional,87,518,16.795366795366796
301451,4,417,41708,Control,BoSY,Grade 8,3-level,instructional,78,350,22.285714285714285
305338,15,1514,151401,Control,BoSY,Grade 8,3-level,instructional,201,796,25.251256281407034
301257,4,413,41312,Control,BoSY,Grade 8,3-level,instructional,659,2101,31.36601618277011
305416,15,1513,151301,Control,BoSY,Grade 8,3-level,instructional,273,971,28.11534500514933
305337,15,1514,151401,Control,BoSY,Grade 8,3-level,instructional,550,2234,24.619516562220234
305353,15,1514,151401,Control,BoSY,Grade 8,3-level,instructional,68,477,14.255765199161425
301197,4,408,40812,Control,BoSY,Grade 8,3-level,instructional,39,329,11.854103343465045
301236,4,413,41308,Treatment,BoSY,Grade 8,3-level,instructional,46,335,13.73134328358209
305444,15,1516,151601,Control,BoSY,Grade 8,3-level,instructional,91,373,24.396782841823057
320306,15,1503,150301,Control,BoSY,Grade 8,3-level,instructional,341,882,38.662131519274375
301489,4,414,41401,Control,BoSY,Grade 8,3-level,instructional,128,329,38.90577507598784
301507,4,418,41801,Control,BoSY,Grade 8,3-level,instructional,26,123,21.13821138211382
301456,4,417,41710,Control,BoSY,Grade 8,3-level,instructional,227,642,35.3582554517134
301238,4,413,41303,Control,BoSY,Grade 8,3-level,instructional,21,596,3.523489932885906
305438,15,1516,151601,Control,BoSY,Grade 8,3-level,instructional,306,834,36.69064748201439
305324,15,1514,151401,Control,BoSY,Grade 8,3-level,instructional,17,310,5.483870967741935
305454,15,1510,151001,Control,BoSY,Grade 8,3-level,instructional,42,179,23.463687150837988
308122,4,417,41708,Control,BoSY,Grade 8,3-level,instructional,6,206,2.912621359223301
301508,4,418,41801,Control,BoSY,Grade 8,3-level,instructional,80,296,27.027027027027028
305465,15,1515,151502,Control,BoSY,Grade 8,3-level,instructional,91,978,9.304703476482617
305428,15,1511,151101,Control,BoSY,Grade 8,3-level,instructional,55,422,13.033175355450236
301175,4,408,40807,Control,BoSY,Grade 8,3-level,instructional,15,573,2.6178010471204187
301437,4,417,41704,Control,BoSY,Grade 8,3-level,instructional,149,1126,13.232682060390763
320204,15,1511,151101,Control,BoSY,Grade 8,3-level,instructional,159,535,29.7196261682243
305447,15,1505,150501,Control,BoSY,Grade 8,3-level,instructional,4,621,0.644122383252818
301438,4,417,41704,Control,BoSY,Grade 8,3-level,instructional,84,546,15.384615384615385
308135,4,417,41708,Control,BoSY,Grade 8,3-level,instructional,7,470,1.4893617021276595
301418,4,401,40101,Control,BoSY,Grade 8,3-level,instructional,723,3073,23.52749755938822
305288,15,1507,150710,Control,BoSY,Grade 8,3-level,instructional,72,710,10.140845070422536
301265,4,413,41301,Control,BoSY,Grade 8,3-level,instructional,54,450,12
305442,15,1516,151601,Control,BoSY,Grade 8,3-level,instructional,45,277,16.24548736462094
500339,15,1505,150501,Control,BoSY,Grade 8,3-level,instructional,75,391,19.18158567774936
305435,15,1503,150301,Control,BoSY,Grade 8,3-level,instructional,80,439,18.223234624145785
308134,4,417,41708,Control,BoSY,Grade 8,3-level,instructional,153,533,28.705440900562852
305452,15,1505,150501,Control,BoSY,Grade 8,3-level,instructional,120,625,19.2
312330,7,703,70308,Treatment,BoSY,Grade 8,3-level,instructional,28,120,23.333333333333332
305710,7,703,70302,Treatment,BoSY,Grade 8,3-level,instructional,7,71,9.859154929577464
305655,11,1101,110101,Treatment,BoSY,Grade 8,3-level,instructional,11,28,39.285714285714285
305581,7,703,70303,Treatment,BoSY,Grade 8,3-level,instructional,25,46,54.34782608695652
303130,7,703,70309,Treatment,BoSY,Grade 8,3-level,instructional,31,193,16.06217616580311
312354,7,703,70309,Treatment,BoSY,Grade 8,3-level,instructional,2,39,5.128205128205129
305849,11,1105,110503,Treatment,BoSY,Grade 8,3-level,instructional,4,29,13.793103448275861
305500,11,1101,110101,Treatment,BoSY,Grade 8,3-level,instructional,12,34,35.294117647058826
312355,7,703,70304,Treatment,BoSY,Grade 8,3-level,instructional,18,37,48.648648648648646
501903,11,1110,111001,Treatment,BoSY,Grade 8,3-level,instructional,10,40,25
500665,7,705,70527,Control,BoSY,Grade 8,3-level,instructional,17,92,18.47826086956522
312462,7,705,70520,Control,BoSY,Grade 8,3-level,instructional,4,18,22.22222222222222
306038,11,1102,110202,Control,BoSY,Grade 8,3-level,instructional,9,28,32.142857142857146
500221,7,705,70527,Control,BoSY,Grade 8,3-level,instructional,4,25,16
500744,7,708,70801,Control,BoSY,Grade 8,3-level,instructional,3,40,7.5
305884,11,1101,110101,Control,BoSY,Grade 8,3-level,instructional,8,101,7.920792079207921
303170,7,709,70901,Control,BoSY,Grade 8,3-level,instructional,23,66,34.84848484848485
500787,7,708,70801,Control,BoSY,Grade 8,3-level,instructional,17,57,29.82456140350877
500667,7,705,70528,Control,BoSY,Grade 8,3-level,instructional,10,50,20
501071,11,1101,110101,Control,BoSY,Grade 8,3-level,instructional,14,28,50
303046,7,705,70527,Control,BoSY,Grade 8,3-level,instructional,18,112,16.071428571428573
325303,7,707,70701,Control,BoSY,Grade 8,3-level,instructional,4,60,6.666666666666667
500208,7,703,70305,Control,BoSY,Grade 8,3-level,instructional,6,13,46.15384615384615
312401,7,705,70525,Control,BoSY,Grade 8,3-level,instructional,0,91,0
303136,7,706,70601,Control,BoSY,Grade 8,3-level,instructional,28,80,35
312435,7,707,70701,Control,BoSY,Grade 8,3-level,instructional,4,50,8
502186,11,1101,110101,Control,BoSY,Grade 8,3-level,instructional,6,19,31.57894736842105
500782,7,708,70801,Control,BoSY,Grade 8,3-level,instructional,54,247,21.86234817813765
306086,11,1106,110606,Control,BoSY,Grade 8,3-level,instructional,5,21,23.80952380952381
305755,7,705,70529,Control,BoSY,Grade 8,3-level,instructional,21,154,13.636363636363637
305665,11,1101,110101,Control,BoSY,Grade 8,3-level,instructional,0,16,0
501635,7,703,70301,Control,BoSY,Grade 8,3-level,instructional,11,80,13.75
305843,11,1110,111001,Control,BoSY,Grade 8,3-level,instructional,8,36,22.22222222222222
500894,7,705,70517,Control,BoSY,Grade 8,3-level,instructional,3,120,2.5
500671,7,705,70506,Control,BoSY,Grade 8,3-level,instructional,1,33,3.0303030303030303
305847,11,1105,110503,Control,BoSY,Grade 8,3-level,instructional,8,60,13.333333333333334
500784,7,708,70801,Control,BoSY,Grade 8,3-level,instructional,8,19,42.10526315789474
501267,7,705,70525,Control,BoSY,Grade 8,3-level,instructional,7,32,21.875
306000,7,705,70525,Control,BoSY,Grade 8,3-level,instructional,4,40,10
305517,11,1106,110608,Control,BoSY,Grade 8,3-level,instructional,3,51,5.882352941176471
305713,7,710,71001,Control,BoSY,Grade 8,3-level,instructional,0,49,0
500768,7,705,70521,Control,BoSY,Grade 8,3-level,instructional,1,88,1.1363636363636365
316303,11,1107,110701,Control,BoSY,Grade 8,3-level,instructional,4,45,8.88888888888889
316304,11,1107,110701,Control,BoSY,Grade 8,3-level,instructional,23,97,23.711340206185568
305506,11,1101,110101,Control,BoSY,Grade 8,3-level,instructional,6,21,28.571428571428573
500421,7,705,70507,Control,BoSY,Grade 8,3-level,instructional,13,113,11.504424778761061
305681,11,1110,111001,Control,BoSY,Grade 8,3-level,instructional,6,166,3.6144578313253013
303186,7,711,71101,Control,BoSY,Grade 8,3-level,instructional,29,141,20.56737588652482
501429,7,714,71402,Control,BoSY,Grade 8,3-level,instructional,8,62,12.903225806451612
305844,11,1103,110303,Control,BoSY,Grade 8,3-level,instructional,18,57,31.57894736842105
305965,11,1110,111001,Control,BoSY,Grade 8,3-level,instructional,5,81,6.172839506172839
501076,11,1103,110305,Control,BoSY,Grade 8,3-level,instructional,0,12,0
305889,11,1101,110101,Control,BoSY,Grade 8,3-level,instructional,2,46,4.3478260869565215
501074,11,1103,110306,Control,BoSY,Grade 8,3-level,instructional,3,39,7.6923076923076925
312408,7,705,70530,Control,BoSY,Grade 8,3-level,instructional,14,78,17.94871794871795
501351,7,705,70522,Control,BoSY,Grade 8,3-level,instructional,18,63,28.571428571428573
501404,11,1101,110101,Control,BoSY,Grade 8,3-level,instructional,5,33,15.151515151515152
305660,11,1101,110101,Control,BoSY,Grade 8,3-level,instructional,14,41,34.146341463414636
303219,7,701,70101,Control,BoSY,Grade 8,3-level,instructional,23,106,21.69811320754717
312450,7,705,70522,Control,BoSY,Grade 8,3-level,instructional,26,96,27.083333333333332
324903,7,704,70401,Control,BoSY,Grade 8,3-level,instructional,8,33,24.242424242424242
501065,11,1101,110101,Control,BoSY,Grade 8,3-level,instructional,16,122,13.114754098360656
312451,7,705,70532,Control,BoSY,Grade 8,3-level,instructional,1,86,1.1627906976744187
501763,11,1103,110305,Control,BoSY,Grade 8,3-level,instructional,20,56,35.714285714285715
316405,11,1110,111001,Control,BoSY,Grade 8,3-level,instructional,65,164,39.63414634146341
316404,11,1110,111001,Control,BoSY,Grade 8,3-level,instructional,15,60,25
316301,11,1107,110701,Control,BoSY,Grade 8,3-level,instructional,0,178,0
312910,7,710,71001,Control,BoSY,Grade 8,3-level,instructional,24,148,16.216216216216218
303011,7,705,70512,Control,BoSY,Grade 8,3-level,instructional,5,43,11.627906976744185
305651,11,1101,110101,Control,BoSY,Grade 8,3-level,instructional,0,35,0
305662,11,1101,110101,Control,BoSY,Grade 8,3-level,instructional,16,43,37.2093023255814
305850,11,1105,110503,Control,BoSY,Grade 8,3-level,instructional,9,29,31.03448275862069
312481,7,705,70518,Control,BoSY,Grade 8,3-level,instructional,28,180,15.555555555555555
304409,11,1110,111001,Control,BoSY,Grade 8,3-level,instructional,90,135,66.66666666666667
303246,7,713,71303,Control,BoSY,Grade 8,3-level,instructional,39,138,28.26086956521739
501405,11,1101,110101,Control,BoSY,Grade 8,3-level,instructional,15,75,20
305677,11,1105,110503,Control,BoSY,Grade 8,3-level,instructional,16,49,32.6530612244898
500447,7,708,70801,Control,BoSY,Grade 8,3-level,instructional,12,64,18.75
501305,7,708,70801,Control,BoSY,Grade 8,3-level,instructional,26,34,76.47058823529412
305917,7,708,70801,Control,BoSY,Grade 8,3-level,instructional,2,31,6.451612903225806
305722,7,703,70304,Control,BoSY,Grade 8,3-level,instructional,4,68,5.882352941176471
312953,7,713,71306,Control,BoSY,Grade 8,3-level,instructional,0,22,0
305498,11,1101,110101,Control,BoSY,Grade 8,3-level,instructional,17,76,22.36842105263158
305669,11,1101,110101,Control,BoSY,Grade 8,3-level,instructional,7,31,22.580645161290324
312960,7,710,71002,Control,BoSY,Grade 8,3-level,instructional,15,61,24.59016393442623
309906,5,508,50811,Treatment,BoSY,Grade 8,3-level,independent,2,153,1.3071895424836601
309934,5,508,50806,Treatment,BoSY,Grade 8,3-level,independent,14,40,35
301871,5,501,50107,Treatment,BoSY,Grade 8,3-level,independent,12,98,12.244897959183673
302134,5,508,50804,Treatment,BoSY,Grade 8,3-level,independent,0,126,0
302117,5,508,50803,Treatment,BoSY,Grade 8,3-level,independent,4,67,5.970149253731344
309909,5,508,50801,Treatment,BoSY,Grade 8,3-level,independent,0,108,0
309915,5,508,50801,Treatment,BoSY,Grade 8,3-level,independent,2,39,5.128205128205129
501544,5,508,50815,Treatment,BoSY,Grade 8,3-level,independent,5,66,7.575757575757576
301887,5,502,50205,Treatment,BoSY,Grade 8,3-level,independent,7,81,8.641975308641975
302175,5,508,50820,Treatment,BoSY,Grade 8,3-level,independent,17,99,17.171717171717173
302146,5,508,50812,Treatment,BoSY,Grade 8,3-level,independent,8,138,5.797101449275362
309921,5,508,50805,Treatment,BoSY,Grade 8,3-level,independent,64,71,90.14084507042253
302254,5,505,50501,Control,BoSY,Grade 8,3-level,independent,0,94,0
309513,5,501,50112,Control,BoSY,Grade 8,3-level,independent,18,106,16.9811320754717
500163,5,508,50801,Control,BoSY,Grade 8,3-level,independent,11,78,14.102564102564102
302058,5,503,50333,Control,BoSY,Grade 8,3-level,independent,7,74,9.45945945945946
302192,5,511,51103,Control,BoSY,Grade 8,3-level,independent,55,288,19.09722222222222
302227,5,511,51105,Control,BoSY,Grade 8,3-level,independent,0,71,0
302252,5,505,50501,Control,BoSY,Grade 8,3-level,independent,43,90,47.77777777777778
309914,5,508,50806,Control,BoSY,Grade 8,3-level,independent,85,190,44.73684210526316
309711,5,503,50317,Control,BoSY,Grade 8,3-level,independent,12,69,17.391304347826086
301817,5,507,50701,Control,BoSY,Grade 8,3-level,independent,5,112,4.464285714285714
302165,5,508,50816,Control,BoSY,Grade 8,3-level,independent,12,71,16.901408450704224
301974,5,503,50311,Treatment,BoSY,Grade 8,3-level,independent,21,83,25.301204819277107
302256,5,505,50501,Control,BoSY,Grade 8,3-level,independent,14,110,12.727272727272727
301834,5,501,50106,Control,BoSY,Grade 8,3-level,independent,0,178,0
309760,5,503,50306,Control,BoSY,Grade 8,3-level,independent,8,58,13.793103448275861
309936,5,508,50819,Control,BoSY,Grade 8,3-level,independent,0,47,0
302203,5,511,51102,Control,BoSY,Grade 8,3-level,independent,3,39,7.6923076923076925
302011,5,503,50314,Control,BoSY,Grade 8,3-level,independent,45,196,22.959183673469386
500168,5,505,50501,Control,BoSY,Grade 8,3-level,independent,1,78,1.2820512820512822
301947,5,503,50306,Control,BoSY,Grade 8,3-level,independent,27,364,7.417582417582418
309941,5,508,50812,Control,BoSY,Grade 8,3-level,independent,34,218,15.596330275229358
301839,5,501,50111,Control,BoSY,Grade 8,3-level,independent,3,86,3.488372093023256
501843,5,508,50818,Treatment,BoSY,Grade 8,3-level,independent,7,45,15.555555555555555
302111,5,508,50801,Control,BoSY,Grade 8,3-level,independent,23,469,4.904051172707889
302133,5,509,50901,Control,BoSY,Grade 8,3-level,independent,30,179,16.75977653631285
301990,5,503,50317,Control,BoSY,Grade 8,3-level,independent,7,55,12.727272727272727
309937,5,508,50819,Control,BoSY,Grade 8,3-level,independent,10,80,12.5
302241,5,511,51105,Control,BoSY,Grade 8,3-level,independent,0,123,0
500167,5,505,50501,Control,BoSY,Grade 8,3-level,independent,5,63,7.936507936507937
309764,5,503,50320,Control,BoSY,Grade 8,3-level,independent,6,58,10.344827586206897
302205,5,511,51106,Control,BoSY,Grade 8,3-level,independent,55,103,53.398058252427184
302014,5,503,50302,Control,BoSY,Grade 8,3-level,independent,8,151,5.298013245033113
309740,5,503,50315,Control,BoSY,Grade 8,3-level,independent,4,74,5.405405405405405
309741,5,503,50315,Control,BoSY,Grade 8,3-level,independent,8,91,8.791208791208792
302161,5,508,50803,Treatment,BoSY,Grade 8,3-level,independent,13,74,17.56756756756757
302113,5,508,50818,Treatment,BoSY,Grade 8,3-level,independent,27,100,27
302127,5,508,50817,Control,BoSY,Grade 8,3-level,independent,2,53,3.7735849056603774
301899,5,502,50205,Control,BoSY,Grade 8,3-level,independent,29,142,20.422535211267604
309509,5,501,50113,Control,BoSY,Grade 8,3-level,independent,15,84,17.857142857142858
309903,5,508,50816,Control,BoSY,Grade 8,3-level,independent,0,66,0
301995,5,503,50310,Control,BoSY,Grade 8,3-level,independent,0,76,0
309702,5,503,50325,Control,BoSY,Grade 8,3-level,independent,28,282,9.929078014184396
501020,5,503,50310,Control,BoSY,Grade 8,3-level,independent,24,30,80
309743,5,503,50332,Control,BoSY,Grade 8,3-level,independent,4,106,3.7735849056603774
301816,5,501,50101,Control,BoSY,Grade 8,3-level,independent,68,150,45.333333333333336
302054,5,503,50315,Control,BoSY,Grade 8,3-level,independent,12,119,10.084033613445378
301862,5,507,50701,Control,BoSY,Grade 8,3-level,independent,21,227,9.251101321585903
502477,5,501,50108,Control,BoSY,Grade 8,3-level,independent,2,34,5.882352941176471
302283,5,513,51301,Control,BoSY,Grade 8,3-level,independent,2,343,0.5830903790087464
301900,5,502,50206,Control,BoSY,Grade 8,3-level,independent,5,67,7.462686567164179
302123,5,508,50808,Control,BoSY,Grade 8,3-level,independent,2,90,2.2222222222222223
309512,5,501,50110,Control,BoSY,Grade 8,3-level,independent,0,78,0
302284,5,513,51301,Control,BoSY,Grade 8,3-level,independent,49,180,27.22222222222222
500034,5,508,50819,Control,BoSY,Grade 8,3-level,independent,4,36,11.11111111111111
302043,5,503,50305,Control,BoSY,Grade 8,3-level,independent,48,186,25.806451612903224
302182,5,511,51107,Control,BoSY,Grade 8,3-level,independent,1,95,1.0526315789473684
301986,5,503,50334,Control,BoSY,Grade 8,3-level,independent,1,179,0.5586592178770949
302109,5,508,50817,Control,BoSY,Grade 8,3-level,independent,0,225,0
302061,5,503,50311,Control,BoSY,Grade 8,3-level,independent,26,64,40.625
309931,5,508,50802,Control,BoSY,Grade 8,3-level,independent,30,75,40
301984,5,503,50331,Control,BoSY,Grade 8,3-level,independent,48,189,25.396825396825395
302156,5,508,50803,Control,BoSY,Grade 8,3-level,independent,0,106,0
309705,5,503,50330,Control,BoSY,Grade 8,3-level,independent,4,92,4.3478260869565215
500165,5,508,50804,Control,BoSY,Grade 8,3-level,independent,13,49,26.53061224489796
301930,5,503,50328,Control,BoSY,Grade 8,3-level,independent,0,112,0
302177,5,508,50806,Control,BoSY,Grade 8,3-level,independent,5,98,5.1020408163265305
302282,5,513,51301,Control,BoSY,Grade 8,3-level,independent,25,367,6.8119891008174385
502615,5,508,50802,Control,BoSY,Grade 8,3-level,independent,3,22,13.636363636363637
302263,5,506,50601,Control,BoSY,Grade 8,3-level,independent,10,90,11.11111111111111
301826,5,501,50103,Control,BoSY,Grade 8,3-level,independent,2,43,4.651162790697675
305750,5,513,51301,Control,BoSY,Grade 8,3-level,independent,10,84,11.904761904761905
301870,5,501,50110,Control,BoSY,Grade 8,3-level,independent,10,148,6.756756756756757
302039,5,503,50316,Control,BoSY,Grade 8,3-level,independent,36,284,12.67605633802817
301868,5,501,50112,Control,BoSY,Grade 8,3-level,independent,1,241,0.4149377593360996
301963,5,503,50316,Control,BoSY,Grade 8,3-level,independent,128,218,58.71559633027523
340567,15,1505,150501,Treatment,BoSY,Grade 8,3-level,independent,37,235,15.74468085106383
320606,15,1515,151502,Treatment,BoSY,Grade 8,3-level,independent,93,423,21.98581560283688
320202,15,1511,151101,Treatment,BoSY,Grade 8,3-level,independent,40,163,24.539877300613497
305310,15,1507,150703,Treatment,BoSY,Grade 8,3-level,independent,8,319,2.5078369905956115
305418,15,1513,151301,Treatment,BoSY,Grade 8,3-level,independent,94,908,10.352422907488986
500565,15,1515,151502,Treatment,BoSY,Grade 8,3-level,independent,111,879,12.627986348122867
301258,4,413,41308,Treatment,BoSY,Grade 8,3-level,independent,107,552,19.384057971014492
301214,4,411,41101,Treatment,BoSY,Grade 8,3-level,independent,9,585,1.5384615384615385
301497,4,414,41401,Treatment,BoSY,Grade 8,3-level,independent,47,375,12.533333333333333
305411,15,1515,151502,Treatment,BoSY,Grade 8,3-level,independent,71,810,8.765432098765432
305420,15,1513,151301,Treatment,BoSY,Grade 8,3-level,independent,7,1398,0.5007153075822603
301231,4,413,41302,Control,BoSY,Grade 8,3-level,independent,0,238,0
301188,4,402,40201,Control,BoSY,Grade 8,3-level,independent,165,683,24.15812591508053
307913,4,413,41309,Control,BoSY,Grade 8,3-level,independent,0,342,0
500566,15,1507,150710,Control,BoSY,Grade 8,3-level,independent,160,709,22.566995768688294
305453,15,1510,151001,Control,BoSY,Grade 8,3-level,independent,0,1002,0
305311,15,1507,150702,Control,BoSY,Grade 8,3-level,independent,12,293,4.09556313993174
301425,4,401,40101,Control,BoSY,Grade 8,3-level,independent,116,1034,11.218568665377177
301202,4,408,40812,Control,BoSY,Grade 8,3-level,independent,81,377,21.485411140583555
305412,15,1515,151502,Control,BoSY,Grade 8,3-level,independent,276,1160,23.79310344827586
308105,4,417,41703,Control,BoSY,Grade 8,3-level,independent,42,830,5.0602409638554215
305341,15,1514,151401,Control,BoSY,Grade 8,3-level,independent,218,1319,16.527672479150873
319604,15,1512,151201,Control,BoSY,Grade 8,3-level,independent,0,335,0
305568,15,1516,151601,Control,BoSY,Grade 8,3-level,independent,77,378,20.37037037037037
305434,15,1503,150301,Control,BoSY,Grade 8,3-level,independent,177,837,21.14695340501792
301464,4,417,41710,Control,BoSY,Grade 8,3-level,independent,159,540,29.444444444444443
305461,15,1515,151502,Control,BoSY,Grade 8,3-level,independent,0,426,0
305384,15,1501,150101,Control,BoSY,Grade 8,3-level,independent,210,518,40.54054054054054
301143,4,421,42101,Control,BoSY,Grade 8,3-level,independent,75,1140,6.578947368421052
305340,15,1514,151401,Control,BoSY,Grade 8,3-level,independent,283,1208,23.427152317880793
305302,15,1507,150709,Treatment,BoSY,Grade 8,3-level,independent,231,1106,20.88607594936709
308103,4,417,41712,Control,BoSY,Grade 8,3-level,independent,23,361,6.371191135734072
308130,4,417,41711,Control,BoSY,Grade 8,3-level,independent,4,128,3.125
301227,4,420,42001,Control,BoSY,Grade 8,3-level,independent,250,1396,17.908309455587393
305334,15,1514,151401,Control,BoSY,Grade 8,3-level,independent,60,661,9.07715582450832
305367,15,1512,151201,Control,BoSY,Grade 8,3-level,independent,17,1054,1.6129032258064515
305635,15,1514,151401,Control,BoSY,Grade 8,3-level,independent,24,462,5.194805194805195
301218,4,408,40814,Control,BoSY,Grade 8,3-level,independent,55,2107,2.610346464167062
308501,4,415,41501,Control,BoSY,Grade 8,3-level,independent,110,656,16.76829268292683
500332,15,1506,150601,Control,BoSY,Grade 8,3-level,independent,37,323,11.455108359133128
305471,15,1509,150901,Control,BoSY,Grade 8,3-level,independent,96,802,11.970074812967582
305376,15,1501,150101,Treatment,BoSY,Grade 8,3-level,independent,112,839,13.3492252681764
301432,4,417,41705,Control,BoSY,Grade 8,3-level,independent,70,629,11.128775834658187
305459,15,1515,151502,Control,BoSY,Grade 8,3-level,independent,92,918,10.021786492374728
305313,15,1507,150708,Control,BoSY,Grade 8,3-level,independent,78,597,13.06532663316583
301186,4,410,41001,Control,BoSY,Grade 8,3-level,independent,205,1823,11.24520021941854
301184,4,410,41001,Control,BoSY,Grade 8,3-level,independent,0,1124,0
305295,15,1507,150710,Control,BoSY,Grade 8,3-level,independent,105,1171,8.9666951323655
301416,4,422,42201,Control,BoSY,Grade 8,3-level,independent,0,158,0
305450,15,1505,150501,Treatment,BoSY,Grade 8,3-level,independent,33,488,6.762295081967213
301403,4,416,41606,Control,BoSY,Grade 8,3-level,independent,41,518,7.915057915057915
301451,4,417,41708,Control,BoSY,Grade 8,3-level,independent,4,350,1.1428571428571428
305338,15,1514,151401,Control,BoSY,Grade 8,3-level,independent,196,796,24.623115577889447
301257,4,413,41312,Control,BoSY,Grade 8,3-level,independent,318,2101,15.135649690623513
305416,15,1513,151301,Control,BoSY,Grade 8,3-level,independent,114,971,11.740473738414007
305337,15,1514,151401,Control,BoSY,Grade 8,3-level,independent,103,2234,4.610564010743062
305353,15,1514,151401,Control,BoSY,Grade 8,3-level,independent,79,477,16.561844863731658
301197,4,408,40812,Control,BoSY,Grade 8,3-level,independent,20,329,6.079027355623101
301236,4,413,41308,Treatment,BoSY,Grade 8,3-level,independent,52,335,15.522388059701493
305444,15,1516,151601,Control,BoSY,Grade 8,3-level,independent,14,373,3.753351206434316
320306,15,1503,150301,Control,BoSY,Grade 8,3-level,independent,209,882,23.696145124716555
301489,4,414,41401,Control,BoSY,Grade 8,3-level,independent,109,329,33.130699088145896
301507,4,418,41801,Control,BoSY,Grade 8,3-level,independent,71,123,57.72357723577236
301456,4,417,41710,Control,BoSY,Grade 8,3-level,independent,222,642,34.57943925233645
301238,4,413,41303,Control,BoSY,Grade 8,3-level,independent,18,596,3.0201342281879193
305438,15,1516,151601,Control,BoSY,Grade 8,3-level,independent,96,834,11.510791366906474
305324,15,1514,151401,Control,BoSY,Grade 8,3-level,independent,5,310,1.6129032258064515
305454,15,1510,151001,Control,BoSY,Grade 8,3-level,independent,16,179,8.938547486033519
308122,4,417,41708,Control,BoSY,Grade 8,3-level,independent,3,206,1.4563106796116505
301508,4,418,41801,Control,BoSY,Grade 8,3-level,independent,43,296,14.527027027027026
305465,15,1515,151502,Control,BoSY,Grade 8,3-level,independent,15,978,1.5337423312883436
305428,15,1511,151101,Control,BoSY,Grade 8,3-level,independent,96,422,22.748815165876778
301175,4,408,40807,Control,BoSY,Grade 8,3-level,independent,16,573,2.7923211169284468
301437,4,417,41704,Control,BoSY,Grade 8,3-level,independent,225,1126,19.982238010657195
320204,15,1511,151101,Control,BoSY,Grade 8,3-level,independent,196,535,36.63551401869159
305447,15,1505,150501,Control,BoSY,Grade 8,3-level,independent,7,621,1.1272141706924315
301438,4,417,41704,Control,BoSY,Grade 8,3-level,independent,18,546,3.2967032967032965
308135,4,417,41708,Control,BoSY,Grade 8,3-level,independent,1,470,0.2127659574468085
301418,4,401,40101,Control,BoSY,Grade 8,3-level,independent,1114,3073,36.25122030589001
305288,15,1507,150710,Control,BoSY,Grade 8,3-level,independent,7,710,0.9859154929577465
301265,4,413,41301,Control,BoSY,Grade 8,3-level,independent,49,450,10.88888888888889
305442,15,1516,151601,Control,BoSY,Grade 8,3-level,independent,67,277,24.187725631768952
500339,15,1505,150501,Control,BoSY,Grade 8,3-level,independent,61,391,15.601023017902813
305435,15,1503,150301,Control,BoSY,Grade 8,3-level,independent,82,439,18.678815489749432
308134,4,417,41708,Control,BoSY,Grade 8,3-level,independent,109,533,20.45028142589118
305452,15,1505,150501,Control,BoSY,Grade 8,3-level,independent,74,625,11.84
312330,7,703,70308,Treatment,BoSY,Grade 8,3-level,independent,22,120,18.333333333333332
305710,7,703,70302,Treatment,BoSY,Grade 8,3-level,independent,15,71,21.12676056338028
305655,11,1101,110101,Treatment,BoSY,Grade 8,3-level,independent,0,28,0
305581,7,703,70303,Treatment,BoSY,Grade 8,3-level,independent,12,46,26.08695652173913
303130,7,703,70309,Treatment,BoSY,Grade 8,3-level,independent,8,193,4.1450777202072535
312354,7,703,70309,Treatment,BoSY,Grade 8,3-level,independent,3,39,7.6923076923076925
305849,11,1105,110503,Treatment,BoSY,Grade 8,3-level,independent,2,29,6.896551724137931
305500,11,1101,110101,Treatment,BoSY,Grade 8,3-level,independent,2,34,5.882352941176471
312355,7,703,70304,Treatment,BoSY,Grade 8,3-level,independent,6,37,16.216216216216218
501903,11,1110,111001,Treatment,BoSY,Grade 8,3-level,independent,1,40,2.5
500665,7,705,70527,Control,BoSY,Grade 8,3-level,independent,5,92,5.434782608695652
312462,7,705,70520,Control,BoSY,Grade 8,3-level,independent,3,18,16.666666666666668
306038,11,1102,110202,Control,BoSY,Grade 8,3-level,independent,6,28,21.428571428571427
500221,7,705,70527,Control,BoSY,Grade 8,3-level,independent,3,25,12
500744,7,708,70801,Control,BoSY,Grade 8,3-level,independent,4,40,10
305884,11,1101,110101,Control,BoSY,Grade 8,3-level,independent,13,101,12.871287128712872
303170,7,709,70901,Control,BoSY,Grade 8,3-level,independent,10,66,15.151515151515152
500787,7,708,70801,Control,BoSY,Grade 8,3-level,independent,10,57,17.54385964912281
500667,7,705,70528,Control,BoSY,Grade 8,3-level,independent,8,50,16
501071,11,1101,110101,Control,BoSY,Grade 8,3-level,independent,0,28,0
303046,7,705,70527,Control,BoSY,Grade 8,3-level,independent,35,112,31.25
325303,7,707,70701,Control,BoSY,Grade 8,3-level,independent,2,60,3.3333333333333335
500208,7,703,70305,Control,BoSY,Grade 8,3-level,independent,0,13,0
312401,7,705,70525,Control,BoSY,Grade 8,3-level,independent,0,91,0
303136,7,706,70601,Control,BoSY,Grade 8,3-level,independent,5,80,6.25
312435,7,707,70701,Control,BoSY,Grade 8,3-level,independent,1,50,2
502186,11,1101,110101,Control,BoSY,Grade 8,3-level,independent,8,19,42.10526315789474
500782,7,708,70801,Control,BoSY,Grade 8,3-level,independent,79,247,31.983805668016196
306086,11,1106,110606,Control,BoSY,Grade 8,3-level,independent,3,21,14.285714285714286
305755,7,705,70529,Control,BoSY,Grade 8,3-level,independent,7,154,4.545454545454546
305665,11,1101,110101,Control,BoSY,Grade 8,3-level,independent,0,16,0
501635,7,703,70301,Control,BoSY,Grade 8,3-level,independent,15,80,18.75
305843,11,1110,111001,Control,BoSY,Grade 8,3-level,independent,8,36,22.22222222222222
500894,7,705,70517,Control,BoSY,Grade 8,3-level,independent,5,120,4.166666666666667
500671,7,705,70506,Control,BoSY,Grade 8,3-level,independent,1,33,3.0303030303030303
305847,11,1105,110503,Control,BoSY,Grade 8,3-level,independent,13,60,21.666666666666668
500784,7,708,70801,Control,BoSY,Grade 8,3-level,independent,1,19,5.2631578947368425
501267,7,705,70525,Control,BoSY,Grade 8,3-level,independent,4,32,12.5
306000,7,705,70525,Control,BoSY,Grade 8,3-level,independent,0,40,0
305517,11,1106,110608,Control,BoSY,Grade 8,3-level,independent,0,51,0
305713,7,710,71001,Control,BoSY,Grade 8,3-level,independent,0,49,0
500768,7,705,70521,Control,BoSY,Grade 8,3-level,independent,0,88,0
316303,11,1107,110701,Control,BoSY,Grade 8,3-level,independent,7,45,15.555555555555555
316304,11,1107,110701,Control,BoSY,Grade 8,3-level,independent,9,97,9.278350515463918
305506,11,1101,110101,Control,BoSY,Grade 8,3-level,independent,1,21,4.761904761904762
500421,7,705,70507,Control,BoSY,Grade 8,3-level,independent,13,113,11.504424778761061
305681,11,1110,111001,Control,BoSY,Grade 8,3-level,independent,25,166,15.060240963855422
303186,7,711,71101,Control,BoSY,Grade 8,3-level,independent,65,141,46.09929078014184
501429,7,714,71402,Control,BoSY,Grade 8,3-level,independent,3,62,4.838709677419355
305844,11,1103,110303,Control,BoSY,Grade 8,3-level,independent,2,57,3.508771929824561
305965,11,1110,111001,Control,BoSY,Grade 8,3-level,independent,10,81,12.345679012345679
501076,11,1103,110305,Control,BoSY,Grade 8,3-level,independent,0,12,0
305889,11,1101,110101,Control,BoSY,Grade 8,3-level,independent,26,46,56.52173913043478
501074,11,1103,110306,Control,BoSY,Grade 8,3-level,independent,0,39,0
312408,7,705,70530,Control,BoSY,Grade 8,3-level,independent,4,78,5.128205128205129
501351,7,705,70522,Control,BoSY,Grade 8,3-level,independent,14,63,22.22222222222222
501404,11,1101,110101,Control,BoSY,Grade 8,3-level,independent,8,33,24.242424242424242
305660,11,1101,110101,Control,BoSY,Grade 8,3-level,independent,10,41,24.390243902439025
303219,7,701,70101,Control,BoSY,Grade 8,3-level,independent,19,106,17.92452830188679
312450,7,705,70522,Control,BoSY,Grade 8,3-level,independent,19,96,19.791666666666668
324903,7,704,70401,Control,BoSY,Grade 8,3-level,independent,6,33,18.181818181818183
501065,11,1101,110101,Control,BoSY,Grade 8,3-level,independent,33,122,27.049180327868854
312451,7,705,70532,Control,BoSY,Grade 8,3-level,independent,0,86,0
501763,11,1103,110305,Control,BoSY,Grade 8,3-level,independent,23,56,41.07142857142857
316405,11,1110,111001,Control,BoSY,Grade 8,3-level,independent,42,164,25.609756097560975
316404,11,1110,111001,Control,BoSY,Grade 8,3-level,independent,22,60,36.666666666666664
316301,11,1107,110701,Control,BoSY,Grade 8,3-level,independent,37,178,20.786516853932586
312910,7,710,71001,Control,BoSY,Grade 8,3-level,independent,8,148,5.405405405405405
303011,7,705,70512,Control,BoSY,Grade 8,3-level,independent,4,43,9.30232558139535
305651,11,1101,110101,Control,BoSY,Grade 8,3-level,independent,0,35,0
305662,11,1101,110101,Control,BoSY,Grade 8,3-level,independent,8,43,18.6046511627907
305850,11,1105,110503,Control,BoSY,Grade 8,3-level,independent,3,29,10.344827586206897
312481,7,705,70518,Control,BoSY,Grade 8,3-level,independent,37,180,20.555555555555557
304409,11,1110,111001,Control,BoSY,Grade 8,3-level,independent,4,135,2.962962962962963
303246,7,713,71303,Control,BoSY,Grade 8,3-level,independent,21,138,15.217391304347826
501405,11,1101,110101,Control,BoSY,Grade 8,3-level,independent,2,75,2.6666666666666665
305677,11,1105,110503,Control,BoSY,Grade 8,3-level,independent,11,49,22.448979591836736
500447,7,708,70801,Control,BoSY,Grade 8,3-level,independent,9,64,14.0625
501305,7,708,70801,Control,BoSY,Grade 8,3-level,independent,0,34,0
305917,7,708,70801,Control,BoSY,Grade 8,3-level,independent,2,31,6.451612903225806
305722,7,703,70304,Control,BoSY,Grade 8,3-level,independent,30,68,44.11764705882353
312953,7,713,71306,Control,BoSY,Grade 8,3-level,independent,0,22,0
305498,11,1101,110101,Control,BoSY,Grade 8,3-level,independent,7,76,9.210526315789474
305669,11,1101,110101,Control,BoSY,Grade 8,3-level,independent,10,31,32.25806451612903
312960,7,710,71002,Control,BoSY,Grade 8,3-level,independent,3,61,4.918032786885246
309906,5,508,50811,Treatment,BoSY,Grade 9,2-level,frustration,60,107,56.074766355140184
309934,5,508,50806,Treatment,BoSY,Grade 9,2-level,frustration,2,36,5.555555555555555
301871,5,501,50107,Treatment,BoSY,Grade 9,2-level,frustration,5,66,7.575757575757576
302134,5,508,50804,Treatment,BoSY,Grade 9,2-level,frustration,13,131,9.923664122137405
302117,5,508,50803,Treatment,BoSY,Grade 9,2-level,frustration,0,59,0
309909,5,508,50801,Treatment,BoSY,Grade 9,2-level,frustration,19,91,20.87912087912088
309915,5,508,50801,Treatment,BoSY,Grade 9,2-level,frustration,6,34,17.647058823529413
501544,5,508,50815,Treatment,BoSY,Grade 9,2-level,frustration,2,70,2.857142857142857
301887,5,502,50205,Treatment,BoSY,Grade 9,2-level,frustration,3,74,4.054054054054054
302175,5,508,50820,Treatment,BoSY,Grade 9,2-level,frustration,0,116,0
302146,5,508,50812,Treatment,BoSY,Grade 9,2-level,frustration,7,135,5.185185185185185
309921,5,508,50805,Treatment,BoSY,Grade 9,2-level,frustration,0,69,0
302254,5,505,50501,Control,BoSY,Grade 9,2-level,frustration,0,89,0
309513,5,501,50112,Control,BoSY,Grade 9,2-level,frustration,0,86,0
500163,5,508,50801,Control,BoSY,Grade 9,2-level,frustration,4,66,6.0606060606060606
302058,5,503,50333,Control,BoSY,Grade 9,2-level,frustration,18,84,21.428571428571427
302192,5,511,51103,Control,BoSY,Grade 9,2-level,frustration,3,210,1.4285714285714286
302227,5,511,51105,Control,BoSY,Grade 9,2-level,frustration,14,57,24.56140350877193
302252,5,505,50501,Control,BoSY,Grade 9,2-level,frustration,6,58,10.344827586206897
309914,5,508,50806,Control,BoSY,Grade 9,2-level,frustration,0,175,0
309711,5,503,50317,Control,BoSY,Grade 9,2-level,frustration,4,51,7.8431372549019605
301817,5,507,50701,Control,BoSY,Grade 9,2-level,frustration,24,80,30
302165,5,508,50816,Control,BoSY,Grade 9,2-level,frustration,3,61,4.918032786885246
301974,5,503,50311,Treatment,BoSY,Grade 9,2-level,frustration,10,44,22.727272727272727
302256,5,505,50501,Control,BoSY,Grade 9,2-level,frustration,11,93,11.827956989247312
301834,5,501,50106,Control,BoSY,Grade 9,2-level,frustration,8,138,5.797101449275362
309760,5,503,50306,Control,BoSY,Grade 9,2-level,frustration,1,49,2.0408163265306123
309936,5,508,50819,Control,BoSY,Grade 9,2-level,frustration,3,46,6.521739130434782
302203,5,511,51102,Control,BoSY,Grade 9,2-level,frustration,22,39,56.41025641025641
302011,5,503,50314,Control,BoSY,Grade 9,2-level,frustration,19,172,11.046511627906977
500168,5,505,50501,Control,BoSY,Grade 9,2-level,frustration,3,57,5.2631578947368425
301947,5,503,50306,Control,BoSY,Grade 9,2-level,frustration,40,315,12.698412698412698
309941,5,508,50812,Control,BoSY,Grade 9,2-level,frustration,24,135,17.77777777777778
301839,5,501,50111,Control,BoSY,Grade 9,2-level,frustration,2,64,3.125
501843,5,508,50818,Treatment,BoSY,Grade 9,2-level,frustration,2,37,5.405405405405405
302111,5,508,50801,Control,BoSY,Grade 9,2-level,frustration,0,401,0
302133,5,509,50901,Control,BoSY,Grade 9,2-level,frustration,2,147,1.3605442176870748
301990,5,503,50317,Control,BoSY,Grade 9,2-level,frustration,0,46,0
309937,5,508,50819,Control,BoSY,Grade 9,2-level,frustration,3,50,6
302241,5,511,51105,Control,BoSY,Grade 9,2-level,frustration,6,105,5.714285714285714
500167,5,505,50501,Control,BoSY,Grade 9,2-level,frustration,31,60,51.666666666666664
309764,5,503,50320,Control,BoSY,Grade 9,2-level,frustration,6,34,17.647058823529413
302205,5,511,51106,Control,BoSY,Grade 9,2-level,frustration,1,103,0.970873786407767
302014,5,503,50302,Control,BoSY,Grade 9,2-level,frustration,33,125,26.4
309740,5,503,50315,Control,BoSY,Grade 9,2-level,frustration,1,65,1.5384615384615385
309741,5,503,50315,Control,BoSY,Grade 9,2-level,frustration,7,79,8.860759493670885
302161,5,508,50803,Treatment,BoSY,Grade 9,2-level,frustration,5,73,6.8493150684931505
302113,5,508,50818,Treatment,BoSY,Grade 9,2-level,frustration,10,55,18.181818181818183
302127,5,508,50817,Control,BoSY,Grade 9,2-level,frustration,0,38,0
301899,5,502,50205,Control,BoSY,Grade 9,2-level,frustration,2,111,1.8018018018018018
309509,5,501,50113,Control,BoSY,Grade 9,2-level,frustration,2,89,2.247191011235955
309903,5,508,50816,Control,BoSY,Grade 9,2-level,frustration,34,80,42.5
301995,5,503,50310,Control,BoSY,Grade 9,2-level,frustration,12,71,16.901408450704224
309702,5,503,50325,Control,BoSY,Grade 9,2-level,frustration,16,194,8.24742268041237
501020,5,503,50310,Control,BoSY,Grade 9,2-level,frustration,0,28,0
309743,5,503,50332,Control,BoSY,Grade 9,2-level,frustration,26,90,28.88888888888889
301816,5,501,50101,Control,BoSY,Grade 9,2-level,frustration,28,111,25.225225225225227
302054,5,503,50315,Control,BoSY,Grade 9,2-level,frustration,9,95,9.473684210526315
301862,5,507,50701,Control,BoSY,Grade 9,2-level,frustration,13,193,6.7357512953367875
502477,5,501,50108,Control,BoSY,Grade 9,2-level,frustration,0,22,0
302283,5,513,51301,Control,BoSY,Grade 9,2-level,frustration,11,246,4.471544715447155
301900,5,502,50206,Control,BoSY,Grade 9,2-level,frustration,0,52,0
302123,5,508,50808,Control,BoSY,Grade 9,2-level,frustration,0,77,0
309512,5,501,50110,Control,BoSY,Grade 9,2-level,frustration,1,43,2.3255813953488373
302284,5,513,51301,Control,BoSY,Grade 9,2-level,frustration,20,151,13.245033112582782
500034,5,508,50819,Control,BoSY,Grade 9,2-level,frustration,0,29,0
302043,5,503,50305,Control,BoSY,Grade 9,2-level,frustration,23,178,12.92134831460674
302182,5,511,51107,Control,BoSY,Grade 9,2-level,frustration,9,88,10.227272727272727
301986,5,503,50334,Control,BoSY,Grade 9,2-level,frustration,13,181,7.18232044198895
302109,5,508,50817,Control,BoSY,Grade 9,2-level,frustration,11,181,6.077348066298343
302061,5,503,50311,Control,BoSY,Grade 9,2-level,frustration,4,50,8
309931,5,508,50802,Control,BoSY,Grade 9,2-level,frustration,2,66,3.0303030303030303
301984,5,503,50331,Control,BoSY,Grade 9,2-level,frustration,58,174,33.333333333333336
302156,5,508,50803,Control,BoSY,Grade 9,2-level,frustration,65,95,68.42105263157895
309705,5,503,50330,Control,BoSY,Grade 9,2-level,frustration,8,74,10.81081081081081
500165,5,508,50804,Control,BoSY,Grade 9,2-level,frustration,2,43,4.651162790697675
301930,5,503,50328,Control,BoSY,Grade 9,2-level,frustration,0,75,0
302177,5,508,50806,Control,BoSY,Grade 9,2-level,frustration,15,81,18.51851851851852
302282,5,513,51301,Control,BoSY,Grade 9,2-level,frustration,20,289,6.920415224913495
502615,5,508,50802,Control,BoSY,Grade 9,2-level,frustration,3,12,25
302263,5,506,50601,Control,BoSY,Grade 9,2-level,frustration,18,61,29.508196721311474
301826,5,501,50103,Control,BoSY,Grade 9,2-level,frustration,4,35,11.428571428571429
305750,5,513,51301,Control,BoSY,Grade 9,2-level,frustration,0,48,0
301870,5,501,50110,Control,BoSY,Grade 9,2-level,frustration,0,67,0
302039,5,503,50316,Control,BoSY,Grade 9,2-level,frustration,29,228,12.719298245614034
301868,5,501,50112,Control,BoSY,Grade 9,2-level,frustration,5,174,2.8735632183908044
301963,5,503,50316,Control,BoSY,Grade 9,2-level,frustration,76,156,48.717948717948715
340567,15,1505,150501,Treatment,BoSY,Grade 9,2-level,frustration,7,205,3.4146341463414633
320606,15,1515,151502,Treatment,BoSY,Grade 9,2-level,frustration,75,333,22.52252252252252
320202,15,1511,151101,Treatment,BoSY,Grade 9,2-level,frustration,14,116,12.068965517241379
305310,15,1507,150703,Treatment,BoSY,Grade 9,2-level,frustration,19,299,6.354515050167224
305418,15,1513,151301,Treatment,BoSY,Grade 9,2-level,frustration,192,966,19.875776397515526
500565,15,1515,151502,Treatment,BoSY,Grade 9,2-level,frustration,218,709,30.7475317348378
301258,4,413,41308,Treatment,BoSY,Grade 9,2-level,frustration,145,382,37.95811518324607
301214,4,411,41101,Treatment,BoSY,Grade 9,2-level,frustration,27,601,4.492512479201331
301497,4,414,41401,Treatment,BoSY,Grade 9,2-level,frustration,18,328,5.487804878048781
305411,15,1515,151502,Treatment,BoSY,Grade 9,2-level,frustration,60,844,7.109004739336493
305420,15,1513,151301,Treatment,BoSY,Grade 9,2-level,frustration,336,1126,29.840142095914743
301231,4,413,41302,Control,BoSY,Grade 9,2-level,frustration,10,161,6.211180124223603
301188,4,402,40201,Control,BoSY,Grade 9,2-level,frustration,18,606,2.9702970297029703
307913,4,413,41309,Control,BoSY,Grade 9,2-level,frustration,7,249,2.8112449799196786
500566,15,1507,150710,Control,BoSY,Grade 9,2-level,frustration,0,660,0
305453,15,1510,151001,Control,BoSY,Grade 9,2-level,frustration,87,710,12.253521126760564
305311,15,1507,150702,Control,BoSY,Grade 9,2-level,frustration,43,266,16.165413533834588
301425,4,401,40101,Control,BoSY,Grade 9,2-level,frustration,327,804,40.67164179104478
301202,4,408,40812,Control,BoSY,Grade 9,2-level,frustration,73,297,24.579124579124578
305412,15,1515,151502,Control,BoSY,Grade 9,2-level,frustration,57,991,5.751765893037336
308105,4,417,41703,Control,BoSY,Grade 9,2-level,frustration,79,620,12.741935483870968
305341,15,1514,151401,Control,BoSY,Grade 9,2-level,frustration,204,862,23.665893271461716
319604,15,1512,151201,Control,BoSY,Grade 9,2-level,frustration,0,341,0
305568,15,1516,151601,Control,BoSY,Grade 9,2-level,frustration,72,289,24.913494809688583
305434,15,1503,150301,Control,BoSY,Grade 9,2-level,frustration,21,690,3.0434782608695654
301464,4,417,41710,Control,BoSY,Grade 9,2-level,frustration,9,501,1.7964071856287425
305461,15,1515,151502,Control,BoSY,Grade 9,2-level,frustration,217,280,77.5
305384,15,1501,150101,Control,BoSY,Grade 9,2-level,frustration,7,418,1.674641148325359
301143,4,421,42101,Control,BoSY,Grade 9,2-level,frustration,98,861,11.382113821138212
305340,15,1514,151401,Control,BoSY,Grade 9,2-level,frustration,59,1128,5.2304964539007095
305302,15,1507,150709,Treatment,BoSY,Grade 9,2-level,frustration,238,1021,23.310479921645445
308103,4,417,41712,Control,BoSY,Grade 9,2-level,frustration,6,274,2.18978102189781
308130,4,417,41711,Control,BoSY,Grade 9,2-level,frustration,18,120,15
301227,4,420,42001,Control,BoSY,Grade 9,2-level,frustration,10,1031,0.9699321047526673
305334,15,1514,151401,Control,BoSY,Grade 9,2-level,frustration,12,569,2.10896309314587
305367,15,1512,151201,Control,BoSY,Grade 9,2-level,frustration,69,901,7.658157602663707
305635,15,1514,151401,Control,BoSY,Grade 9,2-level,frustration,20,385,5.194805194805195
301218,4,408,40814,Control,BoSY,Grade 9,2-level,frustration,33,1870,1.7647058823529411
308501,4,415,41501,Control,BoSY,Grade 9,2-level,frustration,65,489,13.292433537832311
500332,15,1506,150601,Control,BoSY,Grade 9,2-level,frustration,87,278,31.294964028776977
305471,15,1509,150901,Control,BoSY,Grade 9,2-level,frustration,53,656,8.079268292682928
305376,15,1501,150101,Treatment,BoSY,Grade 9,2-level,frustration,2,775,0.25806451612903225
301432,4,417,41705,Control,BoSY,Grade 9,2-level,frustration,47,482,9.751037344398341
305459,15,1515,151502,Control,BoSY,Grade 9,2-level,frustration,176,779,22.593068035943517
305313,15,1507,150708,Control,BoSY,Grade 9,2-level,frustration,84,497,16.901408450704224
301186,4,410,41001,Control,BoSY,Grade 9,2-level,frustration,117,1540,7.597402597402597
301184,4,410,41001,Control,BoSY,Grade 9,2-level,frustration,0,921,0
305295,15,1507,150710,Control,BoSY,Grade 9,2-level,frustration,30,1234,2.4311183144246353
301416,4,422,42201,Control,BoSY,Grade 9,2-level,frustration,0,135,0
305450,15,1505,150501,Treatment,BoSY,Grade 9,2-level,frustration,73,365,20
301403,4,416,41606,Control,BoSY,Grade 9,2-level,frustration,95,358,26.536312849162012
301451,4,417,41708,Control,BoSY,Grade 9,2-level,frustration,108,260,41.53846153846154
305338,15,1514,151401,Control,BoSY,Grade 9,2-level,frustration,122,651,18.740399385560675
301257,4,413,41312,Control,BoSY,Grade 9,2-level,frustration,208,1758,11.831626848691695
305416,15,1513,151301,Control,BoSY,Grade 9,2-level,frustration,90,838,10.739856801909308
305337,15,1514,151401,Control,BoSY,Grade 9,2-level,frustration,387,1923,20.12480499219969
305353,15,1514,151401,Control,BoSY,Grade 9,2-level,frustration,79,397,19.8992443324937
301197,4,408,40812,Control,BoSY,Grade 9,2-level,frustration,2,360,0.5555555555555556
301236,4,413,41308,Treatment,BoSY,Grade 9,2-level,frustration,27,256,10.546875
305444,15,1516,151601,Control,BoSY,Grade 9,2-level,frustration,85,293,29.01023890784983
320306,15,1503,150301,Control,BoSY,Grade 9,2-level,frustration,43,694,6.195965417867435
301489,4,414,41401,Control,BoSY,Grade 9,2-level,frustration,12,285,4.2105263157894735
301507,4,418,41801,Control,BoSY,Grade 9,2-level,frustration,10,123,8.130081300813009
301456,4,417,41710,Control,BoSY,Grade 9,2-level,frustration,104,453,22.958057395143488
301238,4,413,41303,Control,BoSY,Grade 9,2-level,frustration,144,447,32.214765100671144
305438,15,1516,151601,Control,BoSY,Grade 9,2-level,frustration,159,847,18.772136953955137
305324,15,1514,151401,Control,BoSY,Grade 9,2-level,frustration,91,292,31.164383561643834
305454,15,1510,151001,Control,BoSY,Grade 9,2-level,frustration,0,120,0
308122,4,417,41708,Control,BoSY,Grade 9,2-level,frustration,30,145,20.689655172413794
301508,4,418,41801,Control,BoSY,Grade 9,2-level,frustration,43,249,17.269076305220885
305465,15,1515,151502,Control,BoSY,Grade 9,2-level,frustration,107,780,13.717948717948717
305428,15,1511,151101,Control,BoSY,Grade 9,2-level,frustration,28,341,8.211143695014663
301175,4,408,40807,Control,BoSY,Grade 9,2-level,frustration,65,510,12.745098039215685
301437,4,417,41704,Control,BoSY,Grade 9,2-level,frustration,184,916,20.087336244541486
320204,15,1511,151101,Control,BoSY,Grade 9,2-level,frustration,27,560,4.821428571428571
305447,15,1505,150501,Control,BoSY,Grade 9,2-level,frustration,19,575,3.3043478260869565
301438,4,417,41704,Control,BoSY,Grade 9,2-level,frustration,196,429,45.687645687645684
308135,4,417,41708,Control,BoSY,Grade 9,2-level,frustration,87,363,23.96694214876033
301418,4,401,40101,Control,BoSY,Grade 9,2-level,frustration,708,2592,27.314814814814813
305288,15,1507,150710,Control,BoSY,Grade 9,2-level,frustration,101,732,13.797814207650273
301265,4,413,41301,Control,BoSY,Grade 9,2-level,frustration,66,348,18.96551724137931
305442,15,1516,151601,Control,BoSY,Grade 9,2-level,frustration,23,275,8.363636363636363
500339,15,1505,150501,Control,BoSY,Grade 9,2-level,frustration,48,332,14.457831325301205
305435,15,1503,150301,Control,BoSY,Grade 9,2-level,frustration,104,364,28.571428571428573
308134,4,417,41708,Control,BoSY,Grade 9,2-level,frustration,152,435,34.94252873563219
305452,15,1505,150501,Control,BoSY,Grade 9,2-level,frustration,20,590,3.389830508474576
312330,7,703,70308,Treatment,BoSY,Grade 9,2-level,frustration,0,56,0
305710,7,703,70302,Treatment,BoSY,Grade 9,2-level,frustration,9,68,13.235294117647058
305655,11,1101,110101,Treatment,BoSY,Grade 9,2-level,frustration,0,20,0
305581,7,703,70303,Treatment,BoSY,Grade 9,2-level,frustration,0,31,0
303130,7,703,70309,Treatment,BoSY,Grade 9,2-level,frustration,23,138,16.666666666666668
312354,7,703,70309,Treatment,BoSY,Grade 9,2-level,frustration,0,22,0
305849,11,1105,110503,Treatment,BoSY,Grade 9,2-level,frustration,0,25,0
305500,11,1101,110101,Treatment,BoSY,Grade 9,2-level,frustration,3,20,15
312355,7,703,70304,Treatment,BoSY,Grade 9,2-level,frustration,0,34,0
501903,11,1110,111001,Treatment,BoSY,Grade 9,2-level,frustration,0,17,0
500665,7,705,70527,Control,BoSY,Grade 9,2-level,frustration,12,63,19.047619047619047
312462,7,705,70520,Control,BoSY,Grade 9,2-level,frustration,6,23,26.08695652173913
306038,11,1102,110202,Control,BoSY,Grade 9,2-level,frustration,1,25,4
500221,7,705,70527,Control,BoSY,Grade 9,2-level,frustration,4,18,22.22222222222222
500744,7,708,70801,Control,BoSY,Grade 9,2-level,frustration,2,34,5.882352941176471
305884,11,1101,110101,Control,BoSY,Grade 9,2-level,frustration,18,77,23.376623376623378
303170,7,709,70901,Control,BoSY,Grade 9,2-level,frustration,4,34,11.764705882352942
500787,7,708,70801,Control,BoSY,Grade 9,2-level,frustration,5,42,11.904761904761905
500667,7,705,70528,Control,BoSY,Grade 9,2-level,frustration,0,32,0
501071,11,1101,110101,Control,BoSY,Grade 9,2-level,frustration,0,16,0
303046,7,705,70527,Control,BoSY,Grade 9,2-level,frustration,0,80,0
325303,7,707,70701,Control,BoSY,Grade 9,2-level,frustration,14,54,25.925925925925927
500208,7,703,70305,Control,BoSY,Grade 9,2-level,frustration,1,14,7.142857142857143
312401,7,705,70525,Control,BoSY,Grade 9,2-level,frustration,0,57,0
303136,7,706,70601,Control,BoSY,Grade 9,2-level,frustration,7,55,12.727272727272727
312435,7,707,70701,Control,BoSY,Grade 9,2-level,frustration,10,27,37.03703703703704
502186,11,1101,110101,Control,BoSY,Grade 9,2-level,frustration,0,8,0
500782,7,708,70801,Control,BoSY,Grade 9,2-level,frustration,7,191,3.6649214659685865
306086,11,1106,110606,Control,BoSY,Grade 9,2-level,frustration,4,11,36.36363636363637
305755,7,705,70529,Control,BoSY,Grade 9,2-level,frustration,39,104,37.5
305665,11,1101,110101,Control,BoSY,Grade 9,2-level,frustration,1,15,6.666666666666667
501635,7,703,70301,Control,BoSY,Grade 9,2-level,frustration,10,52,19.23076923076923
305843,11,1110,111001,Control,BoSY,Grade 9,2-level,frustration,3,36,8.333333333333334
500894,7,705,70517,Control,BoSY,Grade 9,2-level,frustration,20,94,21.27659574468085
500671,7,705,70506,Control,BoSY,Grade 9,2-level,frustration,17,30,56.666666666666664
305847,11,1105,110503,Control,BoSY,Grade 9,2-level,frustration,2,33,6.0606060606060606
500784,7,708,70801,Control,BoSY,Grade 9,2-level,frustration,1,7,14.285714285714286
501267,7,705,70525,Control,BoSY,Grade 9,2-level,frustration,0,22,0
306000,7,705,70525,Control,BoSY,Grade 9,2-level,frustration,3,26,11.538461538461538
305517,11,1106,110608,Control,BoSY,Grade 9,2-level,frustration,14,41,34.146341463414636
305713,7,710,71001,Control,BoSY,Grade 9,2-level,frustration,0,40,0
500768,7,705,70521,Control,BoSY,Grade 9,2-level,frustration,10,68,14.705882352941176
316303,11,1107,110701,Control,BoSY,Grade 9,2-level,frustration,8,45,17.77777777777778
316304,11,1107,110701,Control,BoSY,Grade 9,2-level,frustration,13,62,20.967741935483872
305506,11,1101,110101,Control,BoSY,Grade 9,2-level,frustration,3,16,18.75
500421,7,705,70507,Control,BoSY,Grade 9,2-level,frustration,3,80,3.75
305681,11,1110,111001,Control,BoSY,Grade 9,2-level,frustration,89,166,53.6144578313253
303186,7,711,71101,Control,BoSY,Grade 9,2-level,frustration,4,109,3.669724770642202
501429,7,714,71402,Control,BoSY,Grade 9,2-level,frustration,19,56,33.92857142857143
305844,11,1103,110303,Control,BoSY,Grade 9,2-level,frustration,5,46,10.869565217391305
305965,11,1110,111001,Control,BoSY,Grade 9,2-level,frustration,0,67,0
501076,11,1103,110305,Control,BoSY,Grade 9,2-level,frustration,0,11,0
305889,11,1101,110101,Control,BoSY,Grade 9,2-level,frustration,0,42,0
501074,11,1103,110306,Control,BoSY,Grade 9,2-level,frustration,1,32,3.125
312408,7,705,70530,Control,BoSY,Grade 9,2-level,frustration,9,50,18
501351,7,705,70522,Control,BoSY,Grade 9,2-level,frustration,5,51,9.803921568627452
501404,11,1101,110101,Control,BoSY,Grade 9,2-level,frustration,1,28,3.5714285714285716
305660,11,1101,110101,Control,BoSY,Grade 9,2-level,frustration,0,43,0
303219,7,701,70101,Control,BoSY,Grade 9,2-level,frustration,2,108,1.8518518518518519
312450,7,705,70522,Control,BoSY,Grade 9,2-level,frustration,7,72,9.722222222222221
324903,7,704,70401,Control,BoSY,Grade 9,2-level,frustration,3,21,14.285714285714286
501065,11,1101,110101,Control,BoSY,Grade 9,2-level,frustration,3,115,2.608695652173913
312451,7,705,70532,Control,BoSY,Grade 9,2-level,frustration,6,45,13.333333333333334
501763,11,1103,110305,Control,BoSY,Grade 9,2-level,frustration,0,24,0
316405,11,1110,111001,Control,BoSY,Grade 9,2-level,frustration,6,90,6.666666666666667
316404,11,1110,111001,Control,BoSY,Grade 9,2-level,frustration,8,55,14.545454545454545
316301,11,1107,110701,Control,BoSY,Grade 9,2-level,frustration,0,137,0
312910,7,710,71001,Control,BoSY,Grade 9,2-level,frustration,22,101,21.782178217821784
303011,7,705,70512,Control,BoSY,Grade 9,2-level,frustration,2,32,6.25
305651,11,1101,110101,Control,BoSY,Grade 9,2-level,frustration,0,29,0
305662,11,1101,110101,Control,BoSY,Grade 9,2-level,frustration,5,38,13.157894736842104
305850,11,1105,110503,Control,BoSY,Grade 9,2-level,frustration,2,30,6.666666666666667
312481,7,705,70518,Control,BoSY,Grade 9,2-level,frustration,11,174,6.32183908045977
304409,11,1110,111001,Control,BoSY,Grade 9,2-level,frustration,2,101,1.9801980198019802
303246,7,713,71303,Control,BoSY,Grade 9,2-level,frustration,8,109,7.339449541284404
501405,11,1101,110101,Control,BoSY,Grade 9,2-level,frustration,1,38,2.6315789473684212
305677,11,1105,110503,Control,BoSY,Grade 9,2-level,frustration,8,48,16.666666666666668
500447,7,708,70801,Control,BoSY,Grade 9,2-level,frustration,21,45,46.666666666666664
501305,7,708,70801,Control,BoSY,Grade 9,2-level,frustration,1,28,3.5714285714285716
305917,7,708,70801,Control,BoSY,Grade 9,2-level,frustration,3,29,10.344827586206897
305722,7,703,70304,Control,BoSY,Grade 9,2-level,frustration,1,52,1.9230769230769231
312953,7,713,71306,Control,BoSY,Grade 9,2-level,frustration,0,23,0
305498,11,1101,110101,Control,BoSY,Grade 9,2-level,frustration,3,52,5.769230769230769
305669,11,1101,110101,Control,BoSY,Grade 9,2-level,frustration,6,21,28.571428571428573
312960,7,710,71002,Control,BoSY,Grade 9,2-level,frustration,2,76,2.6315789473684212
309906,5,508,50811,Treatment,BoSY,Grade 9,2-level,instructional,5,107,4.672897196261682
309934,5,508,50806,Treatment,BoSY,Grade 9,2-level,instructional,6,36,16.666666666666668
301871,5,501,50107,Treatment,BoSY,Grade 9,2-level,instructional,12,66,18.181818181818183
302134,5,508,50804,Treatment,BoSY,Grade 9,2-level,instructional,30,131,22.900763358778626
302117,5,508,50803,Treatment,BoSY,Grade 9,2-level,instructional,0,59,0
309909,5,508,50801,Treatment,BoSY,Grade 9,2-level,instructional,0,91,0
309915,5,508,50801,Treatment,BoSY,Grade 9,2-level,instructional,2,34,5.882352941176471
501544,5,508,50815,Treatment,BoSY,Grade 9,2-level,instructional,9,70,12.857142857142858
301887,5,502,50205,Treatment,BoSY,Grade 9,2-level,instructional,36,74,48.648648648648646
302175,5,508,50820,Treatment,BoSY,Grade 9,2-level,instructional,23,116,19.82758620689655
302146,5,508,50812,Treatment,BoSY,Grade 9,2-level,instructional,5,135,3.7037037037037037
309921,5,508,50805,Treatment,BoSY,Grade 9,2-level,instructional,0,69,0
302254,5,505,50501,Control,BoSY,Grade 9,2-level,instructional,31,89,34.831460674157306
309513,5,501,50112,Control,BoSY,Grade 9,2-level,instructional,10,86,11.627906976744185
500163,5,508,50801,Control,BoSY,Grade 9,2-level,instructional,9,66,13.636363636363637
302058,5,503,50333,Control,BoSY,Grade 9,2-level,instructional,3,84,3.5714285714285716
302192,5,511,51103,Control,BoSY,Grade 9,2-level,instructional,32,210,15.238095238095237
302227,5,511,51105,Control,BoSY,Grade 9,2-level,instructional,0,57,0
302252,5,505,50501,Control,BoSY,Grade 9,2-level,instructional,33,58,56.89655172413793
309914,5,508,50806,Control,BoSY,Grade 9,2-level,instructional,0,175,0
309711,5,503,50317,Control,BoSY,Grade 9,2-level,instructional,2,51,3.9215686274509802
301817,5,507,50701,Control,BoSY,Grade 9,2-level,instructional,2,80,2.5
302165,5,508,50816,Control,BoSY,Grade 9,2-level,instructional,7,61,11.475409836065573
301974,5,503,50311,Treatment,BoSY,Grade 9,2-level,instructional,15,44,34.09090909090909
302256,5,505,50501,Control,BoSY,Grade 9,2-level,instructional,25,93,26.881720430107528
301834,5,501,50106,Control,BoSY,Grade 9,2-level,instructional,26,138,18.840579710144926
309760,5,503,50306,Control,BoSY,Grade 9,2-level,instructional,13,49,26.53061224489796
309936,5,508,50819,Control,BoSY,Grade 9,2-level,instructional,7,46,15.217391304347826
302203,5,511,51102,Control,BoSY,Grade 9,2-level,instructional,3,39,7.6923076923076925
302011,5,503,50314,Control,BoSY,Grade 9,2-level,instructional,36,172,20.930232558139537
500168,5,505,50501,Control,BoSY,Grade 9,2-level,instructional,9,57,15.789473684210526
301947,5,503,50306,Control,BoSY,Grade 9,2-level,instructional,21,315,6.666666666666667
309941,5,508,50812,Control,BoSY,Grade 9,2-level,instructional,6,135,4.444444444444445
301839,5,501,50111,Control,BoSY,Grade 9,2-level,instructional,8,64,12.5
501843,5,508,50818,Treatment,BoSY,Grade 9,2-level,instructional,8,37,21.62162162162162
302111,5,508,50801,Control,BoSY,Grade 9,2-level,instructional,62,401,15.46134663341646
302133,5,509,50901,Control,BoSY,Grade 9,2-level,instructional,17,147,11.564625850340136
301990,5,503,50317,Control,BoSY,Grade 9,2-level,instructional,9,46,19.565217391304348
309937,5,508,50819,Control,BoSY,Grade 9,2-level,instructional,2,50,4
302241,5,511,51105,Control,BoSY,Grade 9,2-level,instructional,23,105,21.904761904761905
500167,5,505,50501,Control,BoSY,Grade 9,2-level,instructional,8,60,13.333333333333334
309764,5,503,50320,Control,BoSY,Grade 9,2-level,instructional,0,34,0
302205,5,511,51106,Control,BoSY,Grade 9,2-level,instructional,6,103,5.825242718446602
302014,5,503,50302,Control,BoSY,Grade 9,2-level,instructional,0,125,0
309740,5,503,50315,Control,BoSY,Grade 9,2-level,instructional,11,65,16.923076923076923
309741,5,503,50315,Control,BoSY,Grade 9,2-level,instructional,10,79,12.658227848101266
302161,5,508,50803,Treatment,BoSY,Grade 9,2-level,instructional,13,73,17.80821917808219
302113,5,508,50818,Treatment,BoSY,Grade 9,2-level,instructional,8,55,14.545454545454545
302127,5,508,50817,Control,BoSY,Grade 9,2-level,instructional,0,38,0
301899,5,502,50205,Control,BoSY,Grade 9,2-level,instructional,12,111,10.81081081081081
309509,5,501,50113,Control,BoSY,Grade 9,2-level,instructional,33,89,37.07865168539326
309903,5,508,50816,Control,BoSY,Grade 9,2-level,instructional,30,80,37.5
301995,5,503,50310,Control,BoSY,Grade 9,2-level,instructional,41,71,57.74647887323944
309702,5,503,50325,Control,BoSY,Grade 9,2-level,instructional,4,194,2.0618556701030926
501020,5,503,50310,Control,BoSY,Grade 9,2-level,instructional,0,28,0
309743,5,503,50332,Control,BoSY,Grade 9,2-level,instructional,15,90,16.666666666666668
301816,5,501,50101,Control,BoSY,Grade 9,2-level,instructional,10,111,9.00900900900901
302054,5,503,50315,Control,BoSY,Grade 9,2-level,instructional,31,95,32.63157894736842
301862,5,507,50701,Control,BoSY,Grade 9,2-level,instructional,30,193,15.544041450777202
502477,5,501,50108,Control,BoSY,Grade 9,2-level,instructional,13,22,59.09090909090909
302283,5,513,51301,Control,BoSY,Grade 9,2-level,instructional,16,246,6.504065040650406
301900,5,502,50206,Control,BoSY,Grade 9,2-level,instructional,21,52,40.38461538461539
302123,5,508,50808,Control,BoSY,Grade 9,2-level,instructional,10,77,12.987012987012987
309512,5,501,50110,Control,BoSY,Grade 9,2-level,instructional,2,43,4.651162790697675
302284,5,513,51301,Control,BoSY,Grade 9,2-level,instructional,18,151,11.920529801324504
500034,5,508,50819,Control,BoSY,Grade 9,2-level,instructional,0,29,0
302043,5,503,50305,Control,BoSY,Grade 9,2-level,instructional,25,178,14.044943820224718
302182,5,511,51107,Control,BoSY,Grade 9,2-level,instructional,6,88,6.818181818181818
301986,5,503,50334,Control,BoSY,Grade 9,2-level,instructional,24,181,13.259668508287293
302109,5,508,50817,Control,BoSY,Grade 9,2-level,instructional,14,181,7.734806629834254
302061,5,503,50311,Control,BoSY,Grade 9,2-level,instructional,9,50,18
309931,5,508,50802,Control,BoSY,Grade 9,2-level,instructional,3,66,4.545454545454546
301984,5,503,50331,Control,BoSY,Grade 9,2-level,instructional,13,174,7.471264367816092
302156,5,508,50803,Control,BoSY,Grade 9,2-level,instructional,20,95,21.05263157894737
309705,5,503,50330,Control,BoSY,Grade 9,2-level,instructional,2,74,2.7027027027027026
500165,5,508,50804,Control,BoSY,Grade 9,2-level,instructional,5,43,11.627906976744185
301930,5,503,50328,Control,BoSY,Grade 9,2-level,instructional,1,75,1.3333333333333333
302177,5,508,50806,Control,BoSY,Grade 9,2-level,instructional,5,81,6.172839506172839
302282,5,513,51301,Control,BoSY,Grade 9,2-level,instructional,60,289,20.761245674740483
502615,5,508,50802,Control,BoSY,Grade 9,2-level,instructional,1,12,8.333333333333334
302263,5,506,50601,Control,BoSY,Grade 9,2-level,instructional,8,61,13.114754098360656
301826,5,501,50103,Control,BoSY,Grade 9,2-level,instructional,5,35,14.285714285714286
305750,5,513,51301,Control,BoSY,Grade 9,2-level,instructional,4,48,8.333333333333334
301870,5,501,50110,Control,BoSY,Grade 9,2-level,instructional,6,67,8.955223880597014
302039,5,503,50316,Control,BoSY,Grade 9,2-level,instructional,78,228,34.21052631578947
301868,5,501,50112,Control,BoSY,Grade 9,2-level,instructional,1,174,0.5747126436781609
301963,5,503,50316,Control,BoSY,Grade 9,2-level,instructional,43,156,27.564102564102566
340567,15,1505,150501,Treatment,BoSY,Grade 9,2-level,instructional,26,205,12.682926829268293
320606,15,1515,151502,Treatment,BoSY,Grade 9,2-level,instructional,81,333,24.324324324324323
320202,15,1511,151101,Treatment,BoSY,Grade 9,2-level,instructional,16,116,13.793103448275861
305310,15,1507,150703,Treatment,BoSY,Grade 9,2-level,instructional,23,299,7.6923076923076925
305418,15,1513,151301,Treatment,BoSY,Grade 9,2-level,instructional,149,966,15.424430641821946
500565,15,1515,151502,Treatment,BoSY,Grade 9,2-level,instructional,125,709,17.63046544428773
301258,4,413,41308,Treatment,BoSY,Grade 9,2-level,instructional,54,382,14.136125654450261
301214,4,411,41101,Treatment,BoSY,Grade 9,2-level,instructional,74,601,12.312811980033278
301497,4,414,41401,Treatment,BoSY,Grade 9,2-level,instructional,72,328,21.951219512195124
305411,15,1515,151502,Treatment,BoSY,Grade 9,2-level,instructional,128,844,15.165876777251185
305420,15,1513,151301,Treatment,BoSY,Grade 9,2-level,instructional,232,1126,20.603907637655418
301231,4,413,41302,Control,BoSY,Grade 9,2-level,instructional,14,161,8.695652173913043
301188,4,402,40201,Control,BoSY,Grade 9,2-level,instructional,146,606,24.09240924092409
307913,4,413,41309,Control,BoSY,Grade 9,2-level,instructional,0,249,0
500566,15,1507,150710,Control,BoSY,Grade 9,2-level,instructional,0,660,0
305453,15,1510,151001,Control,BoSY,Grade 9,2-level,instructional,386,710,54.36619718309859
305311,15,1507,150702,Control,BoSY,Grade 9,2-level,instructional,44,266,16.541353383458645
301425,4,401,40101,Control,BoSY,Grade 9,2-level,instructional,218,804,27.114427860696516
301202,4,408,40812,Control,BoSY,Grade 9,2-level,instructional,109,297,36.7003367003367
305412,15,1515,151502,Control,BoSY,Grade 9,2-level,instructional,227,991,22.906155398587284
308105,4,417,41703,Control,BoSY,Grade 9,2-level,instructional,147,620,23.70967741935484
305341,15,1514,151401,Control,BoSY,Grade 9,2-level,instructional,249,862,28.88631090487239
319604,15,1512,151201,Control,BoSY,Grade 9,2-level,instructional,14,341,4.105571847507331
305568,15,1516,151601,Control,BoSY,Grade 9,2-level,instructional,66,289,22.837370242214533
305434,15,1503,150301,Control,BoSY,Grade 9,2-level,instructional,67,690,9.710144927536232
301464,4,417,41710,Control,BoSY,Grade 9,2-level,instructional,145,501,28.942115768463072
305461,15,1515,151502,Control,BoSY,Grade 9,2-level,instructional,40,280,14.285714285714286
305384,15,1501,150101,Control,BoSY,Grade 9,2-level,instructional,30,418,7.177033492822966
301143,4,421,42101,Control,BoSY,Grade 9,2-level,instructional,210,861,24.390243902439025
305340,15,1514,151401,Control,BoSY,Grade 9,2-level,instructional,100,1128,8.865248226950355
305302,15,1507,150709,Treatment,BoSY,Grade 9,2-level,instructional,229,1021,22.428991185112636
308103,4,417,41712,Control,BoSY,Grade 9,2-level,instructional,77,274,28.1021897810219
308130,4,417,41711,Control,BoSY,Grade 9,2-level,instructional,34,120,28.333333333333332
301227,4,420,42001,Control,BoSY,Grade 9,2-level,instructional,90,1031,8.729388942774007
305334,15,1514,151401,Control,BoSY,Grade 9,2-level,instructional,66,569,11.599297012302285
305367,15,1512,151201,Control,BoSY,Grade 9,2-level,instructional,225,901,24.972253052164262
305635,15,1514,151401,Control,BoSY,Grade 9,2-level,instructional,94,385,24.415584415584416
301218,4,408,40814,Control,BoSY,Grade 9,2-level,instructional,526,1870,28.128342245989305
308501,4,415,41501,Control,BoSY,Grade 9,2-level,instructional,140,489,28.629856850715747
500332,15,1506,150601,Control,BoSY,Grade 9,2-level,instructional,12,278,4.316546762589928
305471,15,1509,150901,Control,BoSY,Grade 9,2-level,instructional,189,656,28.8109756097561
305376,15,1501,150101,Treatment,BoSY,Grade 9,2-level,instructional,60,775,7.741935483870968
301432,4,417,41705,Control,BoSY,Grade 9,2-level,instructional,124,482,25.726141078838175
305459,15,1515,151502,Control,BoSY,Grade 9,2-level,instructional,182,779,23.36328626444159
305313,15,1507,150708,Control,BoSY,Grade 9,2-level,instructional,104,497,20.925553319919516
301186,4,410,41001,Control,BoSY,Grade 9,2-level,instructional,470,1540,30.51948051948052
301184,4,410,41001,Control,BoSY,Grade 9,2-level,instructional,492,921,53.420195439739416
305295,15,1507,150710,Control,BoSY,Grade 9,2-level,instructional,60,1234,4.862236628849271
301416,4,422,42201,Control,BoSY,Grade 9,2-level,instructional,37,135,27.40740740740741
305450,15,1505,150501,Treatment,BoSY,Grade 9,2-level,instructional,58,365,15.89041095890411
301403,4,416,41606,Control,BoSY,Grade 9,2-level,instructional,26,358,7.262569832402234
301451,4,417,41708,Control,BoSY,Grade 9,2-level,instructional,64,260,24.615384615384617
305338,15,1514,151401,Control,BoSY,Grade 9,2-level,instructional,241,651,37.01996927803379
301257,4,413,41312,Control,BoSY,Grade 9,2-level,instructional,504,1758,28.668941979522184
305416,15,1513,151301,Control,BoSY,Grade 9,2-level,instructional,237,838,28.281622911694512
305337,15,1514,151401,Control,BoSY,Grade 9,2-level,instructional,185,1923,9.620384815392615
305353,15,1514,151401,Control,BoSY,Grade 9,2-level,instructional,68,397,17.12846347607053
301197,4,408,40812,Control,BoSY,Grade 9,2-level,instructional,7,360,1.9444444444444444
301236,4,413,41308,Treatment,BoSY,Grade 9,2-level,instructional,25,256,9.765625
305444,15,1516,151601,Control,BoSY,Grade 9,2-level,instructional,63,293,21.501706484641637
320306,15,1503,150301,Control,BoSY,Grade 9,2-level,instructional,213,694,30.69164265129683
301489,4,414,41401,Control,BoSY,Grade 9,2-level,instructional,57,285,20
301507,4,418,41801,Control,BoSY,Grade 9,2-level,instructional,26,123,21.13821138211382
301456,4,417,41710,Control,BoSY,Grade 9,2-level,instructional,56,453,12.362030905077262
301238,4,413,41303,Control,BoSY,Grade 9,2-level,instructional,17,447,3.8031319910514543
305438,15,1516,151601,Control,BoSY,Grade 9,2-level,instructional,323,847,38.13459268004723
305324,15,1514,151401,Control,BoSY,Grade 9,2-level,instructional,5,292,1.7123287671232876
305454,15,1510,151001,Control,BoSY,Grade 9,2-level,instructional,4,120,3.3333333333333335
308122,4,417,41708,Control,BoSY,Grade 9,2-level,instructional,50,145,34.48275862068966
301508,4,418,41801,Control,BoSY,Grade 9,2-level,instructional,28,249,11.244979919678714
305465,15,1515,151502,Control,BoSY,Grade 9,2-level,instructional,76,780,9.743589743589743
305428,15,1511,151101,Control,BoSY,Grade 9,2-level,instructional,170,341,49.853372434017594
301175,4,408,40807,Control,BoSY,Grade 9,2-level,instructional,88,510,17.254901960784313
301437,4,417,41704,Control,BoSY,Grade 9,2-level,instructional,139,916,15.174672489082969
320204,15,1511,151101,Control,BoSY,Grade 9,2-level,instructional,65,560,11.607142857142858
305447,15,1505,150501,Control,BoSY,Grade 9,2-level,instructional,2,575,0.34782608695652173
301438,4,417,41704,Control,BoSY,Grade 9,2-level,instructional,28,429,6.526806526806527
308135,4,417,41708,Control,BoSY,Grade 9,2-level,instructional,17,363,4.683195592286501
301418,4,401,40101,Control,BoSY,Grade 9,2-level,instructional,534,2592,20.60185185185185
305288,15,1507,150710,Control,BoSY,Grade 9,2-level,instructional,116,732,15.846994535519126
301265,4,413,41301,Control,BoSY,Grade 9,2-level,instructional,86,348,24.71264367816092
305442,15,1516,151601,Control,BoSY,Grade 9,2-level,instructional,34,275,12.363636363636363
500339,15,1505,150501,Control,BoSY,Grade 9,2-level,instructional,51,332,15.36144578313253
305435,15,1503,150301,Control,BoSY,Grade 9,2-level,instructional,48,364,13.186813186813186
308134,4,417,41708,Control,BoSY,Grade 9,2-level,instructional,164,435,37.701149425287355
305452,15,1505,150501,Control,BoSY,Grade 9,2-level,instructional,112,590,18.983050847457626
312330,7,703,70308,Treatment,BoSY,Grade 9,2-level,instructional,7,56,12.5
305710,7,703,70302,Treatment,BoSY,Grade 9,2-level,instructional,13,68,19.11764705882353
305655,11,1101,110101,Treatment,BoSY,Grade 9,2-level,instructional,8,20,40
305581,7,703,70303,Treatment,BoSY,Grade 9,2-level,instructional,0,31,0
303130,7,703,70309,Treatment,BoSY,Grade 9,2-level,instructional,5,138,3.6231884057971016
312354,7,703,70309,Treatment,BoSY,Grade 9,2-level,instructional,2,22,9.090909090909092
305849,11,1105,110503,Treatment,BoSY,Grade 9,2-level,instructional,9,25,36
305500,11,1101,110101,Treatment,BoSY,Grade 9,2-level,instructional,5,20,25
312355,7,703,70304,Treatment,BoSY,Grade 9,2-level,instructional,4,34,11.764705882352942
501903,11,1110,111001,Treatment,BoSY,Grade 9,2-level,instructional,0,17,0
500665,7,705,70527,Control,BoSY,Grade 9,2-level,instructional,3,63,4.761904761904762
312462,7,705,70520,Control,BoSY,Grade 9,2-level,instructional,2,23,8.695652173913043
306038,11,1102,110202,Control,BoSY,Grade 9,2-level,instructional,1,25,4
500221,7,705,70527,Control,BoSY,Grade 9,2-level,instructional,3,18,16.666666666666668
500744,7,708,70801,Control,BoSY,Grade 9,2-level,instructional,4,34,11.764705882352942
305884,11,1101,110101,Control,BoSY,Grade 9,2-level,instructional,19,77,24.675324675324674
303170,7,709,70901,Control,BoSY,Grade 9,2-level,instructional,5,34,14.705882352941176
500787,7,708,70801,Control,BoSY,Grade 9,2-level,instructional,9,42,21.428571428571427
500667,7,705,70528,Control,BoSY,Grade 9,2-level,instructional,5,32,15.625
501071,11,1101,110101,Control,BoSY,Grade 9,2-level,instructional,4,16,25
303046,7,705,70527,Control,BoSY,Grade 9,2-level,instructional,0,80,0
325303,7,707,70701,Control,BoSY,Grade 9,2-level,instructional,7,54,12.962962962962964
500208,7,703,70305,Control,BoSY,Grade 9,2-level,instructional,0,14,0
312401,7,705,70525,Control,BoSY,Grade 9,2-level,instructional,0,57,0
303136,7,706,70601,Control,BoSY,Grade 9,2-level,instructional,5,55,9.090909090909092
312435,7,707,70701,Control,BoSY,Grade 9,2-level,instructional,2,27,7.407407407407407
502186,11,1101,110101,Control,BoSY,Grade 9,2-level,instructional,1,8,12.5
500782,7,708,70801,Control,BoSY,Grade 9,2-level,instructional,66,191,34.55497382198953
306086,11,1106,110606,Control,BoSY,Grade 9,2-level,instructional,0,11,0
305755,7,705,70529,Control,BoSY,Grade 9,2-level,instructional,21,104,20.192307692307693
305665,11,1101,110101,Control,BoSY,Grade 9,2-level,instructional,0,15,0
501635,7,703,70301,Control,BoSY,Grade 9,2-level,instructional,21,52,40.38461538461539
305843,11,1110,111001,Control,BoSY,Grade 9,2-level,instructional,1,36,2.7777777777777777
500894,7,705,70517,Control,BoSY,Grade 9,2-level,instructional,13,94,13.829787234042554
500671,7,705,70506,Control,BoSY,Grade 9,2-level,instructional,5,30,16.666666666666668
305847,11,1105,110503,Control,BoSY,Grade 9,2-level,instructional,3,33,9.090909090909092
500784,7,708,70801,Control,BoSY,Grade 9,2-level,instructional,0,7,0
501267,7,705,70525,Control,BoSY,Grade 9,2-level,instructional,0,22,0
306000,7,705,70525,Control,BoSY,Grade 9,2-level,instructional,10,26,38.46153846153846
305517,11,1106,110608,Control,BoSY,Grade 9,2-level,instructional,5,41,12.195121951219512
305713,7,710,71001,Control,BoSY,Grade 9,2-level,instructional,0,40,0
500768,7,705,70521,Control,BoSY,Grade 9,2-level,instructional,6,68,8.823529411764707
316303,11,1107,110701,Control,BoSY,Grade 9,2-level,instructional,11,45,24.444444444444443
316304,11,1107,110701,Control,BoSY,Grade 9,2-level,instructional,19,62,30.64516129032258
305506,11,1101,110101,Control,BoSY,Grade 9,2-level,instructional,5,16,31.25
500421,7,705,70507,Control,BoSY,Grade 9,2-level,instructional,28,80,35
305681,11,1110,111001,Control,BoSY,Grade 9,2-level,instructional,34,166,20.481927710843372
303186,7,711,71101,Control,BoSY,Grade 9,2-level,instructional,8,109,7.339449541284404
501429,7,714,71402,Control,BoSY,Grade 9,2-level,instructional,5,56,8.928571428571429
305844,11,1103,110303,Control,BoSY,Grade 9,2-level,instructional,3,46,6.521739130434782
305965,11,1110,111001,Control,BoSY,Grade 9,2-level,instructional,7,67,10.447761194029852
501076,11,1103,110305,Control,BoSY,Grade 9,2-level,instructional,0,11,0
305889,11,1101,110101,Control,BoSY,Grade 9,2-level,instructional,0,42,0
501074,11,1103,110306,Control,BoSY,Grade 9,2-level,instructional,2,32,6.25
312408,7,705,70530,Control,BoSY,Grade 9,2-level,instructional,8,50,16
501351,7,705,70522,Control,BoSY,Grade 9,2-level,instructional,5,51,9.803921568627452
501404,11,1101,110101,Control,BoSY,Grade 9,2-level,instructional,8,28,28.571428571428573
305660,11,1101,110101,Control,BoSY,Grade 9,2-level,instructional,10,43,23.25581395348837
303219,7,701,70101,Control,BoSY,Grade 9,2-level,instructional,28,108,25.925925925925927
312450,7,705,70522,Control,BoSY,Grade 9,2-level,instructional,19,72,26.38888888888889
324903,7,704,70401,Control,BoSY,Grade 9,2-level,instructional,2,21,9.523809523809524
501065,11,1101,110101,Control,BoSY,Grade 9,2-level,instructional,13,115,11.304347826086957
312451,7,705,70532,Control,BoSY,Grade 9,2-level,instructional,5,45,11.11111111111111
501763,11,1103,110305,Control,BoSY,Grade 9,2-level,instructional,0,24,0
316405,11,1110,111001,Control,BoSY,Grade 9,2-level,instructional,9,90,10
316404,11,1110,111001,Control,BoSY,Grade 9,2-level,instructional,10,55,18.181818181818183
316301,11,1107,110701,Control,BoSY,Grade 9,2-level,instructional,0,137,0
312910,7,710,71001,Control,BoSY,Grade 9,2-level,instructional,15,101,14.851485148514852
303011,7,705,70512,Control,BoSY,Grade 9,2-level,instructional,2,32,6.25
305651,11,1101,110101,Control,BoSY,Grade 9,2-level,instructional,6,29,20.689655172413794
305662,11,1101,110101,Control,BoSY,Grade 9,2-level,instructional,3,38,7.894736842105263
305850,11,1105,110503,Control,BoSY,Grade 9,2-level,instructional,7,30,23.333333333333332
312481,7,705,70518,Control,BoSY,Grade 9,2-level,instructional,25,174,14.367816091954023
304409,11,1110,111001,Control,BoSY,Grade 9,2-level,instructional,19,101,18.81188118811881
303246,7,713,71303,Control,BoSY,Grade 9,2-level,instructional,22,109,20.18348623853211
501405,11,1101,110101,Control,BoSY,Grade 9,2-level,instructional,6,38,15.789473684210526
305677,11,1105,110503,Control,BoSY,Grade 9,2-level,instructional,7,48,14.583333333333334
500447,7,708,70801,Control,BoSY,Grade 9,2-level,instructional,7,45,15.555555555555555
501305,7,708,70801,Control,BoSY,Grade 9,2-level,instructional,12,28,42.857142857142854
305917,7,708,70801,Control,BoSY,Grade 9,2-level,instructional,3,29,10.344827586206897
305722,7,703,70304,Control,BoSY,Grade 9,2-level,instructional,4,52,7.6923076923076925
312953,7,713,71306,Control,BoSY,Grade 9,2-level,instructional,2,23,8.695652173913043
305498,11,1101,110101,Control,BoSY,Grade 9,2-level,instructional,3,52,5.769230769230769
305669,11,1101,110101,Control,BoSY,Grade 9,2-level,instructional,4,21,19.047619047619047
312960,7,710,71002,Control,BoSY,Grade 9,2-level,instructional,3,76,3.9473684210526314
309906,5,508,50811,Treatment,BoSY,Grade 9,2-level,independent,3,107,2.803738317757009
309934,5,508,50806,Treatment,BoSY,Grade 9,2-level,independent,9,36,25
301871,5,501,50107,Treatment,BoSY,Grade 9,2-level,independent,8,66,12.121212121212121
302134,5,508,50804,Treatment,BoSY,Grade 9,2-level,independent,88,131,67.17557251908397
302117,5,508,50803,Treatment,BoSY,Grade 9,2-level,independent,17,59,28.8135593220339
309909,5,508,50801,Treatment,BoSY,Grade 9,2-level,independent,0,91,0
309915,5,508,50801,Treatment,BoSY,Grade 9,2-level,independent,2,34,5.882352941176471
501544,5,508,50815,Treatment,BoSY,Grade 9,2-level,independent,0,70,0
301887,5,502,50205,Treatment,BoSY,Grade 9,2-level,independent,0,74,0
302175,5,508,50820,Treatment,BoSY,Grade 9,2-level,independent,44,116,37.93103448275862
302146,5,508,50812,Treatment,BoSY,Grade 9,2-level,independent,0,135,0
309921,5,508,50805,Treatment,BoSY,Grade 9,2-level,independent,24,69,34.78260869565217
302254,5,505,50501,Control,BoSY,Grade 9,2-level,independent,0,89,0
309513,5,501,50112,Control,BoSY,Grade 9,2-level,independent,9,86,10.465116279069768
500163,5,508,50801,Control,BoSY,Grade 9,2-level,independent,17,66,25.757575757575758
302058,5,503,50333,Control,BoSY,Grade 9,2-level,independent,0,84,0
302192,5,511,51103,Control,BoSY,Grade 9,2-level,independent,61,210,29.047619047619047
302227,5,511,51105,Control,BoSY,Grade 9,2-level,independent,0,57,0
302252,5,505,50501,Control,BoSY,Grade 9,2-level,independent,1,58,1.7241379310344827
309914,5,508,50806,Control,BoSY,Grade 9,2-level,independent,0,175,0
309711,5,503,50317,Control,BoSY,Grade 9,2-level,independent,0,51,0
301817,5,507,50701,Control,BoSY,Grade 9,2-level,independent,1,80,1.25
302165,5,508,50816,Control,BoSY,Grade 9,2-level,independent,10,61,16.39344262295082
301974,5,503,50311,Treatment,BoSY,Grade 9,2-level,independent,3,44,6.818181818181818
302256,5,505,50501,Control,BoSY,Grade 9,2-level,independent,17,93,18.27956989247312
301834,5,501,50106,Control,BoSY,Grade 9,2-level,independent,52,138,37.68115942028985
309760,5,503,50306,Control,BoSY,Grade 9,2-level,independent,0,49,0
309936,5,508,50819,Control,BoSY,Grade 9,2-level,independent,4,46,8.695652173913043
302203,5,511,51102,Control,BoSY,Grade 9,2-level,independent,0,39,0
302011,5,503,50314,Control,BoSY,Grade 9,2-level,independent,24,172,13.953488372093023
500168,5,505,50501,Control,BoSY,Grade 9,2-level,independent,4,57,7.017543859649122
301947,5,503,50306,Control,BoSY,Grade 9,2-level,independent,4,315,1.2698412698412698
309941,5,508,50812,Control,BoSY,Grade 9,2-level,independent,3,135,2.2222222222222223
301839,5,501,50111,Control,BoSY,Grade 9,2-level,independent,5,64,7.8125
501843,5,508,50818,Treatment,BoSY,Grade 9,2-level,independent,13,37,35.13513513513514
302111,5,508,50801,Control,BoSY,Grade 9,2-level,independent,123,401,30.673316708229425
302133,5,509,50901,Control,BoSY,Grade 9,2-level,independent,1,147,0.6802721088435374
301990,5,503,50317,Control,BoSY,Grade 9,2-level,independent,10,46,21.73913043478261
309937,5,508,50819,Control,BoSY,Grade 9,2-level,independent,2,50,4
302241,5,511,51105,Control,BoSY,Grade 9,2-level,independent,38,105,36.19047619047619
500167,5,505,50501,Control,BoSY,Grade 9,2-level,independent,5,60,8.333333333333334
309764,5,503,50320,Control,BoSY,Grade 9,2-level,independent,0,34,0
302205,5,511,51106,Control,BoSY,Grade 9,2-level,independent,21,103,20.388349514563107
302014,5,503,50302,Control,BoSY,Grade 9,2-level,independent,0,125,0
309740,5,503,50315,Control,BoSY,Grade 9,2-level,independent,19,65,29.23076923076923
309741,5,503,50315,Control,BoSY,Grade 9,2-level,independent,0,79,0
302161,5,508,50803,Treatment,BoSY,Grade 9,2-level,independent,19,73,26.027397260273972
302113,5,508,50818,Treatment,BoSY,Grade 9,2-level,independent,9,55,16.363636363636363
302127,5,508,50817,Control,BoSY,Grade 9,2-level,independent,5,38,13.157894736842104
301899,5,502,50205,Control,BoSY,Grade 9,2-level,independent,23,111,20.72072072072072
309509,5,501,50113,Control,BoSY,Grade 9,2-level,independent,8,89,8.98876404494382
309903,5,508,50816,Control,BoSY,Grade 9,2-level,independent,16,80,20
301995,5,503,50310,Control,BoSY,Grade 9,2-level,independent,18,71,25.35211267605634
309702,5,503,50325,Control,BoSY,Grade 9,2-level,independent,1,194,0.5154639175257731
501020,5,503,50310,Control,BoSY,Grade 9,2-level,independent,12,28,42.857142857142854
309743,5,503,50332,Control,BoSY,Grade 9,2-level,independent,9,90,10
301816,5,501,50101,Control,BoSY,Grade 9,2-level,independent,2,111,1.8018018018018018
302054,5,503,50315,Control,BoSY,Grade 9,2-level,independent,13,95,13.68421052631579
301862,5,507,50701,Control,BoSY,Grade 9,2-level,independent,43,193,22.27979274611399
502477,5,501,50108,Control,BoSY,Grade 9,2-level,independent,2,22,9.090909090909092
302283,5,513,51301,Control,BoSY,Grade 9,2-level,independent,11,246,4.471544715447155
301900,5,502,50206,Control,BoSY,Grade 9,2-level,independent,0,52,0
302123,5,508,50808,Control,BoSY,Grade 9,2-level,independent,0,77,0
309512,5,501,50110,Control,BoSY,Grade 9,2-level,independent,14,43,32.55813953488372
302284,5,513,51301,Control,BoSY,Grade 9,2-level,independent,2,151,1.3245033112582782
500034,5,508,50819,Control,BoSY,Grade 9,2-level,independent,0,29,0
302043,5,503,50305,Control,BoSY,Grade 9,2-level,independent,20,178,11.235955056179776
302182,5,511,51107,Control,BoSY,Grade 9,2-level,independent,1,88,1.1363636363636365
301986,5,503,50334,Control,BoSY,Grade 9,2-level,independent,11,181,6.077348066298343
302109,5,508,50817,Control,BoSY,Grade 9,2-level,independent,30,181,16.574585635359117
302061,5,503,50311,Control,BoSY,Grade 9,2-level,independent,10,50,20
309931,5,508,50802,Control,BoSY,Grade 9,2-level,independent,8,66,12.121212121212121
301984,5,503,50331,Control,BoSY,Grade 9,2-level,independent,3,174,1.7241379310344827
302156,5,508,50803,Control,BoSY,Grade 9,2-level,independent,10,95,10.526315789473685
309705,5,503,50330,Control,BoSY,Grade 9,2-level,independent,0,74,0
500165,5,508,50804,Control,BoSY,Grade 9,2-level,independent,5,43,11.627906976744185
301930,5,503,50328,Control,BoSY,Grade 9,2-level,independent,0,75,0
302177,5,508,50806,Control,BoSY,Grade 9,2-level,independent,2,81,2.4691358024691357
302282,5,513,51301,Control,BoSY,Grade 9,2-level,independent,20,289,6.920415224913495
502615,5,508,50802,Control,BoSY,Grade 9,2-level,independent,0,12,0
302263,5,506,50601,Control,BoSY,Grade 9,2-level,independent,1,61,1.639344262295082
301826,5,501,50103,Control,BoSY,Grade 9,2-level,independent,5,35,14.285714285714286
305750,5,513,51301,Control,BoSY,Grade 9,2-level,independent,3,48,6.25
301870,5,501,50110,Control,BoSY,Grade 9,2-level,independent,7,67,10.447761194029852
302039,5,503,50316,Control,BoSY,Grade 9,2-level,independent,9,228,3.9473684210526314
301868,5,501,50112,Control,BoSY,Grade 9,2-level,independent,5,174,2.8735632183908044
301963,5,503,50316,Control,BoSY,Grade 9,2-level,independent,0,156,0
340567,15,1505,150501,Treatment,BoSY,Grade 9,2-level,independent,84,205,40.97560975609756
320606,15,1515,151502,Treatment,BoSY,Grade 9,2-level,independent,29,333,8.70870870870871
320202,15,1511,151101,Treatment,BoSY,Grade 9,2-level,independent,23,116,19.82758620689655
305310,15,1507,150703,Treatment,BoSY,Grade 9,2-level,independent,8,299,2.6755852842809364
305418,15,1513,151301,Treatment,BoSY,Grade 9,2-level,independent,163,966,16.873706004140786
500565,15,1515,151502,Treatment,BoSY,Grade 9,2-level,independent,40,709,5.6417489421720735
301258,4,413,41308,Treatment,BoSY,Grade 9,2-level,independent,33,382,8.638743455497382
301214,4,411,41101,Treatment,BoSY,Grade 9,2-level,independent,46,601,7.653910149750416
301497,4,414,41401,Treatment,BoSY,Grade 9,2-level,independent,44,328,13.414634146341463
305411,15,1515,151502,Treatment,BoSY,Grade 9,2-level,independent,41,844,4.85781990521327
305420,15,1513,151301,Treatment,BoSY,Grade 9,2-level,independent,54,1126,4.7957371225577266
301231,4,413,41302,Control,BoSY,Grade 9,2-level,independent,12,161,7.453416149068323
301188,4,402,40201,Control,BoSY,Grade 9,2-level,independent,142,606,23.432343234323433
307913,4,413,41309,Control,BoSY,Grade 9,2-level,independent,0,249,0
500566,15,1507,150710,Control,BoSY,Grade 9,2-level,independent,403,660,61.06060606060606
305453,15,1510,151001,Control,BoSY,Grade 9,2-level,independent,9,710,1.267605633802817
305311,15,1507,150702,Control,BoSY,Grade 9,2-level,independent,7,266,2.6315789473684212
301425,4,401,40101,Control,BoSY,Grade 9,2-level,independent,49,804,6.0945273631840795
301202,4,408,40812,Control,BoSY,Grade 9,2-level,independent,0,297,0
305412,15,1515,151502,Control,BoSY,Grade 9,2-level,independent,431,991,43.491422805247225
308105,4,417,41703,Control,BoSY,Grade 9,2-level,independent,62,620,10
305341,15,1514,151401,Control,BoSY,Grade 9,2-level,independent,62,862,7.192575406032483
319604,15,1512,151201,Control,BoSY,Grade 9,2-level,independent,11,341,3.225806451612903
305568,15,1516,151601,Control,BoSY,Grade 9,2-level,independent,46,289,15.916955017301039
305434,15,1503,150301,Control,BoSY,Grade 9,2-level,independent,67,690,9.710144927536232
301464,4,417,41710,Control,BoSY,Grade 9,2-level,independent,161,501,32.13572854291417
305461,15,1515,151502,Control,BoSY,Grade 9,2-level,independent,8,280,2.857142857142857
305384,15,1501,150101,Control,BoSY,Grade 9,2-level,independent,94,418,22.48803827751196
301143,4,421,42101,Control,BoSY,Grade 9,2-level,independent,221,861,25.667828106852497
305340,15,1514,151401,Control,BoSY,Grade 9,2-level,independent,278,1128,24.645390070921987
305302,15,1507,150709,Treatment,BoSY,Grade 9,2-level,independent,77,1021,7.541625857002939
308103,4,417,41712,Control,BoSY,Grade 9,2-level,independent,83,274,30.291970802919707
308130,4,417,41711,Control,BoSY,Grade 9,2-level,independent,11,120,9.166666666666666
301227,4,420,42001,Control,BoSY,Grade 9,2-level,independent,102,1031,9.893307468477207
305334,15,1514,151401,Control,BoSY,Grade 9,2-level,independent,147,569,25.834797891036906
305367,15,1512,151201,Control,BoSY,Grade 9,2-level,independent,179,901,19.866814650388456
305635,15,1514,151401,Control,BoSY,Grade 9,2-level,independent,107,385,27.792207792207794
301218,4,408,40814,Control,BoSY,Grade 9,2-level,independent,245,1870,13.101604278074866
308501,4,415,41501,Control,BoSY,Grade 9,2-level,independent,54,489,11.042944785276074
500332,15,1506,150601,Control,BoSY,Grade 9,2-level,independent,1,278,0.3597122302158273
305471,15,1509,150901,Control,BoSY,Grade 9,2-level,independent,105,656,16.00609756097561
305376,15,1501,150101,Treatment,BoSY,Grade 9,2-level,independent,135,775,17.419354838709676
301432,4,417,41705,Control,BoSY,Grade 9,2-level,independent,59,482,12.240663900414937
305459,15,1515,151502,Control,BoSY,Grade 9,2-level,independent,115,779,14.762516046213094
305313,15,1507,150708,Control,BoSY,Grade 9,2-level,independent,89,497,17.907444668008047
301186,4,410,41001,Control,BoSY,Grade 9,2-level,independent,374,1540,24.285714285714285
301184,4,410,41001,Control,BoSY,Grade 9,2-level,independent,124,921,13.463626492942455
305295,15,1507,150710,Control,BoSY,Grade 9,2-level,independent,225,1234,18.233387358184764
301416,4,422,42201,Control,BoSY,Grade 9,2-level,independent,0,135,0
305450,15,1505,150501,Treatment,BoSY,Grade 9,2-level,independent,36,365,9.863013698630137
301403,4,416,41606,Control,BoSY,Grade 9,2-level,independent,8,358,2.2346368715083798
301451,4,417,41708,Control,BoSY,Grade 9,2-level,independent,1,260,0.38461538461538464
305338,15,1514,151401,Control,BoSY,Grade 9,2-level,independent,54,651,8.294930875576037
301257,4,413,41312,Control,BoSY,Grade 9,2-level,independent,342,1758,19.453924914675767
305416,15,1513,151301,Control,BoSY,Grade 9,2-level,independent,112,838,13.365155131264917
305337,15,1514,151401,Control,BoSY,Grade 9,2-level,independent,57,1923,2.9641185647425896
305353,15,1514,151401,Control,BoSY,Grade 9,2-level,independent,51,397,12.846347607052897
301197,4,408,40812,Control,BoSY,Grade 9,2-level,independent,8,360,2.2222222222222223
301236,4,413,41308,Treatment,BoSY,Grade 9,2-level,independent,27,256,10.546875
305444,15,1516,151601,Control,BoSY,Grade 9,2-level,independent,6,293,2.04778156996587
320306,15,1503,150301,Control,BoSY,Grade 9,2-level,independent,66,694,9.510086455331413
301489,4,414,41401,Control,BoSY,Grade 9,2-level,independent,76,285,26.666666666666668
301507,4,418,41801,Control,BoSY,Grade 9,2-level,independent,21,123,17.073170731707318
301456,4,417,41710,Control,BoSY,Grade 9,2-level,independent,48,453,10.596026490066226
301238,4,413,41303,Control,BoSY,Grade 9,2-level,independent,3,447,0.6711409395973155
305438,15,1516,151601,Control,BoSY,Grade 9,2-level,independent,37,847,4.368358913813459
305324,15,1514,151401,Control,BoSY,Grade 9,2-level,independent,8,292,2.73972602739726
305454,15,1510,151001,Control,BoSY,Grade 9,2-level,independent,33,120,27.5
308122,4,417,41708,Control,BoSY,Grade 9,2-level,independent,26,145,17.93103448275862
301508,4,418,41801,Control,BoSY,Grade 9,2-level,independent,26,249,10.441767068273093
305465,15,1515,151502,Control,BoSY,Grade 9,2-level,independent,16,780,2.051282051282051
305428,15,1511,151101,Control,BoSY,Grade 9,2-level,independent,61,341,17.88856304985337
301175,4,408,40807,Control,BoSY,Grade 9,2-level,independent,112,510,21.96078431372549
301437,4,417,41704,Control,BoSY,Grade 9,2-level,independent,30,916,3.2751091703056767
320204,15,1511,151101,Control,BoSY,Grade 9,2-level,independent,81,560,14.464285714285714
305447,15,1505,150501,Control,BoSY,Grade 9,2-level,independent,1,575,0.17391304347826086
301438,4,417,41704,Control,BoSY,Grade 9,2-level,independent,2,429,0.4662004662004662
308135,4,417,41708,Control,BoSY,Grade 9,2-level,independent,10,363,2.7548209366391183
301418,4,401,40101,Control,BoSY,Grade 9,2-level,independent,283,2592,10.91820987654321
305288,15,1507,150710,Control,BoSY,Grade 9,2-level,independent,19,732,2.5956284153005464
301265,4,413,41301,Control,BoSY,Grade 9,2-level,independent,0,348,0
305442,15,1516,151601,Control,BoSY,Grade 9,2-level,independent,71,275,25.818181818181817
500339,15,1505,150501,Control,BoSY,Grade 9,2-level,independent,38,332,11.44578313253012
305435,15,1503,150301,Control,BoSY,Grade 9,2-level,independent,21,364,5.769230769230769
308134,4,417,41708,Control,BoSY,Grade 9,2-level,independent,19,435,4.367816091954023
305452,15,1505,150501,Control,BoSY,Grade 9,2-level,independent,75,590,12.711864406779661
312330,7,703,70308,Treatment,BoSY,Grade 9,2-level,independent,7,56,12.5
305710,7,703,70302,Treatment,BoSY,Grade 9,2-level,independent,14,68,20.58823529411765
305655,11,1101,110101,Treatment,BoSY,Grade 9,2-level,independent,2,20,10
305581,7,703,70303,Treatment,BoSY,Grade 9,2-level,independent,0,31,0
303130,7,703,70309,Treatment,BoSY,Grade 9,2-level,independent,2,138,1.4492753623188406
312354,7,703,70309,Treatment,BoSY,Grade 9,2-level,independent,3,22,13.636363636363637
305849,11,1105,110503,Treatment,BoSY,Grade 9,2-level,independent,11,25,44
305500,11,1101,110101,Treatment,BoSY,Grade 9,2-level,independent,0,20,0
312355,7,703,70304,Treatment,BoSY,Grade 9,2-level,independent,2,34,5.882352941176471
501903,11,1110,111001,Treatment,BoSY,Grade 9,2-level,independent,1,17,5.882352941176471
500665,7,705,70527,Control,BoSY,Grade 9,2-level,independent,8,63,12.698412698412698
312462,7,705,70520,Control,BoSY,Grade 9,2-level,independent,1,23,4.3478260869565215
306038,11,1102,110202,Control,BoSY,Grade 9,2-level,independent,6,25,24
500221,7,705,70527,Control,BoSY,Grade 9,2-level,independent,3,18,16.666666666666668
500744,7,708,70801,Control,BoSY,Grade 9,2-level,independent,10,34,29.41176470588235
305884,11,1101,110101,Control,BoSY,Grade 9,2-level,independent,11,77,14.285714285714286
303170,7,709,70901,Control,BoSY,Grade 9,2-level,independent,8,34,23.529411764705884
500787,7,708,70801,Control,BoSY,Grade 9,2-level,independent,7,42,16.666666666666668
500667,7,705,70528,Control,BoSY,Grade 9,2-level,independent,10,32,31.25
501071,11,1101,110101,Control,BoSY,Grade 9,2-level,independent,0,16,0
303046,7,705,70527,Control,BoSY,Grade 9,2-level,independent,4,80,5
325303,7,707,70701,Control,BoSY,Grade 9,2-level,independent,3,54,5.555555555555555
500208,7,703,70305,Control,BoSY,Grade 9,2-level,independent,4,14,28.571428571428573
312401,7,705,70525,Control,BoSY,Grade 9,2-level,independent,0,57,0
303136,7,706,70601,Control,BoSY,Grade 9,2-level,independent,6,55,10.909090909090908
312435,7,707,70701,Control,BoSY,Grade 9,2-level,independent,0,27,0
502186,11,1101,110101,Control,BoSY,Grade 9,2-level,independent,1,8,12.5
500782,7,708,70801,Control,BoSY,Grade 9,2-level,independent,66,191,34.55497382198953
306086,11,1106,110606,Control,BoSY,Grade 9,2-level,independent,0,11,0
305755,7,705,70529,Control,BoSY,Grade 9,2-level,independent,1,104,0.9615384615384616
305665,11,1101,110101,Control,BoSY,Grade 9,2-level,independent,0,15,0
501635,7,703,70301,Control,BoSY,Grade 9,2-level,independent,8,52,15.384615384615385
305843,11,1110,111001,Control,BoSY,Grade 9,2-level,independent,0,36,0
500894,7,705,70517,Control,BoSY,Grade 9,2-level,independent,9,94,9.574468085106384
500671,7,705,70506,Control,BoSY,Grade 9,2-level,independent,2,30,6.666666666666667
305847,11,1105,110503,Control,BoSY,Grade 9,2-level,independent,6,33,18.181818181818183
500784,7,708,70801,Control,BoSY,Grade 9,2-level,independent,2,7,28.571428571428573
501267,7,705,70525,Control,BoSY,Grade 9,2-level,independent,8,22,36.36363636363637
306000,7,705,70525,Control,BoSY,Grade 9,2-level,independent,4,26,15.384615384615385
305517,11,1106,110608,Control,BoSY,Grade 9,2-level,independent,0,41,0
305713,7,710,71001,Control,BoSY,Grade 9,2-level,independent,0,40,0
500768,7,705,70521,Control,BoSY,Grade 9,2-level,independent,2,68,2.9411764705882355
316303,11,1107,110701,Control,BoSY,Grade 9,2-level,independent,9,45,20
316304,11,1107,110701,Control,BoSY,Grade 9,2-level,independent,0,62,0
305506,11,1101,110101,Control,BoSY,Grade 9,2-level,independent,1,16,6.25
500421,7,705,70507,Control,BoSY,Grade 9,2-level,independent,14,80,17.5
305681,11,1110,111001,Control,BoSY,Grade 9,2-level,independent,6,166,3.6144578313253013
303186,7,711,71101,Control,BoSY,Grade 9,2-level,independent,17,109,15.596330275229358
501429,7,714,71402,Control,BoSY,Grade 9,2-level,independent,5,56,8.928571428571429
305844,11,1103,110303,Control,BoSY,Grade 9,2-level,independent,1,46,2.1739130434782608
305965,11,1110,111001,Control,BoSY,Grade 9,2-level,independent,31,67,46.26865671641791
501076,11,1103,110305,Control,BoSY,Grade 9,2-level,independent,0,11,0
305889,11,1101,110101,Control,BoSY,Grade 9,2-level,independent,10,42,23.80952380952381
501074,11,1103,110306,Control,BoSY,Grade 9,2-level,independent,0,32,0
312408,7,705,70530,Control,BoSY,Grade 9,2-level,independent,5,50,10
501351,7,705,70522,Control,BoSY,Grade 9,2-level,independent,4,51,7.8431372549019605
501404,11,1101,110101,Control,BoSY,Grade 9,2-level,independent,5,28,17.857142857142858
305660,11,1101,110101,Control,BoSY,Grade 9,2-level,independent,5,43,11.627906976744185
303219,7,701,70101,Control,BoSY,Grade 9,2-level,independent,28,108,25.925925925925927
312450,7,705,70522,Control,BoSY,Grade 9,2-level,independent,12,72,16.666666666666668
324903,7,704,70401,Control,BoSY,Grade 9,2-level,independent,0,21,0
501065,11,1101,110101,Control,BoSY,Grade 9,2-level,independent,67,115,58.26086956521739
312451,7,705,70532,Control,BoSY,Grade 9,2-level,independent,1,45,2.2222222222222223
501763,11,1103,110305,Control,BoSY,Grade 9,2-level,independent,0,24,0
316405,11,1110,111001,Control,BoSY,Grade 9,2-level,independent,7,90,7.777777777777778
316404,11,1110,111001,Control,BoSY,Grade 9,2-level,independent,1,55,1.8181818181818181
316301,11,1107,110701,Control,BoSY,Grade 9,2-level,independent,54,137,39.416058394160586
312910,7,710,71001,Control,BoSY,Grade 9,2-level,independent,13,101,12.871287128712872
303011,7,705,70512,Control,BoSY,Grade 9,2-level,independent,6,32,18.75
305651,11,1101,110101,Control,BoSY,Grade 9,2-level,independent,0,29,0
305662,11,1101,110101,Control,BoSY,Grade 9,2-level,independent,2,38,5.2631578947368425
305850,11,1105,110503,Control,BoSY,Grade 9,2-level,independent,2,30,6.666666666666667
312481,7,705,70518,Control,BoSY,Grade 9,2-level,independent,25,174,14.367816091954023
304409,11,1110,111001,Control,BoSY,Grade 9,2-level,independent,6,101,5.9405940594059405
303246,7,713,71303,Control,BoSY,Grade 9,2-level,independent,26,109,23.853211009174313
501405,11,1101,110101,Control,BoSY,Grade 9,2-level,independent,12,38,31.57894736842105
305677,11,1105,110503,Control,BoSY,Grade 9,2-level,independent,5,48,10.416666666666666
500447,7,708,70801,Control,BoSY,Grade 9,2-level,independent,0,45,0
501305,7,708,70801,Control,BoSY,Grade 9,2-level,independent,3,28,10.714285714285714
305917,7,708,70801,Control,BoSY,Grade 9,2-level,independent,4,29,13.793103448275861
305722,7,703,70304,Control,BoSY,Grade 9,2-level,independent,10,52,19.23076923076923
312953,7,713,71306,Control,BoSY,Grade 9,2-level,independent,4,23,17.391304347826086
305498,11,1101,110101,Control,BoSY,Grade 9,2-level,independent,1,52,1.9230769230769231
305669,11,1101,110101,Control,BoSY,Grade 9,2-level,independent,1,21,4.761904761904762
312960,7,710,71002,Control,BoSY,Grade 9,2-level,independent,2,76,2.6315789473684212
309906,5,508,50811,Treatment,BoSY,Grade 9,3-level,frustration,29,107,27.102803738317757
309934,5,508,50806,Treatment,BoSY,Grade 9,3-level,frustration,3,36,8.333333333333334
301871,5,501,50107,Treatment,BoSY,Grade 9,3-level,frustration,12,66,18.181818181818183
302134,5,508,50804,Treatment,BoSY,Grade 9,3-level,frustration,0,131,0
302117,5,508,50803,Treatment,BoSY,Grade 9,3-level,frustration,5,59,8.474576271186441
309909,5,508,50801,Treatment,BoSY,Grade 9,3-level,frustration,72,91,79.12087912087912
309915,5,508,50801,Treatment,BoSY,Grade 9,3-level,frustration,16,34,47.05882352941177
501544,5,508,50815,Treatment,BoSY,Grade 9,3-level,frustration,8,70,11.428571428571429
301887,5,502,50205,Treatment,BoSY,Grade 9,3-level,frustration,9,74,12.162162162162161
302175,5,508,50820,Treatment,BoSY,Grade 9,3-level,frustration,3,116,2.586206896551724
302146,5,508,50812,Treatment,BoSY,Grade 9,3-level,frustration,82,135,60.74074074074074
309921,5,508,50805,Treatment,BoSY,Grade 9,3-level,frustration,0,69,0
302254,5,505,50501,Control,BoSY,Grade 9,3-level,frustration,25,89,28.089887640449437
309513,5,501,50112,Control,BoSY,Grade 9,3-level,frustration,32,86,37.2093023255814
500163,5,508,50801,Control,BoSY,Grade 9,3-level,frustration,2,66,3.0303030303030303
302058,5,503,50333,Control,BoSY,Grade 9,3-level,frustration,63,84,75
302192,5,511,51103,Control,BoSY,Grade 9,3-level,frustration,88,210,41.904761904761905
302227,5,511,51105,Control,BoSY,Grade 9,3-level,frustration,43,57,75.43859649122807
302252,5,505,50501,Control,BoSY,Grade 9,3-level,frustration,18,58,31.03448275862069
309914,5,508,50806,Control,BoSY,Grade 9,3-level,frustration,11,175,6.285714285714286
309711,5,503,50317,Control,BoSY,Grade 9,3-level,frustration,37,51,72.54901960784314
301817,5,507,50701,Control,BoSY,Grade 9,3-level,frustration,53,80,66.25
302165,5,508,50816,Control,BoSY,Grade 9,3-level,frustration,25,61,40.98360655737705
301974,5,503,50311,Treatment,BoSY,Grade 9,3-level,frustration,0,44,0
302256,5,505,50501,Control,BoSY,Grade 9,3-level,frustration,20,93,21.50537634408602
301834,5,501,50106,Control,BoSY,Grade 9,3-level,frustration,6,138,4.3478260869565215
309760,5,503,50306,Control,BoSY,Grade 9,3-level,frustration,30,49,61.224489795918366
309936,5,508,50819,Control,BoSY,Grade 9,3-level,frustration,0,46,0
302203,5,511,51102,Control,BoSY,Grade 9,3-level,frustration,12,39,30.76923076923077
302011,5,503,50314,Control,BoSY,Grade 9,3-level,frustration,44,172,25.58139534883721
500168,5,505,50501,Control,BoSY,Grade 9,3-level,frustration,15,57,26.31578947368421
301947,5,503,50306,Control,BoSY,Grade 9,3-level,frustration,217,315,68.88888888888889
309941,5,508,50812,Control,BoSY,Grade 9,3-level,frustration,84,135,62.22222222222222
301839,5,501,50111,Control,BoSY,Grade 9,3-level,frustration,1,64,1.5625
501843,5,508,50818,Treatment,BoSY,Grade 9,3-level,frustration,7,37,18.91891891891892
302111,5,508,50801,Control,BoSY,Grade 9,3-level,frustration,90,401,22.443890274314214
302133,5,509,50901,Control,BoSY,Grade 9,3-level,frustration,54,147,36.734693877551024
301990,5,503,50317,Control,BoSY,Grade 9,3-level,frustration,1,46,2.1739130434782608
309937,5,508,50819,Control,BoSY,Grade 9,3-level,frustration,13,50,26
302241,5,511,51105,Control,BoSY,Grade 9,3-level,frustration,0,105,0
500167,5,505,50501,Control,BoSY,Grade 9,3-level,frustration,10,60,16.666666666666668
309764,5,503,50320,Control,BoSY,Grade 9,3-level,frustration,25,34,73.52941176470588
302205,5,511,51106,Control,BoSY,Grade 9,3-level,frustration,16,103,15.533980582524272
302014,5,503,50302,Control,BoSY,Grade 9,3-level,frustration,1,125,0.8
309740,5,503,50315,Control,BoSY,Grade 9,3-level,frustration,7,65,10.76923076923077
309741,5,503,50315,Control,BoSY,Grade 9,3-level,frustration,40,79,50.63291139240506
302161,5,508,50803,Treatment,BoSY,Grade 9,3-level,frustration,2,73,2.73972602739726
302113,5,508,50818,Treatment,BoSY,Grade 9,3-level,frustration,14,55,25.454545454545453
302127,5,508,50817,Control,BoSY,Grade 9,3-level,frustration,5,38,13.157894736842104
301899,5,502,50205,Control,BoSY,Grade 9,3-level,frustration,6,111,5.405405405405405
309509,5,501,50113,Control,BoSY,Grade 9,3-level,frustration,2,89,2.247191011235955
309903,5,508,50816,Control,BoSY,Grade 9,3-level,frustration,0,80,0
301995,5,503,50310,Control,BoSY,Grade 9,3-level,frustration,0,71,0
309702,5,503,50325,Control,BoSY,Grade 9,3-level,frustration,160,194,82.47422680412372
501020,5,503,50310,Control,BoSY,Grade 9,3-level,frustration,2,28,7.142857142857143
309743,5,503,50332,Control,BoSY,Grade 9,3-level,frustration,29,90,32.22222222222222
301816,5,501,50101,Control,BoSY,Grade 9,3-level,frustration,0,111,0
302054,5,503,50315,Control,BoSY,Grade 9,3-level,frustration,3,95,3.1578947368421053
301862,5,507,50701,Control,BoSY,Grade 9,3-level,frustration,15,193,7.772020725388601
502477,5,501,50108,Control,BoSY,Grade 9,3-level,frustration,0,22,0
302283,5,513,51301,Control,BoSY,Grade 9,3-level,frustration,83,246,33.739837398373986
301900,5,502,50206,Control,BoSY,Grade 9,3-level,frustration,2,52,3.8461538461538463
302123,5,508,50808,Control,BoSY,Grade 9,3-level,frustration,27,77,35.064935064935064
309512,5,501,50110,Control,BoSY,Grade 9,3-level,frustration,0,43,0
302284,5,513,51301,Control,BoSY,Grade 9,3-level,frustration,55,151,36.42384105960265
500034,5,508,50819,Control,BoSY,Grade 9,3-level,frustration,14,29,48.275862068965516
302043,5,503,50305,Control,BoSY,Grade 9,3-level,frustration,14,178,7.865168539325842
302182,5,511,51107,Control,BoSY,Grade 9,3-level,frustration,65,88,73.86363636363636
301986,5,503,50334,Control,BoSY,Grade 9,3-level,frustration,107,181,59.11602209944751
302109,5,508,50817,Control,BoSY,Grade 9,3-level,frustration,0,181,0
302061,5,503,50311,Control,BoSY,Grade 9,3-level,frustration,3,50,6
309931,5,508,50802,Control,BoSY,Grade 9,3-level,frustration,15,66,22.727272727272727
301984,5,503,50331,Control,BoSY,Grade 9,3-level,frustration,85,174,48.85057471264368
302156,5,508,50803,Control,BoSY,Grade 9,3-level,frustration,0,95,0
309705,5,503,50330,Control,BoSY,Grade 9,3-level,frustration,58,74,78.37837837837837
500165,5,508,50804,Control,BoSY,Grade 9,3-level,frustration,3,43,6.976744186046512
301930,5,503,50328,Control,BoSY,Grade 9,3-level,frustration,61,75,81.33333333333333
302177,5,508,50806,Control,BoSY,Grade 9,3-level,frustration,45,81,55.55555555555556
302282,5,513,51301,Control,BoSY,Grade 9,3-level,frustration,83,289,28.719723183391004
502615,5,508,50802,Control,BoSY,Grade 9,3-level,frustration,5,12,41.666666666666664
302263,5,506,50601,Control,BoSY,Grade 9,3-level,frustration,33,61,54.09836065573771
301826,5,501,50103,Control,BoSY,Grade 9,3-level,frustration,5,35,14.285714285714286
305750,5,513,51301,Control,BoSY,Grade 9,3-level,frustration,20,48,41.666666666666664
301870,5,501,50110,Control,BoSY,Grade 9,3-level,frustration,14,67,20.895522388059703
302039,5,503,50316,Control,BoSY,Grade 9,3-level,frustration,89,228,39.03508771929825
301868,5,501,50112,Control,BoSY,Grade 9,3-level,frustration,2,174,1.1494252873563218
301963,5,503,50316,Control,BoSY,Grade 9,3-level,frustration,36,156,23.076923076923077
340567,15,1505,150501,Treatment,BoSY,Grade 9,3-level,frustration,6,205,2.926829268292683
320606,15,1515,151502,Treatment,BoSY,Grade 9,3-level,frustration,73,333,21.92192192192192
320202,15,1511,151101,Treatment,BoSY,Grade 9,3-level,frustration,17,116,14.655172413793103
305310,15,1507,150703,Treatment,BoSY,Grade 9,3-level,frustration,9,299,3.0100334448160537
305418,15,1513,151301,Treatment,BoSY,Grade 9,3-level,frustration,288,966,29.81366459627329
500565,15,1515,151502,Treatment,BoSY,Grade 9,3-level,frustration,227,709,32.01692524682652
301258,4,413,41308,Treatment,BoSY,Grade 9,3-level,frustration,52,382,13.612565445026178
301214,4,411,41101,Treatment,BoSY,Grade 9,3-level,frustration,185,601,30.782029950083196
301497,4,414,41401,Treatment,BoSY,Grade 9,3-level,frustration,42,328,12.804878048780488
305411,15,1515,151502,Treatment,BoSY,Grade 9,3-level,frustration,88,844,10.42654028436019
305420,15,1513,151301,Treatment,BoSY,Grade 9,3-level,frustration,328,1126,29.129662522202487
301231,4,413,41302,Control,BoSY,Grade 9,3-level,frustration,3,161,1.8633540372670807
301188,4,402,40201,Control,BoSY,Grade 9,3-level,frustration,8,606,1.3201320132013201
307913,4,413,41309,Control,BoSY,Grade 9,3-level,frustration,9,249,3.6144578313253013
500566,15,1507,150710,Control,BoSY,Grade 9,3-level,frustration,8,660,1.2121212121212122
305453,15,1510,151001,Control,BoSY,Grade 9,3-level,frustration,33,710,4.647887323943662
305311,15,1507,150702,Control,BoSY,Grade 9,3-level,frustration,137,266,51.50375939849624
301425,4,401,40101,Control,BoSY,Grade 9,3-level,frustration,149,804,18.53233830845771
301202,4,408,40812,Control,BoSY,Grade 9,3-level,frustration,31,297,10.437710437710438
305412,15,1515,151502,Control,BoSY,Grade 9,3-level,frustration,100,991,10.090817356205852
308105,4,417,41703,Control,BoSY,Grade 9,3-level,frustration,153,620,24.677419354838708
305341,15,1514,151401,Control,BoSY,Grade 9,3-level,frustration,216,862,25.05800464037123
319604,15,1512,151201,Control,BoSY,Grade 9,3-level,frustration,5,341,1.466275659824047
305568,15,1516,151601,Control,BoSY,Grade 9,3-level,frustration,68,289,23.529411764705884
305434,15,1503,150301,Control,BoSY,Grade 9,3-level,frustration,31,690,4.492753623188406
301464,4,417,41710,Control,BoSY,Grade 9,3-level,frustration,10,501,1.996007984031936
305461,15,1515,151502,Control,BoSY,Grade 9,3-level,frustration,0,280,0
305384,15,1501,150101,Control,BoSY,Grade 9,3-level,frustration,4,418,0.9569377990430622
301143,4,421,42101,Control,BoSY,Grade 9,3-level,frustration,5,861,0.5807200929152149
305340,15,1514,151401,Control,BoSY,Grade 9,3-level,frustration,54,1128,4.787234042553192
305302,15,1507,150709,Treatment,BoSY,Grade 9,3-level,frustration,307,1021,30.068560235063664
308103,4,417,41712,Control,BoSY,Grade 9,3-level,frustration,14,274,5.109489051094891
308130,4,417,41711,Control,BoSY,Grade 9,3-level,frustration,12,120,10
301227,4,420,42001,Control,BoSY,Grade 9,3-level,frustration,26,1031,2.521823472356935
305334,15,1514,151401,Control,BoSY,Grade 9,3-level,frustration,1,569,0.1757469244288225
305367,15,1512,151201,Control,BoSY,Grade 9,3-level,frustration,104,901,11.542730299667037
305635,15,1514,151401,Control,BoSY,Grade 9,3-level,frustration,11,385,2.857142857142857
301218,4,408,40814,Control,BoSY,Grade 9,3-level,frustration,78,1870,4.171122994652406
308501,4,415,41501,Control,BoSY,Grade 9,3-level,frustration,76,489,15.541922290388548
500332,15,1506,150601,Control,BoSY,Grade 9,3-level,frustration,35,278,12.589928057553957
305471,15,1509,150901,Control,BoSY,Grade 9,3-level,frustration,7,656,1.0670731707317074
305376,15,1501,150101,Treatment,BoSY,Grade 9,3-level,frustration,0,775,0
301432,4,417,41705,Control,BoSY,Grade 9,3-level,frustration,76,482,15.767634854771785
305459,15,1515,151502,Control,BoSY,Grade 9,3-level,frustration,146,779,18.741976893453145
305313,15,1507,150708,Control,BoSY,Grade 9,3-level,frustration,21,497,4.225352112676056
301186,4,410,41001,Control,BoSY,Grade 9,3-level,frustration,145,1540,9.415584415584416
301184,4,410,41001,Control,BoSY,Grade 9,3-level,frustration,290,921,31.487513572204126
305295,15,1507,150710,Control,BoSY,Grade 9,3-level,frustration,25,1234,2.025931928687196
301416,4,422,42201,Control,BoSY,Grade 9,3-level,frustration,67,135,49.629629629629626
305450,15,1505,150501,Treatment,BoSY,Grade 9,3-level,frustration,68,365,18.63013698630137
301403,4,416,41606,Control,BoSY,Grade 9,3-level,frustration,192,358,53.63128491620112
301451,4,417,41708,Control,BoSY,Grade 9,3-level,frustration,41,260,15.76923076923077
305338,15,1514,151401,Control,BoSY,Grade 9,3-level,frustration,137,651,21.044546850998465
301257,4,413,41312,Control,BoSY,Grade 9,3-level,frustration,258,1758,14.675767918088738
305416,15,1513,151301,Control,BoSY,Grade 9,3-level,frustration,119,838,14.200477326968974
305337,15,1514,151401,Control,BoSY,Grade 9,3-level,frustration,634,1923,32.96931877275091
305353,15,1514,151401,Control,BoSY,Grade 9,3-level,frustration,126,397,31.738035264483628
301197,4,408,40812,Control,BoSY,Grade 9,3-level,frustration,17,360,4.722222222222222
301236,4,413,41308,Treatment,BoSY,Grade 9,3-level,frustration,61,256,23.828125
305444,15,1516,151601,Control,BoSY,Grade 9,3-level,frustration,72,293,24.573378839590443
320306,15,1503,150301,Control,BoSY,Grade 9,3-level,frustration,221,694,31.844380403458214
301489,4,414,41401,Control,BoSY,Grade 9,3-level,frustration,15,285,5.2631578947368425
301507,4,418,41801,Control,BoSY,Grade 9,3-level,frustration,4,123,3.252032520325203
301456,4,417,41710,Control,BoSY,Grade 9,3-level,frustration,17,453,3.752759381898455
301238,4,413,41303,Control,BoSY,Grade 9,3-level,frustration,128,447,28.635346756152124
305438,15,1516,151601,Control,BoSY,Grade 9,3-level,frustration,166,847,19.598583234946872
305324,15,1514,151401,Control,BoSY,Grade 9,3-level,frustration,43,292,14.726027397260275
305454,15,1510,151001,Control,BoSY,Grade 9,3-level,frustration,4,120,3.3333333333333335
308122,4,417,41708,Control,BoSY,Grade 9,3-level,frustration,5,145,3.4482758620689653
301508,4,418,41801,Control,BoSY,Grade 9,3-level,frustration,65,249,26.104417670682732
305465,15,1515,151502,Control,BoSY,Grade 9,3-level,frustration,164,780,21.025641025641026
305428,15,1511,151101,Control,BoSY,Grade 9,3-level,frustration,8,341,2.346041055718475
301175,4,408,40807,Control,BoSY,Grade 9,3-level,frustration,28,510,5.490196078431373
301437,4,417,41704,Control,BoSY,Grade 9,3-level,frustration,78,916,8.51528384279476
320204,15,1511,151101,Control,BoSY,Grade 9,3-level,frustration,44,560,7.857142857142857
305447,15,1505,150501,Control,BoSY,Grade 9,3-level,frustration,0,575,0
301438,4,417,41704,Control,BoSY,Grade 9,3-level,frustration,186,429,43.35664335664335
308135,4,417,41708,Control,BoSY,Grade 9,3-level,frustration,33,363,9.090909090909092
301418,4,401,40101,Control,BoSY,Grade 9,3-level,frustration,89,2592,3.433641975308642
305288,15,1507,150710,Control,BoSY,Grade 9,3-level,frustration,307,732,41.939890710382514
301265,4,413,41301,Control,BoSY,Grade 9,3-level,frustration,74,348,21.264367816091955
305442,15,1516,151601,Control,BoSY,Grade 9,3-level,frustration,12,275,4.363636363636363
500339,15,1505,150501,Control,BoSY,Grade 9,3-level,frustration,52,332,15.662650602409638
305435,15,1503,150301,Control,BoSY,Grade 9,3-level,frustration,119,364,32.69230769230769
308134,4,417,41708,Control,BoSY,Grade 9,3-level,frustration,14,435,3.218390804597701
305452,15,1505,150501,Control,BoSY,Grade 9,3-level,frustration,47,590,7.966101694915254
312330,7,703,70308,Treatment,BoSY,Grade 9,3-level,frustration,5,56,8.928571428571429
305710,7,703,70302,Treatment,BoSY,Grade 9,3-level,frustration,2,68,2.9411764705882355
305655,11,1101,110101,Treatment,BoSY,Grade 9,3-level,frustration,2,20,10
305581,7,703,70303,Treatment,BoSY,Grade 9,3-level,frustration,10,31,32.25806451612903
303130,7,703,70309,Treatment,BoSY,Grade 9,3-level,frustration,77,138,55.79710144927536
312354,7,703,70309,Treatment,BoSY,Grade 9,3-level,frustration,1,22,4.545454545454546
305849,11,1105,110503,Treatment,BoSY,Grade 9,3-level,frustration,0,25,0
305500,11,1101,110101,Treatment,BoSY,Grade 9,3-level,frustration,9,20,45
312355,7,703,70304,Treatment,BoSY,Grade 9,3-level,frustration,1,34,2.9411764705882355
501903,11,1110,111001,Treatment,BoSY,Grade 9,3-level,frustration,11,17,64.70588235294117
500665,7,705,70527,Control,BoSY,Grade 9,3-level,frustration,31,63,49.20634920634921
312462,7,705,70520,Control,BoSY,Grade 9,3-level,frustration,14,23,60.869565217391305
306038,11,1102,110202,Control,BoSY,Grade 9,3-level,frustration,2,25,8
500221,7,705,70527,Control,BoSY,Grade 9,3-level,frustration,5,18,27.77777777777778
500744,7,708,70801,Control,BoSY,Grade 9,3-level,frustration,1,34,2.9411764705882355
305884,11,1101,110101,Control,BoSY,Grade 9,3-level,frustration,0,77,0
303170,7,709,70901,Control,BoSY,Grade 9,3-level,frustration,6,34,17.647058823529413
500787,7,708,70801,Control,BoSY,Grade 9,3-level,frustration,5,42,11.904761904761905
500667,7,705,70528,Control,BoSY,Grade 9,3-level,frustration,0,32,0
501071,11,1101,110101,Control,BoSY,Grade 9,3-level,frustration,2,16,12.5
303046,7,705,70527,Control,BoSY,Grade 9,3-level,frustration,10,80,12.5
325303,7,707,70701,Control,BoSY,Grade 9,3-level,frustration,10,54,18.51851851851852
500208,7,703,70305,Control,BoSY,Grade 9,3-level,frustration,3,14,21.428571428571427
312401,7,705,70525,Control,BoSY,Grade 9,3-level,frustration,57,57,100
303136,7,706,70601,Control,BoSY,Grade 9,3-level,frustration,17,55,30.90909090909091
312435,7,707,70701,Control,BoSY,Grade 9,3-level,frustration,12,27,44.44444444444444
502186,11,1101,110101,Control,BoSY,Grade 9,3-level,frustration,4,8,50
500782,7,708,70801,Control,BoSY,Grade 9,3-level,frustration,9,191,4.712041884816754
306086,11,1106,110606,Control,BoSY,Grade 9,3-level,frustration,6,11,54.54545454545455
305755,7,705,70529,Control,BoSY,Grade 9,3-level,frustration,24,104,23.076923076923077
305665,11,1101,110101,Control,BoSY,Grade 9,3-level,frustration,9,15,60
501635,7,703,70301,Control,BoSY,Grade 9,3-level,frustration,0,52,0
305843,11,1110,111001,Control,BoSY,Grade 9,3-level,frustration,18,36,50
500894,7,705,70517,Control,BoSY,Grade 9,3-level,frustration,26,94,27.659574468085108
500671,7,705,70506,Control,BoSY,Grade 9,3-level,frustration,4,30,13.333333333333334
305847,11,1105,110503,Control,BoSY,Grade 9,3-level,frustration,2,33,6.0606060606060606
500784,7,708,70801,Control,BoSY,Grade 9,3-level,frustration,1,7,14.285714285714286
501267,7,705,70525,Control,BoSY,Grade 9,3-level,frustration,1,22,4.545454545454546
306000,7,705,70525,Control,BoSY,Grade 9,3-level,frustration,0,26,0
305517,11,1106,110608,Control,BoSY,Grade 9,3-level,frustration,21,41,51.21951219512195
305713,7,710,71001,Control,BoSY,Grade 9,3-level,frustration,0,40,0
500768,7,705,70521,Control,BoSY,Grade 9,3-level,frustration,1,68,1.4705882352941178
316303,11,1107,110701,Control,BoSY,Grade 9,3-level,frustration,0,45,0
316304,11,1107,110701,Control,BoSY,Grade 9,3-level,frustration,20,62,32.25806451612903
305506,11,1101,110101,Control,BoSY,Grade 9,3-level,frustration,1,16,6.25
500421,7,705,70507,Control,BoSY,Grade 9,3-level,frustration,22,80,27.5
305681,11,1110,111001,Control,BoSY,Grade 9,3-level,frustration,4,166,2.4096385542168677
303186,7,711,71101,Control,BoSY,Grade 9,3-level,frustration,0,109,0
501429,7,714,71402,Control,BoSY,Grade 9,3-level,frustration,13,56,23.214285714285715
305844,11,1103,110303,Control,BoSY,Grade 9,3-level,frustration,30,46,65.21739130434783
305965,11,1110,111001,Control,BoSY,Grade 9,3-level,frustration,0,67,0
501076,11,1103,110305,Control,BoSY,Grade 9,3-level,frustration,11,11,100
305889,11,1101,110101,Control,BoSY,Grade 9,3-level,frustration,0,42,0
501074,11,1103,110306,Control,BoSY,Grade 9,3-level,frustration,18,32,56.25
312408,7,705,70530,Control,BoSY,Grade 9,3-level,frustration,2,50,4
501351,7,705,70522,Control,BoSY,Grade 9,3-level,frustration,6,51,11.764705882352942
501404,11,1101,110101,Control,BoSY,Grade 9,3-level,frustration,0,28,0
305660,11,1101,110101,Control,BoSY,Grade 9,3-level,frustration,5,43,11.627906976744185
303219,7,701,70101,Control,BoSY,Grade 9,3-level,frustration,2,108,1.8518518518518519
312450,7,705,70522,Control,BoSY,Grade 9,3-level,frustration,2,72,2.7777777777777777
324903,7,704,70401,Control,BoSY,Grade 9,3-level,frustration,14,21,66.66666666666667
501065,11,1101,110101,Control,BoSY,Grade 9,3-level,frustration,0,115,0
312451,7,705,70532,Control,BoSY,Grade 9,3-level,frustration,2,45,4.444444444444445
501763,11,1103,110305,Control,BoSY,Grade 9,3-level,frustration,6,24,25
316405,11,1110,111001,Control,BoSY,Grade 9,3-level,frustration,11,90,12.222222222222221
316404,11,1110,111001,Control,BoSY,Grade 9,3-level,frustration,4,55,7.2727272727272725
316301,11,1107,110701,Control,BoSY,Grade 9,3-level,frustration,0,137,0
312910,7,710,71001,Control,BoSY,Grade 9,3-level,frustration,27,101,26.73267326732673
303011,7,705,70512,Control,BoSY,Grade 9,3-level,frustration,2,32,6.25
305651,11,1101,110101,Control,BoSY,Grade 9,3-level,frustration,23,29,79.3103448275862
305662,11,1101,110101,Control,BoSY,Grade 9,3-level,frustration,5,38,13.157894736842104
305850,11,1105,110503,Control,BoSY,Grade 9,3-level,frustration,4,30,13.333333333333334
312481,7,705,70518,Control,BoSY,Grade 9,3-level,frustration,19,174,10.919540229885058
304409,11,1110,111001,Control,BoSY,Grade 9,3-level,frustration,3,101,2.9702970297029703
303246,7,713,71303,Control,BoSY,Grade 9,3-level,frustration,14,109,12.844036697247706
501405,11,1101,110101,Control,BoSY,Grade 9,3-level,frustration,8,38,21.05263157894737
305677,11,1105,110503,Control,BoSY,Grade 9,3-level,frustration,12,48,25
500447,7,708,70801,Control,BoSY,Grade 9,3-level,frustration,10,45,22.22222222222222
501305,7,708,70801,Control,BoSY,Grade 9,3-level,frustration,2,28,7.142857142857143
305917,7,708,70801,Control,BoSY,Grade 9,3-level,frustration,5,29,17.24137931034483
305722,7,703,70304,Control,BoSY,Grade 9,3-level,frustration,3,52,5.769230769230769
312953,7,713,71306,Control,BoSY,Grade 9,3-level,frustration,0,23,0
305498,11,1101,110101,Control,BoSY,Grade 9,3-level,frustration,27,52,51.92307692307692
305669,11,1101,110101,Control,BoSY,Grade 9,3-level,frustration,6,21,28.571428571428573
312960,7,710,71002,Control,BoSY,Grade 9,3-level,frustration,37,76,48.68421052631579
309906,5,508,50811,Treatment,BoSY,Grade 9,3-level,instructional,10,107,9.345794392523365
309934,5,508,50806,Treatment,BoSY,Grade 9,3-level,instructional,4,36,11.11111111111111
301871,5,501,50107,Treatment,BoSY,Grade 9,3-level,instructional,2,66,3.0303030303030303
302134,5,508,50804,Treatment,BoSY,Grade 9,3-level,instructional,0,131,0
302117,5,508,50803,Treatment,BoSY,Grade 9,3-level,instructional,10,59,16.949152542372882
309909,5,508,50801,Treatment,BoSY,Grade 9,3-level,instructional,0,91,0
309915,5,508,50801,Treatment,BoSY,Grade 9,3-level,instructional,6,34,17.647058823529413
501544,5,508,50815,Treatment,BoSY,Grade 9,3-level,instructional,51,70,72.85714285714286
301887,5,502,50205,Treatment,BoSY,Grade 9,3-level,instructional,23,74,31.08108108108108
302175,5,508,50820,Treatment,BoSY,Grade 9,3-level,instructional,4,116,3.4482758620689653
302146,5,508,50812,Treatment,BoSY,Grade 9,3-level,instructional,25,135,18.51851851851852
309921,5,508,50805,Treatment,BoSY,Grade 9,3-level,instructional,0,69,0
302254,5,505,50501,Control,BoSY,Grade 9,3-level,instructional,33,89,37.07865168539326
309513,5,501,50112,Control,BoSY,Grade 9,3-level,instructional,29,86,33.72093023255814
500163,5,508,50801,Control,BoSY,Grade 9,3-level,instructional,3,66,4.545454545454546
302058,5,503,50333,Control,BoSY,Grade 9,3-level,instructional,0,84,0
302192,5,511,51103,Control,BoSY,Grade 9,3-level,instructional,26,210,12.380952380952381
302227,5,511,51105,Control,BoSY,Grade 9,3-level,instructional,0,57,0
302252,5,505,50501,Control,BoSY,Grade 9,3-level,instructional,0,58,0
309914,5,508,50806,Control,BoSY,Grade 9,3-level,instructional,69,175,39.42857142857143
309711,5,503,50317,Control,BoSY,Grade 9,3-level,instructional,8,51,15.686274509803921
301817,5,507,50701,Control,BoSY,Grade 9,3-level,instructional,0,80,0
302165,5,508,50816,Control,BoSY,Grade 9,3-level,instructional,14,61,22.950819672131146
301974,5,503,50311,Treatment,BoSY,Grade 9,3-level,instructional,0,44,0
302256,5,505,50501,Control,BoSY,Grade 9,3-level,instructional,1,93,1.075268817204301
301834,5,501,50106,Control,BoSY,Grade 9,3-level,instructional,3,138,2.1739130434782608
309760,5,503,50306,Control,BoSY,Grade 9,3-level,instructional,5,49,10.204081632653061
309936,5,508,50819,Control,BoSY,Grade 9,3-level,instructional,0,46,0
302203,5,511,51102,Control,BoSY,Grade 9,3-level,instructional,2,39,5.128205128205129
302011,5,503,50314,Control,BoSY,Grade 9,3-level,instructional,28,172,16.27906976744186
500168,5,505,50501,Control,BoSY,Grade 9,3-level,instructional,5,57,8.771929824561404
301947,5,503,50306,Control,BoSY,Grade 9,3-level,instructional,27,315,8.571428571428571
309941,5,508,50812,Control,BoSY,Grade 9,3-level,instructional,14,135,10.37037037037037
301839,5,501,50111,Control,BoSY,Grade 9,3-level,instructional,2,64,3.125
501843,5,508,50818,Treatment,BoSY,Grade 9,3-level,instructional,5,37,13.513513513513514
302111,5,508,50801,Control,BoSY,Grade 9,3-level,instructional,75,401,18.703241895261847
302133,5,509,50901,Control,BoSY,Grade 9,3-level,instructional,69,147,46.93877551020408
301990,5,503,50317,Control,BoSY,Grade 9,3-level,instructional,4,46,8.695652173913043
309937,5,508,50819,Control,BoSY,Grade 9,3-level,instructional,20,50,40
302241,5,511,51105,Control,BoSY,Grade 9,3-level,instructional,0,105,0
500167,5,505,50501,Control,BoSY,Grade 9,3-level,instructional,2,60,3.3333333333333335
309764,5,503,50320,Control,BoSY,Grade 9,3-level,instructional,3,34,8.823529411764707
302205,5,511,51106,Control,BoSY,Grade 9,3-level,instructional,23,103,22.33009708737864
302014,5,503,50302,Control,BoSY,Grade 9,3-level,instructional,76,125,60.8
309740,5,503,50315,Control,BoSY,Grade 9,3-level,instructional,15,65,23.076923076923077
309741,5,503,50315,Control,BoSY,Grade 9,3-level,instructional,16,79,20.253164556962027
302161,5,508,50803,Treatment,BoSY,Grade 9,3-level,instructional,10,73,13.698630136986301
302113,5,508,50818,Treatment,BoSY,Grade 9,3-level,instructional,9,55,16.363636363636363
302127,5,508,50817,Control,BoSY,Grade 9,3-level,instructional,4,38,10.526315789473685
301899,5,502,50205,Control,BoSY,Grade 9,3-level,instructional,52,111,46.846846846846844
309509,5,501,50113,Control,BoSY,Grade 9,3-level,instructional,26,89,29.213483146067414
309903,5,508,50816,Control,BoSY,Grade 9,3-level,instructional,0,80,0
301995,5,503,50310,Control,BoSY,Grade 9,3-level,instructional,0,71,0
309702,5,503,50325,Control,BoSY,Grade 9,3-level,instructional,11,194,5.670103092783505
501020,5,503,50310,Control,BoSY,Grade 9,3-level,instructional,0,28,0
309743,5,503,50332,Control,BoSY,Grade 9,3-level,instructional,5,90,5.555555555555555
301816,5,501,50101,Control,BoSY,Grade 9,3-level,instructional,30,111,27.027027027027028
302054,5,503,50315,Control,BoSY,Grade 9,3-level,instructional,9,95,9.473684210526315
301862,5,507,50701,Control,BoSY,Grade 9,3-level,instructional,39,193,20.207253886010363
502477,5,501,50108,Control,BoSY,Grade 9,3-level,instructional,2,22,9.090909090909092
302283,5,513,51301,Control,BoSY,Grade 9,3-level,instructional,45,246,18.29268292682927
301900,5,502,50206,Control,BoSY,Grade 9,3-level,instructional,2,52,3.8461538461538463
302123,5,508,50808,Control,BoSY,Grade 9,3-level,instructional,40,77,51.94805194805195
309512,5,501,50110,Control,BoSY,Grade 9,3-level,instructional,0,43,0
302284,5,513,51301,Control,BoSY,Grade 9,3-level,instructional,36,151,23.841059602649008
500034,5,508,50819,Control,BoSY,Grade 9,3-level,instructional,10,29,34.48275862068966
302043,5,503,50305,Control,BoSY,Grade 9,3-level,instructional,35,178,19.662921348314608
302182,5,511,51107,Control,BoSY,Grade 9,3-level,instructional,6,88,6.818181818181818
301986,5,503,50334,Control,BoSY,Grade 9,3-level,instructional,22,181,12.154696132596685
302109,5,508,50817,Control,BoSY,Grade 9,3-level,instructional,0,181,0
302061,5,503,50311,Control,BoSY,Grade 9,3-level,instructional,10,50,20
309931,5,508,50802,Control,BoSY,Grade 9,3-level,instructional,12,66,18.181818181818183
301984,5,503,50331,Control,BoSY,Grade 9,3-level,instructional,8,174,4.597701149425287
302156,5,508,50803,Control,BoSY,Grade 9,3-level,instructional,0,95,0
309705,5,503,50330,Control,BoSY,Grade 9,3-level,instructional,4,74,5.405405405405405
500165,5,508,50804,Control,BoSY,Grade 9,3-level,instructional,18,43,41.86046511627907
301930,5,503,50328,Control,BoSY,Grade 9,3-level,instructional,11,75,14.666666666666666
302177,5,508,50806,Control,BoSY,Grade 9,3-level,instructional,14,81,17.28395061728395
302282,5,513,51301,Control,BoSY,Grade 9,3-level,instructional,90,289,31.141868512110726
502615,5,508,50802,Control,BoSY,Grade 9,3-level,instructional,3,12,25
302263,5,506,50601,Control,BoSY,Grade 9,3-level,instructional,1,61,1.639344262295082
301826,5,501,50103,Control,BoSY,Grade 9,3-level,instructional,10,35,28.571428571428573
305750,5,513,51301,Control,BoSY,Grade 9,3-level,instructional,16,48,33.333333333333336
301870,5,501,50110,Control,BoSY,Grade 9,3-level,instructional,31,67,46.26865671641791
302039,5,503,50316,Control,BoSY,Grade 9,3-level,instructional,23,228,10.087719298245615
301868,5,501,50112,Control,BoSY,Grade 9,3-level,instructional,3,174,1.7241379310344827
301963,5,503,50316,Control,BoSY,Grade 9,3-level,instructional,0,156,0
340567,15,1505,150501,Treatment,BoSY,Grade 9,3-level,instructional,22,205,10.731707317073171
320606,15,1515,151502,Treatment,BoSY,Grade 9,3-level,instructional,47,333,14.114114114114114
320202,15,1511,151101,Treatment,BoSY,Grade 9,3-level,instructional,18,116,15.517241379310345
305310,15,1507,150703,Treatment,BoSY,Grade 9,3-level,instructional,8,299,2.6755852842809364
305418,15,1513,151301,Treatment,BoSY,Grade 9,3-level,instructional,75,966,7.763975155279503
500565,15,1515,151502,Treatment,BoSY,Grade 9,3-level,instructional,77,709,10.860366713681241
301258,4,413,41308,Treatment,BoSY,Grade 9,3-level,instructional,24,382,6.282722513089006
301214,4,411,41101,Treatment,BoSY,Grade 9,3-level,instructional,118,601,19.633943427620633
301497,4,414,41401,Treatment,BoSY,Grade 9,3-level,instructional,83,328,25.304878048780488
305411,15,1515,151502,Treatment,BoSY,Grade 9,3-level,instructional,146,844,17.298578199052134
305420,15,1513,151301,Treatment,BoSY,Grade 9,3-level,instructional,106,1126,9.41385435168739
301231,4,413,41302,Control,BoSY,Grade 9,3-level,instructional,2,161,1.2422360248447204
301188,4,402,40201,Control,BoSY,Grade 9,3-level,instructional,97,606,16.006600660066006
307913,4,413,41309,Control,BoSY,Grade 9,3-level,instructional,0,249,0
500566,15,1507,150710,Control,BoSY,Grade 9,3-level,instructional,0,660,0
305453,15,1510,151001,Control,BoSY,Grade 9,3-level,instructional,29,710,4.084507042253521
305311,15,1507,150702,Control,BoSY,Grade 9,3-level,instructional,27,266,10.150375939849624
301425,4,401,40101,Control,BoSY,Grade 9,3-level,instructional,20,804,2.487562189054726
301202,4,408,40812,Control,BoSY,Grade 9,3-level,instructional,68,297,22.895622895622896
305412,15,1515,151502,Control,BoSY,Grade 9,3-level,instructional,58,991,5.852674066599395
308105,4,417,41703,Control,BoSY,Grade 9,3-level,instructional,121,620,19.516129032258064
305341,15,1514,151401,Control,BoSY,Grade 9,3-level,instructional,67,862,7.77262180974478
319604,15,1512,151201,Control,BoSY,Grade 9,3-level,instructional,5,341,1.466275659824047
305568,15,1516,151601,Control,BoSY,Grade 9,3-level,instructional,28,289,9.688581314878892
305434,15,1503,150301,Control,BoSY,Grade 9,3-level,instructional,103,690,14.927536231884059
301464,4,417,41710,Control,BoSY,Grade 9,3-level,instructional,71,501,14.171656686626747
305461,15,1515,151502,Control,BoSY,Grade 9,3-level,instructional,0,280,0
305384,15,1501,150101,Control,BoSY,Grade 9,3-level,instructional,32,418,7.655502392344498
301143,4,421,42101,Control,BoSY,Grade 9,3-level,instructional,3,861,0.34843205574912894
305340,15,1514,151401,Control,BoSY,Grade 9,3-level,instructional,64,1128,5.673758865248227
305302,15,1507,150709,Treatment,BoSY,Grade 9,3-level,instructional,134,1021,13.124387855044075
308103,4,417,41712,Control,BoSY,Grade 9,3-level,instructional,76,274,27.73722627737226
308130,4,417,41711,Control,BoSY,Grade 9,3-level,instructional,30,120,25
301227,4,420,42001,Control,BoSY,Grade 9,3-level,instructional,34,1031,3.297769156159069
305334,15,1514,151401,Control,BoSY,Grade 9,3-level,instructional,58,569,10.193321616871705
305367,15,1512,151201,Control,BoSY,Grade 9,3-level,instructional,229,901,25.41620421753607
305635,15,1514,151401,Control,BoSY,Grade 9,3-level,instructional,34,385,8.831168831168831
301218,4,408,40814,Control,BoSY,Grade 9,3-level,instructional,404,1870,21.60427807486631
308501,4,415,41501,Control,BoSY,Grade 9,3-level,instructional,67,489,13.701431492842536
500332,15,1506,150601,Control,BoSY,Grade 9,3-level,instructional,17,278,6.115107913669065
305471,15,1509,150901,Control,BoSY,Grade 9,3-level,instructional,25,656,3.8109756097560976
305376,15,1501,150101,Treatment,BoSY,Grade 9,3-level,instructional,50,775,6.451612903225806
301432,4,417,41705,Control,BoSY,Grade 9,3-level,instructional,140,482,29.04564315352697
305459,15,1515,151502,Control,BoSY,Grade 9,3-level,instructional,115,779,14.762516046213094
305313,15,1507,150708,Control,BoSY,Grade 9,3-level,instructional,36,497,7.2434607645875255
301186,4,410,41001,Control,BoSY,Grade 9,3-level,instructional,239,1540,15.519480519480519
301184,4,410,41001,Control,BoSY,Grade 9,3-level,instructional,0,921,0
305295,15,1507,150710,Control,BoSY,Grade 9,3-level,instructional,32,1234,2.593192868719611
301416,4,422,42201,Control,BoSY,Grade 9,3-level,instructional,0,135,0
305450,15,1505,150501,Treatment,BoSY,Grade 9,3-level,instructional,63,365,17.26027397260274
301403,4,416,41606,Control,BoSY,Grade 9,3-level,instructional,29,358,8.100558659217876
301451,4,417,41708,Control,BoSY,Grade 9,3-level,instructional,8,260,3.076923076923077
305338,15,1514,151401,Control,BoSY,Grade 9,3-level,instructional,64,651,9.831029185867896
301257,4,413,41312,Control,BoSY,Grade 9,3-level,instructional,330,1758,18.77133105802048
305416,15,1513,151301,Control,BoSY,Grade 9,3-level,instructional,99,838,11.813842482100238
305337,15,1514,151401,Control,BoSY,Grade 9,3-level,instructional,215,1923,11.180447217888716
305353,15,1514,151401,Control,BoSY,Grade 9,3-level,instructional,49,397,12.34256926952141
301197,4,408,40812,Control,BoSY,Grade 9,3-level,instructional,13,360,3.611111111111111
301236,4,413,41308,Treatment,BoSY,Grade 9,3-level,instructional,37,256,14.453125
305444,15,1516,151601,Control,BoSY,Grade 9,3-level,instructional,58,293,19.795221843003414
320306,15,1503,150301,Control,BoSY,Grade 9,3-level,instructional,125,694,18.011527377521613
301489,4,414,41401,Control,BoSY,Grade 9,3-level,instructional,68,285,23.859649122807017
301507,4,418,41801,Control,BoSY,Grade 9,3-level,instructional,28,123,22.764227642276424
301456,4,417,41710,Control,BoSY,Grade 9,3-level,instructional,50,453,11.037527593818984
301238,4,413,41303,Control,BoSY,Grade 9,3-level,instructional,6,447,1.342281879194631
305438,15,1516,151601,Control,BoSY,Grade 9,3-level,instructional,119,847,14.049586776859504
305324,15,1514,151401,Control,BoSY,Grade 9,3-level,instructional,8,292,2.73972602739726
305454,15,1510,151001,Control,BoSY,Grade 9,3-level,instructional,47,120,39.166666666666664
308122,4,417,41708,Control,BoSY,Grade 9,3-level,instructional,4,145,2.7586206896551726
301508,4,418,41801,Control,BoSY,Grade 9,3-level,instructional,48,249,19.27710843373494
305465,15,1515,151502,Control,BoSY,Grade 9,3-level,instructional,36,780,4.615384615384615
305428,15,1511,151101,Control,BoSY,Grade 9,3-level,instructional,44,341,12.903225806451612
301175,4,408,40807,Control,BoSY,Grade 9,3-level,instructional,43,510,8.431372549019608
301437,4,417,41704,Control,BoSY,Grade 9,3-level,instructional,200,916,21.83406113537118
320204,15,1511,151101,Control,BoSY,Grade 9,3-level,instructional,153,560,27.321428571428573
305447,15,1505,150501,Control,BoSY,Grade 9,3-level,instructional,0,575,0
301438,4,417,41704,Control,BoSY,Grade 9,3-level,instructional,9,429,2.097902097902098
308135,4,417,41708,Control,BoSY,Grade 9,3-level,instructional,31,363,8.539944903581267
301418,4,401,40101,Control,BoSY,Grade 9,3-level,instructional,232,2592,8.950617283950617
305288,15,1507,150710,Control,BoSY,Grade 9,3-level,instructional,89,732,12.158469945355192
301265,4,413,41301,Control,BoSY,Grade 9,3-level,instructional,109,348,31.32183908045977
305442,15,1516,151601,Control,BoSY,Grade 9,3-level,instructional,57,275,20.727272727272727
500339,15,1505,150501,Control,BoSY,Grade 9,3-level,instructional,48,332,14.457831325301205
305435,15,1503,150301,Control,BoSY,Grade 9,3-level,instructional,39,364,10.714285714285714
308134,4,417,41708,Control,BoSY,Grade 9,3-level,instructional,32,435,7.35632183908046
305452,15,1505,150501,Control,BoSY,Grade 9,3-level,instructional,56,590,9.491525423728813
312330,7,703,70308,Treatment,BoSY,Grade 9,3-level,instructional,24,56,42.857142857142854
305710,7,703,70302,Treatment,BoSY,Grade 9,3-level,instructional,6,68,8.823529411764707
305655,11,1101,110101,Treatment,BoSY,Grade 9,3-level,instructional,6,20,30
305581,7,703,70303,Treatment,BoSY,Grade 9,3-level,instructional,17,31,54.83870967741935
303130,7,703,70309,Treatment,BoSY,Grade 9,3-level,instructional,29,138,21.014492753623188
312354,7,703,70309,Treatment,BoSY,Grade 9,3-level,instructional,1,22,4.545454545454546
305849,11,1105,110503,Treatment,BoSY,Grade 9,3-level,instructional,0,25,0
305500,11,1101,110101,Treatment,BoSY,Grade 9,3-level,instructional,3,20,15
312355,7,703,70304,Treatment,BoSY,Grade 9,3-level,instructional,22,34,64.70588235294117
501903,11,1110,111001,Treatment,BoSY,Grade 9,3-level,instructional,3,17,17.647058823529413
500665,7,705,70527,Control,BoSY,Grade 9,3-level,instructional,7,63,11.11111111111111
312462,7,705,70520,Control,BoSY,Grade 9,3-level,instructional,0,23,0
306038,11,1102,110202,Control,BoSY,Grade 9,3-level,instructional,9,25,36
500221,7,705,70527,Control,BoSY,Grade 9,3-level,instructional,0,18,0
500744,7,708,70801,Control,BoSY,Grade 9,3-level,instructional,2,34,5.882352941176471
305884,11,1101,110101,Control,BoSY,Grade 9,3-level,instructional,11,77,14.285714285714286
303170,7,709,70901,Control,BoSY,Grade 9,3-level,instructional,8,34,23.529411764705884
500787,7,708,70801,Control,BoSY,Grade 9,3-level,instructional,8,42,19.047619047619047
500667,7,705,70528,Control,BoSY,Grade 9,3-level,instructional,12,32,37.5
501071,11,1101,110101,Control,BoSY,Grade 9,3-level,instructional,10,16,62.5
303046,7,705,70527,Control,BoSY,Grade 9,3-level,instructional,49,80,61.25
325303,7,707,70701,Control,BoSY,Grade 9,3-level,instructional,11,54,20.37037037037037
500208,7,703,70305,Control,BoSY,Grade 9,3-level,instructional,6,14,42.857142857142854
312401,7,705,70525,Control,BoSY,Grade 9,3-level,instructional,0,57,0
303136,7,706,70601,Control,BoSY,Grade 9,3-level,instructional,11,55,20
312435,7,707,70701,Control,BoSY,Grade 9,3-level,instructional,2,27,7.407407407407407
502186,11,1101,110101,Control,BoSY,Grade 9,3-level,instructional,0,8,0
500782,7,708,70801,Control,BoSY,Grade 9,3-level,instructional,28,191,14.659685863874346
306086,11,1106,110606,Control,BoSY,Grade 9,3-level,instructional,1,11,9.090909090909092
305755,7,705,70529,Control,BoSY,Grade 9,3-level,instructional,12,104,11.538461538461538
305665,11,1101,110101,Control,BoSY,Grade 9,3-level,instructional,1,15,6.666666666666667
501635,7,703,70301,Control,BoSY,Grade 9,3-level,instructional,1,52,1.9230769230769231
305843,11,1110,111001,Control,BoSY,Grade 9,3-level,instructional,12,36,33.333333333333336
500894,7,705,70517,Control,BoSY,Grade 9,3-level,instructional,9,94,9.574468085106384
500671,7,705,70506,Control,BoSY,Grade 9,3-level,instructional,1,30,3.3333333333333335
305847,11,1105,110503,Control,BoSY,Grade 9,3-level,instructional,4,33,12.121212121212121
500784,7,708,70801,Control,BoSY,Grade 9,3-level,instructional,3,7,42.857142857142854
501267,7,705,70525,Control,BoSY,Grade 9,3-level,instructional,1,22,4.545454545454546
306000,7,705,70525,Control,BoSY,Grade 9,3-level,instructional,2,26,7.6923076923076925
305517,11,1106,110608,Control,BoSY,Grade 9,3-level,instructional,1,41,2.4390243902439024
305713,7,710,71001,Control,BoSY,Grade 9,3-level,instructional,0,40,0
500768,7,705,70521,Control,BoSY,Grade 9,3-level,instructional,0,68,0
316303,11,1107,110701,Control,BoSY,Grade 9,3-level,instructional,1,45,2.2222222222222223
316304,11,1107,110701,Control,BoSY,Grade 9,3-level,instructional,10,62,16.129032258064516
305506,11,1101,110101,Control,BoSY,Grade 9,3-level,instructional,4,16,25
500421,7,705,70507,Control,BoSY,Grade 9,3-level,instructional,13,80,16.25
305681,11,1110,111001,Control,BoSY,Grade 9,3-level,instructional,12,166,7.228915662650603
303186,7,711,71101,Control,BoSY,Grade 9,3-level,instructional,5,109,4.587155963302752
501429,7,714,71402,Control,BoSY,Grade 9,3-level,instructional,8,56,14.285714285714286
305844,11,1103,110303,Control,BoSY,Grade 9,3-level,instructional,7,46,15.217391304347826
305965,11,1110,111001,Control,BoSY,Grade 9,3-level,instructional,7,67,10.447761194029852
501076,11,1103,110305,Control,BoSY,Grade 9,3-level,instructional,0,11,0
305889,11,1101,110101,Control,BoSY,Grade 9,3-level,instructional,2,42,4.761904761904762
501074,11,1103,110306,Control,BoSY,Grade 9,3-level,instructional,10,32,31.25
312408,7,705,70530,Control,BoSY,Grade 9,3-level,instructional,11,50,22
501351,7,705,70522,Control,BoSY,Grade 9,3-level,instructional,18,51,35.294117647058826
501404,11,1101,110101,Control,BoSY,Grade 9,3-level,instructional,3,28,10.714285714285714
305660,11,1101,110101,Control,BoSY,Grade 9,3-level,instructional,15,43,34.883720930232556
303219,7,701,70101,Control,BoSY,Grade 9,3-level,instructional,12,108,11.11111111111111
312450,7,705,70522,Control,BoSY,Grade 9,3-level,instructional,11,72,15.277777777777779
324903,7,704,70401,Control,BoSY,Grade 9,3-level,instructional,2,21,9.523809523809524
501065,11,1101,110101,Control,BoSY,Grade 9,3-level,instructional,10,115,8.695652173913043
312451,7,705,70532,Control,BoSY,Grade 9,3-level,instructional,1,45,2.2222222222222223
501763,11,1103,110305,Control,BoSY,Grade 9,3-level,instructional,7,24,29.166666666666668
316405,11,1110,111001,Control,BoSY,Grade 9,3-level,instructional,21,90,23.333333333333332
316404,11,1110,111001,Control,BoSY,Grade 9,3-level,instructional,18,55,32.72727272727273
316301,11,1107,110701,Control,BoSY,Grade 9,3-level,instructional,0,137,0
312910,7,710,71001,Control,BoSY,Grade 9,3-level,instructional,7,101,6.930693069306931
303011,7,705,70512,Control,BoSY,Grade 9,3-level,instructional,2,32,6.25
305651,11,1101,110101,Control,BoSY,Grade 9,3-level,instructional,0,29,0
305662,11,1101,110101,Control,BoSY,Grade 9,3-level,instructional,15,38,39.473684210526315
305850,11,1105,110503,Control,BoSY,Grade 9,3-level,instructional,9,30,30
312481,7,705,70518,Control,BoSY,Grade 9,3-level,instructional,25,174,14.367816091954023
304409,11,1110,111001,Control,BoSY,Grade 9,3-level,instructional,63,101,62.37623762376238
303246,7,713,71303,Control,BoSY,Grade 9,3-level,instructional,24,109,22.01834862385321
501405,11,1101,110101,Control,BoSY,Grade 9,3-level,instructional,7,38,18.42105263157895
305677,11,1105,110503,Control,BoSY,Grade 9,3-level,instructional,8,48,16.666666666666668
500447,7,708,70801,Control,BoSY,Grade 9,3-level,instructional,6,45,13.333333333333334
501305,7,708,70801,Control,BoSY,Grade 9,3-level,instructional,10,28,35.714285714285715
305917,7,708,70801,Control,BoSY,Grade 9,3-level,instructional,4,29,13.793103448275861
305722,7,703,70304,Control,BoSY,Grade 9,3-level,instructional,9,52,17.307692307692307
312953,7,713,71306,Control,BoSY,Grade 9,3-level,instructional,0,23,0
305498,11,1101,110101,Control,BoSY,Grade 9,3-level,instructional,14,52,26.923076923076923
305669,11,1101,110101,Control,BoSY,Grade 9,3-level,instructional,4,21,19.047619047619047
312960,7,710,71002,Control,BoSY,Grade 9,3-level,instructional,18,76,23.68421052631579
309906,5,508,50811,Treatment,BoSY,Grade 9,3-level,independent,0,107,0
309934,5,508,50806,Treatment,BoSY,Grade 9,3-level,independent,9,36,25
301871,5,501,50107,Treatment,BoSY,Grade 9,3-level,independent,11,66,16.666666666666668
302134,5,508,50804,Treatment,BoSY,Grade 9,3-level,independent,0,131,0
302117,5,508,50803,Treatment,BoSY,Grade 9,3-level,independent,0,59,0
309909,5,508,50801,Treatment,BoSY,Grade 9,3-level,independent,0,91,0
309915,5,508,50801,Treatment,BoSY,Grade 9,3-level,independent,0,34,0
501544,5,508,50815,Treatment,BoSY,Grade 9,3-level,independent,0,70,0
301887,5,502,50205,Treatment,BoSY,Grade 9,3-level,independent,1,74,1.3513513513513513
302175,5,508,50820,Treatment,BoSY,Grade 9,3-level,independent,18,116,15.517241379310345
302146,5,508,50812,Treatment,BoSY,Grade 9,3-level,independent,16,135,11.851851851851851
309921,5,508,50805,Treatment,BoSY,Grade 9,3-level,independent,45,69,65.21739130434783
302254,5,505,50501,Control,BoSY,Grade 9,3-level,independent,0,89,0
309513,5,501,50112,Control,BoSY,Grade 9,3-level,independent,6,86,6.976744186046512
500163,5,508,50801,Control,BoSY,Grade 9,3-level,independent,5,66,7.575757575757576
302058,5,503,50333,Control,BoSY,Grade 9,3-level,independent,0,84,0
302192,5,511,51103,Control,BoSY,Grade 9,3-level,independent,0,210,0
302227,5,511,51105,Control,BoSY,Grade 9,3-level,independent,0,57,0
302252,5,505,50501,Control,BoSY,Grade 9,3-level,independent,0,58,0
309914,5,508,50806,Control,BoSY,Grade 9,3-level,independent,93,175,53.142857142857146
309711,5,503,50317,Control,BoSY,Grade 9,3-level,independent,0,51,0
301817,5,507,50701,Control,BoSY,Grade 9,3-level,independent,0,80,0
302165,5,508,50816,Control,BoSY,Grade 9,3-level,independent,2,61,3.278688524590164
301974,5,503,50311,Treatment,BoSY,Grade 9,3-level,independent,16,44,36.36363636363637
302256,5,505,50501,Control,BoSY,Grade 9,3-level,independent,11,93,11.827956989247312
301834,5,501,50106,Control,BoSY,Grade 9,3-level,independent,0,138,0
309760,5,503,50306,Control,BoSY,Grade 9,3-level,independent,0,49,0
309936,5,508,50819,Control,BoSY,Grade 9,3-level,independent,0,46,0
302203,5,511,51102,Control,BoSY,Grade 9,3-level,independent,0,39,0
302011,5,503,50314,Control,BoSY,Grade 9,3-level,independent,16,172,9.30232558139535
500168,5,505,50501,Control,BoSY,Grade 9,3-level,independent,1,57,1.7543859649122806
301947,5,503,50306,Control,BoSY,Grade 9,3-level,independent,0,315,0
309941,5,508,50812,Control,BoSY,Grade 9,3-level,independent,0,135,0
301839,5,501,50111,Control,BoSY,Grade 9,3-level,independent,1,64,1.5625
501843,5,508,50818,Treatment,BoSY,Grade 9,3-level,independent,2,37,5.405405405405405
302111,5,508,50801,Control,BoSY,Grade 9,3-level,independent,40,401,9.975062344139651
302133,5,509,50901,Control,BoSY,Grade 9,3-level,independent,4,147,2.7210884353741496
301990,5,503,50317,Control,BoSY,Grade 9,3-level,independent,12,46,26.08695652173913
309937,5,508,50819,Control,BoSY,Grade 9,3-level,independent,10,50,20
302241,5,511,51105,Control,BoSY,Grade 9,3-level,independent,0,105,0
500167,5,505,50501,Control,BoSY,Grade 9,3-level,independent,4,60,6.666666666666667
309764,5,503,50320,Control,BoSY,Grade 9,3-level,independent,0,34,0
302205,5,511,51106,Control,BoSY,Grade 9,3-level,independent,36,103,34.95145631067961
302014,5,503,50302,Control,BoSY,Grade 9,3-level,independent,15,125,12
309740,5,503,50315,Control,BoSY,Grade 9,3-level,independent,12,65,18.46153846153846
309741,5,503,50315,Control,BoSY,Grade 9,3-level,independent,6,79,7.594936708860759
302161,5,508,50803,Treatment,BoSY,Grade 9,3-level,independent,24,73,32.87671232876713
302113,5,508,50818,Treatment,BoSY,Grade 9,3-level,independent,5,55,9.090909090909092
302127,5,508,50817,Control,BoSY,Grade 9,3-level,independent,24,38,63.1578947368421
301899,5,502,50205,Control,BoSY,Grade 9,3-level,independent,16,111,14.414414414414415
309509,5,501,50113,Control,BoSY,Grade 9,3-level,independent,18,89,20.224719101123597
309903,5,508,50816,Control,BoSY,Grade 9,3-level,independent,0,80,0
301995,5,503,50310,Control,BoSY,Grade 9,3-level,independent,0,71,0
309702,5,503,50325,Control,BoSY,Grade 9,3-level,independent,2,194,1.0309278350515463
501020,5,503,50310,Control,BoSY,Grade 9,3-level,independent,14,28,50
309743,5,503,50332,Control,BoSY,Grade 9,3-level,independent,3,90,3.3333333333333335
301816,5,501,50101,Control,BoSY,Grade 9,3-level,independent,41,111,36.93693693693694
302054,5,503,50315,Control,BoSY,Grade 9,3-level,independent,6,95,6.315789473684211
301862,5,507,50701,Control,BoSY,Grade 9,3-level,independent,53,193,27.46113989637306
502477,5,501,50108,Control,BoSY,Grade 9,3-level,independent,0,22,0
302283,5,513,51301,Control,BoSY,Grade 9,3-level,independent,12,246,4.878048780487805
301900,5,502,50206,Control,BoSY,Grade 9,3-level,independent,0,52,0
302123,5,508,50808,Control,BoSY,Grade 9,3-level,independent,0,77,0
309512,5,501,50110,Control,BoSY,Grade 9,3-level,independent,0,43,0
302284,5,513,51301,Control,BoSY,Grade 9,3-level,independent,20,151,13.245033112582782
500034,5,508,50819,Control,BoSY,Grade 9,3-level,independent,5,29,17.24137931034483
302043,5,503,50305,Control,BoSY,Grade 9,3-level,independent,51,178,28.651685393258425
302182,5,511,51107,Control,BoSY,Grade 9,3-level,independent,1,88,1.1363636363636365
301986,5,503,50334,Control,BoSY,Grade 9,3-level,independent,3,181,1.6574585635359116
302109,5,508,50817,Control,BoSY,Grade 9,3-level,independent,0,181,0
302061,5,503,50311,Control,BoSY,Grade 9,3-level,independent,10,50,20
309931,5,508,50802,Control,BoSY,Grade 9,3-level,independent,26,66,39.39393939393939
301984,5,503,50331,Control,BoSY,Grade 9,3-level,independent,7,174,4.022988505747127
302156,5,508,50803,Control,BoSY,Grade 9,3-level,independent,0,95,0
309705,5,503,50330,Control,BoSY,Grade 9,3-level,independent,2,74,2.7027027027027026
500165,5,508,50804,Control,BoSY,Grade 9,3-level,independent,10,43,23.25581395348837
301930,5,503,50328,Control,BoSY,Grade 9,3-level,independent,2,75,2.6666666666666665
302177,5,508,50806,Control,BoSY,Grade 9,3-level,independent,0,81,0
302282,5,513,51301,Control,BoSY,Grade 9,3-level,independent,9,289,3.114186851211073
502615,5,508,50802,Control,BoSY,Grade 9,3-level,independent,0,12,0
302263,5,506,50601,Control,BoSY,Grade 9,3-level,independent,0,61,0
301826,5,501,50103,Control,BoSY,Grade 9,3-level,independent,6,35,17.142857142857142
305750,5,513,51301,Control,BoSY,Grade 9,3-level,independent,4,48,8.333333333333334
301870,5,501,50110,Control,BoSY,Grade 9,3-level,independent,9,67,13.432835820895523
302039,5,503,50316,Control,BoSY,Grade 9,3-level,independent,0,228,0
301868,5,501,50112,Control,BoSY,Grade 9,3-level,independent,2,174,1.1494252873563218
301963,5,503,50316,Control,BoSY,Grade 9,3-level,independent,0,156,0
340567,15,1505,150501,Treatment,BoSY,Grade 9,3-level,independent,49,205,23.902439024390244
320606,15,1515,151502,Treatment,BoSY,Grade 9,3-level,independent,20,333,6.006006006006006
320202,15,1511,151101,Treatment,BoSY,Grade 9,3-level,independent,16,116,13.793103448275861
305310,15,1507,150703,Treatment,BoSY,Grade 9,3-level,independent,11,299,3.678929765886288
305418,15,1513,151301,Treatment,BoSY,Grade 9,3-level,independent,22,966,2.277432712215321
500565,15,1515,151502,Treatment,BoSY,Grade 9,3-level,independent,5,709,0.7052186177715092
301258,4,413,41308,Treatment,BoSY,Grade 9,3-level,independent,66,382,17.277486910994764
301214,4,411,41101,Treatment,BoSY,Grade 9,3-level,independent,82,601,13.643926788685524
301497,4,414,41401,Treatment,BoSY,Grade 9,3-level,independent,31,328,9.451219512195122
305411,15,1515,151502,Treatment,BoSY,Grade 9,3-level,independent,69,844,8.175355450236967
305420,15,1513,151301,Treatment,BoSY,Grade 9,3-level,independent,7,1126,0.6216696269982238
301231,4,413,41302,Control,BoSY,Grade 9,3-level,independent,0,161,0
301188,4,402,40201,Control,BoSY,Grade 9,3-level,independent,78,606,12.871287128712872
307913,4,413,41309,Control,BoSY,Grade 9,3-level,independent,0,249,0
500566,15,1507,150710,Control,BoSY,Grade 9,3-level,independent,218,660,33.03030303030303
305453,15,1510,151001,Control,BoSY,Grade 9,3-level,independent,0,710,0
305311,15,1507,150702,Control,BoSY,Grade 9,3-level,independent,4,266,1.5037593984962405
301425,4,401,40101,Control,BoSY,Grade 9,3-level,independent,1,804,0.12437810945273632
301202,4,408,40812,Control,BoSY,Grade 9,3-level,independent,5,297,1.6835016835016836
305412,15,1515,151502,Control,BoSY,Grade 9,3-level,independent,14,991,1.4127144298688195
308105,4,417,41703,Control,BoSY,Grade 9,3-level,independent,52,620,8.387096774193548
305341,15,1514,151401,Control,BoSY,Grade 9,3-level,independent,6,862,0.6960556844547564
319604,15,1512,151201,Control,BoSY,Grade 9,3-level,independent,5,341,1.466275659824047
305568,15,1516,151601,Control,BoSY,Grade 9,3-level,independent,3,289,1.0380622837370241
305434,15,1503,150301,Control,BoSY,Grade 9,3-level,independent,103,690,14.927536231884059
301464,4,417,41710,Control,BoSY,Grade 9,3-level,independent,52,501,10.379241516966069
305461,15,1515,151502,Control,BoSY,Grade 9,3-level,independent,0,280,0
305384,15,1501,150101,Control,BoSY,Grade 9,3-level,independent,128,418,30.62200956937799
301143,4,421,42101,Control,BoSY,Grade 9,3-level,independent,12,861,1.3937282229965158
305340,15,1514,151401,Control,BoSY,Grade 9,3-level,independent,374,1128,33.156028368794324
305302,15,1507,150709,Treatment,BoSY,Grade 9,3-level,independent,20,1021,1.9588638589618022
308103,4,417,41712,Control,BoSY,Grade 9,3-level,independent,11,274,4.014598540145985
308130,4,417,41711,Control,BoSY,Grade 9,3-level,independent,5,120,4.166666666666667
301227,4,420,42001,Control,BoSY,Grade 9,3-level,independent,122,1031,11.833171677982541
305334,15,1514,151401,Control,BoSY,Grade 9,3-level,independent,31,569,5.448154657293498
305367,15,1512,151201,Control,BoSY,Grade 9,3-level,independent,19,901,2.108768035516093
305635,15,1514,151401,Control,BoSY,Grade 9,3-level,independent,31,385,8.051948051948052
301218,4,408,40814,Control,BoSY,Grade 9,3-level,independent,48,1870,2.5668449197860963
308501,4,415,41501,Control,BoSY,Grade 9,3-level,independent,65,489,13.292433537832311
500332,15,1506,150601,Control,BoSY,Grade 9,3-level,independent,6,278,2.158273381294964
305471,15,1509,150901,Control,BoSY,Grade 9,3-level,independent,47,656,7.164634146341464
305376,15,1501,150101,Treatment,BoSY,Grade 9,3-level,independent,120,775,15.483870967741936
301432,4,417,41705,Control,BoSY,Grade 9,3-level,independent,15,482,3.112033195020747
305459,15,1515,151502,Control,BoSY,Grade 9,3-level,independent,27,779,3.465982028241335
305313,15,1507,150708,Control,BoSY,Grade 9,3-level,independent,65,497,13.078470824949699
301186,4,410,41001,Control,BoSY,Grade 9,3-level,independent,70,1540,4.545454545454546
301184,4,410,41001,Control,BoSY,Grade 9,3-level,independent,0,921,0
305295,15,1507,150710,Control,BoSY,Grade 9,3-level,independent,132,1234,10.696920583468396
301416,4,422,42201,Control,BoSY,Grade 9,3-level,independent,0,135,0
305450,15,1505,150501,Treatment,BoSY,Grade 9,3-level,independent,55,365,15.068493150684931
301403,4,416,41606,Control,BoSY,Grade 9,3-level,independent,5,358,1.3966480446927374
301451,4,417,41708,Control,BoSY,Grade 9,3-level,independent,0,260,0
305338,15,1514,151401,Control,BoSY,Grade 9,3-level,independent,14,651,2.150537634408602
301257,4,413,41312,Control,BoSY,Grade 9,3-level,independent,9,1758,0.5119453924914675
305416,15,1513,151301,Control,BoSY,Grade 9,3-level,independent,92,838,10.978520286396181
305337,15,1514,151401,Control,BoSY,Grade 9,3-level,independent,131,1923,6.812272490899636
305353,15,1514,151401,Control,BoSY,Grade 9,3-level,independent,15,397,3.7783375314861463
301197,4,408,40812,Control,BoSY,Grade 9,3-level,independent,13,360,3.611111111111111
301236,4,413,41308,Treatment,BoSY,Grade 9,3-level,independent,23,256,8.984375
305444,15,1516,151601,Control,BoSY,Grade 9,3-level,independent,4,293,1.3651877133105803
320306,15,1503,150301,Control,BoSY,Grade 9,3-level,independent,4,694,0.57636887608069165
301489,4,414,41401,Control,BoSY,Grade 9,3-level,independent,55,285,19.29824561403509
301507,4,418,41801,Control,BoSY,Grade 9,3-level,independent,29,123,23.577235772357724
301456,4,417,41710,Control,BoSY,Grade 9,3-level,independent,110,453,24.282560706401767
301238,4,413,41303,Control,BoSY,Grade 9,3-level,independent,0,447,0
305438,15,1516,151601,Control,BoSY,Grade 9,3-level,independent,1,847,0.1180637544273908
305324,15,1514,151401,Control,BoSY,Grade 9,3-level,independent,1,292,0.3424657534246575
305454,15,1510,151001,Control,BoSY,Grade 9,3-level,independent,32,120,26.666666666666668
308122,4,417,41708,Control,BoSY,Grade 9,3-level,independent,4,145,2.7586206896551726
301508,4,418,41801,Control,BoSY,Grade 9,3-level,independent,37,249,14.859437751004016
305465,15,1515,151502,Control,BoSY,Grade 9,3-level,independent,4,780,0.5128205128205128
305428,15,1511,151101,Control,BoSY,Grade 9,3-level,independent,14,341,4.105571847507331
301175,4,408,40807,Control,BoSY,Grade 9,3-level,independent,92,510,18.03921568627451
301437,4,417,41704,Control,BoSY,Grade 9,3-level,independent,200,916,21.83406113537118
320204,15,1511,151101,Control,BoSY,Grade 9,3-level,independent,182,560,32.5
305447,15,1505,150501,Control,BoSY,Grade 9,3-level,independent,0,575,0
301438,4,417,41704,Control,BoSY,Grade 9,3-level,independent,0,429,0
308135,4,417,41708,Control,BoSY,Grade 9,3-level,independent,24,363,6.6115702479338845
301418,4,401,40101,Control,BoSY,Grade 9,3-level,independent,702,2592,27.083333333333332
305288,15,1507,150710,Control,BoSY,Grade 9,3-level,independent,48,732,6.557377049180328
301265,4,413,41301,Control,BoSY,Grade 9,3-level,independent,7,348,2.0114942528735633
305442,15,1516,151601,Control,BoSY,Grade 9,3-level,independent,77,275,28
500339,15,1505,150501,Control,BoSY,Grade 9,3-level,independent,56,332,16.867469879518072
305435,15,1503,150301,Control,BoSY,Grade 9,3-level,independent,7,364,1.9230769230769231
308134,4,417,41708,Control,BoSY,Grade 9,3-level,independent,19,435,4.367816091954023
305452,15,1505,150501,Control,BoSY,Grade 9,3-level,independent,82,590,13.898305084745763
312330,7,703,70308,Treatment,BoSY,Grade 9,3-level,independent,12,56,21.428571428571427
305710,7,703,70302,Treatment,BoSY,Grade 9,3-level,independent,13,68,19.11764705882353
305655,11,1101,110101,Treatment,BoSY,Grade 9,3-level,independent,0,20,0
305581,7,703,70303,Treatment,BoSY,Grade 9,3-level,independent,4,31,12.903225806451612
303130,7,703,70309,Treatment,BoSY,Grade 9,3-level,independent,2,138,1.4492753623188406
312354,7,703,70309,Treatment,BoSY,Grade 9,3-level,independent,1,22,4.545454545454546
305849,11,1105,110503,Treatment,BoSY,Grade 9,3-level,independent,1,25,4
305500,11,1101,110101,Treatment,BoSY,Grade 9,3-level,independent,0,20,0
312355,7,703,70304,Treatment,BoSY,Grade 9,3-level,independent,5,34,14.705882352941176
501903,11,1110,111001,Treatment,BoSY,Grade 9,3-level,independent,2,17,11.764705882352942
500665,7,705,70527,Control,BoSY,Grade 9,3-level,independent,2,63,3.1746031746031744
312462,7,705,70520,Control,BoSY,Grade 9,3-level,independent,0,23,0
306038,11,1102,110202,Control,BoSY,Grade 9,3-level,independent,6,25,24
500221,7,705,70527,Control,BoSY,Grade 9,3-level,independent,2,18,11.11111111111111
500744,7,708,70801,Control,BoSY,Grade 9,3-level,independent,5,34,14.705882352941176
305884,11,1101,110101,Control,BoSY,Grade 9,3-level,independent,16,77,20.77922077922078
303170,7,709,70901,Control,BoSY,Grade 9,3-level,independent,2,34,5.882352941176471
500787,7,708,70801,Control,BoSY,Grade 9,3-level,independent,5,42,11.904761904761905
500667,7,705,70528,Control,BoSY,Grade 9,3-level,independent,5,32,15.625
501071,11,1101,110101,Control,BoSY,Grade 9,3-level,independent,0,16,0
303046,7,705,70527,Control,BoSY,Grade 9,3-level,independent,17,80,21.25
325303,7,707,70701,Control,BoSY,Grade 9,3-level,independent,6,54,11.11111111111111
500208,7,703,70305,Control,BoSY,Grade 9,3-level,independent,0,14,0
312401,7,705,70525,Control,BoSY,Grade 9,3-level,independent,0,57,0
303136,7,706,70601,Control,BoSY,Grade 9,3-level,independent,9,55,16.363636363636363
312435,7,707,70701,Control,BoSY,Grade 9,3-level,independent,0,27,0
502186,11,1101,110101,Control,BoSY,Grade 9,3-level,independent,2,8,25
500782,7,708,70801,Control,BoSY,Grade 9,3-level,independent,14,191,7.329842931937173
306086,11,1106,110606,Control,BoSY,Grade 9,3-level,independent,0,11,0
305755,7,705,70529,Control,BoSY,Grade 9,3-level,independent,2,104,1.9230769230769231
305665,11,1101,110101,Control,BoSY,Grade 9,3-level,independent,0,15,0
501635,7,703,70301,Control,BoSY,Grade 9,3-level,independent,0,52,0
305843,11,1110,111001,Control,BoSY,Grade 9,3-level,independent,1,36,2.7777777777777777
500894,7,705,70517,Control,BoSY,Grade 9,3-level,independent,5,94,5.319148936170213
500671,7,705,70506,Control,BoSY,Grade 9,3-level,independent,1,30,3.3333333333333335
305847,11,1105,110503,Control,BoSY,Grade 9,3-level,independent,7,33,21.21212121212121
500784,7,708,70801,Control,BoSY,Grade 9,3-level,independent,0,7,0
501267,7,705,70525,Control,BoSY,Grade 9,3-level,independent,8,22,36.36363636363637
306000,7,705,70525,Control,BoSY,Grade 9,3-level,independent,0,26,0
305517,11,1106,110608,Control,BoSY,Grade 9,3-level,independent,0,41,0
305713,7,710,71001,Control,BoSY,Grade 9,3-level,independent,0,40,0
500768,7,705,70521,Control,BoSY,Grade 9,3-level,independent,0,68,0
316303,11,1107,110701,Control,BoSY,Grade 9,3-level,independent,9,45,20
316304,11,1107,110701,Control,BoSY,Grade 9,3-level,independent,0,62,0
305506,11,1101,110101,Control,BoSY,Grade 9,3-level,independent,2,16,12.5
500421,7,705,70507,Control,BoSY,Grade 9,3-level,independent,0,80,0
305681,11,1110,111001,Control,BoSY,Grade 9,3-level,independent,20,166,12.048192771084338
303186,7,711,71101,Control,BoSY,Grade 9,3-level,independent,26,109,23.853211009174313
501429,7,714,71402,Control,BoSY,Grade 9,3-level,independent,2,56,3.5714285714285716
305844,11,1103,110303,Control,BoSY,Grade 9,3-level,independent,0,46,0
305965,11,1110,111001,Control,BoSY,Grade 9,3-level,independent,20,67,29.850746268656717
501076,11,1103,110305,Control,BoSY,Grade 9,3-level,independent,0,11,0
305889,11,1101,110101,Control,BoSY,Grade 9,3-level,independent,30,42,71.42857142857143
501074,11,1103,110306,Control,BoSY,Grade 9,3-level,independent,1,32,3.125
312408,7,705,70530,Control,BoSY,Grade 9,3-level,independent,4,50,8
501351,7,705,70522,Control,BoSY,Grade 9,3-level,independent,12,51,23.529411764705884
501404,11,1101,110101,Control,BoSY,Grade 9,3-level,independent,7,28,25
305660,11,1101,110101,Control,BoSY,Grade 9,3-level,independent,8,43,18.6046511627907
303219,7,701,70101,Control,BoSY,Grade 9,3-level,independent,19,108,17.59259259259259
312450,7,705,70522,Control,BoSY,Grade 9,3-level,independent,16,72,22.22222222222222
324903,7,704,70401,Control,BoSY,Grade 9,3-level,independent,0,21,0
501065,11,1101,110101,Control,BoSY,Grade 9,3-level,independent,13,115,11.304347826086957
312451,7,705,70532,Control,BoSY,Grade 9,3-level,independent,0,45,0
501763,11,1103,110305,Control,BoSY,Grade 9,3-level,independent,11,24,45.833333333333336
316405,11,1110,111001,Control,BoSY,Grade 9,3-level,independent,34,90,37.77777777777778
316404,11,1110,111001,Control,BoSY,Grade 9,3-level,independent,14,55,25.454545454545453
316301,11,1107,110701,Control,BoSY,Grade 9,3-level,independent,81,137,59.12408759124087
312910,7,710,71001,Control,BoSY,Grade 9,3-level,independent,5,101,4.9504950495049505
303011,7,705,70512,Control,BoSY,Grade 9,3-level,independent,4,32,12.5
305651,11,1101,110101,Control,BoSY,Grade 9,3-level,independent,0,29,0
305662,11,1101,110101,Control,BoSY,Grade 9,3-level,independent,7,38,18.42105263157895
305850,11,1105,110503,Control,BoSY,Grade 9,3-level,independent,3,30,10
312481,7,705,70518,Control,BoSY,Grade 9,3-level,independent,37,174,21.264367816091955
304409,11,1110,111001,Control,BoSY,Grade 9,3-level,independent,7,101,6.930693069306931
303246,7,713,71303,Control,BoSY,Grade 9,3-level,independent,10,109,9.174311926605505
501405,11,1101,110101,Control,BoSY,Grade 9,3-level,independent,0,38,0
305677,11,1105,110503,Control,BoSY,Grade 9,3-level,independent,8,48,16.666666666666668
500447,7,708,70801,Control,BoSY,Grade 9,3-level,independent,0,45,0
501305,7,708,70801,Control,BoSY,Grade 9,3-level,independent,0,28,0
305917,7,708,70801,Control,BoSY,Grade 9,3-level,independent,5,29,17.24137931034483
305722,7,703,70304,Control,BoSY,Grade 9,3-level,independent,20,52,38.46153846153846
312953,7,713,71306,Control,BoSY,Grade 9,3-level,independent,0,23,0
305498,11,1101,110101,Control,BoSY,Grade 9,3-level,independent,1,52,1.9230769230769231
305669,11,1101,110101,Control,BoSY,Grade 9,3-level,independent,0,21,0
312960,7,710,71002,Control,BoSY,Grade 9,3-level,independent,6,76,7.894736842105263
309906,5,508,50811,Treatment,BoSY,Grade 10,2-level,frustration,56,119,47.05882352941177
309934,5,508,50806,Treatment,BoSY,Grade 10,2-level,frustration,1,28,3.5714285714285716
301871,5,501,50107,Treatment,BoSY,Grade 10,2-level,frustration,6,81,7.407407407407407
302134,5,508,50804,Treatment,BoSY,Grade 10,2-level,frustration,15,120,12.5
302117,5,508,50803,Treatment,BoSY,Grade 10,2-level,frustration,0,72,0
309909,5,508,50801,Treatment,BoSY,Grade 10,2-level,frustration,5,92,5.434782608695652
309915,5,508,50801,Treatment,BoSY,Grade 10,2-level,frustration,5,32,15.625
501544,5,508,50815,Treatment,BoSY,Grade 10,2-level,frustration,4,82,4.878048780487805
301887,5,502,50205,Treatment,BoSY,Grade 10,2-level,frustration,7,64,10.9375
302175,5,508,50820,Treatment,BoSY,Grade 10,2-level,frustration,0,98,0
302146,5,508,50812,Treatment,BoSY,Grade 10,2-level,frustration,6,105,5.714285714285714
309921,5,508,50805,Treatment,BoSY,Grade 10,2-level,frustration,0,54,0
302254,5,505,50501,Control,BoSY,Grade 10,2-level,frustration,11,99,11.11111111111111
309513,5,501,50112,Control,BoSY,Grade 10,2-level,frustration,0,104,0
500163,5,508,50801,Control,BoSY,Grade 10,2-level,frustration,15,68,22.058823529411764
302058,5,503,50333,Control,BoSY,Grade 10,2-level,frustration,13,86,15.116279069767442
302192,5,511,51103,Control,BoSY,Grade 10,2-level,frustration,22,263,8.365019011406844
302227,5,511,51105,Control,BoSY,Grade 10,2-level,frustration,19,57,33.333333333333336
302252,5,505,50501,Control,BoSY,Grade 10,2-level,frustration,20,68,29.41176470588235
309914,5,508,50806,Control,BoSY,Grade 10,2-level,frustration,0,200,0
309711,5,503,50317,Control,BoSY,Grade 10,2-level,frustration,14,50,28
301817,5,507,50701,Control,BoSY,Grade 10,2-level,frustration,3,109,2.7522935779816513
302165,5,508,50816,Control,BoSY,Grade 10,2-level,frustration,11,52,21.153846153846153
301974,5,503,50311,Treatment,BoSY,Grade 10,2-level,frustration,0,56,0
302256,5,505,50501,Control,BoSY,Grade 10,2-level,frustration,10,115,8.695652173913043
301834,5,501,50106,Control,BoSY,Grade 10,2-level,frustration,4,156,2.5641025641025643
309760,5,503,50306,Control,BoSY,Grade 10,2-level,frustration,1,47,2.127659574468085
309936,5,508,50819,Control,BoSY,Grade 10,2-level,frustration,2,45,4.444444444444445
302203,5,511,51102,Control,BoSY,Grade 10,2-level,frustration,6,38,15.789473684210526
302011,5,503,50314,Control,BoSY,Grade 10,2-level,frustration,80,166,48.19277108433735
500168,5,505,50501,Control,BoSY,Grade 10,2-level,frustration,3,70,4.285714285714286
301947,5,503,50306,Control,BoSY,Grade 10,2-level,frustration,16,317,5.047318611987381
309941,5,508,50812,Control,BoSY,Grade 10,2-level,frustration,90,176,51.13636363636363
301839,5,501,50111,Control,BoSY,Grade 10,2-level,frustration,2,71,2.816901408450704
501843,5,508,50818,Treatment,BoSY,Grade 10,2-level,frustration,2,16,12.5
302111,5,508,50801,Control,BoSY,Grade 10,2-level,frustration,1,470,0.2127659574468085
302133,5,509,50901,Control,BoSY,Grade 10,2-level,frustration,17,121,14.049586776859504
301990,5,503,50317,Control,BoSY,Grade 10,2-level,frustration,0,48,0
309937,5,508,50819,Control,BoSY,Grade 10,2-level,frustration,4,74,5.405405405405405
302241,5,511,51105,Control,BoSY,Grade 10,2-level,frustration,14,114,12.280701754385966
500167,5,505,50501,Control,BoSY,Grade 10,2-level,frustration,8,56,14.285714285714286
309764,5,503,50320,Control,BoSY,Grade 10,2-level,frustration,7,38,18.42105263157895
302205,5,511,51106,Control,BoSY,Grade 10,2-level,frustration,0,88,0
302014,5,503,50302,Control,BoSY,Grade 10,2-level,frustration,9,103,8.737864077669903
309740,5,503,50315,Control,BoSY,Grade 10,2-level,frustration,0,48,0
309741,5,503,50315,Control,BoSY,Grade 10,2-level,frustration,5,113,4.424778761061947
302161,5,508,50803,Treatment,BoSY,Grade 10,2-level,frustration,5,82,6.097560975609756
302113,5,508,50818,Treatment,BoSY,Grade 10,2-level,frustration,10,80,12.5
302127,5,508,50817,Control,BoSY,Grade 10,2-level,frustration,8,35,22.857142857142858
301899,5,502,50205,Control,BoSY,Grade 10,2-level,frustration,1,136,0.7352941176470589
309509,5,501,50113,Control,BoSY,Grade 10,2-level,frustration,3,57,5.2631578947368425
309903,5,508,50816,Control,BoSY,Grade 10,2-level,frustration,33,55,60
301995,5,503,50310,Control,BoSY,Grade 10,2-level,frustration,4,55,7.2727272727272725
309702,5,503,50325,Control,BoSY,Grade 10,2-level,frustration,45,211,21.327014218009477
501020,5,503,50310,Control,BoSY,Grade 10,2-level,frustration,0,25,0
309743,5,503,50332,Control,BoSY,Grade 10,2-level,frustration,36,97,37.11340206185567
301816,5,501,50101,Control,BoSY,Grade 10,2-level,frustration,24,144,16.666666666666668
302054,5,503,50315,Control,BoSY,Grade 10,2-level,frustration,5,102,4.901960784313726
301862,5,507,50701,Control,BoSY,Grade 10,2-level,frustration,7,202,3.4653465346534653
502477,5,501,50108,Control,BoSY,Grade 10,2-level,frustration,0,0,NA
302283,5,513,51301,Control,BoSY,Grade 10,2-level,frustration,31,299,10.367892976588628
301900,5,502,50206,Control,BoSY,Grade 10,2-level,frustration,0,40,0
302123,5,508,50808,Control,BoSY,Grade 10,2-level,frustration,1,54,1.8518518518518519
309512,5,501,50110,Control,BoSY,Grade 10,2-level,frustration,0,76,0
302284,5,513,51301,Control,BoSY,Grade 10,2-level,frustration,15,172,8.720930232558139
500034,5,508,50819,Control,BoSY,Grade 10,2-level,frustration,0,23,0
302043,5,503,50305,Control,BoSY,Grade 10,2-level,frustration,35,190,18.42105263157895
302182,5,511,51107,Control,BoSY,Grade 10,2-level,frustration,22,99,22.22222222222222
301986,5,503,50334,Control,BoSY,Grade 10,2-level,frustration,31,154,20.12987012987013
302109,5,508,50817,Control,BoSY,Grade 10,2-level,frustration,7,205,3.4146341463414633
302061,5,503,50311,Control,BoSY,Grade 10,2-level,frustration,2,52,3.8461538461538463
309931,5,508,50802,Control,BoSY,Grade 10,2-level,frustration,11,55,20
301984,5,503,50331,Control,BoSY,Grade 10,2-level,frustration,16,190,8.421052631578947
302156,5,508,50803,Control,BoSY,Grade 10,2-level,frustration,31,99,31.31313131313131
309705,5,503,50330,Control,BoSY,Grade 10,2-level,frustration,16,82,19.51219512195122
500165,5,508,50804,Control,BoSY,Grade 10,2-level,frustration,2,39,5.128205128205129
301930,5,503,50328,Control,BoSY,Grade 10,2-level,frustration,13,78,16.666666666666668
302177,5,508,50806,Control,BoSY,Grade 10,2-level,frustration,17,85,20
302282,5,513,51301,Control,BoSY,Grade 10,2-level,frustration,45,275,16.363636363636363
502615,5,508,50802,Control,BoSY,Grade 10,2-level,frustration,0,0,NA
302263,5,506,50601,Control,BoSY,Grade 10,2-level,frustration,60,90,66.66666666666667
301826,5,501,50103,Control,BoSY,Grade 10,2-level,frustration,1,39,2.5641025641025643
305750,5,513,51301,Control,BoSY,Grade 10,2-level,frustration,8,51,15.686274509803921
301870,5,501,50110,Control,BoSY,Grade 10,2-level,frustration,11,116,9.482758620689655
302039,5,503,50316,Control,BoSY,Grade 10,2-level,frustration,26,241,10.78838174273859
301868,5,501,50112,Control,BoSY,Grade 10,2-level,frustration,2,236,0.847457627118644
301963,5,503,50316,Control,BoSY,Grade 10,2-level,frustration,2,148,1.3513513513513513
340567,15,1505,150501,Treatment,BoSY,Grade 10,2-level,frustration,20,229,8.733624454148472
320606,15,1515,151502,Treatment,BoSY,Grade 10,2-level,frustration,79,361,21.883656509695292
320202,15,1511,151101,Treatment,BoSY,Grade 10,2-level,frustration,5,132,3.787878787878788
305310,15,1507,150703,Treatment,BoSY,Grade 10,2-level,frustration,38,291,13.058419243986254
305418,15,1513,151301,Treatment,BoSY,Grade 10,2-level,frustration,374,861,43.43786295005807
500565,15,1515,151502,Treatment,BoSY,Grade 10,2-level,frustration,36,901,3.995560488346282
301258,4,413,41308,Treatment,BoSY,Grade 10,2-level,frustration,201,468,42.94871794871795
301214,4,411,41101,Treatment,BoSY,Grade 10,2-level,frustration,95,594,15.993265993265993
301497,4,414,41401,Treatment,BoSY,Grade 10,2-level,frustration,6,357,1.680672268907563
305411,15,1515,151502,Treatment,BoSY,Grade 10,2-level,frustration,35,1030,3.3980582524271843
305420,15,1513,151301,Treatment,BoSY,Grade 10,2-level,frustration,451,1270,35.511811023622045
301231,4,413,41302,Control,BoSY,Grade 10,2-level,frustration,16,189,8.465608465608465
301188,4,402,40201,Control,BoSY,Grade 10,2-level,frustration,10,647,1.545595054095827
307913,4,413,41309,Control,BoSY,Grade 10,2-level,frustration,3,293,1.023890784982935
500566,15,1507,150710,Control,BoSY,Grade 10,2-level,frustration,58,635,9.133858267716535
305453,15,1510,151001,Control,BoSY,Grade 10,2-level,frustration,10,701,1.4265335235378032
305311,15,1507,150702,Control,BoSY,Grade 10,2-level,frustration,60,325,18.46153846153846
301425,4,401,40101,Control,BoSY,Grade 10,2-level,frustration,226,813,27.798277982779826
301202,4,408,40812,Control,BoSY,Grade 10,2-level,frustration,79,322,24.53416149068323
305412,15,1515,151502,Control,BoSY,Grade 10,2-level,frustration,56,933,6.002143622722401
308105,4,417,41703,Control,BoSY,Grade 10,2-level,frustration,56,694,8.069164265129682
305341,15,1514,151401,Control,BoSY,Grade 10,2-level,frustration,258,1599,16.135084427767353
319604,15,1512,151201,Control,BoSY,Grade 10,2-level,frustration,9,295,3.0508474576271185
305568,15,1516,151601,Control,BoSY,Grade 10,2-level,frustration,142,395,35.949367088607595
305434,15,1503,150301,Control,BoSY,Grade 10,2-level,frustration,35,789,4.435994930291508
301464,4,417,41710,Control,BoSY,Grade 10,2-level,frustration,9,542,1.6605166051660516
305461,15,1515,151502,Control,BoSY,Grade 10,2-level,frustration,150,261,57.47126436781609
305384,15,1501,150101,Control,BoSY,Grade 10,2-level,frustration,11,451,2.4390243902439024
301143,4,421,42101,Control,BoSY,Grade 10,2-level,frustration,105,1093,9.606587374199451
305340,15,1514,151401,Control,BoSY,Grade 10,2-level,frustration,105,1369,7.6698319941563184
305302,15,1507,150709,Treatment,BoSY,Grade 10,2-level,frustration,198,1036,19.111969111969113
308103,4,417,41712,Control,BoSY,Grade 10,2-level,frustration,3,258,1.1627906976744187
308130,4,417,41711,Control,BoSY,Grade 10,2-level,frustration,10,156,6.410256410256411
301227,4,420,42001,Control,BoSY,Grade 10,2-level,frustration,18,1227,1.466992665036675
305334,15,1514,151401,Control,BoSY,Grade 10,2-level,frustration,8,648,1.2345679012345678
305367,15,1512,151201,Control,BoSY,Grade 10,2-level,frustration,640,936,68.37606837606837
305635,15,1514,151401,Control,BoSY,Grade 10,2-level,frustration,31,411,7.542579075425791
301218,4,408,40814,Control,BoSY,Grade 10,2-level,frustration,46,1782,2.5813692480359145
308501,4,415,41501,Control,BoSY,Grade 10,2-level,frustration,65,518,12.548262548262548
500332,15,1506,150601,Control,BoSY,Grade 10,2-level,frustration,153,398,38.44221105527638
305471,15,1509,150901,Control,BoSY,Grade 10,2-level,frustration,13,482,2.6970954356846475
305376,15,1501,150101,Treatment,BoSY,Grade 10,2-level,frustration,2,789,0.2534854245880862
301432,4,417,41705,Control,BoSY,Grade 10,2-level,frustration,7,489,1.4314928425357873
305459,15,1515,151502,Control,BoSY,Grade 10,2-level,frustration,305,1001,30.46953046953047
305313,15,1507,150708,Control,BoSY,Grade 10,2-level,frustration,86,529,16.257088846880908
301186,4,410,41001,Control,BoSY,Grade 10,2-level,frustration,41,1607,2.551337896701929
301184,4,410,41001,Control,BoSY,Grade 10,2-level,frustration,0,921,0
305295,15,1507,150710,Control,BoSY,Grade 10,2-level,frustration,35,1261,2.775574940523394
301416,4,422,42201,Control,BoSY,Grade 10,2-level,frustration,0,129,0
305450,15,1505,150501,Treatment,BoSY,Grade 10,2-level,frustration,79,368,21.467391304347824
301403,4,416,41606,Control,BoSY,Grade 10,2-level,frustration,209,447,46.75615212527964
301451,4,417,41708,Control,BoSY,Grade 10,2-level,frustration,119,280,42.5
305338,15,1514,151401,Control,BoSY,Grade 10,2-level,frustration,19,748,2.5401069518716577
301257,4,413,41312,Control,BoSY,Grade 10,2-level,frustration,64,1922,3.3298647242455774
305416,15,1513,151301,Control,BoSY,Grade 10,2-level,frustration,110,900,12.222222222222221
305337,15,1514,151401,Control,BoSY,Grade 10,2-level,frustration,47,1990,2.3618090452261304
305353,15,1514,151401,Control,BoSY,Grade 10,2-level,frustration,251,505,49.7029702970297
301197,4,408,40812,Control,BoSY,Grade 10,2-level,frustration,5,343,1.4577259475218658
301236,4,413,41308,Treatment,BoSY,Grade 10,2-level,frustration,77,239,32.21757322175732
305444,15,1516,151601,Control,BoSY,Grade 10,2-level,frustration,83,352,23.579545454545453
320306,15,1503,150301,Control,BoSY,Grade 10,2-level,frustration,80,740,10.81081081081081
301489,4,414,41401,Control,BoSY,Grade 10,2-level,frustration,37,293,12.627986348122867
301507,4,418,41801,Control,BoSY,Grade 10,2-level,frustration,3,128,2.34375
301456,4,417,41710,Control,BoSY,Grade 10,2-level,frustration,102,516,19.767441860465116
301238,4,413,41303,Control,BoSY,Grade 10,2-level,frustration,1,512,0.1953125
305438,15,1516,151601,Control,BoSY,Grade 10,2-level,frustration,238,897,26.53288740245262
305324,15,1514,151401,Control,BoSY,Grade 10,2-level,frustration,52,298,17.449664429530202
305454,15,1510,151001,Control,BoSY,Grade 10,2-level,frustration,0,128,0
308122,4,417,41708,Control,BoSY,Grade 10,2-level,frustration,38,182,20.87912087912088
301508,4,418,41801,Control,BoSY,Grade 10,2-level,frustration,39,216,18.055555555555557
305465,15,1515,151502,Control,BoSY,Grade 10,2-level,frustration,104,844,12.322274881516588
305428,15,1511,151101,Control,BoSY,Grade 10,2-level,frustration,14,376,3.723404255319149
301175,4,408,40807,Control,BoSY,Grade 10,2-level,frustration,172,552,31.159420289855074
301437,4,417,41704,Control,BoSY,Grade 10,2-level,frustration,40,913,4.381161007667032
320204,15,1511,151101,Control,BoSY,Grade 10,2-level,frustration,30,473,6.342494714587738
305447,15,1505,150501,Control,BoSY,Grade 10,2-level,frustration,70,566,12.36749116607774
301438,4,417,41704,Control,BoSY,Grade 10,2-level,frustration,130,444,29.27927927927928
308135,4,417,41708,Control,BoSY,Grade 10,2-level,frustration,7,420,1.6666666666666667
301418,4,401,40101,Control,BoSY,Grade 10,2-level,frustration,714,2681,26.631853785900784
305288,15,1507,150710,Control,BoSY,Grade 10,2-level,frustration,84,745,11.275167785234899
301265,4,413,41301,Control,BoSY,Grade 10,2-level,frustration,65,396,16.414141414141415
305442,15,1516,151601,Control,BoSY,Grade 10,2-level,frustration,12,270,4.444444444444445
500339,15,1505,150501,Control,BoSY,Grade 10,2-level,frustration,111,371,29.919137466307276
305435,15,1503,150301,Control,BoSY,Grade 10,2-level,frustration,73,423,17.257683215130022
308134,4,417,41708,Control,BoSY,Grade 10,2-level,frustration,99,492,20.121951219512194
305452,15,1505,150501,Control,BoSY,Grade 10,2-level,frustration,18,640,2.8125
312330,7,703,70308,Treatment,BoSY,Grade 10,2-level,frustration,0,88,0
305710,7,703,70302,Treatment,BoSY,Grade 10,2-level,frustration,7,78,8.974358974358974
305655,11,1101,110101,Treatment,BoSY,Grade 10,2-level,frustration,0,25,0
305581,7,703,70303,Treatment,BoSY,Grade 10,2-level,frustration,1,41,2.4390243902439024
303130,7,703,70309,Treatment,BoSY,Grade 10,2-level,frustration,23,208,11.057692307692308
312354,7,703,70309,Treatment,BoSY,Grade 10,2-level,frustration,0,24,0
305849,11,1105,110503,Treatment,BoSY,Grade 10,2-level,frustration,0,21,0
305500,11,1101,110101,Treatment,BoSY,Grade 10,2-level,frustration,0,29,0
312355,7,703,70304,Treatment,BoSY,Grade 10,2-level,frustration,3,44,6.818181818181818
501903,11,1110,111001,Treatment,BoSY,Grade 10,2-level,frustration,2,23,8.695652173913043
500665,7,705,70527,Control,BoSY,Grade 10,2-level,frustration,4,75,5.333333333333333
312462,7,705,70520,Control,BoSY,Grade 10,2-level,frustration,2,14,14.285714285714286
306038,11,1102,110202,Control,BoSY,Grade 10,2-level,frustration,2,29,6.896551724137931
500221,7,705,70527,Control,BoSY,Grade 10,2-level,frustration,4,31,12.903225806451612
500744,7,708,70801,Control,BoSY,Grade 10,2-level,frustration,1,41,2.4390243902439024
305884,11,1101,110101,Control,BoSY,Grade 10,2-level,frustration,28,99,28.282828282828284
303170,7,709,70901,Control,BoSY,Grade 10,2-level,frustration,5,51,9.803921568627452
500787,7,708,70801,Control,BoSY,Grade 10,2-level,frustration,0,49,0
500667,7,705,70528,Control,BoSY,Grade 10,2-level,frustration,0,50,0
501071,11,1101,110101,Control,BoSY,Grade 10,2-level,frustration,1,22,4.545454545454546
303046,7,705,70527,Control,BoSY,Grade 10,2-level,frustration,0,95,0
325303,7,707,70701,Control,BoSY,Grade 10,2-level,frustration,26,93,27.956989247311828
500208,7,703,70305,Control,BoSY,Grade 10,2-level,frustration,3,14,21.428571428571427
312401,7,705,70525,Control,BoSY,Grade 10,2-level,frustration,0,68,0
303136,7,706,70601,Control,BoSY,Grade 10,2-level,frustration,2,66,3.0303030303030303
312435,7,707,70701,Control,BoSY,Grade 10,2-level,frustration,10,34,29.41176470588235
502186,11,1101,110101,Control,BoSY,Grade 10,2-level,frustration,1,14,7.142857142857143
500782,7,708,70801,Control,BoSY,Grade 10,2-level,frustration,1,221,0.45248868778280543
306086,11,1106,110606,Control,BoSY,Grade 10,2-level,frustration,11,19,57.89473684210526
305755,7,705,70529,Control,BoSY,Grade 10,2-level,frustration,26,92,28.26086956521739
305665,11,1101,110101,Control,BoSY,Grade 10,2-level,frustration,0,15,0
501635,7,703,70301,Control,BoSY,Grade 10,2-level,frustration,10,58,17.24137931034483
305843,11,1110,111001,Control,BoSY,Grade 10,2-level,frustration,8,36,22.22222222222222
500894,7,705,70517,Control,BoSY,Grade 10,2-level,frustration,19,86,22.093023255813954
500671,7,705,70506,Control,BoSY,Grade 10,2-level,frustration,2,35,5.714285714285714
305847,11,1105,110503,Control,BoSY,Grade 10,2-level,frustration,2,27,7.407407407407407
500784,7,708,70801,Control,BoSY,Grade 10,2-level,frustration,4,10,40
501267,7,705,70525,Control,BoSY,Grade 10,2-level,frustration,0,26,0
306000,7,705,70525,Control,BoSY,Grade 10,2-level,frustration,0,28,0
305517,11,1106,110608,Control,BoSY,Grade 10,2-level,frustration,9,35,25.714285714285715
305713,7,710,71001,Control,BoSY,Grade 10,2-level,frustration,0,27,0
500768,7,705,70521,Control,BoSY,Grade 10,2-level,frustration,0,84,0
316303,11,1107,110701,Control,BoSY,Grade 10,2-level,frustration,6,51,11.764705882352942
316304,11,1107,110701,Control,BoSY,Grade 10,2-level,frustration,16,67,23.880597014925375
305506,11,1101,110101,Control,BoSY,Grade 10,2-level,frustration,3,11,27.272727272727273
500421,7,705,70507,Control,BoSY,Grade 10,2-level,frustration,10,124,8.064516129032258
305681,11,1110,111001,Control,BoSY,Grade 10,2-level,frustration,45,161,27.950310559006212
303186,7,711,71101,Control,BoSY,Grade 10,2-level,frustration,9,90,10
501429,7,714,71402,Control,BoSY,Grade 10,2-level,frustration,19,66,28.78787878787879
305844,11,1103,110303,Control,BoSY,Grade 10,2-level,frustration,10,45,22.22222222222222
305965,11,1110,111001,Control,BoSY,Grade 10,2-level,frustration,2,61,3.278688524590164
501076,11,1103,110305,Control,BoSY,Grade 10,2-level,frustration,1,13,7.6923076923076925
305889,11,1101,110101,Control,BoSY,Grade 10,2-level,frustration,0,51,0
501074,11,1103,110306,Control,BoSY,Grade 10,2-level,frustration,5,41,12.195121951219512
312408,7,705,70530,Control,BoSY,Grade 10,2-level,frustration,6,58,10.344827586206897
501351,7,705,70522,Control,BoSY,Grade 10,2-level,frustration,7,63,11.11111111111111
501404,11,1101,110101,Control,BoSY,Grade 10,2-level,frustration,0,15,0
305660,11,1101,110101,Control,BoSY,Grade 10,2-level,frustration,0,33,0
303219,7,701,70101,Control,BoSY,Grade 10,2-level,frustration,1,113,0.8849557522123894
312450,7,705,70522,Control,BoSY,Grade 10,2-level,frustration,0,95,0
324903,7,704,70401,Control,BoSY,Grade 10,2-level,frustration,5,28,17.857142857142858
501065,11,1101,110101,Control,BoSY,Grade 10,2-level,frustration,2,110,1.8181818181818181
312451,7,705,70532,Control,BoSY,Grade 10,2-level,frustration,5,57,8.771929824561404
501763,11,1103,110305,Control,BoSY,Grade 10,2-level,frustration,0,19,0
316405,11,1110,111001,Control,BoSY,Grade 10,2-level,frustration,11,109,10.091743119266056
316404,11,1110,111001,Control,BoSY,Grade 10,2-level,frustration,5,35,14.285714285714286
316301,11,1107,110701,Control,BoSY,Grade 10,2-level,frustration,0,121,0
312910,7,710,71001,Control,BoSY,Grade 10,2-level,frustration,14,76,18.42105263157895
303011,7,705,70512,Control,BoSY,Grade 10,2-level,frustration,5,35,14.285714285714286
305651,11,1101,110101,Control,BoSY,Grade 10,2-level,frustration,0,28,0
305662,11,1101,110101,Control,BoSY,Grade 10,2-level,frustration,2,25,8
305850,11,1105,110503,Control,BoSY,Grade 10,2-level,frustration,2,15,13.333333333333334
312481,7,705,70518,Control,BoSY,Grade 10,2-level,frustration,12,174,6.896551724137931
304409,11,1110,111001,Control,BoSY,Grade 10,2-level,frustration,2,93,2.150537634408602
303246,7,713,71303,Control,BoSY,Grade 10,2-level,frustration,16,84,19.047619047619047
501405,11,1101,110101,Control,BoSY,Grade 10,2-level,frustration,0,47,0
305677,11,1105,110503,Control,BoSY,Grade 10,2-level,frustration,9,32,28.125
500447,7,708,70801,Control,BoSY,Grade 10,2-level,frustration,16,45,35.55555555555556
501305,7,708,70801,Control,BoSY,Grade 10,2-level,frustration,5,32,15.625
305917,7,708,70801,Control,BoSY,Grade 10,2-level,frustration,3,26,11.538461538461538
305722,7,703,70304,Control,BoSY,Grade 10,2-level,frustration,3,45,6.666666666666667
312953,7,713,71306,Control,BoSY,Grade 10,2-level,frustration,0,38,0
305498,11,1101,110101,Control,BoSY,Grade 10,2-level,frustration,0,52,0
305669,11,1101,110101,Control,BoSY,Grade 10,2-level,frustration,9,38,23.68421052631579
312960,7,710,71002,Control,BoSY,Grade 10,2-level,frustration,1,42,2.380952380952381
309906,5,508,50811,Treatment,BoSY,Grade 10,2-level,instructional,26,119,21.84873949579832
309934,5,508,50806,Treatment,BoSY,Grade 10,2-level,instructional,7,28,25
301871,5,501,50107,Treatment,BoSY,Grade 10,2-level,instructional,2,81,2.4691358024691357
302134,5,508,50804,Treatment,BoSY,Grade 10,2-level,instructional,40,120,33.333333333333336
302117,5,508,50803,Treatment,BoSY,Grade 10,2-level,instructional,5,72,6.944444444444445
309909,5,508,50801,Treatment,BoSY,Grade 10,2-level,instructional,3,92,3.260869565217391
309915,5,508,50801,Treatment,BoSY,Grade 10,2-level,instructional,4,32,12.5
501544,5,508,50815,Treatment,BoSY,Grade 10,2-level,instructional,5,82,6.097560975609756
301887,5,502,50205,Treatment,BoSY,Grade 10,2-level,instructional,17,64,26.5625
302175,5,508,50820,Treatment,BoSY,Grade 10,2-level,instructional,12,98,12.244897959183673
302146,5,508,50812,Treatment,BoSY,Grade 10,2-level,instructional,6,105,5.714285714285714
309921,5,508,50805,Treatment,BoSY,Grade 10,2-level,instructional,0,54,0
302254,5,505,50501,Control,BoSY,Grade 10,2-level,instructional,17,99,17.171717171717173
309513,5,501,50112,Control,BoSY,Grade 10,2-level,instructional,11,104,10.576923076923077
500163,5,508,50801,Control,BoSY,Grade 10,2-level,instructional,8,68,11.764705882352942
302058,5,503,50333,Control,BoSY,Grade 10,2-level,instructional,0,86,0
302192,5,511,51103,Control,BoSY,Grade 10,2-level,instructional,72,263,27.376425855513308
302227,5,511,51105,Control,BoSY,Grade 10,2-level,instructional,0,57,0
302252,5,505,50501,Control,BoSY,Grade 10,2-level,instructional,0,68,0
309914,5,508,50806,Control,BoSY,Grade 10,2-level,instructional,0,200,0
309711,5,503,50317,Control,BoSY,Grade 10,2-level,instructional,3,50,6
301817,5,507,50701,Control,BoSY,Grade 10,2-level,instructional,4,109,3.669724770642202
302165,5,508,50816,Control,BoSY,Grade 10,2-level,instructional,1,52,1.9230769230769231
301974,5,503,50311,Treatment,BoSY,Grade 10,2-level,instructional,4,56,7.142857142857143
302256,5,505,50501,Control,BoSY,Grade 10,2-level,instructional,30,115,26.08695652173913
301834,5,501,50106,Control,BoSY,Grade 10,2-level,instructional,38,156,24.358974358974358
309760,5,503,50306,Control,BoSY,Grade 10,2-level,instructional,17,47,36.170212765957444
309936,5,508,50819,Control,BoSY,Grade 10,2-level,instructional,3,45,6.666666666666667
302203,5,511,51102,Control,BoSY,Grade 10,2-level,instructional,4,38,10.526315789473685
302011,5,503,50314,Control,BoSY,Grade 10,2-level,instructional,7,166,4.216867469879518
500168,5,505,50501,Control,BoSY,Grade 10,2-level,instructional,17,70,24.285714285714285
301947,5,503,50306,Control,BoSY,Grade 10,2-level,instructional,32,317,10.094637223974763
309941,5,508,50812,Control,BoSY,Grade 10,2-level,instructional,11,176,6.25
301839,5,501,50111,Control,BoSY,Grade 10,2-level,instructional,11,71,15.492957746478874
501843,5,508,50818,Treatment,BoSY,Grade 10,2-level,instructional,4,16,25
302111,5,508,50801,Control,BoSY,Grade 10,2-level,instructional,37,470,7.872340425531915
302133,5,509,50901,Control,BoSY,Grade 10,2-level,instructional,5,121,4.132231404958677
301990,5,503,50317,Control,BoSY,Grade 10,2-level,instructional,3,48,6.25
309937,5,508,50819,Control,BoSY,Grade 10,2-level,instructional,2,74,2.7027027027027026
302241,5,511,51105,Control,BoSY,Grade 10,2-level,instructional,98,114,85.96491228070175
500167,5,505,50501,Control,BoSY,Grade 10,2-level,instructional,7,56,12.5
309764,5,503,50320,Control,BoSY,Grade 10,2-level,instructional,0,38,0
302205,5,511,51106,Control,BoSY,Grade 10,2-level,instructional,6,88,6.818181818181818
302014,5,503,50302,Control,BoSY,Grade 10,2-level,instructional,6,103,5.825242718446602
309740,5,503,50315,Control,BoSY,Grade 10,2-level,instructional,0,48,0
309741,5,503,50315,Control,BoSY,Grade 10,2-level,instructional,12,113,10.619469026548673
302161,5,508,50803,Treatment,BoSY,Grade 10,2-level,instructional,25,82,30.48780487804878
302113,5,508,50818,Treatment,BoSY,Grade 10,2-level,instructional,15,80,18.75
302127,5,508,50817,Control,BoSY,Grade 10,2-level,instructional,3,35,8.571428571428571
301899,5,502,50205,Control,BoSY,Grade 10,2-level,instructional,13,136,9.558823529411764
309509,5,501,50113,Control,BoSY,Grade 10,2-level,instructional,21,57,36.8421052631579
309903,5,508,50816,Control,BoSY,Grade 10,2-level,instructional,18,55,32.72727272727273
301995,5,503,50310,Control,BoSY,Grade 10,2-level,instructional,8,55,14.545454545454545
309702,5,503,50325,Control,BoSY,Grade 10,2-level,instructional,4,211,1.8957345971563981
501020,5,503,50310,Control,BoSY,Grade 10,2-level,instructional,0,25,0
309743,5,503,50332,Control,BoSY,Grade 10,2-level,instructional,5,97,5.154639175257732
301816,5,501,50101,Control,BoSY,Grade 10,2-level,instructional,5,144,3.4722222222222223
302054,5,503,50315,Control,BoSY,Grade 10,2-level,instructional,28,102,27.45098039215686
301862,5,507,50701,Control,BoSY,Grade 10,2-level,instructional,14,202,6.930693069306931
502477,5,501,50108,Control,BoSY,Grade 10,2-level,instructional,0,0,NA
302283,5,513,51301,Control,BoSY,Grade 10,2-level,instructional,27,299,9.03010033444816
301900,5,502,50206,Control,BoSY,Grade 10,2-level,instructional,2,40,5
302123,5,508,50808,Control,BoSY,Grade 10,2-level,instructional,2,54,3.7037037037037037
309512,5,501,50110,Control,BoSY,Grade 10,2-level,instructional,6,76,7.894736842105263
302284,5,513,51301,Control,BoSY,Grade 10,2-level,instructional,5,172,2.9069767441860463
500034,5,508,50819,Control,BoSY,Grade 10,2-level,instructional,0,23,0
302043,5,503,50305,Control,BoSY,Grade 10,2-level,instructional,34,190,17.894736842105264
302182,5,511,51107,Control,BoSY,Grade 10,2-level,instructional,5,99,5.05050505050505
301986,5,503,50334,Control,BoSY,Grade 10,2-level,instructional,13,154,8.441558441558442
302109,5,508,50817,Control,BoSY,Grade 10,2-level,instructional,8,205,3.902439024390244
302061,5,503,50311,Control,BoSY,Grade 10,2-level,instructional,4,52,7.6923076923076925
309931,5,508,50802,Control,BoSY,Grade 10,2-level,instructional,3,55,5.454545454545454
301984,5,503,50331,Control,BoSY,Grade 10,2-level,instructional,10,190,5.2631578947368425
302156,5,508,50803,Control,BoSY,Grade 10,2-level,instructional,28,99,28.282828282828284
309705,5,503,50330,Control,BoSY,Grade 10,2-level,instructional,0,82,0
500165,5,508,50804,Control,BoSY,Grade 10,2-level,instructional,7,39,17.94871794871795
301930,5,503,50328,Control,BoSY,Grade 10,2-level,instructional,1,78,1.2820512820512822
302177,5,508,50806,Control,BoSY,Grade 10,2-level,instructional,0,85,0
302282,5,513,51301,Control,BoSY,Grade 10,2-level,instructional,80,275,29.09090909090909
502615,5,508,50802,Control,BoSY,Grade 10,2-level,instructional,0,0,NA
302263,5,506,50601,Control,BoSY,Grade 10,2-level,instructional,9,90,10
301826,5,501,50103,Control,BoSY,Grade 10,2-level,instructional,1,39,2.5641025641025643
305750,5,513,51301,Control,BoSY,Grade 10,2-level,instructional,14,51,27.45098039215686
301870,5,501,50110,Control,BoSY,Grade 10,2-level,instructional,8,116,6.896551724137931
302039,5,503,50316,Control,BoSY,Grade 10,2-level,instructional,41,241,17.012448132780083
301868,5,501,50112,Control,BoSY,Grade 10,2-level,instructional,6,236,2.542372881355932
301963,5,503,50316,Control,BoSY,Grade 10,2-level,instructional,13,148,8.783783783783784
340567,15,1505,150501,Treatment,BoSY,Grade 10,2-level,instructional,65,229,28.38427947598253
320606,15,1515,151502,Treatment,BoSY,Grade 10,2-level,instructional,29,361,8.033240997229917
320202,15,1511,151101,Treatment,BoSY,Grade 10,2-level,instructional,11,132,8.333333333333334
305310,15,1507,150703,Treatment,BoSY,Grade 10,2-level,instructional,16,291,5.498281786941581
305418,15,1513,151301,Treatment,BoSY,Grade 10,2-level,instructional,133,861,15.447154471544716
500565,15,1515,151502,Treatment,BoSY,Grade 10,2-level,instructional,207,901,22.97447280799112
301258,4,413,41308,Treatment,BoSY,Grade 10,2-level,instructional,127,468,27.136752136752136
301214,4,411,41101,Treatment,BoSY,Grade 10,2-level,instructional,106,594,17.845117845117844
301497,4,414,41401,Treatment,BoSY,Grade 10,2-level,instructional,54,357,15.126050420168067
305411,15,1515,151502,Treatment,BoSY,Grade 10,2-level,instructional,144,1030,13.980582524271844
305420,15,1513,151301,Treatment,BoSY,Grade 10,2-level,instructional,204,1270,16.062992125984252
301231,4,413,41302,Control,BoSY,Grade 10,2-level,instructional,20,189,10.582010582010582
301188,4,402,40201,Control,BoSY,Grade 10,2-level,instructional,182,647,28.12982998454405
307913,4,413,41309,Control,BoSY,Grade 10,2-level,instructional,9,293,3.0716723549488054
500566,15,1507,150710,Control,BoSY,Grade 10,2-level,instructional,58,635,9.133858267716535
305453,15,1510,151001,Control,BoSY,Grade 10,2-level,instructional,111,701,15.834522111269616
305311,15,1507,150702,Control,BoSY,Grade 10,2-level,instructional,48,325,14.76923076923077
301425,4,401,40101,Control,BoSY,Grade 10,2-level,instructional,131,813,16.113161131611317
301202,4,408,40812,Control,BoSY,Grade 10,2-level,instructional,35,322,10.869565217391305
305412,15,1515,151502,Control,BoSY,Grade 10,2-level,instructional,317,933,33.97642015005359
308105,4,417,41703,Control,BoSY,Grade 10,2-level,instructional,192,694,27.665706051873197
305341,15,1514,151401,Control,BoSY,Grade 10,2-level,instructional,272,1599,17.010631644777988
319604,15,1512,151201,Control,BoSY,Grade 10,2-level,instructional,17,295,5.762711864406779
305568,15,1516,151601,Control,BoSY,Grade 10,2-level,instructional,53,395,13.417721518987342
305434,15,1503,150301,Control,BoSY,Grade 10,2-level,instructional,144,789,18.250950570342205
301464,4,417,41710,Control,BoSY,Grade 10,2-level,instructional,252,542,46.494464944649444
305461,15,1515,151502,Control,BoSY,Grade 10,2-level,instructional,83,261,31.800766283524904
305384,15,1501,150101,Control,BoSY,Grade 10,2-level,instructional,31,451,6.873614190687362
301143,4,421,42101,Control,BoSY,Grade 10,2-level,instructional,118,1093,10.795974382433668
305340,15,1514,151401,Control,BoSY,Grade 10,2-level,instructional,173,1369,12.636961285609935
305302,15,1507,150709,Treatment,BoSY,Grade 10,2-level,instructional,232,1036,22.393822393822393
308103,4,417,41712,Control,BoSY,Grade 10,2-level,instructional,52,258,20.155038759689923
308130,4,417,41711,Control,BoSY,Grade 10,2-level,instructional,65,156,41.666666666666664
301227,4,420,42001,Control,BoSY,Grade 10,2-level,instructional,60,1227,4.88997555012225
305334,15,1514,151401,Control,BoSY,Grade 10,2-level,instructional,37,648,5.709876543209877
305367,15,1512,151201,Control,BoSY,Grade 10,2-level,instructional,59,936,6.303418803418803
305635,15,1514,151401,Control,BoSY,Grade 10,2-level,instructional,94,411,22.871046228710462
301218,4,408,40814,Control,BoSY,Grade 10,2-level,instructional,477,1782,26.767676767676768
308501,4,415,41501,Control,BoSY,Grade 10,2-level,instructional,98,518,18.91891891891892
500332,15,1506,150601,Control,BoSY,Grade 10,2-level,instructional,90,398,22.613065326633166
305471,15,1509,150901,Control,BoSY,Grade 10,2-level,instructional,32,482,6.639004149377594
305376,15,1501,150101,Treatment,BoSY,Grade 10,2-level,instructional,53,789,6.717363751584284
301432,4,417,41705,Control,BoSY,Grade 10,2-level,instructional,67,489,13.701431492842536
305459,15,1515,151502,Control,BoSY,Grade 10,2-level,instructional,141,1001,14.085914085914085
305313,15,1507,150708,Control,BoSY,Grade 10,2-level,instructional,124,529,23.440453686200378
301186,4,410,41001,Control,BoSY,Grade 10,2-level,instructional,448,1607,27.878033602986932
301184,4,410,41001,Control,BoSY,Grade 10,2-level,instructional,278,921,30.18458197611292
305295,15,1507,150710,Control,BoSY,Grade 10,2-level,instructional,50,1261,3.965107057890563
301416,4,422,42201,Control,BoSY,Grade 10,2-level,instructional,42,129,32.55813953488372
305450,15,1505,150501,Treatment,BoSY,Grade 10,2-level,instructional,50,368,13.58695652173913
301403,4,416,41606,Control,BoSY,Grade 10,2-level,instructional,38,447,8.501118568232663
301451,4,417,41708,Control,BoSY,Grade 10,2-level,instructional,40,280,14.285714285714286
305338,15,1514,151401,Control,BoSY,Grade 10,2-level,instructional,263,748,35.160427807486634
301257,4,413,41312,Control,BoSY,Grade 10,2-level,instructional,674,1922,35.06763787721124
305416,15,1513,151301,Control,BoSY,Grade 10,2-level,instructional,209,900,23.22222222222222
305337,15,1514,151401,Control,BoSY,Grade 10,2-level,instructional,476,1990,23.91959798994975
305353,15,1514,151401,Control,BoSY,Grade 10,2-level,instructional,54,505,10.693069306930694
301197,4,408,40812,Control,BoSY,Grade 10,2-level,instructional,18,343,5.247813411078718
301236,4,413,41308,Treatment,BoSY,Grade 10,2-level,instructional,15,239,6.2761506276150625
305444,15,1516,151601,Control,BoSY,Grade 10,2-level,instructional,73,352,20.738636363636363
320306,15,1503,150301,Control,BoSY,Grade 10,2-level,instructional,138,740,18.64864864864865
301489,4,414,41401,Control,BoSY,Grade 10,2-level,instructional,19,293,6.484641638225256
301507,4,418,41801,Control,BoSY,Grade 10,2-level,instructional,37,128,28.90625
301456,4,417,41710,Control,BoSY,Grade 10,2-level,instructional,57,516,11.046511627906977
301238,4,413,41303,Control,BoSY,Grade 10,2-level,instructional,23,512,4.4921875
305438,15,1516,151601,Control,BoSY,Grade 10,2-level,instructional,207,897,23.076923076923077
305324,15,1514,151401,Control,BoSY,Grade 10,2-level,instructional,17,298,5.704697986577181
305454,15,1510,151001,Control,BoSY,Grade 10,2-level,instructional,43,128,33.59375
308122,4,417,41708,Control,BoSY,Grade 10,2-level,instructional,77,182,42.30769230769231
301508,4,418,41801,Control,BoSY,Grade 10,2-level,instructional,23,216,10.648148148148149
305465,15,1515,151502,Control,BoSY,Grade 10,2-level,instructional,48,844,5.687203791469194
305428,15,1511,151101,Control,BoSY,Grade 10,2-level,instructional,102,376,27.127659574468087
301175,4,408,40807,Control,BoSY,Grade 10,2-level,instructional,68,552,12.318840579710145
301437,4,417,41704,Control,BoSY,Grade 10,2-level,instructional,181,913,19.82475355969332
320204,15,1511,151101,Control,BoSY,Grade 10,2-level,instructional,68,473,14.376321353065538
305447,15,1505,150501,Control,BoSY,Grade 10,2-level,instructional,18,566,3.1802120141342756
301438,4,417,41704,Control,BoSY,Grade 10,2-level,instructional,63,444,14.18918918918919
308135,4,417,41708,Control,BoSY,Grade 10,2-level,instructional,58,420,13.80952380952381
301418,4,401,40101,Control,BoSY,Grade 10,2-level,instructional,366,2681,13.651622528907124
305288,15,1507,150710,Control,BoSY,Grade 10,2-level,instructional,194,745,26.040268456375838
301265,4,413,41301,Control,BoSY,Grade 10,2-level,instructional,55,396,13.88888888888889
305442,15,1516,151601,Control,BoSY,Grade 10,2-level,instructional,31,270,11.481481481481481
500339,15,1505,150501,Control,BoSY,Grade 10,2-level,instructional,48,371,12.93800539083558
305435,15,1503,150301,Control,BoSY,Grade 10,2-level,instructional,47,423,11.11111111111111
308134,4,417,41708,Control,BoSY,Grade 10,2-level,instructional,94,492,19.10569105691057
305452,15,1505,150501,Control,BoSY,Grade 10,2-level,instructional,90,640,14.0625
312330,7,703,70308,Treatment,BoSY,Grade 10,2-level,instructional,14,88,15.909090909090908
305710,7,703,70302,Treatment,BoSY,Grade 10,2-level,instructional,13,78,16.666666666666668
305655,11,1101,110101,Treatment,BoSY,Grade 10,2-level,instructional,8,25,32
305581,7,703,70303,Treatment,BoSY,Grade 10,2-level,instructional,0,41,0
303130,7,703,70309,Treatment,BoSY,Grade 10,2-level,instructional,6,208,2.8846153846153846
312354,7,703,70309,Treatment,BoSY,Grade 10,2-level,instructional,3,24,12.5
305849,11,1105,110503,Treatment,BoSY,Grade 10,2-level,instructional,13,21,61.904761904761905
305500,11,1101,110101,Treatment,BoSY,Grade 10,2-level,instructional,7,29,24.137931034482758
312355,7,703,70304,Treatment,BoSY,Grade 10,2-level,instructional,8,44,18.181818181818183
501903,11,1110,111001,Treatment,BoSY,Grade 10,2-level,instructional,2,23,8.695652173913043
500665,7,705,70527,Control,BoSY,Grade 10,2-level,instructional,6,75,8
312462,7,705,70520,Control,BoSY,Grade 10,2-level,instructional,0,14,0
306038,11,1102,110202,Control,BoSY,Grade 10,2-level,instructional,2,29,6.896551724137931
500221,7,705,70527,Control,BoSY,Grade 10,2-level,instructional,3,31,9.67741935483871
500744,7,708,70801,Control,BoSY,Grade 10,2-level,instructional,1,41,2.4390243902439024
305884,11,1101,110101,Control,BoSY,Grade 10,2-level,instructional,26,99,26.262626262626263
303170,7,709,70901,Control,BoSY,Grade 10,2-level,instructional,11,51,21.568627450980394
500787,7,708,70801,Control,BoSY,Grade 10,2-level,instructional,17,49,34.69387755102041
500667,7,705,70528,Control,BoSY,Grade 10,2-level,instructional,15,50,30
501071,11,1101,110101,Control,BoSY,Grade 10,2-level,instructional,3,22,13.636363636363637
303046,7,705,70527,Control,BoSY,Grade 10,2-level,instructional,0,95,0
325303,7,707,70701,Control,BoSY,Grade 10,2-level,instructional,19,93,20.43010752688172
500208,7,703,70305,Control,BoSY,Grade 10,2-level,instructional,0,14,0
312401,7,705,70525,Control,BoSY,Grade 10,2-level,instructional,0,68,0
303136,7,706,70601,Control,BoSY,Grade 10,2-level,instructional,5,66,7.575757575757576
312435,7,707,70701,Control,BoSY,Grade 10,2-level,instructional,0,34,0
502186,11,1101,110101,Control,BoSY,Grade 10,2-level,instructional,1,14,7.142857142857143
500782,7,708,70801,Control,BoSY,Grade 10,2-level,instructional,32,221,14.479638009049774
306086,11,1106,110606,Control,BoSY,Grade 10,2-level,instructional,1,19,5.2631578947368425
305755,7,705,70529,Control,BoSY,Grade 10,2-level,instructional,20,92,21.73913043478261
305665,11,1101,110101,Control,BoSY,Grade 10,2-level,instructional,0,15,0
501635,7,703,70301,Control,BoSY,Grade 10,2-level,instructional,21,58,36.206896551724135
305843,11,1110,111001,Control,BoSY,Grade 10,2-level,instructional,5,36,13.88888888888889
500894,7,705,70517,Control,BoSY,Grade 10,2-level,instructional,22,86,25.58139534883721
500671,7,705,70506,Control,BoSY,Grade 10,2-level,instructional,8,35,22.857142857142858
305847,11,1105,110503,Control,BoSY,Grade 10,2-level,instructional,3,27,11.11111111111111
500784,7,708,70801,Control,BoSY,Grade 10,2-level,instructional,2,10,20
501267,7,705,70525,Control,BoSY,Grade 10,2-level,instructional,0,26,0
306000,7,705,70525,Control,BoSY,Grade 10,2-level,instructional,9,28,32.142857142857146
305517,11,1106,110608,Control,BoSY,Grade 10,2-level,instructional,3,35,8.571428571428571
305713,7,710,71001,Control,BoSY,Grade 10,2-level,instructional,0,27,0
500768,7,705,70521,Control,BoSY,Grade 10,2-level,instructional,21,84,25
316303,11,1107,110701,Control,BoSY,Grade 10,2-level,instructional,8,51,15.686274509803921
316304,11,1107,110701,Control,BoSY,Grade 10,2-level,instructional,22,67,32.83582089552239
305506,11,1101,110101,Control,BoSY,Grade 10,2-level,instructional,1,11,9.090909090909092
500421,7,705,70507,Control,BoSY,Grade 10,2-level,instructional,12,124,9.67741935483871
305681,11,1110,111001,Control,BoSY,Grade 10,2-level,instructional,16,161,9.937888198757763
303186,7,711,71101,Control,BoSY,Grade 10,2-level,instructional,5,90,5.555555555555555
501429,7,714,71402,Control,BoSY,Grade 10,2-level,instructional,9,66,13.636363636363637
305844,11,1103,110303,Control,BoSY,Grade 10,2-level,instructional,2,45,4.444444444444445
305965,11,1110,111001,Control,BoSY,Grade 10,2-level,instructional,12,61,19.672131147540984
501076,11,1103,110305,Control,BoSY,Grade 10,2-level,instructional,0,13,0
305889,11,1101,110101,Control,BoSY,Grade 10,2-level,instructional,0,51,0
501074,11,1103,110306,Control,BoSY,Grade 10,2-level,instructional,0,41,0
312408,7,705,70530,Control,BoSY,Grade 10,2-level,instructional,14,58,24.137931034482758
501351,7,705,70522,Control,BoSY,Grade 10,2-level,instructional,5,63,7.936507936507937
501404,11,1101,110101,Control,BoSY,Grade 10,2-level,instructional,4,15,26.666666666666668
305660,11,1101,110101,Control,BoSY,Grade 10,2-level,instructional,4,33,12.121212121212121
303219,7,701,70101,Control,BoSY,Grade 10,2-level,instructional,28,113,24.778761061946902
312450,7,705,70522,Control,BoSY,Grade 10,2-level,instructional,29,95,30.526315789473685
324903,7,704,70401,Control,BoSY,Grade 10,2-level,instructional,2,28,7.142857142857143
501065,11,1101,110101,Control,BoSY,Grade 10,2-level,instructional,16,110,14.545454545454545
312451,7,705,70532,Control,BoSY,Grade 10,2-level,instructional,2,57,3.508771929824561
501763,11,1103,110305,Control,BoSY,Grade 10,2-level,instructional,0,19,0
316405,11,1110,111001,Control,BoSY,Grade 10,2-level,instructional,24,109,22.01834862385321
316404,11,1110,111001,Control,BoSY,Grade 10,2-level,instructional,7,35,20
316301,11,1107,110701,Control,BoSY,Grade 10,2-level,instructional,0,121,0
312910,7,710,71001,Control,BoSY,Grade 10,2-level,instructional,12,76,15.789473684210526
303011,7,705,70512,Control,BoSY,Grade 10,2-level,instructional,6,35,17.142857142857142
305651,11,1101,110101,Control,BoSY,Grade 10,2-level,instructional,3,28,10.714285714285714
305662,11,1101,110101,Control,BoSY,Grade 10,2-level,instructional,3,25,12
305850,11,1105,110503,Control,BoSY,Grade 10,2-level,instructional,2,15,13.333333333333334
312481,7,705,70518,Control,BoSY,Grade 10,2-level,instructional,25,174,14.367816091954023
304409,11,1110,111001,Control,BoSY,Grade 10,2-level,instructional,29,93,31.182795698924732
303246,7,713,71303,Control,BoSY,Grade 10,2-level,instructional,11,84,13.095238095238095
501405,11,1101,110101,Control,BoSY,Grade 10,2-level,instructional,14,47,29.78723404255319
305677,11,1105,110503,Control,BoSY,Grade 10,2-level,instructional,3,32,9.375
500447,7,708,70801,Control,BoSY,Grade 10,2-level,instructional,1,45,2.2222222222222223
501305,7,708,70801,Control,BoSY,Grade 10,2-level,instructional,10,32,31.25
305917,7,708,70801,Control,BoSY,Grade 10,2-level,instructional,3,26,11.538461538461538
305722,7,703,70304,Control,BoSY,Grade 10,2-level,instructional,6,45,13.333333333333334
312953,7,713,71306,Control,BoSY,Grade 10,2-level,instructional,3,38,7.894736842105263
305498,11,1101,110101,Control,BoSY,Grade 10,2-level,instructional,2,52,3.8461538461538463
305669,11,1101,110101,Control,BoSY,Grade 10,2-level,instructional,3,38,7.894736842105263
312960,7,710,71002,Control,BoSY,Grade 10,2-level,instructional,1,42,2.380952380952381
309906,5,508,50811,Treatment,BoSY,Grade 10,2-level,independent,9,119,7.563025210084033
309934,5,508,50806,Treatment,BoSY,Grade 10,2-level,independent,5,28,17.857142857142858
301871,5,501,50107,Treatment,BoSY,Grade 10,2-level,independent,13,81,16.049382716049383
302134,5,508,50804,Treatment,BoSY,Grade 10,2-level,independent,65,120,54.166666666666664
302117,5,508,50803,Treatment,BoSY,Grade 10,2-level,independent,40,72,55.55555555555556
309909,5,508,50801,Treatment,BoSY,Grade 10,2-level,independent,2,92,2.1739130434782608
309915,5,508,50801,Treatment,BoSY,Grade 10,2-level,independent,4,32,12.5
501544,5,508,50815,Treatment,BoSY,Grade 10,2-level,independent,0,82,0
301887,5,502,50205,Treatment,BoSY,Grade 10,2-level,independent,0,64,0
302175,5,508,50820,Treatment,BoSY,Grade 10,2-level,independent,41,98,41.83673469387755
302146,5,508,50812,Treatment,BoSY,Grade 10,2-level,independent,2,105,1.9047619047619047
309921,5,508,50805,Treatment,BoSY,Grade 10,2-level,independent,0,54,0
302254,5,505,50501,Control,BoSY,Grade 10,2-level,independent,5,99,5.05050505050505
309513,5,501,50112,Control,BoSY,Grade 10,2-level,independent,4,104,3.8461538461538463
500163,5,508,50801,Control,BoSY,Grade 10,2-level,independent,6,68,8.823529411764707
302058,5,503,50333,Control,BoSY,Grade 10,2-level,independent,0,86,0
302192,5,511,51103,Control,BoSY,Grade 10,2-level,independent,65,263,24.714828897338403
302227,5,511,51105,Control,BoSY,Grade 10,2-level,independent,0,57,0
302252,5,505,50501,Control,BoSY,Grade 10,2-level,independent,0,68,0
309914,5,508,50806,Control,BoSY,Grade 10,2-level,independent,0,200,0
309711,5,503,50317,Control,BoSY,Grade 10,2-level,independent,0,50,0
301817,5,507,50701,Control,BoSY,Grade 10,2-level,independent,2,109,1.834862385321101
302165,5,508,50816,Control,BoSY,Grade 10,2-level,independent,0,52,0
301974,5,503,50311,Treatment,BoSY,Grade 10,2-level,independent,4,56,7.142857142857143
302256,5,505,50501,Control,BoSY,Grade 10,2-level,independent,24,115,20.869565217391305
301834,5,501,50106,Control,BoSY,Grade 10,2-level,independent,46,156,29.487179487179485
309760,5,503,50306,Control,BoSY,Grade 10,2-level,independent,0,47,0
309936,5,508,50819,Control,BoSY,Grade 10,2-level,independent,0,45,0
302203,5,511,51102,Control,BoSY,Grade 10,2-level,independent,0,38,0
302011,5,503,50314,Control,BoSY,Grade 10,2-level,independent,32,166,19.27710843373494
500168,5,505,50501,Control,BoSY,Grade 10,2-level,independent,7,70,10
301947,5,503,50306,Control,BoSY,Grade 10,2-level,independent,109,317,34.38485804416404
309941,5,508,50812,Control,BoSY,Grade 10,2-level,independent,0,176,0
301839,5,501,50111,Control,BoSY,Grade 10,2-level,independent,7,71,9.859154929577464
501843,5,508,50818,Treatment,BoSY,Grade 10,2-level,independent,10,16,62.5
302111,5,508,50801,Control,BoSY,Grade 10,2-level,independent,116,470,24.680851063829788
302133,5,509,50901,Control,BoSY,Grade 10,2-level,independent,4,121,3.3057851239669422
301990,5,503,50317,Control,BoSY,Grade 10,2-level,independent,13,48,27.083333333333332
309937,5,508,50819,Control,BoSY,Grade 10,2-level,independent,2,74,2.7027027027027026
302241,5,511,51105,Control,BoSY,Grade 10,2-level,independent,2,114,1.7543859649122806
500167,5,505,50501,Control,BoSY,Grade 10,2-level,independent,8,56,14.285714285714286
309764,5,503,50320,Control,BoSY,Grade 10,2-level,independent,0,38,0
302205,5,511,51106,Control,BoSY,Grade 10,2-level,independent,15,88,17.045454545454547
302014,5,503,50302,Control,BoSY,Grade 10,2-level,independent,7,103,6.796116504854369
309740,5,503,50315,Control,BoSY,Grade 10,2-level,independent,12,48,25
309741,5,503,50315,Control,BoSY,Grade 10,2-level,independent,5,113,4.424778761061947
302161,5,508,50803,Treatment,BoSY,Grade 10,2-level,independent,21,82,25.609756097560975
302113,5,508,50818,Treatment,BoSY,Grade 10,2-level,independent,10,80,12.5
302127,5,508,50817,Control,BoSY,Grade 10,2-level,independent,0,35,0
301899,5,502,50205,Control,BoSY,Grade 10,2-level,independent,28,136,20.58823529411765
309509,5,501,50113,Control,BoSY,Grade 10,2-level,independent,7,57,12.280701754385966
309903,5,508,50816,Control,BoSY,Grade 10,2-level,independent,4,55,7.2727272727272725
301995,5,503,50310,Control,BoSY,Grade 10,2-level,independent,15,55,27.272727272727273
309702,5,503,50325,Control,BoSY,Grade 10,2-level,independent,2,211,0.9478672985781991
501020,5,503,50310,Control,BoSY,Grade 10,2-level,independent,4,25,16
309743,5,503,50332,Control,BoSY,Grade 10,2-level,independent,2,97,2.0618556701030926
301816,5,501,50101,Control,BoSY,Grade 10,2-level,independent,0,144,0
302054,5,503,50315,Control,BoSY,Grade 10,2-level,independent,26,102,25.49019607843137
301862,5,507,50701,Control,BoSY,Grade 10,2-level,independent,40,202,19.801980198019802
502477,5,501,50108,Control,BoSY,Grade 10,2-level,independent,0,0,NA
302283,5,513,51301,Control,BoSY,Grade 10,2-level,independent,11,299,3.678929765886288
301900,5,502,50206,Control,BoSY,Grade 10,2-level,independent,0,40,0
302123,5,508,50808,Control,BoSY,Grade 10,2-level,independent,2,54,3.7037037037037037
309512,5,501,50110,Control,BoSY,Grade 10,2-level,independent,10,76,13.157894736842104
302284,5,513,51301,Control,BoSY,Grade 10,2-level,independent,2,172,1.1627906976744187
500034,5,508,50819,Control,BoSY,Grade 10,2-level,independent,0,23,0
302043,5,503,50305,Control,BoSY,Grade 10,2-level,independent,34,190,17.894736842105264
302182,5,511,51107,Control,BoSY,Grade 10,2-level,independent,0,99,0
301986,5,503,50334,Control,BoSY,Grade 10,2-level,independent,0,154,0
302109,5,508,50817,Control,BoSY,Grade 10,2-level,independent,14,205,6.829268292682927
302061,5,503,50311,Control,BoSY,Grade 10,2-level,independent,10,52,19.23076923076923
309931,5,508,50802,Control,BoSY,Grade 10,2-level,independent,5,55,9.090909090909092
301984,5,503,50331,Control,BoSY,Grade 10,2-level,independent,1,190,0.5263157894736842
302156,5,508,50803,Control,BoSY,Grade 10,2-level,independent,35,99,35.35353535353536
309705,5,503,50330,Control,BoSY,Grade 10,2-level,independent,0,82,0
500165,5,508,50804,Control,BoSY,Grade 10,2-level,independent,6,39,15.384615384615385
301930,5,503,50328,Control,BoSY,Grade 10,2-level,independent,0,78,0
302177,5,508,50806,Control,BoSY,Grade 10,2-level,independent,0,85,0
302282,5,513,51301,Control,BoSY,Grade 10,2-level,independent,8,275,2.909090909090909
502615,5,508,50802,Control,BoSY,Grade 10,2-level,independent,0,0,NA
302263,5,506,50601,Control,BoSY,Grade 10,2-level,independent,0,90,0
301826,5,501,50103,Control,BoSY,Grade 10,2-level,independent,4,39,10.256410256410257
305750,5,513,51301,Control,BoSY,Grade 10,2-level,independent,2,51,3.9215686274509802
301870,5,501,50110,Control,BoSY,Grade 10,2-level,independent,16,116,13.793103448275861
302039,5,503,50316,Control,BoSY,Grade 10,2-level,independent,27,241,11.203319502074688
301868,5,501,50112,Control,BoSY,Grade 10,2-level,independent,5,236,2.1186440677966103
301963,5,503,50316,Control,BoSY,Grade 10,2-level,independent,12,148,8.108108108108109
340567,15,1505,150501,Treatment,BoSY,Grade 10,2-level,independent,78,229,34.06113537117904
320606,15,1515,151502,Treatment,BoSY,Grade 10,2-level,independent,30,361,8.310249307479225
320202,15,1511,151101,Treatment,BoSY,Grade 10,2-level,independent,15,132,11.363636363636363
305310,15,1507,150703,Treatment,BoSY,Grade 10,2-level,independent,7,291,2.4054982817869415
305418,15,1513,151301,Treatment,BoSY,Grade 10,2-level,independent,22,861,2.5551684088269453
500565,15,1515,151502,Treatment,BoSY,Grade 10,2-level,independent,141,901,15.64927857935627
301258,4,413,41308,Treatment,BoSY,Grade 10,2-level,independent,25,468,5.3418803418803416
301214,4,411,41101,Treatment,BoSY,Grade 10,2-level,independent,33,594,5.555555555555555
301497,4,414,41401,Treatment,BoSY,Grade 10,2-level,independent,62,357,17.366946778711483
305411,15,1515,151502,Treatment,BoSY,Grade 10,2-level,independent,78,1030,7.572815533980583
305420,15,1513,151301,Treatment,BoSY,Grade 10,2-level,independent,32,1270,2.5196850393700787
301231,4,413,41302,Control,BoSY,Grade 10,2-level,independent,15,189,7.936507936507937
301188,4,402,40201,Control,BoSY,Grade 10,2-level,independent,238,647,36.78516228748068
307913,4,413,41309,Control,BoSY,Grade 10,2-level,independent,0,293,0
500566,15,1507,150710,Control,BoSY,Grade 10,2-level,independent,88,635,13.858267716535433
305453,15,1510,151001,Control,BoSY,Grade 10,2-level,independent,0,701,0
305311,15,1507,150702,Control,BoSY,Grade 10,2-level,independent,4,325,1.2307692307692308
301425,4,401,40101,Control,BoSY,Grade 10,2-level,independent,48,813,5.904059040590406
301202,4,408,40812,Control,BoSY,Grade 10,2-level,independent,5,322,1.5527950310559007
305412,15,1515,151502,Control,BoSY,Grade 10,2-level,independent,295,933,31.618435155412648
308105,4,417,41703,Control,BoSY,Grade 10,2-level,independent,29,694,4.178674351585014
305341,15,1514,151401,Control,BoSY,Grade 10,2-level,independent,98,1599,6.1288305190744214
319604,15,1512,151201,Control,BoSY,Grade 10,2-level,independent,16,295,5.423728813559322
305568,15,1516,151601,Control,BoSY,Grade 10,2-level,independent,8,395,2.0253164556962027
305434,15,1503,150301,Control,BoSY,Grade 10,2-level,independent,137,789,17.363751584283904
301464,4,417,41710,Control,BoSY,Grade 10,2-level,independent,247,542,45.571955719557195
305461,15,1515,151502,Control,BoSY,Grade 10,2-level,independent,14,261,5.363984674329502
305384,15,1501,150101,Control,BoSY,Grade 10,2-level,independent,131,451,29.046563192904657
301143,4,421,42101,Control,BoSY,Grade 10,2-level,independent,296,1093,27.081427264409882
305340,15,1514,151401,Control,BoSY,Grade 10,2-level,independent,446,1369,32.57852447041636
305302,15,1507,150709,Treatment,BoSY,Grade 10,2-level,independent,11,1036,1.0617760617760619
308103,4,417,41712,Control,BoSY,Grade 10,2-level,independent,29,258,11.24031007751938
308130,4,417,41711,Control,BoSY,Grade 10,2-level,independent,61,156,39.1025641025641
301227,4,420,42001,Control,BoSY,Grade 10,2-level,independent,200,1227,16.299918500407497
305334,15,1514,151401,Control,BoSY,Grade 10,2-level,independent,12,648,1.8518518518518519
305367,15,1512,151201,Control,BoSY,Grade 10,2-level,independent,37,936,3.952991452991453
305635,15,1514,151401,Control,BoSY,Grade 10,2-level,independent,107,411,26.034063260340634
301218,4,408,40814,Control,BoSY,Grade 10,2-level,independent,174,1782,9.764309764309765
308501,4,415,41501,Control,BoSY,Grade 10,2-level,independent,65,518,12.548262548262548
500332,15,1506,150601,Control,BoSY,Grade 10,2-level,independent,11,398,2.763819095477387
305471,15,1509,150901,Control,BoSY,Grade 10,2-level,independent,88,482,18.25726141078838
305376,15,1501,150101,Treatment,BoSY,Grade 10,2-level,independent,160,789,20.278833967046896
301432,4,417,41705,Control,BoSY,Grade 10,2-level,independent,136,489,27.811860940695297
305459,15,1515,151502,Control,BoSY,Grade 10,2-level,independent,91,1001,9.090909090909092
305313,15,1507,150708,Control,BoSY,Grade 10,2-level,independent,90,529,17.013232514177695
301186,4,410,41001,Control,BoSY,Grade 10,2-level,independent,268,1607,16.67703795892968
301184,4,410,41001,Control,BoSY,Grade 10,2-level,independent,44,921,4.7774158523344195
305295,15,1507,150710,Control,BoSY,Grade 10,2-level,independent,128,1261,10.15067406819984
301416,4,422,42201,Control,BoSY,Grade 10,2-level,independent,0,129,0
305450,15,1505,150501,Treatment,BoSY,Grade 10,2-level,independent,46,368,12.5
301403,4,416,41606,Control,BoSY,Grade 10,2-level,independent,1,447,0.22371364653243847
301451,4,417,41708,Control,BoSY,Grade 10,2-level,independent,4,280,1.4285714285714286
305338,15,1514,151401,Control,BoSY,Grade 10,2-level,independent,60,748,8.0213903743315509
301257,4,413,41312,Control,BoSY,Grade 10,2-level,independent,170,1922,8.844953173777315
305416,15,1513,151301,Control,BoSY,Grade 10,2-level,independent,97,900,10.777777777777779
305337,15,1514,151401,Control,BoSY,Grade 10,2-level,independent,91,1990,4.57286432160804
305353,15,1514,151401,Control,BoSY,Grade 10,2-level,independent,11,505,2.1782178217821784
301197,4,408,40812,Control,BoSY,Grade 10,2-level,independent,27,343,7.871720116618076
301236,4,413,41308,Treatment,BoSY,Grade 10,2-level,independent,1,239,0.41841004184100417
305444,15,1516,151601,Control,BoSY,Grade 10,2-level,independent,15,352,4.261363636363637
320306,15,1503,150301,Control,BoSY,Grade 10,2-level,independent,54,740,7.297297297297297
301489,4,414,41401,Control,BoSY,Grade 10,2-level,independent,75,293,25.59726962457338
301507,4,418,41801,Control,BoSY,Grade 10,2-level,independent,20,128,15.625
301456,4,417,41710,Control,BoSY,Grade 10,2-level,independent,21,516,4.069767441860465
301238,4,413,41303,Control,BoSY,Grade 10,2-level,independent,0,512,0
305438,15,1516,151601,Control,BoSY,Grade 10,2-level,independent,42,897,4.682274247491639
305324,15,1514,151401,Control,BoSY,Grade 10,2-level,independent,9,298,3.0201342281879193
305454,15,1510,151001,Control,BoSY,Grade 10,2-level,independent,21,128,16.40625
308122,4,417,41708,Control,BoSY,Grade 10,2-level,independent,30,182,16.483516483516482
301508,4,418,41801,Control,BoSY,Grade 10,2-level,independent,16,216,7.407407407407407
305465,15,1515,151502,Control,BoSY,Grade 10,2-level,independent,29,844,3.4360189573459716
305428,15,1511,151101,Control,BoSY,Grade 10,2-level,independent,48,376,12.76595744680851
301175,4,408,40807,Control,BoSY,Grade 10,2-level,independent,39,552,7.065217391304348
301437,4,417,41704,Control,BoSY,Grade 10,2-level,independent,23,913,2.5191675794085433
320204,15,1511,151101,Control,BoSY,Grade 10,2-level,independent,87,473,18.39323467230444
305447,15,1505,150501,Control,BoSY,Grade 10,2-level,independent,1,566,0.17667844522968199
301438,4,417,41704,Control,BoSY,Grade 10,2-level,independent,13,444,2.9279279279279278
308135,4,417,41708,Control,BoSY,Grade 10,2-level,independent,81,420,19.285714285714285
301418,4,401,40101,Control,BoSY,Grade 10,2-level,independent,124,2681,4.625139873181649
305288,15,1507,150710,Control,BoSY,Grade 10,2-level,independent,57,745,7.651006711409396
301265,4,413,41301,Control,BoSY,Grade 10,2-level,independent,20,396,5.05050505050505
305442,15,1516,151601,Control,BoSY,Grade 10,2-level,independent,94,270,34.81481481481482
500339,15,1505,150501,Control,BoSY,Grade 10,2-level,independent,4,371,1.0781671159029649
305435,15,1503,150301,Control,BoSY,Grade 10,2-level,independent,23,423,5.4373522458628845
308134,4,417,41708,Control,BoSY,Grade 10,2-level,independent,62,492,12.601626016260163
305452,15,1505,150501,Control,BoSY,Grade 10,2-level,independent,107,640,16.71875
312330,7,703,70308,Treatment,BoSY,Grade 10,2-level,independent,22,88,25
305710,7,703,70302,Treatment,BoSY,Grade 10,2-level,independent,15,78,19.23076923076923
305655,11,1101,110101,Treatment,BoSY,Grade 10,2-level,independent,4,25,16
305581,7,703,70303,Treatment,BoSY,Grade 10,2-level,independent,0,41,0
303130,7,703,70309,Treatment,BoSY,Grade 10,2-level,independent,1,208,0.4807692307692308
312354,7,703,70309,Treatment,BoSY,Grade 10,2-level,independent,3,24,12.5
305849,11,1105,110503,Treatment,BoSY,Grade 10,2-level,independent,6,21,28.571428571428573
305500,11,1101,110101,Treatment,BoSY,Grade 10,2-level,independent,0,29,0
312355,7,703,70304,Treatment,BoSY,Grade 10,2-level,independent,7,44,15.909090909090908
501903,11,1110,111001,Treatment,BoSY,Grade 10,2-level,independent,1,23,4.3478260869565215
500665,7,705,70527,Control,BoSY,Grade 10,2-level,independent,5,75,6.666666666666667
312462,7,705,70520,Control,BoSY,Grade 10,2-level,independent,1,14,7.142857142857143
306038,11,1102,110202,Control,BoSY,Grade 10,2-level,independent,3,29,10.344827586206897
500221,7,705,70527,Control,BoSY,Grade 10,2-level,independent,3,31,9.67741935483871
500744,7,708,70801,Control,BoSY,Grade 10,2-level,independent,10,41,24.390243902439025
305884,11,1101,110101,Control,BoSY,Grade 10,2-level,independent,13,99,13.131313131313131
303170,7,709,70901,Control,BoSY,Grade 10,2-level,independent,15,51,29.41176470588235
500787,7,708,70801,Control,BoSY,Grade 10,2-level,independent,7,49,14.285714285714286
500667,7,705,70528,Control,BoSY,Grade 10,2-level,independent,8,50,16
501071,11,1101,110101,Control,BoSY,Grade 10,2-level,independent,0,22,0
303046,7,705,70527,Control,BoSY,Grade 10,2-level,independent,5,95,5.2631578947368425
325303,7,707,70701,Control,BoSY,Grade 10,2-level,independent,1,93,1.075268817204301
500208,7,703,70305,Control,BoSY,Grade 10,2-level,independent,6,14,42.857142857142854
312401,7,705,70525,Control,BoSY,Grade 10,2-level,independent,0,68,0
303136,7,706,70601,Control,BoSY,Grade 10,2-level,independent,14,66,21.21212121212121
312435,7,707,70701,Control,BoSY,Grade 10,2-level,independent,0,34,0
502186,11,1101,110101,Control,BoSY,Grade 10,2-level,independent,2,14,14.285714285714286
500782,7,708,70801,Control,BoSY,Grade 10,2-level,independent,79,221,35.74660633484163
306086,11,1106,110606,Control,BoSY,Grade 10,2-level,independent,0,19,0
305755,7,705,70529,Control,BoSY,Grade 10,2-level,independent,1,92,1.0869565217391304
305665,11,1101,110101,Control,BoSY,Grade 10,2-level,independent,0,15,0
501635,7,703,70301,Control,BoSY,Grade 10,2-level,independent,9,58,15.517241379310345
305843,11,1110,111001,Control,BoSY,Grade 10,2-level,independent,0,36,0
500894,7,705,70517,Control,BoSY,Grade 10,2-level,independent,11,86,12.790697674418604
500671,7,705,70506,Control,BoSY,Grade 10,2-level,independent,0,35,0
305847,11,1105,110503,Control,BoSY,Grade 10,2-level,independent,5,27,18.51851851851852
500784,7,708,70801,Control,BoSY,Grade 10,2-level,independent,2,10,20
501267,7,705,70525,Control,BoSY,Grade 10,2-level,independent,6,26,23.076923076923077
306000,7,705,70525,Control,BoSY,Grade 10,2-level,independent,2,28,7.142857142857143
305517,11,1106,110608,Control,BoSY,Grade 10,2-level,independent,0,35,0
305713,7,710,71001,Control,BoSY,Grade 10,2-level,independent,0,27,0
500768,7,705,70521,Control,BoSY,Grade 10,2-level,independent,3,84,3.5714285714285716
316303,11,1107,110701,Control,BoSY,Grade 10,2-level,independent,11,51,21.568627450980394
316304,11,1107,110701,Control,BoSY,Grade 10,2-level,independent,0,67,0
305506,11,1101,110101,Control,BoSY,Grade 10,2-level,independent,1,11,9.090909090909092
500421,7,705,70507,Control,BoSY,Grade 10,2-level,independent,8,124,6.451612903225806
305681,11,1110,111001,Control,BoSY,Grade 10,2-level,independent,10,161,6.211180124223603
303186,7,711,71101,Control,BoSY,Grade 10,2-level,independent,13,90,14.444444444444445
501429,7,714,71402,Control,BoSY,Grade 10,2-level,independent,5,66,7.575757575757576
305844,11,1103,110303,Control,BoSY,Grade 10,2-level,independent,0,45,0
305965,11,1110,111001,Control,BoSY,Grade 10,2-level,independent,16,61,26.229508196721312
501076,11,1103,110305,Control,BoSY,Grade 10,2-level,independent,0,13,0
305889,11,1101,110101,Control,BoSY,Grade 10,2-level,independent,9,51,17.647058823529413
501074,11,1103,110306,Control,BoSY,Grade 10,2-level,independent,0,41,0
312408,7,705,70530,Control,BoSY,Grade 10,2-level,independent,10,58,17.24137931034483
501351,7,705,70522,Control,BoSY,Grade 10,2-level,independent,4,63,6.349206349206349
501404,11,1101,110101,Control,BoSY,Grade 10,2-level,independent,5,15,33.333333333333336
305660,11,1101,110101,Control,BoSY,Grade 10,2-level,independent,3,33,9.090909090909092
303219,7,701,70101,Control,BoSY,Grade 10,2-level,independent,27,113,23.893805309734514
312450,7,705,70522,Control,BoSY,Grade 10,2-level,independent,20,95,21.05263157894737
324903,7,704,70401,Control,BoSY,Grade 10,2-level,independent,1,28,3.5714285714285716
501065,11,1101,110101,Control,BoSY,Grade 10,2-level,independent,53,110,48.18181818181818
312451,7,705,70532,Control,BoSY,Grade 10,2-level,independent,1,57,1.7543859649122806
501763,11,1103,110305,Control,BoSY,Grade 10,2-level,independent,0,19,0
316405,11,1110,111001,Control,BoSY,Grade 10,2-level,independent,18,109,16.513761467889907
316404,11,1110,111001,Control,BoSY,Grade 10,2-level,independent,0,35,0
316301,11,1107,110701,Control,BoSY,Grade 10,2-level,independent,84,121,69.42148760330579
312910,7,710,71001,Control,BoSY,Grade 10,2-level,independent,10,76,13.157894736842104
303011,7,705,70512,Control,BoSY,Grade 10,2-level,independent,6,35,17.142857142857142
305651,11,1101,110101,Control,BoSY,Grade 10,2-level,independent,0,28,0
305662,11,1101,110101,Control,BoSY,Grade 10,2-level,independent,2,25,8
305850,11,1105,110503,Control,BoSY,Grade 10,2-level,independent,2,15,13.333333333333334
312481,7,705,70518,Control,BoSY,Grade 10,2-level,independent,28,174,16.091954022988507
304409,11,1110,111001,Control,BoSY,Grade 10,2-level,independent,5,93,5.376344086021505
303246,7,713,71303,Control,BoSY,Grade 10,2-level,independent,4,84,4.761904761904762
501405,11,1101,110101,Control,BoSY,Grade 10,2-level,independent,26,47,55.319148936170215
305677,11,1105,110503,Control,BoSY,Grade 10,2-level,independent,5,32,15.625
500447,7,708,70801,Control,BoSY,Grade 10,2-level,independent,0,45,0
501305,7,708,70801,Control,BoSY,Grade 10,2-level,independent,0,32,0
305917,7,708,70801,Control,BoSY,Grade 10,2-level,independent,5,26,19.23076923076923
305722,7,703,70304,Control,BoSY,Grade 10,2-level,independent,15,45,33.333333333333336
312953,7,713,71306,Control,BoSY,Grade 10,2-level,independent,0,38,0
305498,11,1101,110101,Control,BoSY,Grade 10,2-level,independent,1,52,1.9230769230769231
305669,11,1101,110101,Control,BoSY,Grade 10,2-level,independent,0,38,0
312960,7,710,71002,Control,BoSY,Grade 10,2-level,independent,1,42,2.380952380952381
309906,5,508,50811,Treatment,BoSY,Grade 10,3-level,frustration,11,119,9.243697478991596
309934,5,508,50806,Treatment,BoSY,Grade 10,3-level,frustration,2,28,7.142857142857143
301871,5,501,50107,Treatment,BoSY,Grade 10,3-level,frustration,30,81,37.03703703703704
302134,5,508,50804,Treatment,BoSY,Grade 10,3-level,frustration,0,120,0
302117,5,508,50803,Treatment,BoSY,Grade 10,3-level,frustration,1,72,1.3888888888888888
309909,5,508,50801,Treatment,BoSY,Grade 10,3-level,frustration,5,92,5.434782608695652
309915,5,508,50801,Treatment,BoSY,Grade 10,3-level,frustration,6,32,18.75
501544,5,508,50815,Treatment,BoSY,Grade 10,3-level,frustration,29,82,35.36585365853659
301887,5,502,50205,Treatment,BoSY,Grade 10,3-level,frustration,17,64,26.5625
302175,5,508,50820,Treatment,BoSY,Grade 10,3-level,frustration,0,98,0
302146,5,508,50812,Treatment,BoSY,Grade 10,3-level,frustration,58,105,55.23809523809524
309921,5,508,50805,Treatment,BoSY,Grade 10,3-level,frustration,0,54,0
302254,5,505,50501,Control,BoSY,Grade 10,3-level,frustration,37,99,37.37373737373738
309513,5,501,50112,Control,BoSY,Grade 10,3-level,frustration,0,104,0
500163,5,508,50801,Control,BoSY,Grade 10,3-level,frustration,5,68,7.352941176470588
302058,5,503,50333,Control,BoSY,Grade 10,3-level,frustration,57,86,66.27906976744185
302192,5,511,51103,Control,BoSY,Grade 10,3-level,frustration,9,263,3.4220532319391634
302227,5,511,51105,Control,BoSY,Grade 10,3-level,frustration,36,57,63.1578947368421
302252,5,505,50501,Control,BoSY,Grade 10,3-level,frustration,24,68,35.294117647058826
309914,5,508,50806,Control,BoSY,Grade 10,3-level,frustration,8,200,4
309711,5,503,50317,Control,BoSY,Grade 10,3-level,frustration,27,50,54
301817,5,507,50701,Control,BoSY,Grade 10,3-level,frustration,92,109,84.40366972477064
302165,5,508,50816,Control,BoSY,Grade 10,3-level,frustration,37,52,71.15384615384616
301974,5,503,50311,Treatment,BoSY,Grade 10,3-level,frustration,0,56,0
302256,5,505,50501,Control,BoSY,Grade 10,3-level,frustration,22,115,19.130434782608695
301834,5,501,50106,Control,BoSY,Grade 10,3-level,frustration,15,156,9.615384615384615
309760,5,503,50306,Control,BoSY,Grade 10,3-level,frustration,10,47,21.27659574468085
309936,5,508,50819,Control,BoSY,Grade 10,3-level,frustration,0,45,0
302203,5,511,51102,Control,BoSY,Grade 10,3-level,frustration,23,38,60.526315789473685
302011,5,503,50314,Control,BoSY,Grade 10,3-level,frustration,24,166,14.457831325301205
500168,5,505,50501,Control,BoSY,Grade 10,3-level,frustration,5,70,7.142857142857143
301947,5,503,50306,Control,BoSY,Grade 10,3-level,frustration,75,317,23.65930599369085
309941,5,508,50812,Control,BoSY,Grade 10,3-level,frustration,71,176,40.34090909090909
301839,5,501,50111,Control,BoSY,Grade 10,3-level,frustration,3,71,4.225352112676056
501843,5,508,50818,Treatment,BoSY,Grade 10,3-level,frustration,0,16,0
302111,5,508,50801,Control,BoSY,Grade 10,3-level,frustration,32,470,6.808510638297872
302133,5,509,50901,Control,BoSY,Grade 10,3-level,frustration,62,121,51.239669421487605
301990,5,503,50317,Control,BoSY,Grade 10,3-level,frustration,0,48,0
309937,5,508,50819,Control,BoSY,Grade 10,3-level,frustration,20,74,27.027027027027028
302241,5,511,51105,Control,BoSY,Grade 10,3-level,frustration,0,114,0
500167,5,505,50501,Control,BoSY,Grade 10,3-level,frustration,6,56,10.714285714285714
309764,5,503,50320,Control,BoSY,Grade 10,3-level,frustration,27,38,71.05263157894737
302205,5,511,51106,Control,BoSY,Grade 10,3-level,frustration,5,88,5.681818181818182
302014,5,503,50302,Control,BoSY,Grade 10,3-level,frustration,51,103,49.51456310679612
309740,5,503,50315,Control,BoSY,Grade 10,3-level,frustration,1,48,2.0833333333333335
309741,5,503,50315,Control,BoSY,Grade 10,3-level,frustration,70,113,61.94690265486726
302161,5,508,50803,Treatment,BoSY,Grade 10,3-level,frustration,3,82,3.658536585365854
302113,5,508,50818,Treatment,BoSY,Grade 10,3-level,frustration,15,80,18.75
302127,5,508,50817,Control,BoSY,Grade 10,3-level,frustration,21,35,60
301899,5,502,50205,Control,BoSY,Grade 10,3-level,frustration,3,136,2.2058823529411766
309509,5,501,50113,Control,BoSY,Grade 10,3-level,frustration,3,57,5.2631578947368425
309903,5,508,50816,Control,BoSY,Grade 10,3-level,frustration,0,55,0
301995,5,503,50310,Control,BoSY,Grade 10,3-level,frustration,0,55,0
309702,5,503,50325,Control,BoSY,Grade 10,3-level,frustration,142,211,67.29857819905213
501020,5,503,50310,Control,BoSY,Grade 10,3-level,frustration,2,25,8
309743,5,503,50332,Control,BoSY,Grade 10,3-level,frustration,46,97,47.422680412371136
301816,5,501,50101,Control,BoSY,Grade 10,3-level,frustration,3,144,2.0833333333333335
302054,5,503,50315,Control,BoSY,Grade 10,3-level,frustration,4,102,3.9215686274509802
301862,5,507,50701,Control,BoSY,Grade 10,3-level,frustration,24,202,11.881188118811881
502477,5,501,50108,Control,BoSY,Grade 10,3-level,frustration,0,0,NA
302283,5,513,51301,Control,BoSY,Grade 10,3-level,frustration,82,299,27.4247491638796
301900,5,502,50206,Control,BoSY,Grade 10,3-level,frustration,11,40,27.5
302123,5,508,50808,Control,BoSY,Grade 10,3-level,frustration,14,54,25.925925925925927
309512,5,501,50110,Control,BoSY,Grade 10,3-level,frustration,0,76,0
302284,5,513,51301,Control,BoSY,Grade 10,3-level,frustration,125,172,72.67441860465117
500034,5,508,50819,Control,BoSY,Grade 10,3-level,frustration,7,23,30.434782608695652
302043,5,503,50305,Control,BoSY,Grade 10,3-level,frustration,23,190,12.105263157894736
302182,5,511,51107,Control,BoSY,Grade 10,3-level,frustration,70,99,70.70707070707071
301986,5,503,50334,Control,BoSY,Grade 10,3-level,frustration,94,154,61.03896103896104
302109,5,508,50817,Control,BoSY,Grade 10,3-level,frustration,0,205,0
302061,5,503,50311,Control,BoSY,Grade 10,3-level,frustration,2,52,3.8461538461538463
309931,5,508,50802,Control,BoSY,Grade 10,3-level,frustration,7,55,12.727272727272727
301984,5,503,50331,Control,BoSY,Grade 10,3-level,frustration,141,190,74.21052631578948
302156,5,508,50803,Control,BoSY,Grade 10,3-level,frustration,0,99,0
309705,5,503,50330,Control,BoSY,Grade 10,3-level,frustration,59,82,71.95121951219512
500165,5,508,50804,Control,BoSY,Grade 10,3-level,frustration,4,39,10.256410256410257
301930,5,503,50328,Control,BoSY,Grade 10,3-level,frustration,58,78,74.35897435897436
302177,5,508,50806,Control,BoSY,Grade 10,3-level,frustration,68,85,80
302282,5,513,51301,Control,BoSY,Grade 10,3-level,frustration,14,275,5.090909090909091
502615,5,508,50802,Control,BoSY,Grade 10,3-level,frustration,0,0,NA
302263,5,506,50601,Control,BoSY,Grade 10,3-level,frustration,5,90,5.555555555555555
301826,5,501,50103,Control,BoSY,Grade 10,3-level,frustration,6,39,15.384615384615385
305750,5,513,51301,Control,BoSY,Grade 10,3-level,frustration,12,51,23.529411764705884
301870,5,501,50110,Control,BoSY,Grade 10,3-level,frustration,64,116,55.172413793103445
302039,5,503,50316,Control,BoSY,Grade 10,3-level,frustration,26,241,10.78838174273859
301868,5,501,50112,Control,BoSY,Grade 10,3-level,frustration,3,236,1.271186440677966
301963,5,503,50316,Control,BoSY,Grade 10,3-level,frustration,13,148,8.783783783783784
340567,15,1505,150501,Treatment,BoSY,Grade 10,3-level,frustration,10,229,4.366812227074236
320606,15,1515,151502,Treatment,BoSY,Grade 10,3-level,frustration,131,361,36.28808864265928
320202,15,1511,151101,Treatment,BoSY,Grade 10,3-level,frustration,19,132,14.393939393939394
305310,15,1507,150703,Treatment,BoSY,Grade 10,3-level,frustration,0,291,0
305418,15,1513,151301,Treatment,BoSY,Grade 10,3-level,frustration,159,861,18.466898954703833
500565,15,1515,151502,Treatment,BoSY,Grade 10,3-level,frustration,82,901,9.100998890122087
301258,4,413,41308,Treatment,BoSY,Grade 10,3-level,frustration,62,468,13.247863247863247
301214,4,411,41101,Treatment,BoSY,Grade 10,3-level,frustration,217,594,36.53198653198653
301497,4,414,41401,Treatment,BoSY,Grade 10,3-level,frustration,42,357,11.764705882352942
305411,15,1515,151502,Treatment,BoSY,Grade 10,3-level,frustration,45,1030,4.368932038834951
305420,15,1513,151301,Treatment,BoSY,Grade 10,3-level,frustration,396,1270,31.181102362204726
301231,4,413,41302,Control,BoSY,Grade 10,3-level,frustration,3,189,1.5873015873015872
301188,4,402,40201,Control,BoSY,Grade 10,3-level,frustration,0,647,0
307913,4,413,41309,Control,BoSY,Grade 10,3-level,frustration,3,293,1.023890784982935
500566,15,1507,150710,Control,BoSY,Grade 10,3-level,frustration,258,635,40.62992125984252
305453,15,1510,151001,Control,BoSY,Grade 10,3-level,frustration,12,701,1.7118402282453637
305311,15,1507,150702,Control,BoSY,Grade 10,3-level,frustration,129,325,39.69230769230769
301425,4,401,40101,Control,BoSY,Grade 10,3-level,frustration,237,813,29.15129151291513
301202,4,408,40812,Control,BoSY,Grade 10,3-level,frustration,55,322,17.080745341614907
305412,15,1515,151502,Control,BoSY,Grade 10,3-level,frustration,39,933,4.180064308681672
308105,4,417,41703,Control,BoSY,Grade 10,3-level,frustration,158,694,22.76657060518732
305341,15,1514,151401,Control,BoSY,Grade 10,3-level,frustration,273,1599,17.073170731707318
319604,15,1512,151201,Control,BoSY,Grade 10,3-level,frustration,1,295,0.3389830508474576
305568,15,1516,151601,Control,BoSY,Grade 10,3-level,frustration,116,395,29.367088607594937
305434,15,1503,150301,Control,BoSY,Grade 10,3-level,frustration,7,789,0.8871989860583016
301464,4,417,41710,Control,BoSY,Grade 10,3-level,frustration,0,542,0
305461,15,1515,151502,Control,BoSY,Grade 10,3-level,frustration,0,261,0
305384,15,1501,150101,Control,BoSY,Grade 10,3-level,frustration,13,451,2.882483370288248
301143,4,421,42101,Control,BoSY,Grade 10,3-level,frustration,6,1093,0.5489478499542544
305340,15,1514,151401,Control,BoSY,Grade 10,3-level,frustration,40,1369,2.9218407596785974
305302,15,1507,150709,Treatment,BoSY,Grade 10,3-level,frustration,283,1036,27.316602316602317
308103,4,417,41712,Control,BoSY,Grade 10,3-level,frustration,59,258,22.868217054263567
308130,4,417,41711,Control,BoSY,Grade 10,3-level,frustration,5,156,3.2051282051282053
301227,4,420,42001,Control,BoSY,Grade 10,3-level,frustration,10,1227,0.8149959250203749
305334,15,1514,151401,Control,BoSY,Grade 10,3-level,frustration,11,648,1.6975308641975309
305367,15,1512,151201,Control,BoSY,Grade 10,3-level,frustration,69,936,7.371794871794871
305635,15,1514,151401,Control,BoSY,Grade 10,3-level,frustration,9,411,2.18978102189781
301218,4,408,40814,Control,BoSY,Grade 10,3-level,frustration,103,1782,5.780022446689113
308501,4,415,41501,Control,BoSY,Grade 10,3-level,frustration,74,518,14.285714285714286
500332,15,1506,150601,Control,BoSY,Grade 10,3-level,frustration,76,398,19.09547738693467
305471,15,1509,150901,Control,BoSY,Grade 10,3-level,frustration,7,482,1.4522821576763485
305376,15,1501,150101,Treatment,BoSY,Grade 10,3-level,frustration,0,789,0
301432,4,417,41705,Control,BoSY,Grade 10,3-level,frustration,46,489,9.406952965235174
305459,15,1515,151502,Control,BoSY,Grade 10,3-level,frustration,202,1001,20.17982017982018
305313,15,1507,150708,Control,BoSY,Grade 10,3-level,frustration,29,529,5.482041587901701
301186,4,410,41001,Control,BoSY,Grade 10,3-level,frustration,56,1607,3.4847542003733665
301184,4,410,41001,Control,BoSY,Grade 10,3-level,frustration,561,921,60.91205211726384
305295,15,1507,150710,Control,BoSY,Grade 10,3-level,frustration,31,1261,2.4583663758921492
301416,4,422,42201,Control,BoSY,Grade 10,3-level,frustration,46,129,35.65891472868217
305450,15,1505,150501,Treatment,BoSY,Grade 10,3-level,frustration,89,368,24.184782608695652
301403,4,416,41606,Control,BoSY,Grade 10,3-level,frustration,149,447,33.333333333333336
301451,4,417,41708,Control,BoSY,Grade 10,3-level,frustration,13,280,4.642857142857143
305338,15,1514,151401,Control,BoSY,Grade 10,3-level,frustration,136,748,18.181818181818183
301257,4,413,41312,Control,BoSY,Grade 10,3-level,frustration,133,1922,6.919875130072841
305416,15,1513,151301,Control,BoSY,Grade 10,3-level,frustration,82,900,9.11111111111111
305337,15,1514,151401,Control,BoSY,Grade 10,3-level,frustration,0,1990,0
305353,15,1514,151401,Control,BoSY,Grade 10,3-level,frustration,111,505,21.980198019801982
301197,4,408,40812,Control,BoSY,Grade 10,3-level,frustration,8,343,2.3323615160349855
301236,4,413,41308,Treatment,BoSY,Grade 10,3-level,frustration,110,239,46.02510460251046
305444,15,1516,151601,Control,BoSY,Grade 10,3-level,frustration,87,352,24.71590909090909
320306,15,1503,150301,Control,BoSY,Grade 10,3-level,frustration,145,740,19.594594594594593
301489,4,414,41401,Control,BoSY,Grade 10,3-level,frustration,38,293,12.969283276450511
301507,4,418,41801,Control,BoSY,Grade 10,3-level,frustration,21,128,16.40625
301456,4,417,41710,Control,BoSY,Grade 10,3-level,frustration,12,516,2.3255813953488373
301238,4,413,41303,Control,BoSY,Grade 10,3-level,frustration,30,512,5.859375
305438,15,1516,151601,Control,BoSY,Grade 10,3-level,frustration,215,897,23.968784838350057
305324,15,1514,151401,Control,BoSY,Grade 10,3-level,frustration,18,298,6.040268456375839
305454,15,1510,151001,Control,BoSY,Grade 10,3-level,frustration,0,128,0
308122,4,417,41708,Control,BoSY,Grade 10,3-level,frustration,3,182,1.6483516483516483
301508,4,418,41801,Control,BoSY,Grade 10,3-level,frustration,60,216,27.77777777777778
305465,15,1515,151502,Control,BoSY,Grade 10,3-level,frustration,51,844,6.042654028436019
305428,15,1511,151101,Control,BoSY,Grade 10,3-level,frustration,18,376,4.787234042553192
301175,4,408,40807,Control,BoSY,Grade 10,3-level,frustration,102,552,18.47826086956522
301437,4,417,41704,Control,BoSY,Grade 10,3-level,frustration,15,913,1.642935377875137
320204,15,1511,151101,Control,BoSY,Grade 10,3-level,frustration,39,473,8.24524312896406
305447,15,1505,150501,Control,BoSY,Grade 10,3-level,frustration,6,566,1.0600706713780919
301438,4,417,41704,Control,BoSY,Grade 10,3-level,frustration,209,444,47.072072072072075
308135,4,417,41708,Control,BoSY,Grade 10,3-level,frustration,10,420,2.380952380952381
301418,4,401,40101,Control,BoSY,Grade 10,3-level,frustration,238,2681,8.877284595300262
305288,15,1507,150710,Control,BoSY,Grade 10,3-level,frustration,194,745,26.040268456375838
301265,4,413,41301,Control,BoSY,Grade 10,3-level,frustration,176,396,44.44444444444444
305442,15,1516,151601,Control,BoSY,Grade 10,3-level,frustration,13,270,4.814814814814815
500339,15,1505,150501,Control,BoSY,Grade 10,3-level,frustration,162,371,43.66576819407008
305435,15,1503,150301,Control,BoSY,Grade 10,3-level,frustration,194,423,45.8628841607565
308134,4,417,41708,Control,BoSY,Grade 10,3-level,frustration,83,492,16.869918699186993
305452,15,1505,150501,Control,BoSY,Grade 10,3-level,frustration,23,640,3.59375
312330,7,703,70308,Treatment,BoSY,Grade 10,3-level,frustration,4,88,4.545454545454546
305710,7,703,70302,Treatment,BoSY,Grade 10,3-level,frustration,6,78,7.6923076923076925
305655,11,1101,110101,Treatment,BoSY,Grade 10,3-level,frustration,1,25,4
305581,7,703,70303,Treatment,BoSY,Grade 10,3-level,frustration,24,41,58.53658536585366
303130,7,703,70309,Treatment,BoSY,Grade 10,3-level,frustration,146,208,70.1923076923077
312354,7,703,70309,Treatment,BoSY,Grade 10,3-level,frustration,0,24,0
305849,11,1105,110503,Treatment,BoSY,Grade 10,3-level,frustration,0,21,0
305500,11,1101,110101,Treatment,BoSY,Grade 10,3-level,frustration,14,29,48.275862068965516
312355,7,703,70304,Treatment,BoSY,Grade 10,3-level,frustration,7,44,15.909090909090908
501903,11,1110,111001,Treatment,BoSY,Grade 10,3-level,frustration,5,23,21.73913043478261
500665,7,705,70527,Control,BoSY,Grade 10,3-level,frustration,21,75,28
312462,7,705,70520,Control,BoSY,Grade 10,3-level,frustration,7,14,50
306038,11,1102,110202,Control,BoSY,Grade 10,3-level,frustration,6,29,20.689655172413794
500221,7,705,70527,Control,BoSY,Grade 10,3-level,frustration,7,31,22.580645161290324
500744,7,708,70801,Control,BoSY,Grade 10,3-level,frustration,0,41,0
305884,11,1101,110101,Control,BoSY,Grade 10,3-level,frustration,0,99,0
303170,7,709,70901,Control,BoSY,Grade 10,3-level,frustration,5,51,9.803921568627452
500787,7,708,70801,Control,BoSY,Grade 10,3-level,frustration,0,49,0
500667,7,705,70528,Control,BoSY,Grade 10,3-level,frustration,5,50,10
501071,11,1101,110101,Control,BoSY,Grade 10,3-level,frustration,6,22,27.272727272727273
303046,7,705,70527,Control,BoSY,Grade 10,3-level,frustration,15,95,15.789473684210526
325303,7,707,70701,Control,BoSY,Grade 10,3-level,frustration,26,93,27.956989247311828
500208,7,703,70305,Control,BoSY,Grade 10,3-level,frustration,2,14,14.285714285714286
312401,7,705,70525,Control,BoSY,Grade 10,3-level,frustration,68,68,100
303136,7,706,70601,Control,BoSY,Grade 10,3-level,frustration,23,66,34.84848484848485
312435,7,707,70701,Control,BoSY,Grade 10,3-level,frustration,19,34,55.88235294117647
502186,11,1101,110101,Control,BoSY,Grade 10,3-level,frustration,4,14,28.571428571428573
500782,7,708,70801,Control,BoSY,Grade 10,3-level,frustration,4,221,1.8099547511312217
306086,11,1106,110606,Control,BoSY,Grade 10,3-level,frustration,3,19,15.789473684210526
305755,7,705,70529,Control,BoSY,Grade 10,3-level,frustration,22,92,23.91304347826087
305665,11,1101,110101,Control,BoSY,Grade 10,3-level,frustration,11,15,73.33333333333333
501635,7,703,70301,Control,BoSY,Grade 10,3-level,frustration,0,58,0
305843,11,1110,111001,Control,BoSY,Grade 10,3-level,frustration,11,36,30.555555555555557
500894,7,705,70517,Control,BoSY,Grade 10,3-level,frustration,16,86,18.6046511627907
500671,7,705,70506,Control,BoSY,Grade 10,3-level,frustration,13,35,37.142857142857146
305847,11,1105,110503,Control,BoSY,Grade 10,3-level,frustration,0,27,0
500784,7,708,70801,Control,BoSY,Grade 10,3-level,frustration,1,10,10
501267,7,705,70525,Control,BoSY,Grade 10,3-level,frustration,0,26,0
306000,7,705,70525,Control,BoSY,Grade 10,3-level,frustration,2,28,7.142857142857143
305517,11,1106,110608,Control,BoSY,Grade 10,3-level,frustration,22,35,62.857142857142854
305713,7,710,71001,Control,BoSY,Grade 10,3-level,frustration,0,27,0
500768,7,705,70521,Control,BoSY,Grade 10,3-level,frustration,1,84,1.1904761904761905
316303,11,1107,110701,Control,BoSY,Grade 10,3-level,frustration,0,51,0
316304,11,1107,110701,Control,BoSY,Grade 10,3-level,frustration,4,67,5.970149253731344
305506,11,1101,110101,Control,BoSY,Grade 10,3-level,frustration,2,11,18.181818181818183
500421,7,705,70507,Control,BoSY,Grade 10,3-level,frustration,43,124,34.67741935483871
305681,11,1110,111001,Control,BoSY,Grade 10,3-level,frustration,14,161,8.695652173913043
303186,7,711,71101,Control,BoSY,Grade 10,3-level,frustration,0,90,0
501429,7,714,71402,Control,BoSY,Grade 10,3-level,frustration,16,66,24.242424242424242
305844,11,1103,110303,Control,BoSY,Grade 10,3-level,frustration,27,45,60
305965,11,1110,111001,Control,BoSY,Grade 10,3-level,frustration,2,61,3.278688524590164
501076,11,1103,110305,Control,BoSY,Grade 10,3-level,frustration,11,13,84.61538461538461
305889,11,1101,110101,Control,BoSY,Grade 10,3-level,frustration,1,51,1.9607843137254901
501074,11,1103,110306,Control,BoSY,Grade 10,3-level,frustration,26,41,63.41463414634146
312408,7,705,70530,Control,BoSY,Grade 10,3-level,frustration,5,58,8.620689655172415
501351,7,705,70522,Control,BoSY,Grade 10,3-level,frustration,9,63,14.285714285714286
501404,11,1101,110101,Control,BoSY,Grade 10,3-level,frustration,0,15,0
305660,11,1101,110101,Control,BoSY,Grade 10,3-level,frustration,5,33,15.151515151515152
303219,7,701,70101,Control,BoSY,Grade 10,3-level,frustration,2,113,1.7699115044247788
312450,7,705,70522,Control,BoSY,Grade 10,3-level,frustration,5,95,5.2631578947368425
324903,7,704,70401,Control,BoSY,Grade 10,3-level,frustration,20,28,71.42857142857143
501065,11,1101,110101,Control,BoSY,Grade 10,3-level,frustration,1,110,0.9090909090909091
312451,7,705,70532,Control,BoSY,Grade 10,3-level,frustration,3,57,5.2631578947368425
501763,11,1103,110305,Control,BoSY,Grade 10,3-level,frustration,4,19,21.05263157894737
316405,11,1110,111001,Control,BoSY,Grade 10,3-level,frustration,13,109,11.926605504587156
316404,11,1110,111001,Control,BoSY,Grade 10,3-level,frustration,7,35,20
316301,11,1107,110701,Control,BoSY,Grade 10,3-level,frustration,0,121,0
312910,7,710,71001,Control,BoSY,Grade 10,3-level,frustration,4,76,5.2631578947368425
303011,7,705,70512,Control,BoSY,Grade 10,3-level,frustration,0,35,0
305651,11,1101,110101,Control,BoSY,Grade 10,3-level,frustration,25,28,89.28571428571429
305662,11,1101,110101,Control,BoSY,Grade 10,3-level,frustration,5,25,20
305850,11,1105,110503,Control,BoSY,Grade 10,3-level,frustration,1,15,6.666666666666667
312481,7,705,70518,Control,BoSY,Grade 10,3-level,frustration,16,174,9.195402298850574
304409,11,1110,111001,Control,BoSY,Grade 10,3-level,frustration,2,93,2.150537634408602
303246,7,713,71303,Control,BoSY,Grade 10,3-level,frustration,23,84,27.38095238095238
501405,11,1101,110101,Control,BoSY,Grade 10,3-level,frustration,0,47,0
305677,11,1105,110503,Control,BoSY,Grade 10,3-level,frustration,7,32,21.875
500447,7,708,70801,Control,BoSY,Grade 10,3-level,frustration,25,45,55.55555555555556
501305,7,708,70801,Control,BoSY,Grade 10,3-level,frustration,0,32,0
305917,7,708,70801,Control,BoSY,Grade 10,3-level,frustration,2,26,7.6923076923076925
305722,7,703,70304,Control,BoSY,Grade 10,3-level,frustration,3,45,6.666666666666667
312953,7,713,71306,Control,BoSY,Grade 10,3-level,frustration,0,38,0
305498,11,1101,110101,Control,BoSY,Grade 10,3-level,frustration,22,52,42.30769230769231
305669,11,1101,110101,Control,BoSY,Grade 10,3-level,frustration,24,38,63.1578947368421
312960,7,710,71002,Control,BoSY,Grade 10,3-level,frustration,21,42,50
309906,5,508,50811,Treatment,BoSY,Grade 10,3-level,instructional,17,119,14.285714285714286
309934,5,508,50806,Treatment,BoSY,Grade 10,3-level,instructional,6,28,21.428571428571427
301871,5,501,50107,Treatment,BoSY,Grade 10,3-level,instructional,15,81,18.51851851851852
302134,5,508,50804,Treatment,BoSY,Grade 10,3-level,instructional,0,120,0
302117,5,508,50803,Treatment,BoSY,Grade 10,3-level,instructional,0,72,0
309909,5,508,50801,Treatment,BoSY,Grade 10,3-level,instructional,34,92,36.95652173913044
309915,5,508,50801,Treatment,BoSY,Grade 10,3-level,instructional,5,32,15.625
501544,5,508,50815,Treatment,BoSY,Grade 10,3-level,instructional,35,82,42.68292682926829
301887,5,502,50205,Treatment,BoSY,Grade 10,3-level,instructional,20,64,31.25
302175,5,508,50820,Treatment,BoSY,Grade 10,3-level,instructional,0,98,0
302146,5,508,50812,Treatment,BoSY,Grade 10,3-level,instructional,33,105,31.428571428571427
309921,5,508,50805,Treatment,BoSY,Grade 10,3-level,instructional,0,54,0
302254,5,505,50501,Control,BoSY,Grade 10,3-level,instructional,18,99,18.181818181818183
309513,5,501,50112,Control,BoSY,Grade 10,3-level,instructional,63,104,60.57692307692308
500163,5,508,50801,Control,BoSY,Grade 10,3-level,instructional,7,68,10.294117647058824
302058,5,503,50333,Control,BoSY,Grade 10,3-level,instructional,14,86,16.27906976744186
302192,5,511,51103,Control,BoSY,Grade 10,3-level,instructional,41,263,15.5893536121673
302227,5,511,51105,Control,BoSY,Grade 10,3-level,instructional,0,57,0
302252,5,505,50501,Control,BoSY,Grade 10,3-level,instructional,8,68,11.764705882352942
309914,5,508,50806,Control,BoSY,Grade 10,3-level,instructional,73,200,36.5
309711,5,503,50317,Control,BoSY,Grade 10,3-level,instructional,6,50,12
301817,5,507,50701,Control,BoSY,Grade 10,3-level,instructional,5,109,4.587155963302752
302165,5,508,50816,Control,BoSY,Grade 10,3-level,instructional,2,52,3.8461538461538463
301974,5,503,50311,Treatment,BoSY,Grade 10,3-level,instructional,0,56,0
302256,5,505,50501,Control,BoSY,Grade 10,3-level,instructional,9,115,7.826086956521739
301834,5,501,50106,Control,BoSY,Grade 10,3-level,instructional,17,156,10.897435897435898
309760,5,503,50306,Control,BoSY,Grade 10,3-level,instructional,19,47,40.42553191489362
309936,5,508,50819,Control,BoSY,Grade 10,3-level,instructional,0,45,0
302203,5,511,51102,Control,BoSY,Grade 10,3-level,instructional,4,38,10.526315789473685
302011,5,503,50314,Control,BoSY,Grade 10,3-level,instructional,11,166,6.626506024096385
500168,5,505,50501,Control,BoSY,Grade 10,3-level,instructional,12,70,17.142857142857142
301947,5,503,50306,Control,BoSY,Grade 10,3-level,instructional,78,317,24.605678233438486
309941,5,508,50812,Control,BoSY,Grade 10,3-level,instructional,4,176,2.272727272727273
301839,5,501,50111,Control,BoSY,Grade 10,3-level,instructional,2,71,2.816901408450704
501843,5,508,50818,Treatment,BoSY,Grade 10,3-level,instructional,0,16,0
302111,5,508,50801,Control,BoSY,Grade 10,3-level,instructional,155,470,32.97872340425532
302133,5,509,50901,Control,BoSY,Grade 10,3-level,instructional,24,121,19.834710743801654
301990,5,503,50317,Control,BoSY,Grade 10,3-level,instructional,6,48,12.5
309937,5,508,50819,Control,BoSY,Grade 10,3-level,instructional,30,74,40.54054054054054
302241,5,511,51105,Control,BoSY,Grade 10,3-level,instructional,0,114,0
500167,5,505,50501,Control,BoSY,Grade 10,3-level,instructional,14,56,25
309764,5,503,50320,Control,BoSY,Grade 10,3-level,instructional,3,38,7.894736842105263
302205,5,511,51106,Control,BoSY,Grade 10,3-level,instructional,22,88,25
302014,5,503,50302,Control,BoSY,Grade 10,3-level,instructional,25,103,24.271844660194176
309740,5,503,50315,Control,BoSY,Grade 10,3-level,instructional,23,48,47.916666666666664
309741,5,503,50315,Control,BoSY,Grade 10,3-level,instructional,4,113,3.5398230088495577
302161,5,508,50803,Treatment,BoSY,Grade 10,3-level,instructional,18,82,21.951219512195124
302113,5,508,50818,Treatment,BoSY,Grade 10,3-level,instructional,10,80,12.5
302127,5,508,50817,Control,BoSY,Grade 10,3-level,instructional,2,35,5.714285714285714
301899,5,502,50205,Control,BoSY,Grade 10,3-level,instructional,72,136,52.94117647058823
309509,5,501,50113,Control,BoSY,Grade 10,3-level,instructional,15,57,26.31578947368421
309903,5,508,50816,Control,BoSY,Grade 10,3-level,instructional,0,55,0
301995,5,503,50310,Control,BoSY,Grade 10,3-level,instructional,0,55,0
309702,5,503,50325,Control,BoSY,Grade 10,3-level,instructional,14,211,6.6350710900473935
501020,5,503,50310,Control,BoSY,Grade 10,3-level,instructional,1,25,4
309743,5,503,50332,Control,BoSY,Grade 10,3-level,instructional,7,97,7.216494845360825
301816,5,501,50101,Control,BoSY,Grade 10,3-level,instructional,41,144,28.47222222222222
302054,5,503,50315,Control,BoSY,Grade 10,3-level,instructional,9,102,8.823529411764707
301862,5,507,50701,Control,BoSY,Grade 10,3-level,instructional,71,202,35.148514851485146
502477,5,501,50108,Control,BoSY,Grade 10,3-level,instructional,0,0,NA
302283,5,513,51301,Control,BoSY,Grade 10,3-level,instructional,56,299,18.729096989966557
301900,5,502,50206,Control,BoSY,Grade 10,3-level,instructional,27,40,67.5
302123,5,508,50808,Control,BoSY,Grade 10,3-level,instructional,5,54,9.25925925925926
309512,5,501,50110,Control,BoSY,Grade 10,3-level,instructional,0,76,0
302284,5,513,51301,Control,BoSY,Grade 10,3-level,instructional,18,172,10.465116279069768
500034,5,508,50819,Control,BoSY,Grade 10,3-level,instructional,8,23,34.78260869565217
302043,5,503,50305,Control,BoSY,Grade 10,3-level,instructional,12,190,6.315789473684211
302182,5,511,51107,Control,BoSY,Grade 10,3-level,instructional,1,99,1.0101010101010102
301986,5,503,50334,Control,BoSY,Grade 10,3-level,instructional,16,154,10.38961038961039
302109,5,508,50817,Control,BoSY,Grade 10,3-level,instructional,0,205,0
302061,5,503,50311,Control,BoSY,Grade 10,3-level,instructional,17,52,32.69230769230769
309931,5,508,50802,Control,BoSY,Grade 10,3-level,instructional,7,55,12.727272727272727
301984,5,503,50331,Control,BoSY,Grade 10,3-level,instructional,21,190,11.052631578947368
302156,5,508,50803,Control,BoSY,Grade 10,3-level,instructional,0,99,0
309705,5,503,50330,Control,BoSY,Grade 10,3-level,instructional,7,82,8.536585365853659
500165,5,508,50804,Control,BoSY,Grade 10,3-level,instructional,15,39,38.46153846153846
301930,5,503,50328,Control,BoSY,Grade 10,3-level,instructional,6,78,7.6923076923076925
302177,5,508,50806,Control,BoSY,Grade 10,3-level,instructional,0,85,0
302282,5,513,51301,Control,BoSY,Grade 10,3-level,instructional,118,275,42.90909090909091
502615,5,508,50802,Control,BoSY,Grade 10,3-level,instructional,0,0,NA
302263,5,506,50601,Control,BoSY,Grade 10,3-level,instructional,0,90,0
301826,5,501,50103,Control,BoSY,Grade 10,3-level,instructional,12,39,30.76923076923077
305750,5,513,51301,Control,BoSY,Grade 10,3-level,instructional,15,51,29.41176470588235
301870,5,501,50110,Control,BoSY,Grade 10,3-level,instructional,12,116,10.344827586206897
302039,5,503,50316,Control,BoSY,Grade 10,3-level,instructional,59,241,24.481327800829874
301868,5,501,50112,Control,BoSY,Grade 10,3-level,instructional,1,236,0.423728813559322
301963,5,503,50316,Control,BoSY,Grade 10,3-level,instructional,59,148,39.86486486486486
340567,15,1505,150501,Treatment,BoSY,Grade 10,3-level,instructional,20,229,8.733624454148472
320606,15,1515,151502,Treatment,BoSY,Grade 10,3-level,instructional,71,361,19.667590027700832
320202,15,1511,151101,Treatment,BoSY,Grade 10,3-level,instructional,34,132,25.757575757575758
305310,15,1507,150703,Treatment,BoSY,Grade 10,3-level,instructional,2,291,0.6872852233676976
305418,15,1513,151301,Treatment,BoSY,Grade 10,3-level,instructional,47,861,5.458768873403019
500565,15,1515,151502,Treatment,BoSY,Grade 10,3-level,instructional,176,901,19.533851276359602
301258,4,413,41308,Treatment,BoSY,Grade 10,3-level,instructional,21,468,4.487179487179487
301214,4,411,41101,Treatment,BoSY,Grade 10,3-level,instructional,98,594,16.4983164983165
301497,4,414,41401,Treatment,BoSY,Grade 10,3-level,instructional,116,357,32.49299719887955
305411,15,1515,151502,Treatment,BoSY,Grade 10,3-level,instructional,165,1030,16.019417475728154
305420,15,1513,151301,Treatment,BoSY,Grade 10,3-level,instructional,85,1270,6.692913385826771
301231,4,413,41302,Control,BoSY,Grade 10,3-level,instructional,7,189,3.7037037037037037
301188,4,402,40201,Control,BoSY,Grade 10,3-level,instructional,0,647,0
307913,4,413,41309,Control,BoSY,Grade 10,3-level,instructional,4,293,1.3651877133105803
500566,15,1507,150710,Control,BoSY,Grade 10,3-level,instructional,87,635,13.700787401574804
305453,15,1510,151001,Control,BoSY,Grade 10,3-level,instructional,28,701,3.9942938659058487
305311,15,1507,150702,Control,BoSY,Grade 10,3-level,instructional,78,325,24
301425,4,401,40101,Control,BoSY,Grade 10,3-level,instructional,135,813,16.605166051660518
301202,4,408,40812,Control,BoSY,Grade 10,3-level,instructional,74,322,22.981366459627328
305412,15,1515,151502,Control,BoSY,Grade 10,3-level,instructional,110,933,11.789924973204716
308105,4,417,41703,Control,BoSY,Grade 10,3-level,instructional,232,694,33.429394812680115
305341,15,1514,151401,Control,BoSY,Grade 10,3-level,instructional,185,1599,11.569731081926204
319604,15,1512,151201,Control,BoSY,Grade 10,3-level,instructional,13,295,4.406779661016949
305568,15,1516,151601,Control,BoSY,Grade 10,3-level,instructional,59,395,14.936708860759493
305434,15,1503,150301,Control,BoSY,Grade 10,3-level,instructional,94,789,11.913814955640051
301464,4,417,41710,Control,BoSY,Grade 10,3-level,instructional,0,542,0
305461,15,1515,151502,Control,BoSY,Grade 10,3-level,instructional,0,261,0
305384,15,1501,150101,Control,BoSY,Grade 10,3-level,instructional,27,451,5.986696230598669
301143,4,421,42101,Control,BoSY,Grade 10,3-level,instructional,15,1093,1.3723696248856359
305340,15,1514,151401,Control,BoSY,Grade 10,3-level,instructional,88,1369,6.428049671292914
305302,15,1507,150709,Treatment,BoSY,Grade 10,3-level,instructional,285,1036,27.50965250965251
308103,4,417,41712,Control,BoSY,Grade 10,3-level,instructional,83,258,32.17054263565891
308130,4,417,41711,Control,BoSY,Grade 10,3-level,instructional,0,156,0
301227,4,420,42001,Control,BoSY,Grade 10,3-level,instructional,70,1227,5.704971475142624
305334,15,1514,151401,Control,BoSY,Grade 10,3-level,instructional,18,648,2.7777777777777777
305367,15,1512,151201,Control,BoSY,Grade 10,3-level,instructional,110,936,11.752136752136753
305635,15,1514,151401,Control,BoSY,Grade 10,3-level,instructional,34,411,8.27250608272506
301218,4,408,40814,Control,BoSY,Grade 10,3-level,instructional,349,1782,19.58473625140292
308501,4,415,41501,Control,BoSY,Grade 10,3-level,instructional,115,518,22.2007722007722
500332,15,1506,150601,Control,BoSY,Grade 10,3-level,instructional,22,398,5.527638190954774
305471,15,1509,150901,Control,BoSY,Grade 10,3-level,instructional,17,482,3.5269709543568464
305376,15,1501,150101,Treatment,BoSY,Grade 10,3-level,instructional,40,789,5.069708491761724
301432,4,417,41705,Control,BoSY,Grade 10,3-level,instructional,145,489,29.652351738241308
305459,15,1515,151502,Control,BoSY,Grade 10,3-level,instructional,117,1001,11.688311688311689
305313,15,1507,150708,Control,BoSY,Grade 10,3-level,instructional,35,529,6.616257088846881
301186,4,410,41001,Control,BoSY,Grade 10,3-level,instructional,332,1607,20.659614187927815
301184,4,410,41001,Control,BoSY,Grade 10,3-level,instructional,0,921,0
305295,15,1507,150710,Control,BoSY,Grade 10,3-level,instructional,35,1261,2.775574940523394
301416,4,422,42201,Control,BoSY,Grade 10,3-level,instructional,0,129,0
305450,15,1505,150501,Treatment,BoSY,Grade 10,3-level,instructional,63,368,17.119565217391305
301403,4,416,41606,Control,BoSY,Grade 10,3-level,instructional,42,447,9.395973154362416
301451,4,417,41708,Control,BoSY,Grade 10,3-level,instructional,1,280,0.35714285714285715
305338,15,1514,151401,Control,BoSY,Grade 10,3-level,instructional,188,748,25.13368983957219
301257,4,413,41312,Control,BoSY,Grade 10,3-level,instructional,641,1922,33.350676378772114
305416,15,1513,151301,Control,BoSY,Grade 10,3-level,instructional,194,900,21.555555555555557
305337,15,1514,151401,Control,BoSY,Grade 10,3-level,instructional,1108,1990,55.678391959798994
305353,15,1514,151401,Control,BoSY,Grade 10,3-level,instructional,28,505,5.544554455445544
301197,4,408,40812,Control,BoSY,Grade 10,3-level,instructional,14,343,4.081632653061225
301236,4,413,41308,Treatment,BoSY,Grade 10,3-level,instructional,26,239,10.878661087866108
305444,15,1516,151601,Control,BoSY,Grade 10,3-level,instructional,80,352,22.727272727272727
320306,15,1503,150301,Control,BoSY,Grade 10,3-level,instructional,137,740,18.513513513513512
301489,4,414,41401,Control,BoSY,Grade 10,3-level,instructional,58,293,19.795221843003414
301507,4,418,41801,Control,BoSY,Grade 10,3-level,instructional,42,128,32.8125
301456,4,417,41710,Control,BoSY,Grade 10,3-level,instructional,109,516,21.124031007751938
301238,4,413,41303,Control,BoSY,Grade 10,3-level,instructional,22,512,4.296875
305438,15,1516,151601,Control,BoSY,Grade 10,3-level,instructional,162,897,18.06020066889632
305324,15,1514,151401,Control,BoSY,Grade 10,3-level,instructional,3,298,1.0067114093959733
305454,15,1510,151001,Control,BoSY,Grade 10,3-level,instructional,59,128,46.09375
308122,4,417,41708,Control,BoSY,Grade 10,3-level,instructional,2,182,1.098901098901099
301508,4,418,41801,Control,BoSY,Grade 10,3-level,instructional,43,216,19.90740740740741
305465,15,1515,151502,Control,BoSY,Grade 10,3-level,instructional,39,844,4.62085308056872
305428,15,1511,151101,Control,BoSY,Grade 10,3-level,instructional,45,376,11.96808510638298
301175,4,408,40807,Control,BoSY,Grade 10,3-level,instructional,55,552,9.96376811594203
301437,4,417,41704,Control,BoSY,Grade 10,3-level,instructional,153,913,16.757940854326396
320204,15,1511,151101,Control,BoSY,Grade 10,3-level,instructional,66,473,13.953488372093023
305447,15,1505,150501,Control,BoSY,Grade 10,3-level,instructional,0,566,0
301438,4,417,41704,Control,BoSY,Grade 10,3-level,instructional,23,444,5.18018018018018
308135,4,417,41708,Control,BoSY,Grade 10,3-level,instructional,45,420,10.714285714285714
301418,4,401,40101,Control,BoSY,Grade 10,3-level,instructional,287,2681,10.704960835509139
305288,15,1507,150710,Control,BoSY,Grade 10,3-level,instructional,123,745,16.51006711409396
301265,4,413,41301,Control,BoSY,Grade 10,3-level,instructional,53,396,13.383838383838384
305442,15,1516,151601,Control,BoSY,Grade 10,3-level,instructional,39,270,14.444444444444445
500339,15,1505,150501,Control,BoSY,Grade 10,3-level,instructional,32,371,8.625336927223719
305435,15,1503,150301,Control,BoSY,Grade 10,3-level,instructional,62,423,14.657210401891254
308134,4,417,41708,Control,BoSY,Grade 10,3-level,instructional,70,492,14.227642276422765
305452,15,1505,150501,Control,BoSY,Grade 10,3-level,instructional,34,640,5.3125
312330,7,703,70308,Treatment,BoSY,Grade 10,3-level,instructional,43,88,48.86363636363637
305710,7,703,70302,Treatment,BoSY,Grade 10,3-level,instructional,11,78,14.102564102564102
305655,11,1101,110101,Treatment,BoSY,Grade 10,3-level,instructional,8,25,32
305581,7,703,70303,Treatment,BoSY,Grade 10,3-level,instructional,13,41,31.70731707317073
303130,7,703,70309,Treatment,BoSY,Grade 10,3-level,instructional,27,208,12.98076923076923
312354,7,703,70309,Treatment,BoSY,Grade 10,3-level,instructional,1,24,4.166666666666667
305849,11,1105,110503,Treatment,BoSY,Grade 10,3-level,instructional,0,21,0
305500,11,1101,110101,Treatment,BoSY,Grade 10,3-level,instructional,8,29,27.586206896551722
312355,7,703,70304,Treatment,BoSY,Grade 10,3-level,instructional,19,44,43.18181818181818
501903,11,1110,111001,Treatment,BoSY,Grade 10,3-level,instructional,12,23,52.17391304347826
500665,7,705,70527,Control,BoSY,Grade 10,3-level,instructional,20,75,26.666666666666668
312462,7,705,70520,Control,BoSY,Grade 10,3-level,instructional,3,14,21.428571428571427
306038,11,1102,110202,Control,BoSY,Grade 10,3-level,instructional,6,29,20.689655172413794
500221,7,705,70527,Control,BoSY,Grade 10,3-level,instructional,7,31,22.580645161290324
500744,7,708,70801,Control,BoSY,Grade 10,3-level,instructional,1,41,2.4390243902439024
305884,11,1101,110101,Control,BoSY,Grade 10,3-level,instructional,4,99,4.040404040404041
303170,7,709,70901,Control,BoSY,Grade 10,3-level,instructional,10,51,19.607843137254903
500787,7,708,70801,Control,BoSY,Grade 10,3-level,instructional,6,49,12.244897959183673
500667,7,705,70528,Control,BoSY,Grade 10,3-level,instructional,12,50,24
501071,11,1101,110101,Control,BoSY,Grade 10,3-level,instructional,12,22,54.54545454545455
303046,7,705,70527,Control,BoSY,Grade 10,3-level,instructional,54,95,56.8421052631579
325303,7,707,70701,Control,BoSY,Grade 10,3-level,instructional,17,93,18.27956989247312
500208,7,703,70305,Control,BoSY,Grade 10,3-level,instructional,0,14,0
312401,7,705,70525,Control,BoSY,Grade 10,3-level,instructional,0,68,0
303136,7,706,70601,Control,BoSY,Grade 10,3-level,instructional,14,66,21.21212121212121
312435,7,707,70701,Control,BoSY,Grade 10,3-level,instructional,2,34,5.882352941176471
502186,11,1101,110101,Control,BoSY,Grade 10,3-level,instructional,3,14,21.428571428571427
500782,7,708,70801,Control,BoSY,Grade 10,3-level,instructional,43,221,19.457013574660632
306086,11,1106,110606,Control,BoSY,Grade 10,3-level,instructional,0,19,0
305755,7,705,70529,Control,BoSY,Grade 10,3-level,instructional,18,92,19.565217391304348
305665,11,1101,110101,Control,BoSY,Grade 10,3-level,instructional,1,15,6.666666666666667
501635,7,703,70301,Control,BoSY,Grade 10,3-level,instructional,1,58,1.7241379310344827
305843,11,1110,111001,Control,BoSY,Grade 10,3-level,instructional,7,36,19.444444444444443
500894,7,705,70517,Control,BoSY,Grade 10,3-level,instructional,10,86,11.627906976744185
500671,7,705,70506,Control,BoSY,Grade 10,3-level,instructional,6,35,17.142857142857142
305847,11,1105,110503,Control,BoSY,Grade 10,3-level,instructional,4,27,14.814814814814815
500784,7,708,70801,Control,BoSY,Grade 10,3-level,instructional,1,10,10
501267,7,705,70525,Control,BoSY,Grade 10,3-level,instructional,2,26,7.6923076923076925
306000,7,705,70525,Control,BoSY,Grade 10,3-level,instructional,4,28,14.285714285714286
305517,11,1106,110608,Control,BoSY,Grade 10,3-level,instructional,1,35,2.857142857142857
305713,7,710,71001,Control,BoSY,Grade 10,3-level,instructional,0,27,0
500768,7,705,70521,Control,BoSY,Grade 10,3-level,instructional,5,84,5.9523809523809526
316303,11,1107,110701,Control,BoSY,Grade 10,3-level,instructional,5,51,9.803921568627452
316304,11,1107,110701,Control,BoSY,Grade 10,3-level,instructional,11,67,16.417910447761194
305506,11,1101,110101,Control,BoSY,Grade 10,3-level,instructional,3,11,27.272727272727273
500421,7,705,70507,Control,BoSY,Grade 10,3-level,instructional,17,124,13.709677419354838
305681,11,1110,111001,Control,BoSY,Grade 10,3-level,instructional,15,161,9.316770186335404
303186,7,711,71101,Control,BoSY,Grade 10,3-level,instructional,9,90,10
501429,7,714,71402,Control,BoSY,Grade 10,3-level,instructional,9,66,13.636363636363637
305844,11,1103,110303,Control,BoSY,Grade 10,3-level,instructional,4,45,8.88888888888889
305965,11,1110,111001,Control,BoSY,Grade 10,3-level,instructional,11,61,18.0327868852459
501076,11,1103,110305,Control,BoSY,Grade 10,3-level,instructional,0,13,0
305889,11,1101,110101,Control,BoSY,Grade 10,3-level,instructional,0,51,0
501074,11,1103,110306,Control,BoSY,Grade 10,3-level,instructional,7,41,17.073170731707318
312408,7,705,70530,Control,BoSY,Grade 10,3-level,instructional,5,58,8.620689655172415
501351,7,705,70522,Control,BoSY,Grade 10,3-level,instructional,19,63,30.158730158730158
501404,11,1101,110101,Control,BoSY,Grade 10,3-level,instructional,0,15,0
305660,11,1101,110101,Control,BoSY,Grade 10,3-level,instructional,15,33,45.45454545454545
303219,7,701,70101,Control,BoSY,Grade 10,3-level,instructional,14,113,12.389380530973451
312450,7,705,70522,Control,BoSY,Grade 10,3-level,instructional,15,95,15.789473684210526
324903,7,704,70401,Control,BoSY,Grade 10,3-level,instructional,0,28,0
501065,11,1101,110101,Control,BoSY,Grade 10,3-level,instructional,1,110,0.9090909090909091
312451,7,705,70532,Control,BoSY,Grade 10,3-level,instructional,1,57,1.7543859649122806
501763,11,1103,110305,Control,BoSY,Grade 10,3-level,instructional,8,19,42.10526315789474
316405,11,1110,111001,Control,BoSY,Grade 10,3-level,instructional,12,109,11.009174311926605
316404,11,1110,111001,Control,BoSY,Grade 10,3-level,instructional,8,35,22.857142857142858
316301,11,1107,110701,Control,BoSY,Grade 10,3-level,instructional,0,121,0
312910,7,710,71001,Control,BoSY,Grade 10,3-level,instructional,8,76,10.526315789473685
303011,7,705,70512,Control,BoSY,Grade 10,3-level,instructional,2,35,5.714285714285714
305651,11,1101,110101,Control,BoSY,Grade 10,3-level,instructional,0,28,0
305662,11,1101,110101,Control,BoSY,Grade 10,3-level,instructional,4,25,16
305850,11,1105,110503,Control,BoSY,Grade 10,3-level,instructional,3,15,20
312481,7,705,70518,Control,BoSY,Grade 10,3-level,instructional,22,174,12.64367816091954
304409,11,1110,111001,Control,BoSY,Grade 10,3-level,instructional,48,93,51.61290322580645
303246,7,713,71303,Control,BoSY,Grade 10,3-level,instructional,17,84,20.238095238095237
501405,11,1101,110101,Control,BoSY,Grade 10,3-level,instructional,4,47,8.51063829787234
305677,11,1105,110503,Control,BoSY,Grade 10,3-level,instructional,4,32,12.5
500447,7,708,70801,Control,BoSY,Grade 10,3-level,instructional,3,45,6.666666666666667
501305,7,708,70801,Control,BoSY,Grade 10,3-level,instructional,0,32,0
305917,7,708,70801,Control,BoSY,Grade 10,3-level,instructional,4,26,15.384615384615385
305722,7,703,70304,Control,BoSY,Grade 10,3-level,instructional,0,45,0
312953,7,713,71306,Control,BoSY,Grade 10,3-level,instructional,0,38,0
305498,11,1101,110101,Control,BoSY,Grade 10,3-level,instructional,16,52,30.76923076923077
305669,11,1101,110101,Control,BoSY,Grade 10,3-level,instructional,2,38,5.2631578947368425
312960,7,710,71002,Control,BoSY,Grade 10,3-level,instructional,10,42,23.80952380952381
309906,5,508,50811,Treatment,BoSY,Grade 10,3-level,independent,0,119,0
309934,5,508,50806,Treatment,BoSY,Grade 10,3-level,independent,7,28,25
301871,5,501,50107,Treatment,BoSY,Grade 10,3-level,independent,5,81,6.172839506172839
302134,5,508,50804,Treatment,BoSY,Grade 10,3-level,independent,0,120,0
302117,5,508,50803,Treatment,BoSY,Grade 10,3-level,independent,10,72,13.88888888888889
309909,5,508,50801,Treatment,BoSY,Grade 10,3-level,independent,43,92,46.73913043478261
309915,5,508,50801,Treatment,BoSY,Grade 10,3-level,independent,2,32,6.25
501544,5,508,50815,Treatment,BoSY,Grade 10,3-level,independent,9,82,10.975609756097562
301887,5,502,50205,Treatment,BoSY,Grade 10,3-level,independent,1,64,1.5625
302175,5,508,50820,Treatment,BoSY,Grade 10,3-level,independent,17,98,17.346938775510203
302146,5,508,50812,Treatment,BoSY,Grade 10,3-level,independent,0,105,0
309921,5,508,50805,Treatment,BoSY,Grade 10,3-level,independent,43,54,79.62962962962963
302254,5,505,50501,Control,BoSY,Grade 10,3-level,independent,11,99,11.11111111111111
309513,5,501,50112,Control,BoSY,Grade 10,3-level,independent,26,104,25
500163,5,508,50801,Control,BoSY,Grade 10,3-level,independent,6,68,8.823529411764707
302058,5,503,50333,Control,BoSY,Grade 10,3-level,independent,2,86,2.3255813953488373
302192,5,511,51103,Control,BoSY,Grade 10,3-level,independent,40,263,15.209125475285171
302227,5,511,51105,Control,BoSY,Grade 10,3-level,independent,0,57,0
302252,5,505,50501,Control,BoSY,Grade 10,3-level,independent,13,68,19.11764705882353
309914,5,508,50806,Control,BoSY,Grade 10,3-level,independent,105,200,52.5
309711,5,503,50317,Control,BoSY,Grade 10,3-level,independent,0,50,0
301817,5,507,50701,Control,BoSY,Grade 10,3-level,independent,3,109,2.7522935779816513
302165,5,508,50816,Control,BoSY,Grade 10,3-level,independent,1,52,1.9230769230769231
301974,5,503,50311,Treatment,BoSY,Grade 10,3-level,independent,48,56,85.71428571428571
302256,5,505,50501,Control,BoSY,Grade 10,3-level,independent,10,115,8.695652173913043
301834,5,501,50106,Control,BoSY,Grade 10,3-level,independent,6,156,3.8461538461538463
309760,5,503,50306,Control,BoSY,Grade 10,3-level,independent,0,47,0
309936,5,508,50819,Control,BoSY,Grade 10,3-level,independent,0,45,0
302203,5,511,51102,Control,BoSY,Grade 10,3-level,independent,1,38,2.6315789473684212
302011,5,503,50314,Control,BoSY,Grade 10,3-level,independent,12,166,7.228915662650603
500168,5,505,50501,Control,BoSY,Grade 10,3-level,independent,7,70,10
301947,5,503,50306,Control,BoSY,Grade 10,3-level,independent,7,317,2.2082018927444795
309941,5,508,50812,Control,BoSY,Grade 10,3-level,independent,0,176,0
301839,5,501,50111,Control,BoSY,Grade 10,3-level,independent,1,71,1.408450704225352
501843,5,508,50818,Treatment,BoSY,Grade 10,3-level,independent,0,16,0
302111,5,508,50801,Control,BoSY,Grade 10,3-level,independent,111,470,23.617021276595743
302133,5,509,50901,Control,BoSY,Grade 10,3-level,independent,9,121,7.43801652892562
301990,5,503,50317,Control,BoSY,Grade 10,3-level,independent,5,48,10.416666666666666
309937,5,508,50819,Control,BoSY,Grade 10,3-level,independent,16,74,21.62162162162162
302241,5,511,51105,Control,BoSY,Grade 10,3-level,independent,0,114,0
500167,5,505,50501,Control,BoSY,Grade 10,3-level,independent,13,56,23.214285714285715
309764,5,503,50320,Control,BoSY,Grade 10,3-level,independent,1,38,2.6315789473684212
302205,5,511,51106,Control,BoSY,Grade 10,3-level,independent,40,88,45.45454545454545
302014,5,503,50302,Control,BoSY,Grade 10,3-level,independent,5,103,4.854368932038835
309740,5,503,50315,Control,BoSY,Grade 10,3-level,independent,11,48,22.916666666666668
309741,5,503,50315,Control,BoSY,Grade 10,3-level,independent,17,113,15.044247787610619
302161,5,508,50803,Treatment,BoSY,Grade 10,3-level,independent,10,82,12.195121951219512
302113,5,508,50818,Treatment,BoSY,Grade 10,3-level,independent,10,80,12.5
302127,5,508,50817,Control,BoSY,Grade 10,3-level,independent,0,35,0
301899,5,502,50205,Control,BoSY,Grade 10,3-level,independent,19,136,13.970588235294118
309509,5,501,50113,Control,BoSY,Grade 10,3-level,independent,8,57,14.035087719298245
309903,5,508,50816,Control,BoSY,Grade 10,3-level,independent,0,55,0
301995,5,503,50310,Control,BoSY,Grade 10,3-level,independent,0,55,0
309702,5,503,50325,Control,BoSY,Grade 10,3-level,independent,4,211,1.8957345971563981
501020,5,503,50310,Control,BoSY,Grade 10,3-level,independent,18,25,72
309743,5,503,50332,Control,BoSY,Grade 10,3-level,independent,1,97,1.0309278350515463
301816,5,501,50101,Control,BoSY,Grade 10,3-level,independent,71,144,49.30555555555556
302054,5,503,50315,Control,BoSY,Grade 10,3-level,independent,6,102,5.882352941176471
301862,5,507,50701,Control,BoSY,Grade 10,3-level,independent,46,202,22.77227722772277
502477,5,501,50108,Control,BoSY,Grade 10,3-level,independent,0,0,NA
302283,5,513,51301,Control,BoSY,Grade 10,3-level,independent,43,299,14.381270903010034
301900,5,502,50206,Control,BoSY,Grade 10,3-level,independent,0,40,0
302123,5,508,50808,Control,BoSY,Grade 10,3-level,independent,30,54,55.55555555555556
309512,5,501,50110,Control,BoSY,Grade 10,3-level,independent,0,76,0
302284,5,513,51301,Control,BoSY,Grade 10,3-level,independent,7,172,4.069767441860465
500034,5,508,50819,Control,BoSY,Grade 10,3-level,independent,8,23,34.78260869565217
302043,5,503,50305,Control,BoSY,Grade 10,3-level,independent,37,190,19.473684210526315
302182,5,511,51107,Control,BoSY,Grade 10,3-level,independent,1,99,1.0101010101010102
301986,5,503,50334,Control,BoSY,Grade 10,3-level,independent,0,154,0
302109,5,508,50817,Control,BoSY,Grade 10,3-level,independent,0,205,0
302061,5,503,50311,Control,BoSY,Grade 10,3-level,independent,15,52,28.846153846153847
309931,5,508,50802,Control,BoSY,Grade 10,3-level,independent,22,55,40
301984,5,503,50331,Control,BoSY,Grade 10,3-level,independent,1,190,0.5263157894736842
302156,5,508,50803,Control,BoSY,Grade 10,3-level,independent,5,99,5.05050505050505
309705,5,503,50330,Control,BoSY,Grade 10,3-level,independent,0,82,0
500165,5,508,50804,Control,BoSY,Grade 10,3-level,independent,5,39,12.820512820512821
301930,5,503,50328,Control,BoSY,Grade 10,3-level,independent,0,78,0
302177,5,508,50806,Control,BoSY,Grade 10,3-level,independent,0,85,0
302282,5,513,51301,Control,BoSY,Grade 10,3-level,independent,6,275,2.1818181818181817
502615,5,508,50802,Control,BoSY,Grade 10,3-level,independent,0,0,NA
302263,5,506,50601,Control,BoSY,Grade 10,3-level,independent,0,90,0
301826,5,501,50103,Control,BoSY,Grade 10,3-level,independent,15,39,38.46153846153846
305750,5,513,51301,Control,BoSY,Grade 10,3-level,independent,0,51,0
301870,5,501,50110,Control,BoSY,Grade 10,3-level,independent,5,116,4.310344827586207
302039,5,503,50316,Control,BoSY,Grade 10,3-level,independent,62,241,25.726141078838175
301868,5,501,50112,Control,BoSY,Grade 10,3-level,independent,1,236,0.423728813559322
301963,5,503,50316,Control,BoSY,Grade 10,3-level,independent,23,148,15.54054054054054
340567,15,1505,150501,Treatment,BoSY,Grade 10,3-level,independent,34,229,14.847161572052402
320606,15,1515,151502,Treatment,BoSY,Grade 10,3-level,independent,16,361,4.43213296398892
320202,15,1511,151101,Treatment,BoSY,Grade 10,3-level,independent,48,132,36.36363636363637
305310,15,1507,150703,Treatment,BoSY,Grade 10,3-level,independent,15,291,5.154639175257732
305418,15,1513,151301,Treatment,BoSY,Grade 10,3-level,independent,3,861,0.34843205574912894
500565,15,1515,151502,Treatment,BoSY,Grade 10,3-level,independent,70,901,7.769145394006659
301258,4,413,41308,Treatment,BoSY,Grade 10,3-level,independent,16,468,3.4188034188034186
301214,4,411,41101,Treatment,BoSY,Grade 10,3-level,independent,14,594,2.356902356902357
301497,4,414,41401,Treatment,BoSY,Grade 10,3-level,independent,67,357,18.76750700280112
305411,15,1515,151502,Treatment,BoSY,Grade 10,3-level,independent,45,1030,4.368932038834951
305420,15,1513,151301,Treatment,BoSY,Grade 10,3-level,independent,27,1270,2.125984251968504
301231,4,413,41302,Control,BoSY,Grade 10,3-level,independent,0,189,0
301188,4,402,40201,Control,BoSY,Grade 10,3-level,independent,3,647,0.46367851622874806
307913,4,413,41309,Control,BoSY,Grade 10,3-level,independent,0,293,0
500566,15,1507,150710,Control,BoSY,Grade 10,3-level,independent,63,635,9.921259842519685
305453,15,1510,151001,Control,BoSY,Grade 10,3-level,independent,0,701,0
305311,15,1507,150702,Control,BoSY,Grade 10,3-level,independent,3,325,0.9230769230769231
301425,4,401,40101,Control,BoSY,Grade 10,3-level,independent,28,813,3.4440344403444034
301202,4,408,40812,Control,BoSY,Grade 10,3-level,independent,73,322,22.67080745341615
305412,15,1515,151502,Control,BoSY,Grade 10,3-level,independent,75,933,8.038585209003216
308105,4,417,41703,Control,BoSY,Grade 10,3-level,independent,22,694,3.170028818443804
305341,15,1514,151401,Control,BoSY,Grade 10,3-level,independent,82,1599,5.128205128205129
319604,15,1512,151201,Control,BoSY,Grade 10,3-level,independent,0,295,0
305568,15,1516,151601,Control,BoSY,Grade 10,3-level,independent,9,395,2.278481012658228
305434,15,1503,150301,Control,BoSY,Grade 10,3-level,independent,132,789,16.730038022813687
301464,4,417,41710,Control,BoSY,Grade 10,3-level,independent,0,542,0
305461,15,1515,151502,Control,BoSY,Grade 10,3-level,independent,0,261,0
305384,15,1501,150101,Control,BoSY,Grade 10,3-level,independent,110,451,24.390243902439025
301143,4,421,42101,Control,BoSY,Grade 10,3-level,independent,18,1093,1.646843549862763
305340,15,1514,151401,Control,BoSY,Grade 10,3-level,independent,294,1369,21.47552958363769
305302,15,1507,150709,Treatment,BoSY,Grade 10,3-level,independent,12,1036,1.1583011583011582
308103,4,417,41712,Control,BoSY,Grade 10,3-level,independent,31,258,12.015503875968992
308130,4,417,41711,Control,BoSY,Grade 10,3-level,independent,0,156,0
301227,4,420,42001,Control,BoSY,Grade 10,3-level,independent,115,1227,9.372453137734311
305334,15,1514,151401,Control,BoSY,Grade 10,3-level,independent,16,648,2.4691358024691357
305367,15,1512,151201,Control,BoSY,Grade 10,3-level,independent,16,936,1.7094017094017093
305635,15,1514,151401,Control,BoSY,Grade 10,3-level,independent,10,411,2.4330900243309004
301218,4,408,40814,Control,BoSY,Grade 10,3-level,independent,31,1782,1.739618406285073
308501,4,415,41501,Control,BoSY,Grade 10,3-level,independent,69,518,13.32046332046332
500332,15,1506,150601,Control,BoSY,Grade 10,3-level,independent,6,398,1.5075376884422111
305471,15,1509,150901,Control,BoSY,Grade 10,3-level,independent,41,482,8.506224066390041
305376,15,1501,150101,Treatment,BoSY,Grade 10,3-level,independent,116,789,14.702154626109
301432,4,417,41705,Control,BoSY,Grade 10,3-level,independent,85,489,17.38241308793456
305459,15,1515,151502,Control,BoSY,Grade 10,3-level,independent,23,1001,2.2977022977022976
305313,15,1507,150708,Control,BoSY,Grade 10,3-level,independent,25,529,4.725897920604915
301186,4,410,41001,Control,BoSY,Grade 10,3-level,independent,180,1607,11.20099564405725
301184,4,410,41001,Control,BoSY,Grade 10,3-level,independent,0,921,0
305295,15,1507,150710,Control,BoSY,Grade 10,3-level,independent,122,1261,9.674861221252973
301416,4,422,42201,Control,BoSY,Grade 10,3-level,independent,0,129,0
305450,15,1505,150501,Treatment,BoSY,Grade 10,3-level,independent,39,368,10.597826086956522
301403,4,416,41606,Control,BoSY,Grade 10,3-level,independent,2,447,0.44742729306487694
301451,4,417,41708,Control,BoSY,Grade 10,3-level,independent,0,280,0
305338,15,1514,151401,Control,BoSY,Grade 10,3-level,independent,71,748,9.491978609625669
301257,4,413,41312,Control,BoSY,Grade 10,3-level,independent,71,1922,3.6940686784599377
305416,15,1513,151301,Control,BoSY,Grade 10,3-level,independent,84,900,9.333333333333334
305337,15,1514,151401,Control,BoSY,Grade 10,3-level,independent,77,1990,3.869346733668342
305353,15,1514,151401,Control,BoSY,Grade 10,3-level,independent,6,505,1.188118811881188
301197,4,408,40812,Control,BoSY,Grade 10,3-level,independent,15,343,4.373177842565598
301236,4,413,41308,Treatment,BoSY,Grade 10,3-level,independent,7,239,2.928870292887029
305444,15,1516,151601,Control,BoSY,Grade 10,3-level,independent,8,352,2.272727272727273
320306,15,1503,150301,Control,BoSY,Grade 10,3-level,independent,163,740,22.027027027027028
301489,4,414,41401,Control,BoSY,Grade 10,3-level,independent,66,293,22.525597269624573
301507,4,418,41801,Control,BoSY,Grade 10,3-level,independent,3,128,2.34375
301456,4,417,41710,Control,BoSY,Grade 10,3-level,independent,203,516,39.34108527131783
301238,4,413,41303,Control,BoSY,Grade 10,3-level,independent,0,512,0
305438,15,1516,151601,Control,BoSY,Grade 10,3-level,independent,9,897,1.0033444816053512
305324,15,1514,151401,Control,BoSY,Grade 10,3-level,independent,1,298,0.33557046979865773
305454,15,1510,151001,Control,BoSY,Grade 10,3-level,independent,5,128,3.90625
308122,4,417,41708,Control,BoSY,Grade 10,3-level,independent,2,182,1.098901098901099
301508,4,418,41801,Control,BoSY,Grade 10,3-level,independent,19,216,8.796296296296296
305465,15,1515,151502,Control,BoSY,Grade 10,3-level,independent,21,844,2.4881516587677726
305428,15,1511,151101,Control,BoSY,Grade 10,3-level,independent,31,376,8.24468085106383
301175,4,408,40807,Control,BoSY,Grade 10,3-level,independent,21,552,3.8043478260869565
301437,4,417,41704,Control,BoSY,Grade 10,3-level,independent,136,913,14.895947426067908
320204,15,1511,151101,Control,BoSY,Grade 10,3-level,independent,177,473,37.420718816067655
305447,15,1505,150501,Control,BoSY,Grade 10,3-level,independent,0,566,0
301438,4,417,41704,Control,BoSY,Grade 10,3-level,independent,1,444,0.22522522522522523
308135,4,417,41708,Control,BoSY,Grade 10,3-level,independent,47,420,11.19047619047619
301418,4,401,40101,Control,BoSY,Grade 10,3-level,independent,904,2681,33.71876165609847
305288,15,1507,150710,Control,BoSY,Grade 10,3-level,independent,62,745,8.322147651006711
301265,4,413,41301,Control,BoSY,Grade 10,3-level,independent,25,396,6.313131313131313
305442,15,1516,151601,Control,BoSY,Grade 10,3-level,independent,81,270,30
500339,15,1505,150501,Control,BoSY,Grade 10,3-level,independent,2,371,0.5390835579514824
305435,15,1503,150301,Control,BoSY,Grade 10,3-level,independent,7,423,1.6548463356973995
308134,4,417,41708,Control,BoSY,Grade 10,3-level,independent,37,492,7.520325203252033
305452,15,1505,150501,Control,BoSY,Grade 10,3-level,independent,132,640,20.625
312330,7,703,70308,Treatment,BoSY,Grade 10,3-level,independent,5,88,5.681818181818182
305710,7,703,70302,Treatment,BoSY,Grade 10,3-level,independent,9,78,11.538461538461538
305655,11,1101,110101,Treatment,BoSY,Grade 10,3-level,independent,0,25,0
305581,7,703,70303,Treatment,BoSY,Grade 10,3-level,independent,3,41,7.317073170731708
303130,7,703,70309,Treatment,BoSY,Grade 10,3-level,independent,5,208,2.4038461538461537
312354,7,703,70309,Treatment,BoSY,Grade 10,3-level,independent,1,24,4.166666666666667
305849,11,1105,110503,Treatment,BoSY,Grade 10,3-level,independent,1,21,4.761904761904762
305500,11,1101,110101,Treatment,BoSY,Grade 10,3-level,independent,0,29,0
312355,7,703,70304,Treatment,BoSY,Grade 10,3-level,independent,0,44,0
501903,11,1110,111001,Treatment,BoSY,Grade 10,3-level,independent,1,23,4.3478260869565215
500665,7,705,70527,Control,BoSY,Grade 10,3-level,independent,18,75,24
312462,7,705,70520,Control,BoSY,Grade 10,3-level,independent,1,14,7.142857142857143
306038,11,1102,110202,Control,BoSY,Grade 10,3-level,independent,10,29,34.48275862068966
500221,7,705,70527,Control,BoSY,Grade 10,3-level,independent,6,31,19.35483870967742
500744,7,708,70801,Control,BoSY,Grade 10,3-level,independent,4,41,9.75609756097561
305884,11,1101,110101,Control,BoSY,Grade 10,3-level,independent,24,99,24.242424242424242
303170,7,709,70901,Control,BoSY,Grade 10,3-level,independent,5,51,9.803921568627452
500787,7,708,70801,Control,BoSY,Grade 10,3-level,independent,12,49,24.489795918367346
500667,7,705,70528,Control,BoSY,Grade 10,3-level,independent,10,50,20
501071,11,1101,110101,Control,BoSY,Grade 10,3-level,independent,0,22,0
303046,7,705,70527,Control,BoSY,Grade 10,3-level,independent,20,95,21.05263157894737
325303,7,707,70701,Control,BoSY,Grade 10,3-level,independent,3,93,3.225806451612903
500208,7,703,70305,Control,BoSY,Grade 10,3-level,independent,3,14,21.428571428571427
312401,7,705,70525,Control,BoSY,Grade 10,3-level,independent,0,68,0
303136,7,706,70601,Control,BoSY,Grade 10,3-level,independent,7,66,10.606060606060606
312435,7,707,70701,Control,BoSY,Grade 10,3-level,independent,0,34,0
502186,11,1101,110101,Control,BoSY,Grade 10,3-level,independent,3,14,21.428571428571427
500782,7,708,70801,Control,BoSY,Grade 10,3-level,independent,56,221,25.339366515837103
306086,11,1106,110606,Control,BoSY,Grade 10,3-level,independent,0,19,0
305755,7,705,70529,Control,BoSY,Grade 10,3-level,independent,4,92,4.3478260869565215
305665,11,1101,110101,Control,BoSY,Grade 10,3-level,independent,0,15,0
501635,7,703,70301,Control,BoSY,Grade 10,3-level,independent,0,58,0
305843,11,1110,111001,Control,BoSY,Grade 10,3-level,independent,5,36,13.88888888888889
500894,7,705,70517,Control,BoSY,Grade 10,3-level,independent,0,86,0
500671,7,705,70506,Control,BoSY,Grade 10,3-level,independent,5,35,14.285714285714286
305847,11,1105,110503,Control,BoSY,Grade 10,3-level,independent,6,27,22.22222222222222
500784,7,708,70801,Control,BoSY,Grade 10,3-level,independent,0,10,0
501267,7,705,70525,Control,BoSY,Grade 10,3-level,independent,8,26,30.76923076923077
306000,7,705,70525,Control,BoSY,Grade 10,3-level,independent,3,28,10.714285714285714
305517,11,1106,110608,Control,BoSY,Grade 10,3-level,independent,0,35,0
305713,7,710,71001,Control,BoSY,Grade 10,3-level,independent,0,27,0
500768,7,705,70521,Control,BoSY,Grade 10,3-level,independent,1,84,1.1904761904761905
316303,11,1107,110701,Control,BoSY,Grade 10,3-level,independent,8,51,15.686274509803921
316304,11,1107,110701,Control,BoSY,Grade 10,3-level,independent,0,67,0
305506,11,1101,110101,Control,BoSY,Grade 10,3-level,independent,1,11,9.090909090909092
500421,7,705,70507,Control,BoSY,Grade 10,3-level,independent,34,124,27.419354838709676
305681,11,1110,111001,Control,BoSY,Grade 10,3-level,independent,56,161,34.78260869565217
303186,7,711,71101,Control,BoSY,Grade 10,3-level,independent,28,90,31.11111111111111
501429,7,714,71402,Control,BoSY,Grade 10,3-level,independent,3,66,4.545454545454546
305844,11,1103,110303,Control,BoSY,Grade 10,3-level,independent,2,45,4.444444444444445
305965,11,1110,111001,Control,BoSY,Grade 10,3-level,independent,18,61,29.508196721311474
501076,11,1103,110305,Control,BoSY,Grade 10,3-level,independent,1,13,7.6923076923076925
305889,11,1101,110101,Control,BoSY,Grade 10,3-level,independent,41,51,80.3921568627451
501074,11,1103,110306,Control,BoSY,Grade 10,3-level,independent,1,41,2.4390243902439024
312408,7,705,70530,Control,BoSY,Grade 10,3-level,independent,8,58,13.793103448275861
501351,7,705,70522,Control,BoSY,Grade 10,3-level,independent,15,63,23.80952380952381
501404,11,1101,110101,Control,BoSY,Grade 10,3-level,independent,3,15,20
305660,11,1101,110101,Control,BoSY,Grade 10,3-level,independent,6,33,18.181818181818183
303219,7,701,70101,Control,BoSY,Grade 10,3-level,independent,21,113,18.58407079646018
312450,7,705,70522,Control,BoSY,Grade 10,3-level,independent,18,95,18.94736842105263
324903,7,704,70401,Control,BoSY,Grade 10,3-level,independent,0,28,0
501065,11,1101,110101,Control,BoSY,Grade 10,3-level,independent,14,110,12.727272727272727
312451,7,705,70532,Control,BoSY,Grade 10,3-level,independent,0,57,0
501763,11,1103,110305,Control,BoSY,Grade 10,3-level,independent,7,19,36.8421052631579
316405,11,1110,111001,Control,BoSY,Grade 10,3-level,independent,28,109,25.68807339449541
316404,11,1110,111001,Control,BoSY,Grade 10,3-level,independent,8,35,22.857142857142858
316301,11,1107,110701,Control,BoSY,Grade 10,3-level,independent,21,121,17.355371900826448
312910,7,710,71001,Control,BoSY,Grade 10,3-level,independent,9,76,11.842105263157896
303011,7,705,70512,Control,BoSY,Grade 10,3-level,independent,4,35,11.428571428571429
305651,11,1101,110101,Control,BoSY,Grade 10,3-level,independent,0,28,0
305662,11,1101,110101,Control,BoSY,Grade 10,3-level,independent,8,25,32
305850,11,1105,110503,Control,BoSY,Grade 10,3-level,independent,2,15,13.333333333333334
312481,7,705,70518,Control,BoSY,Grade 10,3-level,independent,36,174,20.689655172413794
304409,11,1110,111001,Control,BoSY,Grade 10,3-level,independent,6,93,6.451612903225806
303246,7,713,71303,Control,BoSY,Grade 10,3-level,independent,13,84,15.476190476190476
501405,11,1101,110101,Control,BoSY,Grade 10,3-level,independent,3,47,6.382978723404255
305677,11,1105,110503,Control,BoSY,Grade 10,3-level,independent,4,32,12.5
500447,7,708,70801,Control,BoSY,Grade 10,3-level,independent,0,45,0
501305,7,708,70801,Control,BoSY,Grade 10,3-level,independent,0,32,0
305917,7,708,70801,Control,BoSY,Grade 10,3-level,independent,5,26,19.23076923076923
305722,7,703,70304,Control,BoSY,Grade 10,3-level,independent,10,45,22.22222222222222
312953,7,713,71306,Control,BoSY,Grade 10,3-level,independent,0,38,0
305498,11,1101,110101,Control,BoSY,Grade 10,3-level,independent,11,52,21.153846153846153
305669,11,1101,110101,Control,BoSY,Grade 10,3-level,independent,0,38,0
312960,7,710,71002,Control,BoSY,Grade 10,3-level,independent,2,42,4.761904761904762
309906,5,508,50811,Treatment,EoSY,Grade 7,eosy,frustration,96,123,78.04878048780488
309934,5,508,50806,Treatment,EoSY,Grade 7,eosy,frustration,5,44,11.363636363636363
301871,5,501,50107,Treatment,EoSY,Grade 7,eosy,frustration,71,72,98.61111111111111
302134,5,508,50804,Treatment,EoSY,Grade 7,eosy,frustration,5,43,11.627906976744185
302117,5,508,50803,Treatment,EoSY,Grade 7,eosy,frustration,15,82,18.29268292682927
309909,5,508,50801,Treatment,EoSY,Grade 7,eosy,frustration,64,125,51.2
309915,5,508,50801,Treatment,EoSY,Grade 7,eosy,frustration,15,43,34.883720930232556
501544,5,508,50815,Treatment,EoSY,Grade 7,eosy,frustration,44,67,65.67164179104478
301887,5,502,50205,Treatment,EoSY,Grade 7,eosy,frustration,22,95,23.157894736842106
302175,5,508,50820,Treatment,EoSY,Grade 7,eosy,frustration,29,128,22.65625
302146,5,508,50812,Treatment,EoSY,Grade 7,eosy,frustration,84,143,58.74125874125874
309921,5,508,50805,Treatment,EoSY,Grade 7,eosy,frustration,2,95,2.1052631578947367
302254,5,505,50501,Control,EoSY,Grade 7,eosy,frustration,31,93,33.333333333333336
309513,5,501,50112,Control,EoSY,Grade 7,eosy,frustration,54,123,43.90243902439025
500163,5,508,50801,Control,EoSY,Grade 7,eosy,frustration,6,74,8.108108108108109
302058,5,503,50333,Control,EoSY,Grade 7,eosy,frustration,49,88,55.68181818181818
302192,5,511,51103,Control,EoSY,Grade 7,eosy,frustration,213,285,74.73684210526316
302227,5,511,51105,Control,EoSY,Grade 7,eosy,frustration,76,92,82.6086956521739
302252,5,505,50501,Control,EoSY,Grade 7,eosy,frustration,0,98,0
309914,5,508,50806,Control,EoSY,Grade 7,eosy,frustration,11,226,4.867256637168142
309711,5,503,50317,Control,EoSY,Grade 7,eosy,frustration,26,63,41.26984126984127
301817,5,507,50701,Control,EoSY,Grade 7,eosy,frustration,8,100,8
302165,5,508,50816,Control,EoSY,Grade 7,eosy,frustration,80,93,86.02150537634408
301974,5,503,50311,Treatment,EoSY,Grade 7,eosy,frustration,70,85,82.3529411764706
302256,5,505,50501,Control,EoSY,Grade 7,eosy,frustration,9,118,7.627118644067797
301834,5,501,50106,Control,EoSY,Grade 7,eosy,frustration,4,162,2.4691358024691357
309760,5,503,50306,Control,EoSY,Grade 7,eosy,frustration,3,34,8.823529411764707
309936,5,508,50819,Control,EoSY,Grade 7,eosy,frustration,4,48,8.333333333333334
302203,5,511,51102,Control,EoSY,Grade 7,eosy,frustration,11,79,13.924050632911392
302011,5,503,50314,Control,EoSY,Grade 7,eosy,frustration,127,235,54.04255319148936
500168,5,505,50501,Control,EoSY,Grade 7,eosy,frustration,0,18,0
301947,5,503,50306,Control,EoSY,Grade 7,eosy,frustration,170,360,47.22222222222222
309941,5,508,50812,Control,EoSY,Grade 7,eosy,frustration,131,199,65.82914572864321
301839,5,501,50111,Control,EoSY,Grade 7,eosy,frustration,0,86,0
501843,5,508,50818,Treatment,EoSY,Grade 7,eosy,frustration,8,40,20
302111,5,508,50801,Control,EoSY,Grade 7,eosy,frustration,238,485,49.07216494845361
302133,5,509,50901,Control,EoSY,Grade 7,eosy,frustration,66,179,36.87150837988827
301990,5,503,50317,Control,EoSY,Grade 7,eosy,frustration,28,65,43.07692307692308
309937,5,508,50819,Control,EoSY,Grade 7,eosy,frustration,2,79,2.5316455696202533
302241,5,511,51105,Control,EoSY,Grade 7,eosy,frustration,30,60,50
500167,5,505,50501,Control,EoSY,Grade 7,eosy,frustration,14,68,20.58823529411765
309764,5,503,50320,Control,EoSY,Grade 7,eosy,frustration,35,35,100
302205,5,511,51106,Control,EoSY,Grade 7,eosy,frustration,2,135,1.4814814814814814
302014,5,503,50302,Control,EoSY,Grade 7,eosy,frustration,127,161,78.88198757763975
309740,5,503,50315,Control,EoSY,Grade 7,eosy,frustration,12,43,27.906976744186046
309741,5,503,50315,Control,EoSY,Grade 7,eosy,frustration,53,105,50.476190476190474
302161,5,508,50803,Treatment,EoSY,Grade 7,eosy,frustration,28,98,28.571428571428573
302113,5,508,50818,Treatment,EoSY,Grade 7,eosy,frustration,6,97,6.185567010309279
302127,5,508,50817,Control,EoSY,Grade 7,eosy,frustration,19,48,39.583333333333336
301899,5,502,50205,Control,EoSY,Grade 7,eosy,frustration,10,131,7.633587786259542
309509,5,501,50113,Control,EoSY,Grade 7,eosy,frustration,12,89,13.48314606741573
309903,5,508,50816,Control,EoSY,Grade 7,eosy,frustration,49,94,52.12765957446808
301995,5,503,50310,Control,EoSY,Grade 7,eosy,frustration,5,60,8.333333333333334
309702,5,503,50325,Control,EoSY,Grade 7,eosy,frustration,164,241,68.04979253112033
501020,5,503,50310,Control,EoSY,Grade 7,eosy,frustration,22,33,66.66666666666667
309743,5,503,50332,Control,EoSY,Grade 7,eosy,frustration,49,104,47.11538461538461
301816,5,501,50101,Control,EoSY,Grade 7,eosy,frustration,8,119,6.722689075630252
302054,5,503,50315,Control,EoSY,Grade 7,eosy,frustration,26,118,22.033898305084747
301862,5,507,50701,Control,EoSY,Grade 7,eosy,frustration,225,231,97.40259740259741
502477,5,501,50108,Control,EoSY,Grade 7,eosy,frustration,0,27,0
302283,5,513,51301,Control,EoSY,Grade 7,eosy,frustration,169,304,55.5921052631579
301900,5,502,50206,Control,EoSY,Grade 7,eosy,frustration,8,28,28.571428571428573
302123,5,508,50808,Control,EoSY,Grade 7,eosy,frustration,34,83,40.963855421686745
309512,5,501,50110,Control,EoSY,Grade 7,eosy,frustration,4,25,16
302284,5,513,51301,Control,EoSY,Grade 7,eosy,frustration,127,180,70.55555555555556
500034,5,508,50819,Control,EoSY,Grade 7,eosy,frustration,16,19,84.21052631578948
302043,5,503,50305,Control,EoSY,Grade 7,eosy,frustration,125,213,58.68544600938967
302182,5,511,51107,Control,EoSY,Grade 7,eosy,frustration,18,82,21.951219512195124
301986,5,503,50334,Control,EoSY,Grade 7,eosy,frustration,64,182,35.16483516483517
302109,5,508,50817,Control,EoSY,Grade 7,eosy,frustration,221,249,88.75502008032129
302061,5,503,50311,Control,EoSY,Grade 7,eosy,frustration,3,81,3.7037037037037037
309931,5,508,50802,Control,EoSY,Grade 7,eosy,frustration,42,87,48.275862068965516
301984,5,503,50331,Control,EoSY,Grade 7,eosy,frustration,69,187,36.898395721925134
302156,5,508,50803,Control,EoSY,Grade 7,eosy,frustration,8,102,7.8431372549019605
309705,5,503,50330,Control,EoSY,Grade 7,eosy,frustration,51,87,58.62068965517241
500165,5,508,50804,Control,EoSY,Grade 7,eosy,frustration,46,47,97.87234042553192
301930,5,503,50328,Control,EoSY,Grade 7,eosy,frustration,80,92,86.95652173913044
302177,5,508,50806,Control,EoSY,Grade 7,eosy,frustration,17,114,14.912280701754385
302282,5,513,51301,Control,EoSY,Grade 7,eosy,frustration,18,286,6.293706293706293
502615,5,508,50802,Control,EoSY,Grade 7,eosy,frustration,2,3,66.66666666666667
302263,5,506,50601,Control,EoSY,Grade 7,eosy,frustration,16,61,26.229508196721312
301826,5,501,50103,Control,EoSY,Grade 7,eosy,frustration,11,56,19.642857142857142
305750,5,513,51301,Control,EoSY,Grade 7,eosy,frustration,24,66,36.36363636363637
301870,5,501,50110,Control,EoSY,Grade 7,eosy,frustration,50,122,40.98360655737705
302039,5,503,50316,Control,EoSY,Grade 7,eosy,frustration,32,299,10.702341137123746
301868,5,501,50112,Control,EoSY,Grade 7,eosy,frustration,19,236,8.05084745762712
301963,5,503,50316,Control,EoSY,Grade 7,eosy,frustration,20,215,9.30232558139535
340567,15,1505,150501,Treatment,EoSY,Grade 7,eosy,frustration,36,246,14.634146341463415
320606,15,1515,151502,Treatment,EoSY,Grade 7,eosy,frustration,63,307,20.521172638436482
320202,15,1511,151101,Treatment,EoSY,Grade 7,eosy,frustration,80,150,53.333333333333336
305310,15,1507,150703,Treatment,EoSY,Grade 7,eosy,frustration,11,231,4.761904761904762
305418,15,1513,151301,Treatment,EoSY,Grade 7,eosy,frustration,321,1189,26.997476871320437
500565,15,1515,151502,Treatment,EoSY,Grade 7,eosy,frustration,52,876,5.936073059360731
301258,4,413,41308,Treatment,EoSY,Grade 7,eosy,frustration,167,513,32.553606237816766
301214,4,411,41101,Treatment,EoSY,Grade 7,eosy,frustration,102,640,15.9375
301497,4,414,41401,Treatment,EoSY,Grade 7,eosy,frustration,19,372,5.10752688172043
305411,15,1515,151502,Treatment,EoSY,Grade 7,eosy,frustration,335,670,50
305420,15,1513,151301,Treatment,EoSY,Grade 7,eosy,frustration,166,1356,12.24188790560472
301231,4,413,41302,Control,EoSY,Grade 7,eosy,frustration,5,225,2.2222222222222223
301188,4,402,40201,Control,EoSY,Grade 7,eosy,frustration,77,631,12.202852614896988
307913,4,413,41309,Control,EoSY,Grade 7,eosy,frustration,4,334,1.1976047904191616
500566,15,1507,150710,Control,EoSY,Grade 7,eosy,frustration,143,700,20.428571428571427
305453,15,1510,151001,Control,EoSY,Grade 7,eosy,frustration,0,269,0
305311,15,1507,150702,Control,EoSY,Grade 7,eosy,frustration,70,270,25.925925925925927
301425,4,401,40101,Control,EoSY,Grade 7,eosy,frustration,572,1000,57.2
301202,4,408,40812,Control,EoSY,Grade 7,eosy,frustration,55,415,13.25301204819277
305412,15,1515,151502,Control,EoSY,Grade 7,eosy,frustration,165,1128,14.627659574468085
308105,4,417,41703,Control,EoSY,Grade 7,eosy,frustration,14,614,2.2801302931596092
305341,15,1514,151401,Control,EoSY,Grade 7,eosy,frustration,522,1289,40.49650892164468
319604,15,1512,151201,Control,EoSY,Grade 7,eosy,frustration,0,69,0
305568,15,1516,151601,Control,EoSY,Grade 7,eosy,frustration,76,467,16.27408993576017
305434,15,1503,150301,Control,EoSY,Grade 7,eosy,frustration,7,606,1.155115511551155
301464,4,417,41710,Control,EoSY,Grade 7,eosy,frustration,37,558,6.630824372759856
305461,15,1515,151502,Control,EoSY,Grade 7,eosy,frustration,8,319,2.5078369905956115
305384,15,1501,150101,Control,EoSY,Grade 7,eosy,frustration,0,313,0
301143,4,421,42101,Control,EoSY,Grade 7,eosy,frustration,33,1193,2.766135792120704
305340,15,1514,151401,Control,EoSY,Grade 7,eosy,frustration,29,1258,2.305246422893482
305302,15,1507,150709,Treatment,EoSY,Grade 7,eosy,frustration,244,1087,22.447102115915364
308103,4,417,41712,Control,EoSY,Grade 7,eosy,frustration,25,404,6.188118811881188
308130,4,417,41711,Control,EoSY,Grade 7,eosy,frustration,14,172,8.13953488372093
301227,4,420,42001,Control,EoSY,Grade 7,eosy,frustration,19,989,1.9211324570273003
305334,15,1514,151401,Control,EoSY,Grade 7,eosy,frustration,63,253,24.90118577075099
305367,15,1512,151201,Control,EoSY,Grade 7,eosy,frustration,0,1074,0
305635,15,1514,151401,Control,EoSY,Grade 7,eosy,frustration,7,523,1.338432122370937
301218,4,408,40814,Control,EoSY,Grade 7,eosy,frustration,57,2068,2.756286266924565
308501,4,415,41501,Control,EoSY,Grade 7,eosy,frustration,54,721,7.489597780859917
500332,15,1506,150601,Control,EoSY,Grade 7,eosy,frustration,14,293,4.778156996587031
305471,15,1509,150901,Control,EoSY,Grade 7,eosy,frustration,70,376,18.617021276595743
305376,15,1501,150101,Treatment,EoSY,Grade 7,eosy,frustration,0,438,0
301432,4,417,41705,Control,EoSY,Grade 7,eosy,frustration,212,600,35.333333333333336
305459,15,1515,151502,Control,EoSY,Grade 7,eosy,frustration,27,212,12.735849056603774
305313,15,1507,150708,Control,EoSY,Grade 7,eosy,frustration,2,405,0.49382716049382713
301186,4,410,41001,Control,EoSY,Grade 7,eosy,frustration,220,2060,10.679611650485437
301184,4,410,41001,Control,EoSY,Grade 7,eosy,frustration,629,1296,48.53395061728395
305295,15,1507,150710,Control,EoSY,Grade 7,eosy,frustration,24,783,3.0651340996168583
301416,4,422,42201,Control,EoSY,Grade 7,eosy,frustration,55,160,34.375
305450,15,1505,150501,Treatment,EoSY,Grade 7,eosy,frustration,115,482,23.858921161825727
301403,4,416,41606,Control,EoSY,Grade 7,eosy,frustration,296,545,54.31192660550459
301451,4,417,41708,Control,EoSY,Grade 7,eosy,frustration,50,369,13.550135501355014
305338,15,1514,151401,Control,EoSY,Grade 7,eosy,frustration,654,860,76.04651162790698
301257,4,413,41312,Control,EoSY,Grade 7,eosy,frustration,407,2000,20.35
305416,15,1513,151301,Control,EoSY,Grade 7,eosy,frustration,19,757,2.509907529722589
305337,15,1514,151401,Control,EoSY,Grade 7,eosy,frustration,642,2523,25.44589774078478
305353,15,1514,151401,Control,EoSY,Grade 7,eosy,frustration,164,407,40.29484029484029
301197,4,408,40812,Control,EoSY,Grade 7,eosy,frustration,0,17,0
301236,4,413,41308,Treatment,EoSY,Grade 7,eosy,frustration,20,290,6.896551724137931
305444,15,1516,151601,Control,EoSY,Grade 7,eosy,frustration,7,145,4.827586206896552
320306,15,1503,150301,Control,EoSY,Grade 7,eosy,frustration,179,863,20.741599073001158
301489,4,414,41401,Control,EoSY,Grade 7,eosy,frustration,35,385,9.090909090909092
301507,4,418,41801,Control,EoSY,Grade 7,eosy,frustration,10,139,7.1942446043165464
301456,4,417,41710,Control,EoSY,Grade 7,eosy,frustration,6,639,0.9389671361502347
301238,4,413,41303,Control,EoSY,Grade 7,eosy,frustration,15,74,20.27027027027027
305438,15,1516,151601,Control,EoSY,Grade 7,eosy,frustration,158,847,18.654073199527744
305324,15,1514,151401,Control,EoSY,Grade 7,eosy,frustration,2,95,2.1052631578947367
305454,15,1510,151001,Control,EoSY,Grade 7,eosy,frustration,0,138,0
308122,4,417,41708,Control,EoSY,Grade 7,eosy,frustration,116,201,57.711442786069654
301508,4,418,41801,Control,EoSY,Grade 7,eosy,frustration,56,324,17.28395061728395
305465,15,1515,151502,Control,EoSY,Grade 7,eosy,frustration,86,738,11.653116531165312
305428,15,1511,151101,Control,EoSY,Grade 7,eosy,frustration,6,351,1.7094017094017093
301175,4,408,40807,Control,EoSY,Grade 7,eosy,frustration,106,701,15.121255349500712
301437,4,417,41704,Control,EoSY,Grade 7,eosy,frustration,160,1031,15.518913676042677
320204,15,1511,151101,Control,EoSY,Grade 7,eosy,frustration,151,569,26.537785588752197
305447,15,1505,150501,Control,EoSY,Grade 7,eosy,frustration,9,106,8.49056603773585
301438,4,417,41704,Control,EoSY,Grade 7,eosy,frustration,119,524,22.709923664122137
308135,4,417,41708,Control,EoSY,Grade 7,eosy,frustration,28,327,8.562691131498472
301418,4,401,40101,Control,EoSY,Grade 7,eosy,frustration,472,3331,14.169918943260281
305288,15,1507,150710,Control,EoSY,Grade 7,eosy,frustration,6,639,0.9389671361502347
301265,4,413,41301,Control,EoSY,Grade 7,eosy,frustration,156,425,36.705882352941174
305442,15,1516,151601,Control,EoSY,Grade 7,eosy,frustration,187,249,75.1004016064257
500339,15,1505,150501,Control,EoSY,Grade 7,eosy,frustration,2,348,0.5747126436781609
305435,15,1503,150301,Control,EoSY,Grade 7,eosy,frustration,53,127,41.732283464566926
308134,4,417,41708,Control,EoSY,Grade 7,eosy,frustration,50,643,7.776049766718507
305452,15,1505,150501,Control,EoSY,Grade 7,eosy,frustration,69,617,11.183144246353322
312330,7,703,70308,Treatment,EoSY,Grade 7,eosy,frustration,4,86,4.651162790697675
305710,7,703,70302,Treatment,EoSY,Grade 7,eosy,frustration,3,83,3.6144578313253013
305655,11,1101,110101,Treatment,EoSY,Grade 7,eosy,frustration,1,26,3.8461538461538463
305581,7,703,70303,Treatment,EoSY,Grade 7,eosy,frustration,9,47,19.148936170212767
303130,7,703,70309,Treatment,EoSY,Grade 7,eosy,frustration,108,184,58.69565217391305
312354,7,703,70309,Treatment,EoSY,Grade 7,eosy,frustration,2,27,7.407407407407407
305849,11,1105,110503,Treatment,EoSY,Grade 7,eosy,frustration,10,28,35.714285714285715
305500,11,1101,110101,Treatment,EoSY,Grade 7,eosy,frustration,6,36,16.666666666666668
312355,7,703,70304,Treatment,EoSY,Grade 7,eosy,frustration,0,38,0
501903,11,1110,111001,Treatment,EoSY,Grade 7,eosy,frustration,12,31,38.70967741935484
500665,7,705,70527,Control,EoSY,Grade 7,eosy,frustration,98,102,96.07843137254902
312462,7,705,70520,Control,EoSY,Grade 7,eosy,frustration,1,18,5.555555555555555
306038,11,1102,110202,Control,EoSY,Grade 7,eosy,frustration,4,34,11.764705882352942
500221,7,705,70527,Control,EoSY,Grade 7,eosy,frustration,23,24,95.83333333333333
500744,7,708,70801,Control,EoSY,Grade 7,eosy,frustration,1,56,1.7857142857142858
305884,11,1101,110101,Control,EoSY,Grade 7,eosy,frustration,15,121,12.396694214876034
303170,7,709,70901,Control,EoSY,Grade 7,eosy,frustration,5,45,11.11111111111111
500787,7,708,70801,Control,EoSY,Grade 7,eosy,frustration,2,51,3.9215686274509802
500667,7,705,70528,Control,EoSY,Grade 7,eosy,frustration,2,70,2.857142857142857
501071,11,1101,110101,Control,EoSY,Grade 7,eosy,frustration,2,14,14.285714285714286
303046,7,705,70527,Control,EoSY,Grade 7,eosy,frustration,9,86,10.465116279069768
325303,7,707,70701,Control,EoSY,Grade 7,eosy,frustration,17,77,22.07792207792208
500208,7,703,70305,Control,EoSY,Grade 7,eosy,frustration,3,19,15.789473684210526
312401,7,705,70525,Control,EoSY,Grade 7,eosy,frustration,36,116,31.03448275862069
303136,7,706,70601,Control,EoSY,Grade 7,eosy,frustration,52,108,48.148148148148145
312435,7,707,70701,Control,EoSY,Grade 7,eosy,frustration,32,53,60.37735849056604
502186,11,1101,110101,Control,EoSY,Grade 7,eosy,frustration,7,19,36.8421052631579
500782,7,708,70801,Control,EoSY,Grade 7,eosy,frustration,10,286,3.4965034965034967
306086,11,1106,110606,Control,EoSY,Grade 7,eosy,frustration,19,21,90.47619047619048
305755,7,705,70529,Control,EoSY,Grade 7,eosy,frustration,2,125,1.6
305665,11,1101,110101,Control,EoSY,Grade 7,eosy,frustration,0,28,0
501635,7,703,70301,Control,EoSY,Grade 7,eosy,frustration,2,77,2.5974025974025974
305843,11,1110,111001,Control,EoSY,Grade 7,eosy,frustration,12,56,21.428571428571427
500894,7,705,70517,Control,EoSY,Grade 7,eosy,frustration,46,102,45.09803921568628
500671,7,705,70506,Control,EoSY,Grade 7,eosy,frustration,3,27,11.11111111111111
305847,11,1105,110503,Control,EoSY,Grade 7,eosy,frustration,5,49,10.204081632653061
500784,7,708,70801,Control,EoSY,Grade 7,eosy,frustration,6,21,28.571428571428573
501267,7,705,70525,Control,EoSY,Grade 7,eosy,frustration,0,12,0
306000,7,705,70525,Control,EoSY,Grade 7,eosy,frustration,3,53,5.660377358490566
305517,11,1106,110608,Control,EoSY,Grade 7,eosy,frustration,29,44,65.9090909090909
305713,7,710,71001,Control,EoSY,Grade 7,eosy,frustration,49,68,72.05882352941177
500768,7,705,70521,Control,EoSY,Grade 7,eosy,frustration,0,30,0
316303,11,1107,110701,Control,EoSY,Grade 7,eosy,frustration,0,55,0
316304,11,1107,110701,Control,EoSY,Grade 7,eosy,frustration,25,93,26.881720430107528
305506,11,1101,110101,Control,EoSY,Grade 7,eosy,frustration,3,20,15
500421,7,705,70507,Control,EoSY,Grade 7,eosy,frustration,63,77,81.81818181818181
305681,11,1110,111001,Control,EoSY,Grade 7,eosy,frustration,18,229,7.860262008733624
303186,7,711,71101,Control,EoSY,Grade 7,eosy,frustration,1,145,0.6896551724137931
501429,7,714,71402,Control,EoSY,Grade 7,eosy,frustration,8,60,13.333333333333334
305844,11,1103,110303,Control,EoSY,Grade 7,eosy,frustration,9,54,16.666666666666668
305965,11,1110,111001,Control,EoSY,Grade 7,eosy,frustration,3,61,4.918032786885246
501076,11,1103,110305,Control,EoSY,Grade 7,eosy,frustration,7,14,50
305889,11,1101,110101,Control,EoSY,Grade 7,eosy,frustration,9,62,14.516129032258064
501074,11,1103,110306,Control,EoSY,Grade 7,eosy,frustration,59,73,80.82191780821918
312408,7,705,70530,Control,EoSY,Grade 7,eosy,frustration,18,72,25
501351,7,705,70522,Control,EoSY,Grade 7,eosy,frustration,0,74,0
501404,11,1101,110101,Control,EoSY,Grade 7,eosy,frustration,2,16,12.5
305660,11,1101,110101,Control,EoSY,Grade 7,eosy,frustration,7,45,15.555555555555555
303219,7,701,70101,Control,EoSY,Grade 7,eosy,frustration,3,145,2.0689655172413794
312450,7,705,70522,Control,EoSY,Grade 7,eosy,frustration,19,80,23.75
324903,7,704,70401,Control,EoSY,Grade 7,eosy,frustration,24,41,58.53658536585366
501065,11,1101,110101,Control,EoSY,Grade 7,eosy,frustration,10,137,7.299270072992701
312451,7,705,70532,Control,EoSY,Grade 7,eosy,frustration,25,75,33.333333333333336
501763,11,1103,110305,Control,EoSY,Grade 7,eosy,frustration,5,44,11.363636363636363
316405,11,1110,111001,Control,EoSY,Grade 7,eosy,frustration,105,166,63.25301204819277
316404,11,1110,111001,Control,EoSY,Grade 7,eosy,frustration,15,63,23.80952380952381
316301,11,1107,110701,Control,EoSY,Grade 7,eosy,frustration,18,186,9.67741935483871
312910,7,710,71001,Control,EoSY,Grade 7,eosy,frustration,52,182,28.571428571428573
303011,7,705,70512,Control,EoSY,Grade 7,eosy,frustration,22,50,44
305651,11,1101,110101,Control,EoSY,Grade 7,eosy,frustration,1,35,2.857142857142857
305662,11,1101,110101,Control,EoSY,Grade 7,eosy,frustration,16,50,32
305850,11,1105,110503,Control,EoSY,Grade 7,eosy,frustration,7,32,21.875
312481,7,705,70518,Control,EoSY,Grade 7,eosy,frustration,5,199,2.512562814070352
304409,11,1110,111001,Control,EoSY,Grade 7,eosy,frustration,120,128,93.75
303246,7,713,71303,Control,EoSY,Grade 7,eosy,frustration,36,179,20.11173184357542
501405,11,1101,110101,Control,EoSY,Grade 7,eosy,frustration,6,65,9.23076923076923
305677,11,1105,110503,Control,EoSY,Grade 7,eosy,frustration,10,57,17.54385964912281
500447,7,708,70801,Control,EoSY,Grade 7,eosy,frustration,11,54,20.37037037037037
501305,7,708,70801,Control,EoSY,Grade 7,eosy,frustration,0,31,0
305917,7,708,70801,Control,EoSY,Grade 7,eosy,frustration,13,24,54.166666666666664
305722,7,703,70304,Control,EoSY,Grade 7,eosy,frustration,7,35,20
312953,7,713,71306,Control,EoSY,Grade 7,eosy,frustration,3,39,7.6923076923076925
305498,11,1101,110101,Control,EoSY,Grade 7,eosy,frustration,67,80,83.75
305669,11,1101,110101,Control,EoSY,Grade 7,eosy,frustration,3,39,7.6923076923076925
312960,7,710,71002,Control,EoSY,Grade 7,eosy,frustration,18,60,30
309906,5,508,50811,Treatment,EoSY,Grade 7,eosy,instructional,21,123,17.073170731707318
309934,5,508,50806,Treatment,EoSY,Grade 7,eosy,instructional,11,44,25
301871,5,501,50107,Treatment,EoSY,Grade 7,eosy,instructional,1,72,1.3888888888888888
302134,5,508,50804,Treatment,EoSY,Grade 7,eosy,instructional,20,43,46.51162790697674
302117,5,508,50803,Treatment,EoSY,Grade 7,eosy,instructional,40,82,48.78048780487805
309909,5,508,50801,Treatment,EoSY,Grade 7,eosy,instructional,53,125,42.4
309915,5,508,50801,Treatment,EoSY,Grade 7,eosy,instructional,20,43,46.51162790697674
501544,5,508,50815,Treatment,EoSY,Grade 7,eosy,instructional,21,67,31.34328358208955
301887,5,502,50205,Treatment,EoSY,Grade 7,eosy,instructional,53,95,55.78947368421053
302175,5,508,50820,Treatment,EoSY,Grade 7,eosy,instructional,82,128,64.0625
302146,5,508,50812,Treatment,EoSY,Grade 7,eosy,instructional,45,143,31.46853146853147
309921,5,508,50805,Treatment,EoSY,Grade 7,eosy,instructional,27,95,28.42105263157895
302254,5,505,50501,Control,EoSY,Grade 7,eosy,instructional,29,93,31.182795698924732
309513,5,501,50112,Control,EoSY,Grade 7,eosy,instructional,51,123,41.46341463414634
500163,5,508,50801,Control,EoSY,Grade 7,eosy,instructional,4,74,5.405405405405405
302058,5,503,50333,Control,EoSY,Grade 7,eosy,instructional,30,88,34.09090909090909
302192,5,511,51103,Control,EoSY,Grade 7,eosy,instructional,40,285,14.035087719298245
302227,5,511,51105,Control,EoSY,Grade 7,eosy,instructional,9,92,9.782608695652174
302252,5,505,50501,Control,EoSY,Grade 7,eosy,instructional,18,98,18.367346938775512
309914,5,508,50806,Control,EoSY,Grade 7,eosy,instructional,154,226,68.14159292035399
309711,5,503,50317,Control,EoSY,Grade 7,eosy,instructional,13,63,20.634920634920636
301817,5,507,50701,Control,EoSY,Grade 7,eosy,instructional,53,100,53
302165,5,508,50816,Control,EoSY,Grade 7,eosy,instructional,10,93,10.75268817204301
301974,5,503,50311,Treatment,EoSY,Grade 7,eosy,instructional,8,85,9.411764705882353
302256,5,505,50501,Control,EoSY,Grade 7,eosy,instructional,26,118,22.033898305084747
301834,5,501,50106,Control,EoSY,Grade 7,eosy,instructional,78,162,48.148148148148145
309760,5,503,50306,Control,EoSY,Grade 7,eosy,instructional,4,34,11.764705882352942
309936,5,508,50819,Control,EoSY,Grade 7,eosy,instructional,8,48,16.666666666666668
302203,5,511,51102,Control,EoSY,Grade 7,eosy,instructional,52,79,65.82278481012658
302011,5,503,50314,Control,EoSY,Grade 7,eosy,instructional,68,235,28.93617021276596
500168,5,505,50501,Control,EoSY,Grade 7,eosy,instructional,4,18,22.22222222222222
301947,5,503,50306,Control,EoSY,Grade 7,eosy,instructional,76,360,21.11111111111111
309941,5,508,50812,Control,EoSY,Grade 7,eosy,instructional,46,199,23.115577889447238
301839,5,501,50111,Control,EoSY,Grade 7,eosy,instructional,0,86,0
501843,5,508,50818,Treatment,EoSY,Grade 7,eosy,instructional,10,40,25
302111,5,508,50801,Control,EoSY,Grade 7,eosy,instructional,134,485,27.628865979381445
302133,5,509,50901,Control,EoSY,Grade 7,eosy,instructional,77,179,43.01675977653631
301990,5,503,50317,Control,EoSY,Grade 7,eosy,instructional,25,65,38.46153846153846
309937,5,508,50819,Control,EoSY,Grade 7,eosy,instructional,51,79,64.55696202531645
302241,5,511,51105,Control,EoSY,Grade 7,eosy,instructional,20,60,33.333333333333336
500167,5,505,50501,Control,EoSY,Grade 7,eosy,instructional,31,68,45.588235294117645
309764,5,503,50320,Control,EoSY,Grade 7,eosy,instructional,0,35,0
302205,5,511,51106,Control,EoSY,Grade 7,eosy,instructional,10,135,7.407407407407407
302014,5,503,50302,Control,EoSY,Grade 7,eosy,instructional,21,161,13.043478260869565
309740,5,503,50315,Control,EoSY,Grade 7,eosy,instructional,9,43,20.930232558139537
309741,5,503,50315,Control,EoSY,Grade 7,eosy,instructional,35,105,33.333333333333336
302161,5,508,50803,Treatment,EoSY,Grade 7,eosy,instructional,39,98,39.795918367346935
302113,5,508,50818,Treatment,EoSY,Grade 7,eosy,instructional,35,97,36.08247422680412
302127,5,508,50817,Control,EoSY,Grade 7,eosy,instructional,15,48,31.25
301899,5,502,50205,Control,EoSY,Grade 7,eosy,instructional,62,131,47.32824427480916
309509,5,501,50113,Control,EoSY,Grade 7,eosy,instructional,31,89,34.831460674157306
309903,5,508,50816,Control,EoSY,Grade 7,eosy,instructional,19,94,20.21276595744681
301995,5,503,50310,Control,EoSY,Grade 7,eosy,instructional,25,60,41.666666666666664
309702,5,503,50325,Control,EoSY,Grade 7,eosy,instructional,28,241,11.618257261410788
501020,5,503,50310,Control,EoSY,Grade 7,eosy,instructional,7,33,21.21212121212121
309743,5,503,50332,Control,EoSY,Grade 7,eosy,instructional,25,104,24.03846153846154
301816,5,501,50101,Control,EoSY,Grade 7,eosy,instructional,74,119,62.18487394957983
302054,5,503,50315,Control,EoSY,Grade 7,eosy,instructional,58,118,49.152542372881356
301862,5,507,50701,Control,EoSY,Grade 7,eosy,instructional,6,231,2.5974025974025974
502477,5,501,50108,Control,EoSY,Grade 7,eosy,instructional,10,27,37.03703703703704
302283,5,513,51301,Control,EoSY,Grade 7,eosy,instructional,75,304,24.67105263157895
301900,5,502,50206,Control,EoSY,Grade 7,eosy,instructional,8,28,28.571428571428573
302123,5,508,50808,Control,EoSY,Grade 7,eosy,instructional,49,83,59.036144578313255
309512,5,501,50110,Control,EoSY,Grade 7,eosy,instructional,10,25,40
302284,5,513,51301,Control,EoSY,Grade 7,eosy,instructional,36,180,20
500034,5,508,50819,Control,EoSY,Grade 7,eosy,instructional,2,19,10.526315789473685
302043,5,503,50305,Control,EoSY,Grade 7,eosy,instructional,75,213,35.2112676056338
302182,5,511,51107,Control,EoSY,Grade 7,eosy,instructional,40,82,48.78048780487805
301986,5,503,50334,Control,EoSY,Grade 7,eosy,instructional,73,182,40.10989010989011
302109,5,508,50817,Control,EoSY,Grade 7,eosy,instructional,24,249,9.63855421686747
302061,5,503,50311,Control,EoSY,Grade 7,eosy,instructional,17,81,20.987654320987655
309931,5,508,50802,Control,EoSY,Grade 7,eosy,instructional,35,87,40.229885057471265
301984,5,503,50331,Control,EoSY,Grade 7,eosy,instructional,28,187,14.973262032085561
302156,5,508,50803,Control,EoSY,Grade 7,eosy,instructional,40,102,39.21568627450981
309705,5,503,50330,Control,EoSY,Grade 7,eosy,instructional,22,87,25.28735632183908
500165,5,508,50804,Control,EoSY,Grade 7,eosy,instructional,1,47,2.127659574468085
301930,5,503,50328,Control,EoSY,Grade 7,eosy,instructional,6,92,6.521739130434782
302177,5,508,50806,Control,EoSY,Grade 7,eosy,instructional,76,114,66.66666666666667
302282,5,513,51301,Control,EoSY,Grade 7,eosy,instructional,136,286,47.55244755244755
502615,5,508,50802,Control,EoSY,Grade 7,eosy,instructional,1,3,33.333333333333336
302263,5,506,50601,Control,EoSY,Grade 7,eosy,instructional,25,61,40.98360655737705
301826,5,501,50103,Control,EoSY,Grade 7,eosy,instructional,23,56,41.07142857142857
305750,5,513,51301,Control,EoSY,Grade 7,eosy,instructional,30,66,45.45454545454545
301870,5,501,50110,Control,EoSY,Grade 7,eosy,instructional,47,122,38.52459016393443
302039,5,503,50316,Control,EoSY,Grade 7,eosy,instructional,159,299,53.17725752508361
301868,5,501,50112,Control,EoSY,Grade 7,eosy,instructional,69,236,29.23728813559322
301963,5,503,50316,Control,EoSY,Grade 7,eosy,instructional,110,215,51.16279069767442
340567,15,1505,150501,Treatment,EoSY,Grade 7,eosy,instructional,68,246,27.642276422764226
320606,15,1515,151502,Treatment,EoSY,Grade 7,eosy,instructional,158,307,51.465798045602604
320202,15,1511,151101,Treatment,EoSY,Grade 7,eosy,instructional,67,150,44.666666666666664
305310,15,1507,150703,Treatment,EoSY,Grade 7,eosy,instructional,71,231,30.735930735930737
305418,15,1513,151301,Treatment,EoSY,Grade 7,eosy,instructional,446,1189,37.510513036164845
500565,15,1515,151502,Treatment,EoSY,Grade 7,eosy,instructional,477,876,54.45205479452055
301258,4,413,41308,Treatment,EoSY,Grade 7,eosy,instructional,323,513,62.96296296296296
301214,4,411,41101,Treatment,EoSY,Grade 7,eosy,instructional,180,640,28.125
301497,4,414,41401,Treatment,EoSY,Grade 7,eosy,instructional,167,372,44.89247311827957
305411,15,1515,151502,Treatment,EoSY,Grade 7,eosy,instructional,250,670,37.3134328358209
305420,15,1513,151301,Treatment,EoSY,Grade 7,eosy,instructional,569,1356,41.96165191740413
301231,4,413,41302,Control,EoSY,Grade 7,eosy,instructional,103,225,45.77777777777778
301188,4,402,40201,Control,EoSY,Grade 7,eosy,instructional,356,631,56.41838351822504
307913,4,413,41309,Control,EoSY,Grade 7,eosy,instructional,0,334,0
500566,15,1507,150710,Control,EoSY,Grade 7,eosy,instructional,273,700,39
305453,15,1510,151001,Control,EoSY,Grade 7,eosy,instructional,182,269,67.65799256505576
305311,15,1507,150702,Control,EoSY,Grade 7,eosy,instructional,114,270,42.22222222222222
301425,4,401,40101,Control,EoSY,Grade 7,eosy,instructional,282,1000,28.2
301202,4,408,40812,Control,EoSY,Grade 7,eosy,instructional,310,415,74.6987951807229
305412,15,1515,151502,Control,EoSY,Grade 7,eosy,instructional,382,1128,33.86524822695036
308105,4,417,41703,Control,EoSY,Grade 7,eosy,instructional,277,614,45.11400651465798
305341,15,1514,151401,Control,EoSY,Grade 7,eosy,instructional,262,1289,20.325833979829326
319604,15,1512,151201,Control,EoSY,Grade 7,eosy,instructional,16,69,23.18840579710145
305568,15,1516,151601,Control,EoSY,Grade 7,eosy,instructional,134,467,28.693790149892934
305434,15,1503,150301,Control,EoSY,Grade 7,eosy,instructional,235,606,38.77887788778878
301464,4,417,41710,Control,EoSY,Grade 7,eosy,instructional,318,558,56.98924731182796
305461,15,1515,151502,Control,EoSY,Grade 7,eosy,instructional,149,319,46.708463949843264
305384,15,1501,150101,Control,EoSY,Grade 7,eosy,instructional,3,313,0.9584664536741214
301143,4,421,42101,Control,EoSY,Grade 7,eosy,instructional,950,1193,79.6311818943839
305340,15,1514,151401,Control,EoSY,Grade 7,eosy,instructional,295,1258,23.44992050874404
305302,15,1507,150709,Treatment,EoSY,Grade 7,eosy,instructional,439,1087,40.38638454461822
308103,4,417,41712,Control,EoSY,Grade 7,eosy,instructional,325,404,80.44554455445545
308130,4,417,41711,Control,EoSY,Grade 7,eosy,instructional,118,172,68.6046511627907
301227,4,420,42001,Control,EoSY,Grade 7,eosy,instructional,278,989,28.109201213346815
305334,15,1514,151401,Control,EoSY,Grade 7,eosy,instructional,97,253,38.3399209486166
305367,15,1512,151201,Control,EoSY,Grade 7,eosy,instructional,7,1074,0.6517690875232774
305635,15,1514,151401,Control,EoSY,Grade 7,eosy,instructional,55,523,10.516252390057362
301218,4,408,40814,Control,EoSY,Grade 7,eosy,instructional,1154,2068,55.802707930367504
308501,4,415,41501,Control,EoSY,Grade 7,eosy,instructional,135,721,18.723994452149793
500332,15,1506,150601,Control,EoSY,Grade 7,eosy,instructional,102,293,34.81228668941979
305471,15,1509,150901,Control,EoSY,Grade 7,eosy,instructional,112,376,29.78723404255319
305376,15,1501,150101,Treatment,EoSY,Grade 7,eosy,instructional,5,438,1.1415525114155252
301432,4,417,41705,Control,EoSY,Grade 7,eosy,instructional,320,600,53.333333333333336
305459,15,1515,151502,Control,EoSY,Grade 7,eosy,instructional,81,212,38.20754716981132
305313,15,1507,150708,Control,EoSY,Grade 7,eosy,instructional,119,405,29.382716049382715
301186,4,410,41001,Control,EoSY,Grade 7,eosy,instructional,1392,2060,67.57281553398059
301184,4,410,41001,Control,EoSY,Grade 7,eosy,instructional,498,1296,38.425925925925924
305295,15,1507,150710,Control,EoSY,Grade 7,eosy,instructional,280,783,35.759897828863345
301416,4,422,42201,Control,EoSY,Grade 7,eosy,instructional,57,160,35.625
305450,15,1505,150501,Treatment,EoSY,Grade 7,eosy,instructional,331,482,68.67219917012449
301403,4,416,41606,Control,EoSY,Grade 7,eosy,instructional,210,545,38.53211009174312
301451,4,417,41708,Control,EoSY,Grade 7,eosy,instructional,216,369,58.53658536585366
305338,15,1514,151401,Control,EoSY,Grade 7,eosy,instructional,170,860,19.767441860465116
301257,4,413,41312,Control,EoSY,Grade 7,eosy,instructional,1104,2000,55.2
305416,15,1513,151301,Control,EoSY,Grade 7,eosy,instructional,392,757,51.78335535006605
305337,15,1514,151401,Control,EoSY,Grade 7,eosy,instructional,1549,2523,61.39516448672216
305353,15,1514,151401,Control,EoSY,Grade 7,eosy,instructional,221,407,54.2997542997543
301197,4,408,40812,Control,EoSY,Grade 7,eosy,instructional,0,17,0
301236,4,413,41308,Treatment,EoSY,Grade 7,eosy,instructional,251,290,86.55172413793103
305444,15,1516,151601,Control,EoSY,Grade 7,eosy,instructional,93,145,64.13793103448276
320306,15,1503,150301,Control,EoSY,Grade 7,eosy,instructional,288,863,33.371958285052145
301489,4,414,41401,Control,EoSY,Grade 7,eosy,instructional,236,385,61.298701298701296
301507,4,418,41801,Control,EoSY,Grade 7,eosy,instructional,92,139,66.18705035971223
301456,4,417,41710,Control,EoSY,Grade 7,eosy,instructional,277,639,43.3489827856025
301238,4,413,41303,Control,EoSY,Grade 7,eosy,instructional,38,74,51.351351351351354
305438,15,1516,151601,Control,EoSY,Grade 7,eosy,instructional,671,847,79.22077922077922
305324,15,1514,151401,Control,EoSY,Grade 7,eosy,instructional,33,95,34.73684210526316
305454,15,1510,151001,Control,EoSY,Grade 7,eosy,instructional,70,138,50.72463768115942
308122,4,417,41708,Control,EoSY,Grade 7,eosy,instructional,62,201,30.845771144278608
301508,4,418,41801,Control,EoSY,Grade 7,eosy,instructional,196,324,60.49382716049383
305465,15,1515,151502,Control,EoSY,Grade 7,eosy,instructional,333,738,45.1219512195122
305428,15,1511,151101,Control,EoSY,Grade 7,eosy,instructional,67,351,19.08831908831909
301175,4,408,40807,Control,EoSY,Grade 7,eosy,instructional,39,701,5.563480741797433
301437,4,417,41704,Control,EoSY,Grade 7,eosy,instructional,307,1031,29.776915615906887
320204,15,1511,151101,Control,EoSY,Grade 7,eosy,instructional,340,569,59.753954305799645
305447,15,1505,150501,Control,EoSY,Grade 7,eosy,instructional,41,106,38.679245283018865
301438,4,417,41704,Control,EoSY,Grade 7,eosy,instructional,260,524,49.61832061068702
308135,4,417,41708,Control,EoSY,Grade 7,eosy,instructional,219,327,66.97247706422019
301418,4,401,40101,Control,EoSY,Grade 7,eosy,instructional,2191,3331,65.77604323026118
305288,15,1507,150710,Control,EoSY,Grade 7,eosy,instructional,302,639,47.26134585289515
301265,4,413,41301,Control,EoSY,Grade 7,eosy,instructional,104,425,24.470588235294116
305442,15,1516,151601,Control,EoSY,Grade 7,eosy,instructional,50,249,20.080321285140563
500339,15,1505,150501,Control,EoSY,Grade 7,eosy,instructional,61,348,17.528735632183906
305435,15,1503,150301,Control,EoSY,Grade 7,eosy,instructional,25,127,19.68503937007874
308134,4,417,41708,Control,EoSY,Grade 7,eosy,instructional,345,643,53.6547433903577
305452,15,1505,150501,Control,EoSY,Grade 7,eosy,instructional,124,617,20.097244732576986
312330,7,703,70308,Treatment,EoSY,Grade 7,eosy,instructional,52,86,60.46511627906977
305710,7,703,70302,Treatment,EoSY,Grade 7,eosy,instructional,67,83,80.72289156626506
305655,11,1101,110101,Treatment,EoSY,Grade 7,eosy,instructional,11,26,42.30769230769231
305581,7,703,70303,Treatment,EoSY,Grade 7,eosy,instructional,29,47,61.702127659574465
303130,7,703,70309,Treatment,EoSY,Grade 7,eosy,instructional,54,184,29.347826086956523
312354,7,703,70309,Treatment,EoSY,Grade 7,eosy,instructional,14,27,51.851851851851855
305849,11,1105,110503,Treatment,EoSY,Grade 7,eosy,instructional,17,28,60.714285714285715
305500,11,1101,110101,Treatment,EoSY,Grade 7,eosy,instructional,25,36,69.44444444444444
312355,7,703,70304,Treatment,EoSY,Grade 7,eosy,instructional,28,38,73.6842105263158
501903,11,1110,111001,Treatment,EoSY,Grade 7,eosy,instructional,17,31,54.83870967741935
500665,7,705,70527,Control,EoSY,Grade 7,eosy,instructional,3,102,2.9411764705882355
312462,7,705,70520,Control,EoSY,Grade 7,eosy,instructional,3,18,16.666666666666668
306038,11,1102,110202,Control,EoSY,Grade 7,eosy,instructional,23,34,67.6470588235294
500221,7,705,70527,Control,EoSY,Grade 7,eosy,instructional,1,24,4.166666666666667
500744,7,708,70801,Control,EoSY,Grade 7,eosy,instructional,1,56,1.7857142857142858
305884,11,1101,110101,Control,EoSY,Grade 7,eosy,instructional,49,121,40.49586776859504
303170,7,709,70901,Control,EoSY,Grade 7,eosy,instructional,22,45,48.888888888888886
500787,7,708,70801,Control,EoSY,Grade 7,eosy,instructional,24,51,47.05882352941177
500667,7,705,70528,Control,EoSY,Grade 7,eosy,instructional,43,70,61.42857142857143
501071,11,1101,110101,Control,EoSY,Grade 7,eosy,instructional,5,14,35.714285714285715
303046,7,705,70527,Control,EoSY,Grade 7,eosy,instructional,54,86,62.7906976744186
325303,7,707,70701,Control,EoSY,Grade 7,eosy,instructional,43,77,55.84415584415584
500208,7,703,70305,Control,EoSY,Grade 7,eosy,instructional,14,19,73.6842105263158
312401,7,705,70525,Control,EoSY,Grade 7,eosy,instructional,46,116,39.6551724137931
303136,7,706,70601,Control,EoSY,Grade 7,eosy,instructional,38,108,35.18518518518518
312435,7,707,70701,Control,EoSY,Grade 7,eosy,instructional,15,53,28.30188679245283
502186,11,1101,110101,Control,EoSY,Grade 7,eosy,instructional,5,19,26.31578947368421
500782,7,708,70801,Control,EoSY,Grade 7,eosy,instructional,99,286,34.61538461538461
306086,11,1106,110606,Control,EoSY,Grade 7,eosy,instructional,2,21,9.523809523809524
305755,7,705,70529,Control,EoSY,Grade 7,eosy,instructional,53,125,42.4
305665,11,1101,110101,Control,EoSY,Grade 7,eosy,instructional,12,28,42.857142857142854
501635,7,703,70301,Control,EoSY,Grade 7,eosy,instructional,49,77,63.63636363636363
305843,11,1110,111001,Control,EoSY,Grade 7,eosy,instructional,20,56,35.714285714285715
500894,7,705,70517,Control,EoSY,Grade 7,eosy,instructional,39,102,38.23529411764706
500671,7,705,70506,Control,EoSY,Grade 7,eosy,instructional,5,27,18.51851851851852
305847,11,1105,110503,Control,EoSY,Grade 7,eosy,instructional,19,49,38.775510204081634
500784,7,708,70801,Control,EoSY,Grade 7,eosy,instructional,11,21,52.38095238095238
501267,7,705,70525,Control,EoSY,Grade 7,eosy,instructional,4,12,33.333333333333336
306000,7,705,70525,Control,EoSY,Grade 7,eosy,instructional,35,53,66.0377358490566
305517,11,1106,110608,Control,EoSY,Grade 7,eosy,instructional,9,44,20.454545454545453
305713,7,710,71001,Control,EoSY,Grade 7,eosy,instructional,19,68,27.941176470588236
500768,7,705,70521,Control,EoSY,Grade 7,eosy,instructional,26,30,86.66666666666667
316303,11,1107,110701,Control,EoSY,Grade 7,eosy,instructional,10,55,18.181818181818183
316304,11,1107,110701,Control,EoSY,Grade 7,eosy,instructional,28,93,30.107526881720432
305506,11,1101,110101,Control,EoSY,Grade 7,eosy,instructional,8,20,40
500421,7,705,70507,Control,EoSY,Grade 7,eosy,instructional,12,77,15.584415584415584
305681,11,1110,111001,Control,EoSY,Grade 7,eosy,instructional,105,229,45.851528384279476
303186,7,711,71101,Control,EoSY,Grade 7,eosy,instructional,9,145,6.206896551724138
501429,7,714,71402,Control,EoSY,Grade 7,eosy,instructional,24,60,40
305844,11,1103,110303,Control,EoSY,Grade 7,eosy,instructional,26,54,48.148148148148145
305965,11,1110,111001,Control,EoSY,Grade 7,eosy,instructional,17,61,27.868852459016395
501076,11,1103,110305,Control,EoSY,Grade 7,eosy,instructional,6,14,42.857142857142854
305889,11,1101,110101,Control,EoSY,Grade 7,eosy,instructional,14,62,22.580645161290324
501074,11,1103,110306,Control,EoSY,Grade 7,eosy,instructional,11,73,15.068493150684931
312408,7,705,70530,Control,EoSY,Grade 7,eosy,instructional,23,72,31.944444444444443
501351,7,705,70522,Control,EoSY,Grade 7,eosy,instructional,17,74,22.972972972972972
501404,11,1101,110101,Control,EoSY,Grade 7,eosy,instructional,2,16,12.5
305660,11,1101,110101,Control,EoSY,Grade 7,eosy,instructional,25,45,55.55555555555556
303219,7,701,70101,Control,EoSY,Grade 7,eosy,instructional,58,145,40
312450,7,705,70522,Control,EoSY,Grade 7,eosy,instructional,37,80,46.25
324903,7,704,70401,Control,EoSY,Grade 7,eosy,instructional,17,41,41.46341463414634
501065,11,1101,110101,Control,EoSY,Grade 7,eosy,instructional,13,137,9.489051094890511
312451,7,705,70532,Control,EoSY,Grade 7,eosy,instructional,45,75,60
501763,11,1103,110305,Control,EoSY,Grade 7,eosy,instructional,29,44,65.9090909090909
316405,11,1110,111001,Control,EoSY,Grade 7,eosy,instructional,46,166,27.710843373493976
316404,11,1110,111001,Control,EoSY,Grade 7,eosy,instructional,26,63,41.26984126984127
316301,11,1107,110701,Control,EoSY,Grade 7,eosy,instructional,101,186,54.30107526881721
312910,7,710,71001,Control,EoSY,Grade 7,eosy,instructional,87,182,47.8021978021978
303011,7,705,70512,Control,EoSY,Grade 7,eosy,instructional,20,50,40
305651,11,1101,110101,Control,EoSY,Grade 7,eosy,instructional,4,35,11.428571428571429
305662,11,1101,110101,Control,EoSY,Grade 7,eosy,instructional,21,50,42
305850,11,1105,110503,Control,EoSY,Grade 7,eosy,instructional,15,32,46.875
312481,7,705,70518,Control,EoSY,Grade 7,eosy,instructional,55,199,27.63819095477387
304409,11,1110,111001,Control,EoSY,Grade 7,eosy,instructional,8,128,6.25
303246,7,713,71303,Control,EoSY,Grade 7,eosy,instructional,96,179,53.63128491620112
501405,11,1101,110101,Control,EoSY,Grade 7,eosy,instructional,23,65,35.38461538461539
305677,11,1105,110503,Control,EoSY,Grade 7,eosy,instructional,33,57,57.89473684210526
500447,7,708,70801,Control,EoSY,Grade 7,eosy,instructional,14,54,25.925925925925927
501305,7,708,70801,Control,EoSY,Grade 7,eosy,instructional,4,31,12.903225806451612
305917,7,708,70801,Control,EoSY,Grade 7,eosy,instructional,9,24,37.5
305722,7,703,70304,Control,EoSY,Grade 7,eosy,instructional,5,35,14.285714285714286
312953,7,713,71306,Control,EoSY,Grade 7,eosy,instructional,17,39,43.58974358974359
305498,11,1101,110101,Control,EoSY,Grade 7,eosy,instructional,5,80,6.25
305669,11,1101,110101,Control,EoSY,Grade 7,eosy,instructional,0,39,0
312960,7,710,71002,Control,EoSY,Grade 7,eosy,instructional,28,60,46.666666666666664
309906,5,508,50811,Treatment,EoSY,Grade 7,eosy,independent,6,123,4.878048780487805
309934,5,508,50806,Treatment,EoSY,Grade 7,eosy,independent,28,44,63.63636363636363
301871,5,501,50107,Treatment,EoSY,Grade 7,eosy,independent,0,72,0
302134,5,508,50804,Treatment,EoSY,Grade 7,eosy,independent,18,43,41.86046511627907
302117,5,508,50803,Treatment,EoSY,Grade 7,eosy,independent,27,82,32.926829268292686
309909,5,508,50801,Treatment,EoSY,Grade 7,eosy,independent,8,125,6.4
309915,5,508,50801,Treatment,EoSY,Grade 7,eosy,independent,8,43,18.6046511627907
501544,5,508,50815,Treatment,EoSY,Grade 7,eosy,independent,2,67,2.985074626865672
301887,5,502,50205,Treatment,EoSY,Grade 7,eosy,independent,20,95,21.05263157894737
302175,5,508,50820,Treatment,EoSY,Grade 7,eosy,independent,17,128,13.28125
302146,5,508,50812,Treatment,EoSY,Grade 7,eosy,independent,14,143,9.79020979020979
309921,5,508,50805,Treatment,EoSY,Grade 7,eosy,independent,66,95,69.47368421052632
302254,5,505,50501,Control,EoSY,Grade 7,eosy,independent,33,93,35.483870967741936
309513,5,501,50112,Control,EoSY,Grade 7,eosy,independent,18,123,14.634146341463415
500163,5,508,50801,Control,EoSY,Grade 7,eosy,independent,64,74,86.48648648648648
302058,5,503,50333,Control,EoSY,Grade 7,eosy,independent,9,88,10.227272727272727
302192,5,511,51103,Control,EoSY,Grade 7,eosy,independent,32,285,11.228070175438596
302227,5,511,51105,Control,EoSY,Grade 7,eosy,independent,7,92,7.608695652173913
302252,5,505,50501,Control,EoSY,Grade 7,eosy,independent,80,98,81.63265306122449
309914,5,508,50806,Control,EoSY,Grade 7,eosy,independent,61,226,26.991150442477878
309711,5,503,50317,Control,EoSY,Grade 7,eosy,independent,24,63,38.095238095238095
301817,5,507,50701,Control,EoSY,Grade 7,eosy,independent,39,100,39
302165,5,508,50816,Control,EoSY,Grade 7,eosy,independent,3,93,3.225806451612903
301974,5,503,50311,Treatment,EoSY,Grade 7,eosy,independent,7,85,8.235294117647058
302256,5,505,50501,Control,EoSY,Grade 7,eosy,independent,83,118,70.33898305084746
301834,5,501,50106,Control,EoSY,Grade 7,eosy,independent,80,162,49.382716049382715
309760,5,503,50306,Control,EoSY,Grade 7,eosy,independent,27,34,79.41176470588235
309936,5,508,50819,Control,EoSY,Grade 7,eosy,independent,36,48,75
302203,5,511,51102,Control,EoSY,Grade 7,eosy,independent,16,79,20.253164556962027
302011,5,503,50314,Control,EoSY,Grade 7,eosy,independent,40,235,17.02127659574468
500168,5,505,50501,Control,EoSY,Grade 7,eosy,independent,14,18,77.77777777777777
301947,5,503,50306,Control,EoSY,Grade 7,eosy,independent,114,360,31.666666666666668
309941,5,508,50812,Control,EoSY,Grade 7,eosy,independent,22,199,11.055276381909549
301839,5,501,50111,Control,EoSY,Grade 7,eosy,independent,86,86,100
501843,5,508,50818,Treatment,EoSY,Grade 7,eosy,independent,22,40,55
302111,5,508,50801,Control,EoSY,Grade 7,eosy,independent,113,485,23.298969072164947
302133,5,509,50901,Control,EoSY,Grade 7,eosy,independent,36,179,20.11173184357542
301990,5,503,50317,Control,EoSY,Grade 7,eosy,independent,12,65,18.46153846153846
309937,5,508,50819,Control,EoSY,Grade 7,eosy,independent,26,79,32.91139240506329
302241,5,511,51105,Control,EoSY,Grade 7,eosy,independent,10,60,16.666666666666668
500167,5,505,50501,Control,EoSY,Grade 7,eosy,independent,23,68,33.8235294117647
309764,5,503,50320,Control,EoSY,Grade 7,eosy,independent,0,35,0
302205,5,511,51106,Control,EoSY,Grade 7,eosy,independent,123,135,91.11111111111111
302014,5,503,50302,Control,EoSY,Grade 7,eosy,independent,13,161,8.074534161490684
309740,5,503,50315,Control,EoSY,Grade 7,eosy,independent,22,43,51.16279069767442
309741,5,503,50315,Control,EoSY,Grade 7,eosy,independent,17,105,16.19047619047619
302161,5,508,50803,Treatment,EoSY,Grade 7,eosy,independent,31,98,31.632653061224488
302113,5,508,50818,Treatment,EoSY,Grade 7,eosy,independent,56,97,57.7319587628866
302127,5,508,50817,Control,EoSY,Grade 7,eosy,independent,14,48,29.166666666666668
301899,5,502,50205,Control,EoSY,Grade 7,eosy,independent,59,131,45.038167938931295
309509,5,501,50113,Control,EoSY,Grade 7,eosy,independent,46,89,51.68539325842696
309903,5,508,50816,Control,EoSY,Grade 7,eosy,independent,26,94,27.659574468085108
301995,5,503,50310,Control,EoSY,Grade 7,eosy,independent,30,60,50
309702,5,503,50325,Control,EoSY,Grade 7,eosy,independent,49,241,20.33195020746888
501020,5,503,50310,Control,EoSY,Grade 7,eosy,independent,4,33,12.121212121212121
309743,5,503,50332,Control,EoSY,Grade 7,eosy,independent,30,104,28.846153846153847
301816,5,501,50101,Control,EoSY,Grade 7,eosy,independent,37,119,31.092436974789916
302054,5,503,50315,Control,EoSY,Grade 7,eosy,independent,34,118,28.8135593220339
301862,5,507,50701,Control,EoSY,Grade 7,eosy,independent,0,231,0
502477,5,501,50108,Control,EoSY,Grade 7,eosy,independent,17,27,62.96296296296296
302283,5,513,51301,Control,EoSY,Grade 7,eosy,independent,60,304,19.736842105263158
301900,5,502,50206,Control,EoSY,Grade 7,eosy,independent,12,28,42.857142857142854
302123,5,508,50808,Control,EoSY,Grade 7,eosy,independent,0,83,0
309512,5,501,50110,Control,EoSY,Grade 7,eosy,independent,11,25,44
302284,5,513,51301,Control,EoSY,Grade 7,eosy,independent,17,180,9.444444444444445
500034,5,508,50819,Control,EoSY,Grade 7,eosy,independent,1,19,5.2631578947368425
302043,5,503,50305,Control,EoSY,Grade 7,eosy,independent,13,213,6.103286384976526
302182,5,511,51107,Control,EoSY,Grade 7,eosy,independent,24,82,29.26829268292683
301986,5,503,50334,Control,EoSY,Grade 7,eosy,independent,45,182,24.725274725274726
302109,5,508,50817,Control,EoSY,Grade 7,eosy,independent,4,249,1.606425702811245
302061,5,503,50311,Control,EoSY,Grade 7,eosy,independent,61,81,75.30864197530865
309931,5,508,50802,Control,EoSY,Grade 7,eosy,independent,10,87,11.494252873563218
301984,5,503,50331,Control,EoSY,Grade 7,eosy,independent,90,187,48.1283422459893
302156,5,508,50803,Control,EoSY,Grade 7,eosy,independent,54,102,52.94117647058823
309705,5,503,50330,Control,EoSY,Grade 7,eosy,independent,14,87,16.091954022988507
500165,5,508,50804,Control,EoSY,Grade 7,eosy,independent,0,47,0
301930,5,503,50328,Control,EoSY,Grade 7,eosy,independent,6,92,6.521739130434782
302177,5,508,50806,Control,EoSY,Grade 7,eosy,independent,21,114,18.42105263157895
302282,5,513,51301,Control,EoSY,Grade 7,eosy,independent,132,286,46.15384615384615
502615,5,508,50802,Control,EoSY,Grade 7,eosy,independent,0,3,0
302263,5,506,50601,Control,EoSY,Grade 7,eosy,independent,20,61,32.78688524590164
301826,5,501,50103,Control,EoSY,Grade 7,eosy,independent,22,56,39.285714285714285
305750,5,513,51301,Control,EoSY,Grade 7,eosy,independent,12,66,18.181818181818183
301870,5,501,50110,Control,EoSY,Grade 7,eosy,independent,25,122,20.491803278688526
302039,5,503,50316,Control,EoSY,Grade 7,eosy,independent,108,299,36.12040133779264
301868,5,501,50112,Control,EoSY,Grade 7,eosy,independent,148,236,62.71186440677966
301963,5,503,50316,Control,EoSY,Grade 7,eosy,independent,85,215,39.53488372093023
340567,15,1505,150501,Treatment,EoSY,Grade 7,eosy,independent,142,246,57.72357723577236
320606,15,1515,151502,Treatment,EoSY,Grade 7,eosy,independent,86,307,28.01302931596091
320202,15,1511,151101,Treatment,EoSY,Grade 7,eosy,independent,3,150,2
305310,15,1507,150703,Treatment,EoSY,Grade 7,eosy,independent,149,231,64.5021645021645
305418,15,1513,151301,Treatment,EoSY,Grade 7,eosy,independent,422,1189,35.49201009251472
500565,15,1515,151502,Treatment,EoSY,Grade 7,eosy,independent,347,876,39.61187214611872
301258,4,413,41308,Treatment,EoSY,Grade 7,eosy,independent,23,513,4.483430799220273
301214,4,411,41101,Treatment,EoSY,Grade 7,eosy,independent,358,640,55.9375
301497,4,414,41401,Treatment,EoSY,Grade 7,eosy,independent,186,372,50
305411,15,1515,151502,Treatment,EoSY,Grade 7,eosy,independent,85,670,12.686567164179104
305420,15,1513,151301,Treatment,EoSY,Grade 7,eosy,independent,621,1356,45.796460176991154
301231,4,413,41302,Control,EoSY,Grade 7,eosy,independent,117,225,52
301188,4,402,40201,Control,EoSY,Grade 7,eosy,independent,198,631,31.37876386687797
307913,4,413,41309,Control,EoSY,Grade 7,eosy,independent,330,334,98.80239520958084
500566,15,1507,150710,Control,EoSY,Grade 7,eosy,independent,284,700,40.57142857142857
305453,15,1510,151001,Control,EoSY,Grade 7,eosy,independent,87,269,32.342007434944236
305311,15,1507,150702,Control,EoSY,Grade 7,eosy,independent,86,270,31.85185185185185
301425,4,401,40101,Control,EoSY,Grade 7,eosy,independent,146,1000,14.6
301202,4,408,40812,Control,EoSY,Grade 7,eosy,independent,50,415,12.048192771084338
305412,15,1515,151502,Control,EoSY,Grade 7,eosy,independent,581,1128,51.50709219858156
308105,4,417,41703,Control,EoSY,Grade 7,eosy,independent,323,614,52.60586319218241
305341,15,1514,151401,Control,EoSY,Grade 7,eosy,independent,505,1289,39.17765709852599
319604,15,1512,151201,Control,EoSY,Grade 7,eosy,independent,53,69,76.81159420289855
305568,15,1516,151601,Control,EoSY,Grade 7,eosy,independent,257,467,55.03211991434689
305434,15,1503,150301,Control,EoSY,Grade 7,eosy,independent,364,606,60.06600660066007
301464,4,417,41710,Control,EoSY,Grade 7,eosy,independent,203,558,36.37992831541219
305461,15,1515,151502,Control,EoSY,Grade 7,eosy,independent,162,319,50.78369905956113
305384,15,1501,150101,Control,EoSY,Grade 7,eosy,independent,310,313,99.04153354632588
301143,4,421,42101,Control,EoSY,Grade 7,eosy,independent,210,1193,17.60268231349539
305340,15,1514,151401,Control,EoSY,Grade 7,eosy,independent,934,1258,74.24483306836248
305302,15,1507,150709,Treatment,EoSY,Grade 7,eosy,independent,404,1087,37.16651333946642
308103,4,417,41712,Control,EoSY,Grade 7,eosy,independent,54,404,13.366336633663366
308130,4,417,41711,Control,EoSY,Grade 7,eosy,independent,40,172,23.25581395348837
301227,4,420,42001,Control,EoSY,Grade 7,eosy,independent,692,989,69.96966632962588
305334,15,1514,151401,Control,EoSY,Grade 7,eosy,independent,93,253,36.758893280632414
305367,15,1512,151201,Control,EoSY,Grade 7,eosy,independent,1067,1074,99.34823091247672
305635,15,1514,151401,Control,EoSY,Grade 7,eosy,independent,461,523,88.14531548757171
301218,4,408,40814,Control,EoSY,Grade 7,eosy,independent,857,2068,41.44100580270793
308501,4,415,41501,Control,EoSY,Grade 7,eosy,independent,532,721,73.7864077669903
500332,15,1506,150601,Control,EoSY,Grade 7,eosy,independent,177,293,60.40955631399317
305471,15,1509,150901,Control,EoSY,Grade 7,eosy,independent,194,376,51.59574468085106
305376,15,1501,150101,Treatment,EoSY,Grade 7,eosy,independent,433,438,98.85844748858447
301432,4,417,41705,Control,EoSY,Grade 7,eosy,independent,68,600,11.333333333333334
305459,15,1515,151502,Control,EoSY,Grade 7,eosy,independent,104,212,49.056603773584904
305313,15,1507,150708,Control,EoSY,Grade 7,eosy,independent,284,405,70.12345679012346
301186,4,410,41001,Control,EoSY,Grade 7,eosy,independent,448,2060,21.74757281553398
301184,4,410,41001,Control,EoSY,Grade 7,eosy,independent,169,1296,13.040123456790123
305295,15,1507,150710,Control,EoSY,Grade 7,eosy,independent,479,783,61.17496807151979
301416,4,422,42201,Control,EoSY,Grade 7,eosy,independent,48,160,30
305450,15,1505,150501,Treatment,EoSY,Grade 7,eosy,independent,36,482,7.468879668049793
301403,4,416,41606,Control,EoSY,Grade 7,eosy,independent,39,545,7.155963302752293
301451,4,417,41708,Control,EoSY,Grade 7,eosy,independent,103,369,27.913279132791327
305338,15,1514,151401,Control,EoSY,Grade 7,eosy,independent,36,860,4.186046511627907
301257,4,413,41312,Control,EoSY,Grade 7,eosy,independent,489,2000,24.45
305416,15,1513,151301,Control,EoSY,Grade 7,eosy,independent,346,757,45.70673712021136
305337,15,1514,151401,Control,EoSY,Grade 7,eosy,independent,332,2523,13.158937772493063
305353,15,1514,151401,Control,EoSY,Grade 7,eosy,independent,22,407,5.405405405405405
301197,4,408,40812,Control,EoSY,Grade 7,eosy,independent,17,17,100
301236,4,413,41308,Treatment,EoSY,Grade 7,eosy,independent,19,290,6.551724137931035
305444,15,1516,151601,Control,EoSY,Grade 7,eosy,independent,45,145,31.03448275862069
320306,15,1503,150301,Control,EoSY,Grade 7,eosy,independent,396,863,45.8864426419467
301489,4,414,41401,Control,EoSY,Grade 7,eosy,independent,114,385,29.61038961038961
301507,4,418,41801,Control,EoSY,Grade 7,eosy,independent,37,139,26.618705035971225
301456,4,417,41710,Control,EoSY,Grade 7,eosy,independent,356,639,55.71205007824726
301238,4,413,41303,Control,EoSY,Grade 7,eosy,independent,21,74,28.37837837837838
305438,15,1516,151601,Control,EoSY,Grade 7,eosy,independent,18,847,2.125147579693034
305324,15,1514,151401,Control,EoSY,Grade 7,eosy,independent,60,95,63.1578947368421
305454,15,1510,151001,Control,EoSY,Grade 7,eosy,independent,68,138,49.27536231884058
308122,4,417,41708,Control,EoSY,Grade 7,eosy,independent,23,201,11.442786069651742
301508,4,418,41801,Control,EoSY,Grade 7,eosy,independent,72,324,22.22222222222222
305465,15,1515,151502,Control,EoSY,Grade 7,eosy,independent,319,738,43.22493224932249
305428,15,1511,151101,Control,EoSY,Grade 7,eosy,independent,278,351,79.2022792022792
301175,4,408,40807,Control,EoSY,Grade 7,eosy,independent,556,701,79.31526390870185
301437,4,417,41704,Control,EoSY,Grade 7,eosy,independent,564,1031,54.704170708050434
320204,15,1511,151101,Control,EoSY,Grade 7,eosy,independent,78,569,13.708260105448154
305447,15,1505,150501,Control,EoSY,Grade 7,eosy,independent,56,106,52.83018867924528
301438,4,417,41704,Control,EoSY,Grade 7,eosy,independent,145,524,27.671755725190838
308135,4,417,41708,Control,EoSY,Grade 7,eosy,independent,80,327,24.464831804281346
301418,4,401,40101,Control,EoSY,Grade 7,eosy,independent,668,3331,20.054037826478535
305288,15,1507,150710,Control,EoSY,Grade 7,eosy,independent,331,639,51.799687010954614
301265,4,413,41301,Control,EoSY,Grade 7,eosy,independent,165,425,38.8235294117647
305442,15,1516,151601,Control,EoSY,Grade 7,eosy,independent,12,249,4.819277108433735
500339,15,1505,150501,Control,EoSY,Grade 7,eosy,independent,285,348,81.89655172413794
305435,15,1503,150301,Control,EoSY,Grade 7,eosy,independent,49,127,38.58267716535433
308134,4,417,41708,Control,EoSY,Grade 7,eosy,independent,248,643,38.5692068429238
305452,15,1505,150501,Control,EoSY,Grade 7,eosy,independent,424,617,68.7196110210697
312330,7,703,70308,Treatment,EoSY,Grade 7,eosy,independent,30,86,34.883720930232556
305710,7,703,70302,Treatment,EoSY,Grade 7,eosy,independent,13,83,15.662650602409638
305655,11,1101,110101,Treatment,EoSY,Grade 7,eosy,independent,14,26,53.84615384615385
305581,7,703,70303,Treatment,EoSY,Grade 7,eosy,independent,9,47,19.148936170212767
303130,7,703,70309,Treatment,EoSY,Grade 7,eosy,independent,22,184,11.956521739130435
312354,7,703,70309,Treatment,EoSY,Grade 7,eosy,independent,11,27,40.74074074074074
305849,11,1105,110503,Treatment,EoSY,Grade 7,eosy,independent,1,28,3.5714285714285716
305500,11,1101,110101,Treatment,EoSY,Grade 7,eosy,independent,5,36,13.88888888888889
312355,7,703,70304,Treatment,EoSY,Grade 7,eosy,independent,10,38,26.31578947368421
501903,11,1110,111001,Treatment,EoSY,Grade 7,eosy,independent,2,31,6.451612903225806
500665,7,705,70527,Control,EoSY,Grade 7,eosy,independent,1,102,0.9803921568627451
312462,7,705,70520,Control,EoSY,Grade 7,eosy,independent,14,18,77.77777777777777
306038,11,1102,110202,Control,EoSY,Grade 7,eosy,independent,7,34,20.58823529411765
500221,7,705,70527,Control,EoSY,Grade 7,eosy,independent,0,24,0
500744,7,708,70801,Control,EoSY,Grade 7,eosy,independent,54,56,96.42857142857143
305884,11,1101,110101,Control,EoSY,Grade 7,eosy,independent,57,121,47.107438016528924
303170,7,709,70901,Control,EoSY,Grade 7,eosy,independent,18,45,40
500787,7,708,70801,Control,EoSY,Grade 7,eosy,independent,25,51,49.01960784313726
500667,7,705,70528,Control,EoSY,Grade 7,eosy,independent,25,70,35.714285714285715
501071,11,1101,110101,Control,EoSY,Grade 7,eosy,independent,7,14,50
303046,7,705,70527,Control,EoSY,Grade 7,eosy,independent,23,86,26.74418604651163
325303,7,707,70701,Control,EoSY,Grade 7,eosy,independent,17,77,22.07792207792208
500208,7,703,70305,Control,EoSY,Grade 7,eosy,independent,2,19,10.526315789473685
312401,7,705,70525,Control,EoSY,Grade 7,eosy,independent,34,116,29.310344827586206
303136,7,706,70601,Control,EoSY,Grade 7,eosy,independent,18,108,16.666666666666668
312435,7,707,70701,Control,EoSY,Grade 7,eosy,independent,6,53,11.320754716981131
502186,11,1101,110101,Control,EoSY,Grade 7,eosy,independent,7,19,36.8421052631579
500782,7,708,70801,Control,EoSY,Grade 7,eosy,independent,177,286,61.88811188811189
306086,11,1106,110606,Control,EoSY,Grade 7,eosy,independent,0,21,0
305755,7,705,70529,Control,EoSY,Grade 7,eosy,independent,70,125,56
305665,11,1101,110101,Control,EoSY,Grade 7,eosy,independent,16,28,57.142857142857146
501635,7,703,70301,Control,EoSY,Grade 7,eosy,independent,26,77,33.76623376623377
305843,11,1110,111001,Control,EoSY,Grade 7,eosy,independent,24,56,42.857142857142854
500894,7,705,70517,Control,EoSY,Grade 7,eosy,independent,17,102,16.666666666666668
500671,7,705,70506,Control,EoSY,Grade 7,eosy,independent,19,27,70.37037037037037
305847,11,1105,110503,Control,EoSY,Grade 7,eosy,independent,25,49,51.02040816326531
500784,7,708,70801,Control,EoSY,Grade 7,eosy,independent,4,21,19.047619047619047
501267,7,705,70525,Control,EoSY,Grade 7,eosy,independent,8,12,66.66666666666667
306000,7,705,70525,Control,EoSY,Grade 7,eosy,independent,15,53,28.30188679245283
305517,11,1106,110608,Control,EoSY,Grade 7,eosy,independent,6,44,13.636363636363637
305713,7,710,71001,Control,EoSY,Grade 7,eosy,independent,0,68,0
500768,7,705,70521,Control,EoSY,Grade 7,eosy,independent,4,30,13.333333333333334
316303,11,1107,110701,Control,EoSY,Grade 7,eosy,independent,45,55,81.81818181818181
316304,11,1107,110701,Control,EoSY,Grade 7,eosy,independent,40,93,43.01075268817204
305506,11,1101,110101,Control,EoSY,Grade 7,eosy,independent,9,20,45
500421,7,705,70507,Control,EoSY,Grade 7,eosy,independent,2,77,2.5974025974025974
305681,11,1110,111001,Control,EoSY,Grade 7,eosy,independent,106,229,46.2882096069869
303186,7,711,71101,Control,EoSY,Grade 7,eosy,independent,135,145,93.10344827586206
501429,7,714,71402,Control,EoSY,Grade 7,eosy,independent,28,60,46.666666666666664
305844,11,1103,110303,Control,EoSY,Grade 7,eosy,independent,19,54,35.18518518518518
305965,11,1110,111001,Control,EoSY,Grade 7,eosy,independent,41,61,67.21311475409836
501076,11,1103,110305,Control,EoSY,Grade 7,eosy,independent,1,14,7.142857142857143
305889,11,1101,110101,Control,EoSY,Grade 7,eosy,independent,39,62,62.903225806451616
501074,11,1103,110306,Control,EoSY,Grade 7,eosy,independent,3,73,4.109589041095891
312408,7,705,70530,Control,EoSY,Grade 7,eosy,independent,31,72,43.05555555555556
501351,7,705,70522,Control,EoSY,Grade 7,eosy,independent,57,74,77.02702702702703
501404,11,1101,110101,Control,EoSY,Grade 7,eosy,independent,12,16,75
305660,11,1101,110101,Control,EoSY,Grade 7,eosy,independent,13,45,28.88888888888889
303219,7,701,70101,Control,EoSY,Grade 7,eosy,independent,84,145,57.93103448275862
312450,7,705,70522,Control,EoSY,Grade 7,eosy,independent,24,80,30
324903,7,704,70401,Control,EoSY,Grade 7,eosy,independent,0,41,0
501065,11,1101,110101,Control,EoSY,Grade 7,eosy,independent,114,137,83.21167883211679
312451,7,705,70532,Control,EoSY,Grade 7,eosy,independent,5,75,6.666666666666667
501763,11,1103,110305,Control,EoSY,Grade 7,eosy,independent,10,44,22.727272727272727
316405,11,1110,111001,Control,EoSY,Grade 7,eosy,independent,15,166,9.036144578313253
316404,11,1110,111001,Control,EoSY,Grade 7,eosy,independent,22,63,34.92063492063492
316301,11,1107,110701,Control,EoSY,Grade 7,eosy,independent,67,186,36.02150537634409
312910,7,710,71001,Control,EoSY,Grade 7,eosy,independent,43,182,23.626373626373628
303011,7,705,70512,Control,EoSY,Grade 7,eosy,independent,8,50,16
305651,11,1101,110101,Control,EoSY,Grade 7,eosy,independent,30,35,85.71428571428571
305662,11,1101,110101,Control,EoSY,Grade 7,eosy,independent,13,50,26
305850,11,1105,110503,Control,EoSY,Grade 7,eosy,independent,10,32,31.25
312481,7,705,70518,Control,EoSY,Grade 7,eosy,independent,139,199,69.84924623115577
304409,11,1110,111001,Control,EoSY,Grade 7,eosy,independent,0,128,0
303246,7,713,71303,Control,EoSY,Grade 7,eosy,independent,47,179,26.256983240223462
501405,11,1101,110101,Control,EoSY,Grade 7,eosy,independent,36,65,55.38461538461539
305677,11,1105,110503,Control,EoSY,Grade 7,eosy,independent,14,57,24.56140350877193
500447,7,708,70801,Control,EoSY,Grade 7,eosy,independent,29,54,53.7037037037037
501305,7,708,70801,Control,EoSY,Grade 7,eosy,independent,27,31,87.09677419354838
305917,7,708,70801,Control,EoSY,Grade 7,eosy,independent,2,24,8.333333333333334
305722,7,703,70304,Control,EoSY,Grade 7,eosy,independent,23,35,65.71428571428571
312953,7,713,71306,Control,EoSY,Grade 7,eosy,independent,19,39,48.717948717948715
305498,11,1101,110101,Control,EoSY,Grade 7,eosy,independent,8,80,10
305669,11,1101,110101,Control,EoSY,Grade 7,eosy,independent,36,39,92.3076923076923
312960,7,710,71002,Control,EoSY,Grade 7,eosy,independent,14,60,23.333333333333332
309906,5,508,50811,Treatment,EoSY,Grade 8,eosy,frustration,52,149,34.899328859060404
309934,5,508,50806,Treatment,EoSY,Grade 8,eosy,frustration,2,37,5.405405405405405
301871,5,501,50107,Treatment,EoSY,Grade 8,eosy,frustration,97,97,100
302134,5,508,50804,Treatment,EoSY,Grade 8,eosy,frustration,2,22,9.090909090909092
302117,5,508,50803,Treatment,EoSY,Grade 8,eosy,frustration,7,58,12.068965517241379
309909,5,508,50801,Treatment,EoSY,Grade 8,eosy,frustration,96,107,89.7196261682243
309915,5,508,50801,Treatment,EoSY,Grade 8,eosy,frustration,10,32,31.25
501544,5,508,50815,Treatment,EoSY,Grade 8,eosy,frustration,26,60,43.333333333333336
301887,5,502,50205,Treatment,EoSY,Grade 8,eosy,frustration,24,77,31.16883116883117
302175,5,508,50820,Treatment,EoSY,Grade 8,eosy,frustration,21,91,23.076923076923077
302146,5,508,50812,Treatment,EoSY,Grade 8,eosy,frustration,84,122,68.85245901639344
309921,5,508,50805,Treatment,EoSY,Grade 8,eosy,frustration,3,68,4.411764705882353
302254,5,505,50501,Control,EoSY,Grade 8,eosy,frustration,7,95,7.368421052631579
309513,5,501,50112,Control,EoSY,Grade 8,eosy,frustration,52,95,54.73684210526316
500163,5,508,50801,Control,EoSY,Grade 8,eosy,frustration,2,89,2.247191011235955
302058,5,503,50333,Control,EoSY,Grade 8,eosy,frustration,48,67,71.64179104477611
302192,5,511,51103,Control,EoSY,Grade 8,eosy,frustration,170,286,59.44055944055944
302227,5,511,51105,Control,EoSY,Grade 8,eosy,frustration,65,68,95.58823529411765
302252,5,505,50501,Control,EoSY,Grade 8,eosy,frustration,0,89,0
309914,5,508,50806,Control,EoSY,Grade 8,eosy,frustration,48,184,26.08695652173913
309711,5,503,50317,Control,EoSY,Grade 8,eosy,frustration,20,69,28.985507246376812
301817,5,507,50701,Control,EoSY,Grade 8,eosy,frustration,71,95,74.73684210526316
302165,5,508,50816,Control,EoSY,Grade 8,eosy,frustration,56,73,76.71232876712328
301974,5,503,50311,Treatment,EoSY,Grade 8,eosy,frustration,42,81,51.851851851851855
302256,5,505,50501,Control,EoSY,Grade 8,eosy,frustration,3,107,2.803738317757009
301834,5,501,50106,Control,EoSY,Grade 8,eosy,frustration,1,178,0.5617977528089888
309760,5,503,50306,Control,EoSY,Grade 8,eosy,frustration,2,56,3.5714285714285716
309936,5,508,50819,Control,EoSY,Grade 8,eosy,frustration,4,49,8.16326530612245
302203,5,511,51102,Control,EoSY,Grade 8,eosy,frustration,2,39,5.128205128205129
302011,5,503,50314,Control,EoSY,Grade 8,eosy,frustration,74,196,37.755102040816325
500168,5,505,50501,Control,EoSY,Grade 8,eosy,frustration,0,17,0
301947,5,503,50306,Control,EoSY,Grade 8,eosy,frustration,143,329,43.46504559270517
309941,5,508,50812,Control,EoSY,Grade 8,eosy,frustration,140,216,64.81481481481481
301839,5,501,50111,Control,EoSY,Grade 8,eosy,frustration,0,82,0
501843,5,508,50818,Treatment,EoSY,Grade 8,eosy,frustration,6,46,13.043478260869565
302111,5,508,50801,Control,EoSY,Grade 8,eosy,frustration,239,481,49.688149688149686
302133,5,509,50901,Control,EoSY,Grade 8,eosy,frustration,36,188,19.148936170212767
301990,5,503,50317,Control,EoSY,Grade 8,eosy,frustration,16,61,26.229508196721312
309937,5,508,50819,Control,EoSY,Grade 8,eosy,frustration,2,72,2.7777777777777777
302241,5,511,51105,Control,EoSY,Grade 8,eosy,frustration,28,55,50.90909090909091
500167,5,505,50501,Control,EoSY,Grade 8,eosy,frustration,13,69,18.840579710144926
309764,5,503,50320,Control,EoSY,Grade 8,eosy,frustration,55,57,96.49122807017544
302205,5,511,51106,Control,EoSY,Grade 8,eosy,frustration,3,103,2.912621359223301
302014,5,503,50302,Control,EoSY,Grade 8,eosy,frustration,114,149,76.51006711409396
309740,5,503,50315,Control,EoSY,Grade 8,eosy,frustration,13,72,18.055555555555557
309741,5,503,50315,Control,EoSY,Grade 8,eosy,frustration,57,94,60.638297872340424
302161,5,508,50803,Treatment,EoSY,Grade 8,eosy,frustration,31,74,41.891891891891895
302113,5,508,50818,Treatment,EoSY,Grade 8,eosy,frustration,8,111,7.207207207207207
302127,5,508,50817,Control,EoSY,Grade 8,eosy,frustration,32,52,61.53846153846154
301899,5,502,50205,Control,EoSY,Grade 8,eosy,frustration,7,142,4.929577464788732
309509,5,501,50113,Control,EoSY,Grade 8,eosy,frustration,25,83,30.120481927710845
309903,5,508,50816,Control,EoSY,Grade 8,eosy,frustration,20,65,30.76923076923077
301995,5,503,50310,Control,EoSY,Grade 8,eosy,frustration,3,75,4
309702,5,503,50325,Control,EoSY,Grade 8,eosy,frustration,197,261,75.47892720306514
501020,5,503,50310,Control,EoSY,Grade 8,eosy,frustration,20,25,80
309743,5,503,50332,Control,EoSY,Grade 8,eosy,frustration,20,99,20.2020202020202
301816,5,501,50101,Control,EoSY,Grade 8,eosy,frustration,21,145,14.482758620689655
302054,5,503,50315,Control,EoSY,Grade 8,eosy,frustration,15,116,12.931034482758621
301862,5,507,50701,Control,EoSY,Grade 8,eosy,frustration,199,224,88.83928571428571
502477,5,501,50108,Control,EoSY,Grade 8,eosy,frustration,0,32,0
302283,5,513,51301,Control,EoSY,Grade 8,eosy,frustration,235,304,77.30263157894737
301900,5,502,50206,Control,EoSY,Grade 8,eosy,frustration,6,58,10.344827586206897
302123,5,508,50808,Control,EoSY,Grade 8,eosy,frustration,58,92,63.04347826086956
309512,5,501,50110,Control,EoSY,Grade 8,eosy,frustration,0,23,0
302284,5,513,51301,Control,EoSY,Grade 8,eosy,frustration,132,146,90.41095890410959
500034,5,508,50819,Control,EoSY,Grade 8,eosy,frustration,35,42,83.33333333333333
302043,5,503,50305,Control,EoSY,Grade 8,eosy,frustration,89,186,47.8494623655914
302182,5,511,51107,Control,EoSY,Grade 8,eosy,frustration,29,88,32.95454545454545
301986,5,503,50334,Control,EoSY,Grade 8,eosy,frustration,16,168,9.523809523809524
302109,5,508,50817,Control,EoSY,Grade 8,eosy,frustration,194,241,80.49792531120332
302061,5,503,50311,Control,EoSY,Grade 8,eosy,frustration,0,61,0
309931,5,508,50802,Control,EoSY,Grade 8,eosy,frustration,30,75,40
301984,5,503,50331,Control,EoSY,Grade 8,eosy,frustration,97,180,53.888888888888886
302156,5,508,50803,Control,EoSY,Grade 8,eosy,frustration,5,105,4.761904761904762
309705,5,503,50330,Control,EoSY,Grade 8,eosy,frustration,74,89,83.14606741573034
500165,5,508,50804,Control,EoSY,Grade 8,eosy,frustration,43,43,100
301930,5,503,50328,Control,EoSY,Grade 8,eosy,frustration,85,106,80.18867924528301
302177,5,508,50806,Control,EoSY,Grade 8,eosy,frustration,11,98,11.224489795918368
302282,5,513,51301,Control,EoSY,Grade 8,eosy,frustration,8,358,2.2346368715083798
502615,5,508,50802,Control,EoSY,Grade 8,eosy,frustration,0,0,NA
302263,5,506,50601,Control,EoSY,Grade 8,eosy,frustration,24,84,28.571428571428573
301826,5,501,50103,Control,EoSY,Grade 8,eosy,frustration,2,44,4.545454545454546
305750,5,513,51301,Control,EoSY,Grade 8,eosy,frustration,19,79,24.050632911392405
301870,5,501,50110,Control,EoSY,Grade 8,eosy,frustration,21,142,14.788732394366198
302039,5,503,50316,Control,EoSY,Grade 8,eosy,frustration,12,244,4.918032786885246
301868,5,501,50112,Control,EoSY,Grade 8,eosy,frustration,17,241,7.053941908713693
301963,5,503,50316,Control,EoSY,Grade 8,eosy,frustration,1,219,0.45662100456621
340567,15,1505,150501,Treatment,EoSY,Grade 8,eosy,frustration,14,237,5.9071729957805905
320606,15,1515,151502,Treatment,EoSY,Grade 8,eosy,frustration,52,420,12.380952380952381
320202,15,1511,151101,Treatment,EoSY,Grade 8,eosy,frustration,55,138,39.85507246376812
305310,15,1507,150703,Treatment,EoSY,Grade 8,eosy,frustration,6,84,7.142857142857143
305418,15,1513,151301,Treatment,EoSY,Grade 8,eosy,frustration,108,1053,10.256410256410257
500565,15,1515,151502,Treatment,EoSY,Grade 8,eosy,frustration,40,834,4.796163069544365
301258,4,413,41308,Treatment,EoSY,Grade 8,eosy,frustration,271,536,50.559701492537314
301214,4,411,41101,Treatment,EoSY,Grade 8,eosy,frustration,56,503,11.133200795228628
301497,4,414,41401,Treatment,EoSY,Grade 8,eosy,frustration,6,356,1.6853932584269662
305411,15,1515,151502,Treatment,EoSY,Grade 8,eosy,frustration,90,782,11.508951406649617
305420,15,1513,151301,Treatment,EoSY,Grade 8,eosy,frustration,70,1345,5.204460966542751
301231,4,413,41302,Control,EoSY,Grade 8,eosy,frustration,5,233,2.1459227467811157
301188,4,402,40201,Control,EoSY,Grade 8,eosy,frustration,6,603,0.9950248756218906
307913,4,413,41309,Control,EoSY,Grade 8,eosy,frustration,2,329,0.60790273556231
500566,15,1507,150710,Control,EoSY,Grade 8,eosy,frustration,229,584,39.21232876712329
305453,15,1510,151001,Control,EoSY,Grade 8,eosy,frustration,0,789,0
305311,15,1507,150702,Control,EoSY,Grade 8,eosy,frustration,52,282,18.43971631205674
301425,4,401,40101,Control,EoSY,Grade 8,eosy,frustration,369,1016,36.318897637795274
301202,4,408,40812,Control,EoSY,Grade 8,eosy,frustration,41,370,11.08108108108108
305412,15,1515,151502,Control,EoSY,Grade 8,eosy,frustration,183,1157,15.816767502160761
308105,4,417,41703,Control,EoSY,Grade 8,eosy,frustration,63,528,11.931818181818182
305341,15,1514,151401,Control,EoSY,Grade 8,eosy,frustration,664,1307,50.80336648814078
319604,15,1512,151201,Control,EoSY,Grade 8,eosy,frustration,0,71,0
305568,15,1516,151601,Control,EoSY,Grade 8,eosy,frustration,40,403,9.925558312655086
305434,15,1503,150301,Control,EoSY,Grade 8,eosy,frustration,5,295,1.694915254237288
301464,4,417,41710,Control,EoSY,Grade 8,eosy,frustration,22,495,4.444444444444445
305461,15,1515,151502,Control,EoSY,Grade 8,eosy,frustration,12,424,2.830188679245283
305384,15,1501,150101,Control,EoSY,Grade 8,eosy,frustration,0,328,0
301143,4,421,42101,Control,EoSY,Grade 8,eosy,frustration,35,1088,3.2169117647058822
305340,15,1514,151401,Control,EoSY,Grade 8,eosy,frustration,30,1062,2.824858757062147
305302,15,1507,150709,Treatment,EoSY,Grade 8,eosy,frustration,211,1040,20.28846153846154
308103,4,417,41712,Control,EoSY,Grade 8,eosy,frustration,24,361,6.648199445983379
308130,4,417,41711,Control,EoSY,Grade 8,eosy,frustration,15,134,11.194029850746269
301227,4,420,42001,Control,EoSY,Grade 8,eosy,frustration,16,968,1.6528925619834711
305334,15,1514,151401,Control,EoSY,Grade 8,eosy,frustration,25,273,9.157509157509157
305367,15,1512,151201,Control,EoSY,Grade 8,eosy,frustration,0,986,0
305635,15,1514,151401,Control,EoSY,Grade 8,eosy,frustration,5,469,1.0660980810234542
301218,4,408,40814,Control,EoSY,Grade 8,eosy,frustration,22,1907,1.1536444677503932
308501,4,415,41501,Control,EoSY,Grade 8,eosy,frustration,34,655,5.190839694656488
500332,15,1506,150601,Control,EoSY,Grade 8,eosy,frustration,17,287,5.923344947735192
305471,15,1509,150901,Control,EoSY,Grade 8,eosy,frustration,51,297,17.171717171717173
305376,15,1501,150101,Treatment,EoSY,Grade 8,eosy,frustration,0,489,0
301432,4,417,41705,Control,EoSY,Grade 8,eosy,frustration,212,597,35.5108877721943
305459,15,1515,151502,Control,EoSY,Grade 8,eosy,frustration,12,167,7.18562874251497
305313,15,1507,150708,Control,EoSY,Grade 8,eosy,frustration,4,363,1.1019283746556474
301186,4,410,41001,Control,EoSY,Grade 8,eosy,frustration,170,1755,9.686609686609687
301184,4,410,41001,Control,EoSY,Grade 8,eosy,frustration,556,1134,49.029982363315696
305295,15,1507,150710,Control,EoSY,Grade 8,eosy,frustration,2,510,0.39215686274509803
301416,4,422,42201,Control,EoSY,Grade 8,eosy,frustration,33,169,19.526627218934912
305450,15,1505,150501,Treatment,EoSY,Grade 8,eosy,frustration,99,488,20.28688524590164
301403,4,416,41606,Control,EoSY,Grade 8,eosy,frustration,407,491,82.89205702647658
301451,4,417,41708,Control,EoSY,Grade 8,eosy,frustration,6,362,1.6574585635359116
305338,15,1514,151401,Control,EoSY,Grade 8,eosy,frustration,583,799,72.96620775969963
301257,4,413,41312,Control,EoSY,Grade 8,eosy,frustration,473,1981,23.87682988389702
305416,15,1513,151301,Control,EoSY,Grade 8,eosy,frustration,17,791,2.1491782553729455
305337,15,1514,151401,Control,EoSY,Grade 8,eosy,frustration,723,2234,32.36347358997314
305353,15,1514,151401,Control,EoSY,Grade 8,eosy,frustration,239,476,50.21008403361345
301197,4,408,40812,Control,EoSY,Grade 8,eosy,frustration,0,9,0
301236,4,413,41308,Treatment,EoSY,Grade 8,eosy,frustration,15,322,4.658385093167702
305444,15,1516,151601,Control,EoSY,Grade 8,eosy,frustration,5,132,3.787878787878788
320306,15,1503,150301,Control,EoSY,Grade 8,eosy,frustration,133,869,15.304948216340621
301489,4,414,41401,Control,EoSY,Grade 8,eosy,frustration,18,318,5.660377358490566
301507,4,418,41801,Control,EoSY,Grade 8,eosy,frustration,6,134,4.477611940298507
301456,4,417,41710,Control,EoSY,Grade 8,eosy,frustration,1,635,0.15748031496062992
301238,4,413,41303,Control,EoSY,Grade 8,eosy,frustration,92,395,23.29113924050633
305438,15,1516,151601,Control,EoSY,Grade 8,eosy,frustration,66,799,8.260325406758447
305324,15,1514,151401,Control,EoSY,Grade 8,eosy,frustration,2,86,2.3255813953488373
305454,15,1510,151001,Control,EoSY,Grade 8,eosy,frustration,0,163,0
308122,4,417,41708,Control,EoSY,Grade 8,eosy,frustration,104,198,52.525252525252526
301508,4,418,41801,Control,EoSY,Grade 8,eosy,frustration,45,303,14.851485148514852
305465,15,1515,151502,Control,EoSY,Grade 8,eosy,frustration,104,780,13.333333333333334
305428,15,1511,151101,Control,EoSY,Grade 8,eosy,frustration,10,415,2.4096385542168677
301175,4,408,40807,Control,EoSY,Grade 8,eosy,frustration,71,574,12.369337979094077
301437,4,417,41704,Control,EoSY,Grade 8,eosy,frustration,233,1114,20.915619389587075
320204,15,1511,151101,Control,EoSY,Grade 8,eosy,frustration,120,504,23.80952380952381
305447,15,1505,150501,Control,EoSY,Grade 8,eosy,frustration,35,183,19.12568306010929
301438,4,417,41704,Control,EoSY,Grade 8,eosy,frustration,257,514,50
308135,4,417,41708,Control,EoSY,Grade 8,eosy,frustration,26,216,12.037037037037036
301418,4,401,40101,Control,EoSY,Grade 8,eosy,frustration,433,2968,14.588948787061994
305288,15,1507,150710,Control,EoSY,Grade 8,eosy,frustration,168,662,25.377643504531722
301265,4,413,41301,Control,EoSY,Grade 8,eosy,frustration,16,433,3.695150115473441
305442,15,1516,151601,Control,EoSY,Grade 8,eosy,frustration,207,239,86.61087866108787
500339,15,1505,150501,Control,EoSY,Grade 8,eosy,frustration,4,379,1.0554089709762533
305435,15,1503,150301,Control,EoSY,Grade 8,eosy,frustration,48,186,25.806451612903224
308134,4,417,41708,Control,EoSY,Grade 8,eosy,frustration,16,533,3.0018761726078798
305452,15,1505,150501,Control,EoSY,Grade 8,eosy,frustration,31,517,5.996131528046422
312330,7,703,70308,Treatment,EoSY,Grade 8,eosy,frustration,10,115,8.695652173913043
305710,7,703,70302,Treatment,EoSY,Grade 8,eosy,frustration,2,68,2.9411764705882355
305655,11,1101,110101,Treatment,EoSY,Grade 8,eosy,frustration,1,25,4
305581,7,703,70303,Treatment,EoSY,Grade 8,eosy,frustration,10,45,22.22222222222222
303130,7,703,70309,Treatment,EoSY,Grade 8,eosy,frustration,153,177,86.44067796610169
312354,7,703,70309,Treatment,EoSY,Grade 8,eosy,frustration,2,37,5.405405405405405
305849,11,1105,110503,Treatment,EoSY,Grade 8,eosy,frustration,5,21,23.80952380952381
305500,11,1101,110101,Treatment,EoSY,Grade 8,eosy,frustration,6,35,17.142857142857142
312355,7,703,70304,Treatment,EoSY,Grade 8,eosy,frustration,0,38,0
501903,11,1110,111001,Treatment,EoSY,Grade 8,eosy,frustration,18,37,48.648648648648646
500665,7,705,70527,Control,EoSY,Grade 8,eosy,frustration,79,86,91.86046511627907
312462,7,705,70520,Control,EoSY,Grade 8,eosy,frustration,1,20,5
306038,11,1102,110202,Control,EoSY,Grade 8,eosy,frustration,2,29,6.896551724137931
500221,7,705,70527,Control,EoSY,Grade 8,eosy,frustration,21,25,84
500744,7,708,70801,Control,EoSY,Grade 8,eosy,frustration,0,39,0
305884,11,1101,110101,Control,EoSY,Grade 8,eosy,frustration,10,104,9.615384615384615
303170,7,709,70901,Control,EoSY,Grade 8,eosy,frustration,16,65,24.615384615384617
500787,7,708,70801,Control,EoSY,Grade 8,eosy,frustration,0,54,0
500667,7,705,70528,Control,EoSY,Grade 8,eosy,frustration,4,48,8.333333333333334
501071,11,1101,110101,Control,EoSY,Grade 8,eosy,frustration,2,24,8.333333333333334
303046,7,705,70527,Control,EoSY,Grade 8,eosy,frustration,32,107,29.906542056074766
325303,7,707,70701,Control,EoSY,Grade 8,eosy,frustration,27,56,48.214285714285715
500208,7,703,70305,Control,EoSY,Grade 8,eosy,frustration,1,13,7.6923076923076925
312401,7,705,70525,Control,EoSY,Grade 8,eosy,frustration,9,91,9.89010989010989
303136,7,706,70601,Control,EoSY,Grade 8,eosy,frustration,30,76,39.473684210526315
312435,7,707,70701,Control,EoSY,Grade 8,eosy,frustration,30,49,61.224489795918366
502186,11,1101,110101,Control,EoSY,Grade 8,eosy,frustration,8,18,44.44444444444444
500782,7,708,70801,Control,EoSY,Grade 8,eosy,frustration,4,244,1.639344262295082
306086,11,1106,110606,Control,EoSY,Grade 8,eosy,frustration,18,21,85.71428571428571
305755,7,705,70529,Control,EoSY,Grade 8,eosy,frustration,2,150,1.3333333333333333
305665,11,1101,110101,Control,EoSY,Grade 8,eosy,frustration,0,16,0
501635,7,703,70301,Control,EoSY,Grade 8,eosy,frustration,43,76,56.578947368421055
305843,11,1110,111001,Control,EoSY,Grade 8,eosy,frustration,5,32,15.625
500894,7,705,70517,Control,EoSY,Grade 8,eosy,frustration,40,116,34.48275862068966
500671,7,705,70506,Control,EoSY,Grade 8,eosy,frustration,9,34,26.470588235294116
305847,11,1105,110503,Control,EoSY,Grade 8,eosy,frustration,8,53,15.09433962264151
500784,7,708,70801,Control,EoSY,Grade 8,eosy,frustration,3,17,17.647058823529413
501267,7,705,70525,Control,EoSY,Grade 8,eosy,frustration,1,13,7.6923076923076925
306000,7,705,70525,Control,EoSY,Grade 8,eosy,frustration,4,32,12.5
305517,11,1106,110608,Control,EoSY,Grade 8,eosy,frustration,40,46,86.95652173913044
305713,7,710,71001,Control,EoSY,Grade 8,eosy,frustration,24,43,55.81395348837209
500768,7,705,70521,Control,EoSY,Grade 8,eosy,frustration,1,33,3.0303030303030303
316303,11,1107,110701,Control,EoSY,Grade 8,eosy,frustration,0,33,0
316304,11,1107,110701,Control,EoSY,Grade 8,eosy,frustration,5,94,5.319148936170213
305506,11,1101,110101,Control,EoSY,Grade 8,eosy,frustration,3,19,15.789473684210526
500421,7,705,70507,Control,EoSY,Grade 8,eosy,frustration,48,75,64
305681,11,1110,111001,Control,EoSY,Grade 8,eosy,frustration,6,199,3.0150753768844223
303186,7,711,71101,Control,EoSY,Grade 8,eosy,frustration,1,140,0.7142857142857143
501429,7,714,71402,Control,EoSY,Grade 8,eosy,frustration,5,57,8.771929824561404
305844,11,1103,110303,Control,EoSY,Grade 8,eosy,frustration,15,59,25.423728813559322
305965,11,1110,111001,Control,EoSY,Grade 8,eosy,frustration,9,63,14.285714285714286
501076,11,1103,110305,Control,EoSY,Grade 8,eosy,frustration,4,10,40
305889,11,1101,110101,Control,EoSY,Grade 8,eosy,frustration,9,48,18.75
501074,11,1103,110306,Control,EoSY,Grade 8,eosy,frustration,48,65,73.84615384615384
312408,7,705,70530,Control,EoSY,Grade 8,eosy,frustration,12,61,19.672131147540984
501351,7,705,70522,Control,EoSY,Grade 8,eosy,frustration,0,58,0
501404,11,1101,110101,Control,EoSY,Grade 8,eosy,frustration,6,28,21.428571428571427
305660,11,1101,110101,Control,EoSY,Grade 8,eosy,frustration,3,39,7.6923076923076925
303219,7,701,70101,Control,EoSY,Grade 8,eosy,frustration,2,115,1.7391304347826086
312450,7,705,70522,Control,EoSY,Grade 8,eosy,frustration,51,96,53.125
324903,7,704,70401,Control,EoSY,Grade 8,eosy,frustration,14,32,43.75
501065,11,1101,110101,Control,EoSY,Grade 8,eosy,frustration,5,121,4.132231404958677
312451,7,705,70532,Control,EoSY,Grade 8,eosy,frustration,24,77,31.16883116883117
501763,11,1103,110305,Control,EoSY,Grade 8,eosy,frustration,7,57,12.280701754385966
316405,11,1110,111001,Control,EoSY,Grade 8,eosy,frustration,98,161,60.869565217391305
316404,11,1110,111001,Control,EoSY,Grade 8,eosy,frustration,8,56,14.285714285714286
316301,11,1107,110701,Control,EoSY,Grade 8,eosy,frustration,18,159,11.320754716981131
312910,7,710,71001,Control,EoSY,Grade 8,eosy,frustration,39,141,27.659574468085108
303011,7,705,70512,Control,EoSY,Grade 8,eosy,frustration,12,40,30
305651,11,1101,110101,Control,EoSY,Grade 8,eosy,frustration,5,34,14.705882352941176
305662,11,1101,110101,Control,EoSY,Grade 8,eosy,frustration,11,41,26.829268292682926
305850,11,1105,110503,Control,EoSY,Grade 8,eosy,frustration,4,29,13.793103448275861
312481,7,705,70518,Control,EoSY,Grade 8,eosy,frustration,27,180,15
304409,11,1110,111001,Control,EoSY,Grade 8,eosy,frustration,116,137,84.67153284671532
303246,7,713,71303,Control,EoSY,Grade 8,eosy,frustration,7,125,5.6
501405,11,1101,110101,Control,EoSY,Grade 8,eosy,frustration,7,75,9.333333333333334
305677,11,1105,110503,Control,EoSY,Grade 8,eosy,frustration,11,50,22
500447,7,708,70801,Control,EoSY,Grade 8,eosy,frustration,8,48,16.666666666666668
501305,7,708,70801,Control,EoSY,Grade 8,eosy,frustration,0,32,0
305917,7,708,70801,Control,EoSY,Grade 8,eosy,frustration,14,30,46.666666666666664
305722,7,703,70304,Control,EoSY,Grade 8,eosy,frustration,9,45,20
312953,7,713,71306,Control,EoSY,Grade 8,eosy,frustration,2,19,10.526315789473685
305498,11,1101,110101,Control,EoSY,Grade 8,eosy,frustration,40,83,48.19277108433735
305669,11,1101,110101,Control,EoSY,Grade 8,eosy,frustration,1,31,3.225806451612903
312960,7,710,71002,Control,EoSY,Grade 8,eosy,frustration,10,55,18.181818181818183
309906,5,508,50811,Treatment,EoSY,Grade 8,eosy,instructional,64,149,42.95302013422819
309934,5,508,50806,Treatment,EoSY,Grade 8,eosy,instructional,17,37,45.945945945945944
301871,5,501,50107,Treatment,EoSY,Grade 8,eosy,instructional,0,97,0
302134,5,508,50804,Treatment,EoSY,Grade 8,eosy,instructional,11,22,50
302117,5,508,50803,Treatment,EoSY,Grade 8,eosy,instructional,10,58,17.24137931034483
309909,5,508,50801,Treatment,EoSY,Grade 8,eosy,instructional,11,107,10.280373831775702
309915,5,508,50801,Treatment,EoSY,Grade 8,eosy,instructional,17,32,53.125
501544,5,508,50815,Treatment,EoSY,Grade 8,eosy,instructional,32,60,53.333333333333336
301887,5,502,50205,Treatment,EoSY,Grade 8,eosy,instructional,38,77,49.35064935064935
302175,5,508,50820,Treatment,EoSY,Grade 8,eosy,instructional,70,91,76.92307692307692
302146,5,508,50812,Treatment,EoSY,Grade 8,eosy,instructional,20,122,16.39344262295082
309921,5,508,50805,Treatment,EoSY,Grade 8,eosy,instructional,7,68,10.294117647058824
302254,5,505,50501,Control,EoSY,Grade 8,eosy,instructional,56,95,58.94736842105263
309513,5,501,50112,Control,EoSY,Grade 8,eosy,instructional,42,95,44.21052631578947
500163,5,508,50801,Control,EoSY,Grade 8,eosy,instructional,4,89,4.49438202247191
302058,5,503,50333,Control,EoSY,Grade 8,eosy,instructional,12,67,17.91044776119403
302192,5,511,51103,Control,EoSY,Grade 8,eosy,instructional,89,286,31.11888111888112
302227,5,511,51105,Control,EoSY,Grade 8,eosy,instructional,2,68,2.9411764705882355
302252,5,505,50501,Control,EoSY,Grade 8,eosy,instructional,14,89,15.730337078651685
309914,5,508,50806,Control,EoSY,Grade 8,eosy,instructional,63,184,34.23913043478261
309711,5,503,50317,Control,EoSY,Grade 8,eosy,instructional,38,69,55.072463768115945
301817,5,507,50701,Control,EoSY,Grade 8,eosy,instructional,10,95,10.526315789473685
302165,5,508,50816,Control,EoSY,Grade 8,eosy,instructional,4,73,5.47945205479452
301974,5,503,50311,Treatment,EoSY,Grade 8,eosy,instructional,30,81,37.03703703703704
302256,5,505,50501,Control,EoSY,Grade 8,eosy,instructional,36,107,33.64485981308411
301834,5,501,50106,Control,EoSY,Grade 8,eosy,instructional,12,178,6.741573033707865
309760,5,503,50306,Control,EoSY,Grade 8,eosy,instructional,23,56,41.07142857142857
309936,5,508,50819,Control,EoSY,Grade 8,eosy,instructional,5,49,10.204081632653061
302203,5,511,51102,Control,EoSY,Grade 8,eosy,instructional,26,39,66.66666666666667
302011,5,503,50314,Control,EoSY,Grade 8,eosy,instructional,69,196,35.204081632653065
500168,5,505,50501,Control,EoSY,Grade 8,eosy,instructional,5,17,29.41176470588235
301947,5,503,50306,Control,EoSY,Grade 8,eosy,instructional,91,329,27.659574468085108
309941,5,508,50812,Control,EoSY,Grade 8,eosy,instructional,54,216,25
301839,5,501,50111,Control,EoSY,Grade 8,eosy,instructional,0,82,0
501843,5,508,50818,Treatment,EoSY,Grade 8,eosy,instructional,7,46,15.217391304347826
302111,5,508,50801,Control,EoSY,Grade 8,eosy,instructional,117,481,24.324324324324323
302133,5,509,50901,Control,EoSY,Grade 8,eosy,instructional,62,188,32.97872340425532
301990,5,503,50317,Control,EoSY,Grade 8,eosy,instructional,26,61,42.622950819672134
309937,5,508,50819,Control,EoSY,Grade 8,eosy,instructional,50,72,69.44444444444444
302241,5,511,51105,Control,EoSY,Grade 8,eosy,instructional,22,55,40
500167,5,505,50501,Control,EoSY,Grade 8,eosy,instructional,25,69,36.231884057971016
309764,5,503,50320,Control,EoSY,Grade 8,eosy,instructional,1,57,1.7543859649122806
302205,5,511,51106,Control,EoSY,Grade 8,eosy,instructional,9,103,8.737864077669903
302014,5,503,50302,Control,EoSY,Grade 8,eosy,instructional,15,149,10.06711409395973
309740,5,503,50315,Control,EoSY,Grade 8,eosy,instructional,21,72,29.166666666666668
309741,5,503,50315,Control,EoSY,Grade 8,eosy,instructional,29,94,30.851063829787233
302161,5,508,50803,Treatment,EoSY,Grade 8,eosy,instructional,26,74,35.13513513513514
302113,5,508,50818,Treatment,EoSY,Grade 8,eosy,instructional,52,111,46.846846846846844
302127,5,508,50817,Control,EoSY,Grade 8,eosy,instructional,18,52,34.61538461538461
301899,5,502,50205,Control,EoSY,Grade 8,eosy,instructional,63,142,44.36619718309859
309509,5,501,50113,Control,EoSY,Grade 8,eosy,instructional,29,83,34.93975903614458
309903,5,508,50816,Control,EoSY,Grade 8,eosy,instructional,20,65,30.76923076923077
301995,5,503,50310,Control,EoSY,Grade 8,eosy,instructional,9,75,12
309702,5,503,50325,Control,EoSY,Grade 8,eosy,instructional,16,261,6.130268199233717
501020,5,503,50310,Control,EoSY,Grade 8,eosy,instructional,0,25,0
309743,5,503,50332,Control,EoSY,Grade 8,eosy,instructional,52,99,52.525252525252526
301816,5,501,50101,Control,EoSY,Grade 8,eosy,instructional,100,145,68.96551724137932
302054,5,503,50315,Control,EoSY,Grade 8,eosy,instructional,51,116,43.96551724137931
301862,5,507,50701,Control,EoSY,Grade 8,eosy,instructional,23,224,10.267857142857142
502477,5,501,50108,Control,EoSY,Grade 8,eosy,instructional,12,32,37.5
302283,5,513,51301,Control,EoSY,Grade 8,eosy,instructional,46,304,15.131578947368421
301900,5,502,50206,Control,EoSY,Grade 8,eosy,instructional,20,58,34.48275862068966
302123,5,508,50808,Control,EoSY,Grade 8,eosy,instructional,30,92,32.608695652173914
309512,5,501,50110,Control,EoSY,Grade 8,eosy,instructional,5,23,21.73913043478261
302284,5,513,51301,Control,EoSY,Grade 8,eosy,instructional,11,146,7.534246575342466
500034,5,508,50819,Control,EoSY,Grade 8,eosy,instructional,6,42,14.285714285714286
302043,5,503,50305,Control,EoSY,Grade 8,eosy,instructional,76,186,40.86021505376344
302182,5,511,51107,Control,EoSY,Grade 8,eosy,instructional,34,88,38.63636363636363
301986,5,503,50334,Control,EoSY,Grade 8,eosy,instructional,39,168,23.214285714285715
302109,5,508,50817,Control,EoSY,Grade 8,eosy,instructional,46,241,19.08713692946058
302061,5,503,50311,Control,EoSY,Grade 8,eosy,instructional,10,61,16.39344262295082
309931,5,508,50802,Control,EoSY,Grade 8,eosy,instructional,37,75,49.333333333333336
301984,5,503,50331,Control,EoSY,Grade 8,eosy,instructional,40,180,22.22222222222222
302156,5,508,50803,Control,EoSY,Grade 8,eosy,instructional,18,105,17.142857142857142
309705,5,503,50330,Control,EoSY,Grade 8,eosy,instructional,10,89,11.235955056179776
500165,5,508,50804,Control,EoSY,Grade 8,eosy,instructional,0,43,0
301930,5,503,50328,Control,EoSY,Grade 8,eosy,instructional,17,106,16.037735849056602
302177,5,508,50806,Control,EoSY,Grade 8,eosy,instructional,62,98,63.265306122448976
302282,5,513,51301,Control,EoSY,Grade 8,eosy,instructional,165,358,46.089385474860336
502615,5,508,50802,Control,EoSY,Grade 8,eosy,instructional,0,0,NA
302263,5,506,50601,Control,EoSY,Grade 8,eosy,instructional,29,84,34.523809523809526
301826,5,501,50103,Control,EoSY,Grade 8,eosy,instructional,17,44,38.63636363636363
305750,5,513,51301,Control,EoSY,Grade 8,eosy,instructional,33,79,41.77215189873418
301870,5,501,50110,Control,EoSY,Grade 8,eosy,instructional,62,142,43.66197183098591
302039,5,503,50316,Control,EoSY,Grade 8,eosy,instructional,148,244,60.65573770491803
301868,5,501,50112,Control,EoSY,Grade 8,eosy,instructional,68,241,28.21576763485477
301963,5,503,50316,Control,EoSY,Grade 8,eosy,instructional,35,219,15.981735159817351
340567,15,1505,150501,Treatment,EoSY,Grade 8,eosy,instructional,46,237,19.40928270042194
320606,15,1515,151502,Treatment,EoSY,Grade 8,eosy,instructional,113,420,26.904761904761905
320202,15,1511,151101,Treatment,EoSY,Grade 8,eosy,instructional,56,138,40.57971014492754
305310,15,1507,150703,Treatment,EoSY,Grade 8,eosy,instructional,41,84,48.80952380952381
305418,15,1513,151301,Treatment,EoSY,Grade 8,eosy,instructional,416,1053,39.50617283950617
500565,15,1515,151502,Treatment,EoSY,Grade 8,eosy,instructional,436,834,52.278177458033575
301258,4,413,41308,Treatment,EoSY,Grade 8,eosy,instructional,244,536,45.52238805970149
301214,4,411,41101,Treatment,EoSY,Grade 8,eosy,instructional,178,503,35.387673956262425
301497,4,414,41401,Treatment,EoSY,Grade 8,eosy,instructional,194,356,54.49438202247191
305411,15,1515,151502,Treatment,EoSY,Grade 8,eosy,instructional,282,782,36.0613810741688
305420,15,1513,151301,Treatment,EoSY,Grade 8,eosy,instructional,870,1345,64.68401486988847
301231,4,413,41302,Control,EoSY,Grade 8,eosy,instructional,94,233,40.34334763948498
301188,4,402,40201,Control,EoSY,Grade 8,eosy,instructional,326,603,54.06301824212272
307913,4,413,41309,Control,EoSY,Grade 8,eosy,instructional,0,329,0
500566,15,1507,150710,Control,EoSY,Grade 8,eosy,instructional,243,584,41.60958904109589
305453,15,1510,151001,Control,EoSY,Grade 8,eosy,instructional,142,789,17.99746514575412
305311,15,1507,150702,Control,EoSY,Grade 8,eosy,instructional,150,282,53.191489361702125
301425,4,401,40101,Control,EoSY,Grade 8,eosy,instructional,439,1016,43.20866141732284
301202,4,408,40812,Control,EoSY,Grade 8,eosy,instructional,184,370,49.729729729729726
305412,15,1515,151502,Control,EoSY,Grade 8,eosy,instructional,584,1157,50.475367329299914
308105,4,417,41703,Control,EoSY,Grade 8,eosy,instructional,229,528,43.371212121212125
305341,15,1514,151401,Control,EoSY,Grade 8,eosy,instructional,386,1307,29.53328232593726
319604,15,1512,151201,Control,EoSY,Grade 8,eosy,instructional,34,71,47.88732394366197
305568,15,1516,151601,Control,EoSY,Grade 8,eosy,instructional,162,403,40.1985111662531
305434,15,1503,150301,Control,EoSY,Grade 8,eosy,instructional,90,295,30.508474576271187
301464,4,417,41710,Control,EoSY,Grade 8,eosy,instructional,167,495,33.73737373737374
305461,15,1515,151502,Control,EoSY,Grade 8,eosy,instructional,270,424,63.679245283018865
305384,15,1501,150101,Control,EoSY,Grade 8,eosy,instructional,0,328,0
301143,4,421,42101,Control,EoSY,Grade 8,eosy,instructional,614,1088,56.43382352941177
305340,15,1514,151401,Control,EoSY,Grade 8,eosy,instructional,94,1062,8.851224105461393
305302,15,1507,150709,Treatment,EoSY,Grade 8,eosy,instructional,502,1040,48.26923076923077
308103,4,417,41712,Control,EoSY,Grade 8,eosy,instructional,279,361,77.28531855955679
308130,4,417,41711,Control,EoSY,Grade 8,eosy,instructional,52,134,38.80597014925373
301227,4,420,42001,Control,EoSY,Grade 8,eosy,instructional,226,968,23.34710743801653
305334,15,1514,151401,Control,EoSY,Grade 8,eosy,instructional,105,273,38.46153846153846
305367,15,1512,151201,Control,EoSY,Grade 8,eosy,instructional,12,986,1.2170385395537526
305635,15,1514,151401,Control,EoSY,Grade 8,eosy,instructional,42,469,8.955223880597014
301218,4,408,40814,Control,EoSY,Grade 8,eosy,instructional,1032,1907,54.11641321447299
308501,4,415,41501,Control,EoSY,Grade 8,eosy,instructional,123,655,18.778625954198475
500332,15,1506,150601,Control,EoSY,Grade 8,eosy,instructional,231,287,80.48780487804878
305471,15,1509,150901,Control,EoSY,Grade 8,eosy,instructional,78,297,26.262626262626263
305376,15,1501,150101,Treatment,EoSY,Grade 8,eosy,instructional,5,489,1.0224948875255624
301432,4,417,41705,Control,EoSY,Grade 8,eosy,instructional,294,597,49.246231155778894
305459,15,1515,151502,Control,EoSY,Grade 8,eosy,instructional,54,167,32.33532934131737
305313,15,1507,150708,Control,EoSY,Grade 8,eosy,instructional,105,363,28.925619834710744
301186,4,410,41001,Control,EoSY,Grade 8,eosy,instructional,1056,1755,60.17094017094017
301184,4,410,41001,Control,EoSY,Grade 8,eosy,instructional,505,1134,44.532627865961196
305295,15,1507,150710,Control,EoSY,Grade 8,eosy,instructional,229,510,44.90196078431372
301416,4,422,42201,Control,EoSY,Grade 8,eosy,instructional,60,169,35.50295857988166
305450,15,1505,150501,Treatment,EoSY,Grade 8,eosy,instructional,344,488,70.49180327868852
301403,4,416,41606,Control,EoSY,Grade 8,eosy,instructional,78,491,15.885947046843178
301451,4,417,41708,Control,EoSY,Grade 8,eosy,instructional,267,362,73.75690607734806
305338,15,1514,151401,Control,EoSY,Grade 8,eosy,instructional,201,799,25.15644555694618
301257,4,413,41312,Control,EoSY,Grade 8,eosy,instructional,543,1981,27.41039878849066
305416,15,1513,151301,Control,EoSY,Grade 8,eosy,instructional,479,791,60.556257901390644
305337,15,1514,151401,Control,EoSY,Grade 8,eosy,instructional,1028,2234,46.01611459265891
305353,15,1514,151401,Control,EoSY,Grade 8,eosy,instructional,189,476,39.705882352941174
301197,4,408,40812,Control,EoSY,Grade 8,eosy,instructional,0,9,0
301236,4,413,41308,Treatment,EoSY,Grade 8,eosy,instructional,269,322,83.54037267080746
305444,15,1516,151601,Control,EoSY,Grade 8,eosy,instructional,76,132,57.57575757575758
320306,15,1503,150301,Control,EoSY,Grade 8,eosy,instructional,330,869,37.9746835443038
301489,4,414,41401,Control,EoSY,Grade 8,eosy,instructional,176,318,55.34591194968554
301507,4,418,41801,Control,EoSY,Grade 8,eosy,instructional,108,134,80.59701492537313
301456,4,417,41710,Control,EoSY,Grade 8,eosy,instructional,389,635,61.25984251968504
301238,4,413,41303,Control,EoSY,Grade 8,eosy,instructional,163,395,41.265822784810126
305438,15,1516,151601,Control,EoSY,Grade 8,eosy,instructional,640,799,80.10012515644556
305324,15,1514,151401,Control,EoSY,Grade 8,eosy,instructional,36,86,41.86046511627907
305454,15,1510,151001,Control,EoSY,Grade 8,eosy,instructional,57,163,34.969325153374236
308122,4,417,41708,Control,EoSY,Grade 8,eosy,instructional,61,198,30.80808080808081
301508,4,418,41801,Control,EoSY,Grade 8,eosy,instructional,189,303,62.37623762376238
305465,15,1515,151502,Control,EoSY,Grade 8,eosy,instructional,453,780,58.07692307692308
305428,15,1511,151101,Control,EoSY,Grade 8,eosy,instructional,266,415,64.09638554216868
301175,4,408,40807,Control,EoSY,Grade 8,eosy,instructional,108,574,18.81533101045296
301437,4,417,41704,Control,EoSY,Grade 8,eosy,instructional,340,1114,30.52064631956912
320204,15,1511,151101,Control,EoSY,Grade 8,eosy,instructional,274,504,54.36507936507937
305447,15,1505,150501,Control,EoSY,Grade 8,eosy,instructional,91,183,49.72677595628415
301438,4,417,41704,Control,EoSY,Grade 8,eosy,instructional,195,514,37.93774319066148
308135,4,417,41708,Control,EoSY,Grade 8,eosy,instructional,176,216,81.48148148148148
301418,4,401,40101,Control,EoSY,Grade 8,eosy,instructional,1987,2968,66.94743935309972
305288,15,1507,150710,Control,EoSY,Grade 8,eosy,instructional,227,662,34.290030211480364
301265,4,413,41301,Control,EoSY,Grade 8,eosy,instructional,139,433,32.10161662817552
305442,15,1516,151601,Control,EoSY,Grade 8,eosy,instructional,32,239,13.389121338912133
500339,15,1505,150501,Control,EoSY,Grade 8,eosy,instructional,77,379,20.316622691292874
305435,15,1503,150301,Control,EoSY,Grade 8,eosy,instructional,28,186,15.053763440860216
308134,4,417,41708,Control,EoSY,Grade 8,eosy,instructional,200,533,37.5234521575985
305452,15,1505,150501,Control,EoSY,Grade 8,eosy,instructional,198,517,38.297872340425535
312330,7,703,70308,Treatment,EoSY,Grade 8,eosy,instructional,50,115,43.47826086956522
305710,7,703,70302,Treatment,EoSY,Grade 8,eosy,instructional,18,68,26.470588235294116
305655,11,1101,110101,Treatment,EoSY,Grade 8,eosy,instructional,9,25,36
305581,7,703,70303,Treatment,EoSY,Grade 8,eosy,instructional,35,45,77.77777777777777
303130,7,703,70309,Treatment,EoSY,Grade 8,eosy,instructional,17,177,9.6045197740113
312354,7,703,70309,Treatment,EoSY,Grade 8,eosy,instructional,15,37,40.54054054054054
305849,11,1105,110503,Treatment,EoSY,Grade 8,eosy,instructional,15,21,71.42857142857143
305500,11,1101,110101,Treatment,EoSY,Grade 8,eosy,instructional,24,35,68.57142857142857
312355,7,703,70304,Treatment,EoSY,Grade 8,eosy,instructional,22,38,57.89473684210526
501903,11,1110,111001,Treatment,EoSY,Grade 8,eosy,instructional,16,37,43.24324324324324
500665,7,705,70527,Control,EoSY,Grade 8,eosy,instructional,5,86,5.813953488372093
312462,7,705,70520,Control,EoSY,Grade 8,eosy,instructional,2,20,10
306038,11,1102,110202,Control,EoSY,Grade 8,eosy,instructional,14,29,48.275862068965516
500221,7,705,70527,Control,EoSY,Grade 8,eosy,instructional,3,25,12
500744,7,708,70801,Control,EoSY,Grade 8,eosy,instructional,1,39,2.5641025641025643
305884,11,1101,110101,Control,EoSY,Grade 8,eosy,instructional,43,104,41.34615384615385
303170,7,709,70901,Control,EoSY,Grade 8,eosy,instructional,34,65,52.30769230769231
500787,7,708,70801,Control,EoSY,Grade 8,eosy,instructional,28,54,51.851851851851855
500667,7,705,70528,Control,EoSY,Grade 8,eosy,instructional,29,48,60.416666666666664
501071,11,1101,110101,Control,EoSY,Grade 8,eosy,instructional,10,24,41.666666666666664
303046,7,705,70527,Control,EoSY,Grade 8,eosy,instructional,69,107,64.48598130841121
325303,7,707,70701,Control,EoSY,Grade 8,eosy,instructional,22,56,39.285714285714285
500208,7,703,70305,Control,EoSY,Grade 8,eosy,instructional,5,13,38.46153846153846
312401,7,705,70525,Control,EoSY,Grade 8,eosy,instructional,41,91,45.05494505494506
303136,7,706,70601,Control,EoSY,Grade 8,eosy,instructional,27,76,35.526315789473685
312435,7,707,70701,Control,EoSY,Grade 8,eosy,instructional,10,49,20.408163265306122
502186,11,1101,110101,Control,EoSY,Grade 8,eosy,instructional,4,18,22.22222222222222
500782,7,708,70801,Control,EoSY,Grade 8,eosy,instructional,123,244,50.40983606557377
306086,11,1106,110606,Control,EoSY,Grade 8,eosy,instructional,2,21,9.523809523809524
305755,7,705,70529,Control,EoSY,Grade 8,eosy,instructional,13,150,8.666666666666666
305665,11,1101,110101,Control,EoSY,Grade 8,eosy,instructional,8,16,50
501635,7,703,70301,Control,EoSY,Grade 8,eosy,instructional,24,76,31.57894736842105
305843,11,1110,111001,Control,EoSY,Grade 8,eosy,instructional,7,32,21.875
500894,7,705,70517,Control,EoSY,Grade 8,eosy,instructional,51,116,43.96551724137931
500671,7,705,70506,Control,EoSY,Grade 8,eosy,instructional,12,34,35.294117647058826
305847,11,1105,110503,Control,EoSY,Grade 8,eosy,instructional,27,53,50.943396226415096
500784,7,708,70801,Control,EoSY,Grade 8,eosy,instructional,11,17,64.70588235294117
501267,7,705,70525,Control,EoSY,Grade 8,eosy,instructional,6,13,46.15384615384615
306000,7,705,70525,Control,EoSY,Grade 8,eosy,instructional,20,32,62.5
305517,11,1106,110608,Control,EoSY,Grade 8,eosy,instructional,4,46,8.695652173913043
305713,7,710,71001,Control,EoSY,Grade 8,eosy,instructional,19,43,44.18604651162791
500768,7,705,70521,Control,EoSY,Grade 8,eosy,instructional,23,33,69.6969696969697
316303,11,1107,110701,Control,EoSY,Grade 8,eosy,instructional,9,33,27.272727272727273
316304,11,1107,110701,Control,EoSY,Grade 8,eosy,instructional,56,94,59.57446808510638
305506,11,1101,110101,Control,EoSY,Grade 8,eosy,instructional,8,19,42.10526315789474
500421,7,705,70507,Control,EoSY,Grade 8,eosy,instructional,16,75,21.333333333333332
305681,11,1110,111001,Control,EoSY,Grade 8,eosy,instructional,77,199,38.69346733668342
303186,7,711,71101,Control,EoSY,Grade 8,eosy,instructional,6,140,4.285714285714286
501429,7,714,71402,Control,EoSY,Grade 8,eosy,instructional,22,57,38.59649122807018
305844,11,1103,110303,Control,EoSY,Grade 8,eosy,instructional,25,59,42.3728813559322
305965,11,1110,111001,Control,EoSY,Grade 8,eosy,instructional,33,63,52.38095238095238
501076,11,1103,110305,Control,EoSY,Grade 8,eosy,instructional,6,10,60
305889,11,1101,110101,Control,EoSY,Grade 8,eosy,instructional,9,48,18.75
501074,11,1103,110306,Control,EoSY,Grade 8,eosy,instructional,12,65,18.46153846153846
312408,7,705,70530,Control,EoSY,Grade 8,eosy,instructional,17,61,27.868852459016395
501351,7,705,70522,Control,EoSY,Grade 8,eosy,instructional,16,58,27.586206896551722
501404,11,1101,110101,Control,EoSY,Grade 8,eosy,instructional,2,28,7.142857142857143
305660,11,1101,110101,Control,EoSY,Grade 8,eosy,instructional,25,39,64.1025641025641
303219,7,701,70101,Control,EoSY,Grade 8,eosy,instructional,53,115,46.08695652173913
312450,7,705,70522,Control,EoSY,Grade 8,eosy,instructional,33,96,34.375
324903,7,704,70401,Control,EoSY,Grade 8,eosy,instructional,17,32,53.125
501065,11,1101,110101,Control,EoSY,Grade 8,eosy,instructional,10,121,8.264462809917354
312451,7,705,70532,Control,EoSY,Grade 8,eosy,instructional,46,77,59.74025974025974
501763,11,1103,110305,Control,EoSY,Grade 8,eosy,instructional,32,57,56.14035087719298
316405,11,1110,111001,Control,EoSY,Grade 8,eosy,instructional,43,161,26.70807453416149
316404,11,1110,111001,Control,EoSY,Grade 8,eosy,instructional,25,56,44.642857142857146
316301,11,1107,110701,Control,EoSY,Grade 8,eosy,instructional,87,159,54.716981132075475
312910,7,710,71001,Control,EoSY,Grade 8,eosy,instructional,64,141,45.39007092198582
303011,7,705,70512,Control,EoSY,Grade 8,eosy,instructional,18,40,45
305651,11,1101,110101,Control,EoSY,Grade 8,eosy,instructional,17,34,50
305662,11,1101,110101,Control,EoSY,Grade 8,eosy,instructional,22,41,53.65853658536585
305850,11,1105,110503,Control,EoSY,Grade 8,eosy,instructional,7,29,24.137931034482758
312481,7,705,70518,Control,EoSY,Grade 8,eosy,instructional,74,180,41.111111111111114
304409,11,1110,111001,Control,EoSY,Grade 8,eosy,instructional,20,137,14.598540145985401
303246,7,713,71303,Control,EoSY,Grade 8,eosy,instructional,66,125,52.8
501405,11,1101,110101,Control,EoSY,Grade 8,eosy,instructional,10,75,13.333333333333334
305677,11,1105,110503,Control,EoSY,Grade 8,eosy,instructional,23,50,46
500447,7,708,70801,Control,EoSY,Grade 8,eosy,instructional,12,48,25
501305,7,708,70801,Control,EoSY,Grade 8,eosy,instructional,3,32,9.375
305917,7,708,70801,Control,EoSY,Grade 8,eosy,instructional,15,30,50
305722,7,703,70304,Control,EoSY,Grade 8,eosy,instructional,9,45,20
312953,7,713,71306,Control,EoSY,Grade 8,eosy,instructional,8,19,42.10526315789474
305498,11,1101,110101,Control,EoSY,Grade 8,eosy,instructional,38,83,45.78313253012048
305669,11,1101,110101,Control,EoSY,Grade 8,eosy,instructional,4,31,12.903225806451612
312960,7,710,71002,Control,EoSY,Grade 8,eosy,instructional,30,55,54.54545454545455
309906,5,508,50811,Treatment,EoSY,Grade 8,eosy,independent,33,149,22.14765100671141
309934,5,508,50806,Treatment,EoSY,Grade 8,eosy,independent,18,37,48.648648648648646
301871,5,501,50107,Treatment,EoSY,Grade 8,eosy,independent,0,97,0
302134,5,508,50804,Treatment,EoSY,Grade 8,eosy,independent,9,22,40.90909090909091
302117,5,508,50803,Treatment,EoSY,Grade 8,eosy,independent,41,58,70.6896551724138
309909,5,508,50801,Treatment,EoSY,Grade 8,eosy,independent,0,107,0
309915,5,508,50801,Treatment,EoSY,Grade 8,eosy,independent,5,32,15.625
501544,5,508,50815,Treatment,EoSY,Grade 8,eosy,independent,2,60,3.3333333333333335
301887,5,502,50205,Treatment,EoSY,Grade 8,eosy,independent,15,77,19.48051948051948
302175,5,508,50820,Treatment,EoSY,Grade 8,eosy,independent,0,91,0
302146,5,508,50812,Treatment,EoSY,Grade 8,eosy,independent,18,122,14.754098360655737
309921,5,508,50805,Treatment,EoSY,Grade 8,eosy,independent,58,68,85.29411764705883
302254,5,505,50501,Control,EoSY,Grade 8,eosy,independent,32,95,33.68421052631579
309513,5,501,50112,Control,EoSY,Grade 8,eosy,independent,1,95,1.0526315789473684
500163,5,508,50801,Control,EoSY,Grade 8,eosy,independent,83,89,93.25842696629213
302058,5,503,50333,Control,EoSY,Grade 8,eosy,independent,7,67,10.447761194029852
302192,5,511,51103,Control,EoSY,Grade 8,eosy,independent,27,286,9.44055944055944
302227,5,511,51105,Control,EoSY,Grade 8,eosy,independent,1,68,1.4705882352941178
302252,5,505,50501,Control,EoSY,Grade 8,eosy,independent,75,89,84.26966292134831
309914,5,508,50806,Control,EoSY,Grade 8,eosy,independent,73,184,39.67391304347826
309711,5,503,50317,Control,EoSY,Grade 8,eosy,independent,11,69,15.942028985507246
301817,5,507,50701,Control,EoSY,Grade 8,eosy,independent,14,95,14.736842105263158
302165,5,508,50816,Control,EoSY,Grade 8,eosy,independent,13,73,17.80821917808219
301974,5,503,50311,Treatment,EoSY,Grade 8,eosy,independent,9,81,11.11111111111111
302256,5,505,50501,Control,EoSY,Grade 8,eosy,independent,68,107,63.55140186915888
301834,5,501,50106,Control,EoSY,Grade 8,eosy,independent,165,178,92.69662921348315
309760,5,503,50306,Control,EoSY,Grade 8,eosy,independent,31,56,55.357142857142854
309936,5,508,50819,Control,EoSY,Grade 8,eosy,independent,40,49,81.63265306122449
302203,5,511,51102,Control,EoSY,Grade 8,eosy,independent,11,39,28.205128205128204
302011,5,503,50314,Control,EoSY,Grade 8,eosy,independent,53,196,27.040816326530614
500168,5,505,50501,Control,EoSY,Grade 8,eosy,independent,12,17,70.58823529411765
301947,5,503,50306,Control,EoSY,Grade 8,eosy,independent,95,329,28.875379939209726
309941,5,508,50812,Control,EoSY,Grade 8,eosy,independent,22,216,10.185185185185185
301839,5,501,50111,Control,EoSY,Grade 8,eosy,independent,82,82,100
501843,5,508,50818,Treatment,EoSY,Grade 8,eosy,independent,33,46,71.73913043478261
302111,5,508,50801,Control,EoSY,Grade 8,eosy,independent,125,481,25.987525987525988
302133,5,509,50901,Control,EoSY,Grade 8,eosy,independent,90,188,47.87234042553192
301990,5,503,50317,Control,EoSY,Grade 8,eosy,independent,19,61,31.147540983606557
309937,5,508,50819,Control,EoSY,Grade 8,eosy,independent,20,72,27.77777777777778
302241,5,511,51105,Control,EoSY,Grade 8,eosy,independent,5,55,9.090909090909092
500167,5,505,50501,Control,EoSY,Grade 8,eosy,independent,31,69,44.927536231884055
309764,5,503,50320,Control,EoSY,Grade 8,eosy,independent,1,57,1.7543859649122806
302205,5,511,51106,Control,EoSY,Grade 8,eosy,independent,91,103,88.3495145631068
302014,5,503,50302,Control,EoSY,Grade 8,eosy,independent,20,149,13.422818791946309
309740,5,503,50315,Control,EoSY,Grade 8,eosy,independent,38,72,52.77777777777778
309741,5,503,50315,Control,EoSY,Grade 8,eosy,independent,8,94,8.51063829787234
302161,5,508,50803,Treatment,EoSY,Grade 8,eosy,independent,17,74,22.972972972972972
302113,5,508,50818,Treatment,EoSY,Grade 8,eosy,independent,51,111,45.945945945945944
302127,5,508,50817,Control,EoSY,Grade 8,eosy,independent,2,52,3.8461538461538463
301899,5,502,50205,Control,EoSY,Grade 8,eosy,independent,72,142,50.70422535211268
309509,5,501,50113,Control,EoSY,Grade 8,eosy,independent,29,83,34.93975903614458
309903,5,508,50816,Control,EoSY,Grade 8,eosy,independent,25,65,38.46153846153846
301995,5,503,50310,Control,EoSY,Grade 8,eosy,independent,63,75,84
309702,5,503,50325,Control,EoSY,Grade 8,eosy,independent,48,261,18.39080459770115
501020,5,503,50310,Control,EoSY,Grade 8,eosy,independent,5,25,20
309743,5,503,50332,Control,EoSY,Grade 8,eosy,independent,27,99,27.272727272727273
301816,5,501,50101,Control,EoSY,Grade 8,eosy,independent,24,145,16.551724137931036
302054,5,503,50315,Control,EoSY,Grade 8,eosy,independent,50,116,43.10344827586207
301862,5,507,50701,Control,EoSY,Grade 8,eosy,independent,2,224,0.8928571428571429
502477,5,501,50108,Control,EoSY,Grade 8,eosy,independent,20,32,62.5
302283,5,513,51301,Control,EoSY,Grade 8,eosy,independent,23,304,7.565789473684211
301900,5,502,50206,Control,EoSY,Grade 8,eosy,independent,32,58,55.172413793103445
302123,5,508,50808,Control,EoSY,Grade 8,eosy,independent,4,92,4.3478260869565215
309512,5,501,50110,Control,EoSY,Grade 8,eosy,independent,18,23,78.26086956521739
302284,5,513,51301,Control,EoSY,Grade 8,eosy,independent,3,146,2.0547945205479454
500034,5,508,50819,Control,EoSY,Grade 8,eosy,independent,1,42,2.380952380952381
302043,5,503,50305,Control,EoSY,Grade 8,eosy,independent,21,186,11.290322580645162
302182,5,511,51107,Control,EoSY,Grade 8,eosy,independent,25,88,28.40909090909091
301986,5,503,50334,Control,EoSY,Grade 8,eosy,independent,113,168,67.26190476190476
302109,5,508,50817,Control,EoSY,Grade 8,eosy,independent,1,241,0.4149377593360996
302061,5,503,50311,Control,EoSY,Grade 8,eosy,independent,51,61,83.60655737704919
309931,5,508,50802,Control,EoSY,Grade 8,eosy,independent,8,75,10.666666666666666
301984,5,503,50331,Control,EoSY,Grade 8,eosy,independent,43,180,23.88888888888889
302156,5,508,50803,Control,EoSY,Grade 8,eosy,independent,82,105,78.0952380952381
309705,5,503,50330,Control,EoSY,Grade 8,eosy,independent,5,89,5.617977528089888
500165,5,508,50804,Control,EoSY,Grade 8,eosy,independent,0,43,0
301930,5,503,50328,Control,EoSY,Grade 8,eosy,independent,4,106,3.7735849056603774
302177,5,508,50806,Control,EoSY,Grade 8,eosy,independent,25,98,25.510204081632654
302282,5,513,51301,Control,EoSY,Grade 8,eosy,independent,185,358,51.675977653631286
502615,5,508,50802,Control,EoSY,Grade 8,eosy,independent,0,0,NA
302263,5,506,50601,Control,EoSY,Grade 8,eosy,independent,31,84,36.904761904761905
301826,5,501,50103,Control,EoSY,Grade 8,eosy,independent,25,44,56.81818181818182
305750,5,513,51301,Control,EoSY,Grade 8,eosy,independent,27,79,34.177215189873415
301870,5,501,50110,Control,EoSY,Grade 8,eosy,independent,59,142,41.54929577464789
302039,5,503,50316,Control,EoSY,Grade 8,eosy,independent,84,244,34.42622950819672
301868,5,501,50112,Control,EoSY,Grade 8,eosy,independent,156,241,64.73029045643153
301963,5,503,50316,Control,EoSY,Grade 8,eosy,independent,183,219,83.56164383561644
340567,15,1505,150501,Treatment,EoSY,Grade 8,eosy,independent,177,237,74.68354430379746
320606,15,1515,151502,Treatment,EoSY,Grade 8,eosy,independent,255,420,60.714285714285715
320202,15,1511,151101,Treatment,EoSY,Grade 8,eosy,independent,27,138,19.565217391304348
305310,15,1507,150703,Treatment,EoSY,Grade 8,eosy,independent,37,84,44.04761904761905
305418,15,1513,151301,Treatment,EoSY,Grade 8,eosy,independent,529,1053,50.237416904083574
500565,15,1515,151502,Treatment,EoSY,Grade 8,eosy,independent,358,834,42.92565947242206
301258,4,413,41308,Treatment,EoSY,Grade 8,eosy,independent,21,536,3.917910447761194
301214,4,411,41101,Treatment,EoSY,Grade 8,eosy,independent,269,503,53.47912524850894
301497,4,414,41401,Treatment,EoSY,Grade 8,eosy,independent,156,356,43.82022471910113
305411,15,1515,151502,Treatment,EoSY,Grade 8,eosy,independent,410,782,52.429667519181585
305420,15,1513,151301,Treatment,EoSY,Grade 8,eosy,independent,405,1345,30.111524163568774
301231,4,413,41302,Control,EoSY,Grade 8,eosy,independent,134,233,57.51072961373391
301188,4,402,40201,Control,EoSY,Grade 8,eosy,independent,271,603,44.94195688225539
307913,4,413,41309,Control,EoSY,Grade 8,eosy,independent,327,329,99.3920972644377
500566,15,1507,150710,Control,EoSY,Grade 8,eosy,independent,112,584,19.17808219178082
305453,15,1510,151001,Control,EoSY,Grade 8,eosy,independent,647,789,82.00253485424588
305311,15,1507,150702,Control,EoSY,Grade 8,eosy,independent,80,282,28.368794326241133
301425,4,401,40101,Control,EoSY,Grade 8,eosy,independent,208,1016,20.47244094488189
301202,4,408,40812,Control,EoSY,Grade 8,eosy,independent,145,370,39.189189189189186
305412,15,1515,151502,Control,EoSY,Grade 8,eosy,independent,390,1157,33.70786516853933
308105,4,417,41703,Control,EoSY,Grade 8,eosy,independent,236,528,44.696969696969695
305341,15,1514,151401,Control,EoSY,Grade 8,eosy,independent,257,1307,19.663351185921957
319604,15,1512,151201,Control,EoSY,Grade 8,eosy,independent,37,71,52.11267605633803
305568,15,1516,151601,Control,EoSY,Grade 8,eosy,independent,201,403,49.87593052109181
305434,15,1503,150301,Control,EoSY,Grade 8,eosy,independent,200,295,67.79661016949153
301464,4,417,41710,Control,EoSY,Grade 8,eosy,independent,306,495,61.81818181818182
305461,15,1515,151502,Control,EoSY,Grade 8,eosy,independent,142,424,33.490566037735846
305384,15,1501,150101,Control,EoSY,Grade 8,eosy,independent,328,328,100
301143,4,421,42101,Control,EoSY,Grade 8,eosy,independent,439,1088,40.349264705882355
305340,15,1514,151401,Control,EoSY,Grade 8,eosy,independent,938,1062,88.32391713747646
305302,15,1507,150709,Treatment,EoSY,Grade 8,eosy,independent,327,1040,31.442307692307693
308103,4,417,41712,Control,EoSY,Grade 8,eosy,independent,58,361,16.066481994459835
308130,4,417,41711,Control,EoSY,Grade 8,eosy,independent,67,134,50
301227,4,420,42001,Control,EoSY,Grade 8,eosy,independent,726,968,75
305334,15,1514,151401,Control,EoSY,Grade 8,eosy,independent,143,273,52.38095238095238
305367,15,1512,151201,Control,EoSY,Grade 8,eosy,independent,974,986,98.78296146044624
305635,15,1514,151401,Control,EoSY,Grade 8,eosy,independent,422,469,89.97867803837953
301218,4,408,40814,Control,EoSY,Grade 8,eosy,independent,853,1907,44.72994231777661
308501,4,415,41501,Control,EoSY,Grade 8,eosy,independent,498,655,76.03053435114504
500332,15,1506,150601,Control,EoSY,Grade 8,eosy,independent,39,287,13.588850174216027
305471,15,1509,150901,Control,EoSY,Grade 8,eosy,independent,168,297,56.56565656565657
305376,15,1501,150101,Treatment,EoSY,Grade 8,eosy,independent,484,489,98.97750511247443
301432,4,417,41705,Control,EoSY,Grade 8,eosy,independent,91,597,15.242881072026801
305459,15,1515,151502,Control,EoSY,Grade 8,eosy,independent,101,167,60.47904191616767
305313,15,1507,150708,Control,EoSY,Grade 8,eosy,independent,254,363,69.97245179063361
301186,4,410,41001,Control,EoSY,Grade 8,eosy,independent,529,1755,30.14245014245014
301184,4,410,41001,Control,EoSY,Grade 8,eosy,independent,73,1134,6.4373897707231045
305295,15,1507,150710,Control,EoSY,Grade 8,eosy,independent,279,510,54.705882352941174
301416,4,422,42201,Control,EoSY,Grade 8,eosy,independent,76,169,44.97041420118343
305450,15,1505,150501,Treatment,EoSY,Grade 8,eosy,independent,45,488,9.221311475409836
301403,4,416,41606,Control,EoSY,Grade 8,eosy,independent,6,491,1.2219959266802445
301451,4,417,41708,Control,EoSY,Grade 8,eosy,independent,89,362,24.585635359116022
305338,15,1514,151401,Control,EoSY,Grade 8,eosy,independent,15,799,1.8773466833541927
301257,4,413,41312,Control,EoSY,Grade 8,eosy,independent,965,1981,48.712771327612316
305416,15,1513,151301,Control,EoSY,Grade 8,eosy,independent,295,791,37.29456384323641
305337,15,1514,151401,Control,EoSY,Grade 8,eosy,independent,483,2234,21.62041181736795
305353,15,1514,151401,Control,EoSY,Grade 8,eosy,independent,48,476,10.084033613445378
301197,4,408,40812,Control,EoSY,Grade 8,eosy,independent,9,9,100
301236,4,413,41308,Treatment,EoSY,Grade 8,eosy,independent,38,322,11.801242236024844
305444,15,1516,151601,Control,EoSY,Grade 8,eosy,independent,51,132,38.63636363636363
320306,15,1503,150301,Control,EoSY,Grade 8,eosy,independent,406,869,46.72036823935558
301489,4,414,41401,Control,EoSY,Grade 8,eosy,independent,124,318,38.9937106918239
301507,4,418,41801,Control,EoSY,Grade 8,eosy,independent,20,134,14.925373134328359
301456,4,417,41710,Control,EoSY,Grade 8,eosy,independent,245,635,38.58267716535433
301238,4,413,41303,Control,EoSY,Grade 8,eosy,independent,140,395,35.44303797468354
305438,15,1516,151601,Control,EoSY,Grade 8,eosy,independent,93,799,11.639549436795996
305324,15,1514,151401,Control,EoSY,Grade 8,eosy,independent,48,86,55.81395348837209
305454,15,1510,151001,Control,EoSY,Grade 8,eosy,independent,106,163,65.03067484662577
308122,4,417,41708,Control,EoSY,Grade 8,eosy,independent,33,198,16.666666666666668
301508,4,418,41801,Control,EoSY,Grade 8,eosy,independent,69,303,22.77227722772277
305465,15,1515,151502,Control,EoSY,Grade 8,eosy,independent,223,780,28.58974358974359
305428,15,1511,151101,Control,EoSY,Grade 8,eosy,independent,139,415,33.493975903614455
301175,4,408,40807,Control,EoSY,Grade 8,eosy,independent,395,574,68.81533101045297
301437,4,417,41704,Control,EoSY,Grade 8,eosy,independent,541,1114,48.563734290843804
320204,15,1511,151101,Control,EoSY,Grade 8,eosy,independent,110,504,21.825396825396826
305447,15,1505,150501,Control,EoSY,Grade 8,eosy,independent,57,183,31.147540983606557
301438,4,417,41704,Control,EoSY,Grade 8,eosy,independent,62,514,12.062256809338521
308135,4,417,41708,Control,EoSY,Grade 8,eosy,independent,14,216,6.481481481481482
301418,4,401,40101,Control,EoSY,Grade 8,eosy,independent,548,2968,18.463611859838274
305288,15,1507,150710,Control,EoSY,Grade 8,eosy,independent,267,662,40.33232628398792
301265,4,413,41301,Control,EoSY,Grade 8,eosy,independent,278,433,64.20323325635104
305442,15,1516,151601,Control,EoSY,Grade 8,eosy,independent,0,239,0
500339,15,1505,150501,Control,EoSY,Grade 8,eosy,independent,298,379,78.62796833773088
305435,15,1503,150301,Control,EoSY,Grade 8,eosy,independent,110,186,59.13978494623656
308134,4,417,41708,Control,EoSY,Grade 8,eosy,independent,317,533,59.47467166979362
305452,15,1505,150501,Control,EoSY,Grade 8,eosy,independent,288,517,55.705996131528046
312330,7,703,70308,Treatment,EoSY,Grade 8,eosy,independent,55,115,47.82608695652174
305710,7,703,70302,Treatment,EoSY,Grade 8,eosy,independent,48,68,70.58823529411765
305655,11,1101,110101,Treatment,EoSY,Grade 8,eosy,independent,15,25,60
305581,7,703,70303,Treatment,EoSY,Grade 8,eosy,independent,0,45,0
303130,7,703,70309,Treatment,EoSY,Grade 8,eosy,independent,7,177,3.9548022598870056
312354,7,703,70309,Treatment,EoSY,Grade 8,eosy,independent,20,37,54.054054054054056
305849,11,1105,110503,Treatment,EoSY,Grade 8,eosy,independent,1,21,4.761904761904762
305500,11,1101,110101,Treatment,EoSY,Grade 8,eosy,independent,5,35,14.285714285714286
312355,7,703,70304,Treatment,EoSY,Grade 8,eosy,independent,16,38,42.10526315789474
501903,11,1110,111001,Treatment,EoSY,Grade 8,eosy,independent,3,37,8.108108108108109
500665,7,705,70527,Control,EoSY,Grade 8,eosy,independent,2,86,2.3255813953488373
312462,7,705,70520,Control,EoSY,Grade 8,eosy,independent,17,20,85
306038,11,1102,110202,Control,EoSY,Grade 8,eosy,independent,13,29,44.827586206896555
500221,7,705,70527,Control,EoSY,Grade 8,eosy,independent,1,25,4
500744,7,708,70801,Control,EoSY,Grade 8,eosy,independent,38,39,97.43589743589743
305884,11,1101,110101,Control,EoSY,Grade 8,eosy,independent,51,104,49.03846153846154
303170,7,709,70901,Control,EoSY,Grade 8,eosy,independent,15,65,23.076923076923077
500787,7,708,70801,Control,EoSY,Grade 8,eosy,independent,26,54,48.148148148148145
500667,7,705,70528,Control,EoSY,Grade 8,eosy,independent,15,48,31.25
501071,11,1101,110101,Control,EoSY,Grade 8,eosy,independent,12,24,50
303046,7,705,70527,Control,EoSY,Grade 8,eosy,independent,6,107,5.607476635514018
325303,7,707,70701,Control,EoSY,Grade 8,eosy,independent,7,56,12.5
500208,7,703,70305,Control,EoSY,Grade 8,eosy,independent,7,13,53.84615384615385
312401,7,705,70525,Control,EoSY,Grade 8,eosy,independent,41,91,45.05494505494506
303136,7,706,70601,Control,EoSY,Grade 8,eosy,independent,19,76,25
312435,7,707,70701,Control,EoSY,Grade 8,eosy,independent,9,49,18.367346938775512
502186,11,1101,110101,Control,EoSY,Grade 8,eosy,independent,6,18,33.333333333333336
500782,7,708,70801,Control,EoSY,Grade 8,eosy,independent,117,244,47.950819672131146
306086,11,1106,110606,Control,EoSY,Grade 8,eosy,independent,1,21,4.761904761904762
305755,7,705,70529,Control,EoSY,Grade 8,eosy,independent,135,150,90
305665,11,1101,110101,Control,EoSY,Grade 8,eosy,independent,8,16,50
501635,7,703,70301,Control,EoSY,Grade 8,eosy,independent,9,76,11.842105263157896
305843,11,1110,111001,Control,EoSY,Grade 8,eosy,independent,20,32,62.5
500894,7,705,70517,Control,EoSY,Grade 8,eosy,independent,25,116,21.551724137931036
500671,7,705,70506,Control,EoSY,Grade 8,eosy,independent,13,34,38.23529411764706
305847,11,1105,110503,Control,EoSY,Grade 8,eosy,independent,18,53,33.9622641509434
500784,7,708,70801,Control,EoSY,Grade 8,eosy,independent,3,17,17.647058823529413
501267,7,705,70525,Control,EoSY,Grade 8,eosy,independent,6,13,46.15384615384615
306000,7,705,70525,Control,EoSY,Grade 8,eosy,independent,8,32,25
305517,11,1106,110608,Control,EoSY,Grade 8,eosy,independent,2,46,4.3478260869565215
305713,7,710,71001,Control,EoSY,Grade 8,eosy,independent,0,43,0
500768,7,705,70521,Control,EoSY,Grade 8,eosy,independent,9,33,27.272727272727273
316303,11,1107,110701,Control,EoSY,Grade 8,eosy,independent,24,33,72.72727272727273
316304,11,1107,110701,Control,EoSY,Grade 8,eosy,independent,33,94,35.1063829787234
305506,11,1101,110101,Control,EoSY,Grade 8,eosy,independent,8,19,42.10526315789474
500421,7,705,70507,Control,EoSY,Grade 8,eosy,independent,11,75,14.666666666666666
305681,11,1110,111001,Control,EoSY,Grade 8,eosy,independent,116,199,58.29145728643216
303186,7,711,71101,Control,EoSY,Grade 8,eosy,independent,133,140,95
501429,7,714,71402,Control,EoSY,Grade 8,eosy,independent,30,57,52.63157894736842
305844,11,1103,110303,Control,EoSY,Grade 8,eosy,independent,19,59,32.20338983050848
305965,11,1110,111001,Control,EoSY,Grade 8,eosy,independent,21,63,33.333333333333336
501076,11,1103,110305,Control,EoSY,Grade 8,eosy,independent,0,10,0
305889,11,1101,110101,Control,EoSY,Grade 8,eosy,independent,30,48,62.5
501074,11,1103,110306,Control,EoSY,Grade 8,eosy,independent,5,65,7.6923076923076925
312408,7,705,70530,Control,EoSY,Grade 8,eosy,independent,32,61,52.459016393442624
501351,7,705,70522,Control,EoSY,Grade 8,eosy,independent,42,58,72.41379310344827
501404,11,1101,110101,Control,EoSY,Grade 8,eosy,independent,20,28,71.42857142857143
305660,11,1101,110101,Control,EoSY,Grade 8,eosy,independent,11,39,28.205128205128204
303219,7,701,70101,Control,EoSY,Grade 8,eosy,independent,60,115,52.17391304347826
312450,7,705,70522,Control,EoSY,Grade 8,eosy,independent,12,96,12.5
324903,7,704,70401,Control,EoSY,Grade 8,eosy,independent,1,32,3.125
501065,11,1101,110101,Control,EoSY,Grade 8,eosy,independent,106,121,87.60330578512396
312451,7,705,70532,Control,EoSY,Grade 8,eosy,independent,7,77,9.090909090909092
501763,11,1103,110305,Control,EoSY,Grade 8,eosy,independent,18,57,31.57894736842105
316405,11,1110,111001,Control,EoSY,Grade 8,eosy,independent,20,161,12.422360248447205
316404,11,1110,111001,Control,EoSY,Grade 8,eosy,independent,23,56,41.07142857142857
316301,11,1107,110701,Control,EoSY,Grade 8,eosy,independent,54,159,33.9622641509434
312910,7,710,71001,Control,EoSY,Grade 8,eosy,independent,38,141,26.95035460992908
303011,7,705,70512,Control,EoSY,Grade 8,eosy,independent,10,40,25
305651,11,1101,110101,Control,EoSY,Grade 8,eosy,independent,12,34,35.294117647058826
305662,11,1101,110101,Control,EoSY,Grade 8,eosy,independent,8,41,19.51219512195122
305850,11,1105,110503,Control,EoSY,Grade 8,eosy,independent,18,29,62.06896551724138
312481,7,705,70518,Control,EoSY,Grade 8,eosy,independent,79,180,43.888888888888886
304409,11,1110,111001,Control,EoSY,Grade 8,eosy,independent,1,137,0.7299270072992701
303246,7,713,71303,Control,EoSY,Grade 8,eosy,independent,52,125,41.6
501405,11,1101,110101,Control,EoSY,Grade 8,eosy,independent,58,75,77.33333333333333
305677,11,1105,110503,Control,EoSY,Grade 8,eosy,independent,16,50,32
500447,7,708,70801,Control,EoSY,Grade 8,eosy,independent,28,48,58.333333333333336
501305,7,708,70801,Control,EoSY,Grade 8,eosy,independent,29,32,90.625
305917,7,708,70801,Control,EoSY,Grade 8,eosy,independent,1,30,3.3333333333333335
305722,7,703,70304,Control,EoSY,Grade 8,eosy,independent,27,45,60
312953,7,713,71306,Control,EoSY,Grade 8,eosy,independent,9,19,47.36842105263158
305498,11,1101,110101,Control,EoSY,Grade 8,eosy,independent,5,83,6.024096385542169
305669,11,1101,110101,Control,EoSY,Grade 8,eosy,independent,26,31,83.87096774193549
312960,7,710,71002,Control,EoSY,Grade 8,eosy,independent,15,55,27.272727272727273
309906,5,508,50811,Treatment,EoSY,Grade 9,eosy,frustration,82,104,78.84615384615384
309934,5,508,50806,Treatment,EoSY,Grade 9,eosy,frustration,1,32,3.125
301871,5,501,50107,Treatment,EoSY,Grade 9,eosy,frustration,49,65,75.38461538461539
302134,5,508,50804,Treatment,EoSY,Grade 9,eosy,frustration,2,22,9.090909090909092
302117,5,508,50803,Treatment,EoSY,Grade 9,eosy,frustration,3,54,5.555555555555555
309909,5,508,50801,Treatment,EoSY,Grade 9,eosy,frustration,7,91,7.6923076923076925
309915,5,508,50801,Treatment,EoSY,Grade 9,eosy,frustration,11,33,33.333333333333336
501544,5,508,50815,Treatment,EoSY,Grade 9,eosy,frustration,2,65,3.076923076923077
301887,5,502,50205,Treatment,EoSY,Grade 9,eosy,frustration,9,70,12.857142857142858
302175,5,508,50820,Treatment,EoSY,Grade 9,eosy,frustration,29,122,23.770491803278688
302146,5,508,50812,Treatment,EoSY,Grade 9,eosy,frustration,85,129,65.89147286821705
309921,5,508,50805,Treatment,EoSY,Grade 9,eosy,frustration,2,69,2.898550724637681
302254,5,505,50501,Control,EoSY,Grade 9,eosy,frustration,8,89,8.98876404494382
309513,5,501,50112,Control,EoSY,Grade 9,eosy,frustration,31,84,36.904761904761905
500163,5,508,50801,Control,EoSY,Grade 9,eosy,frustration,4,64,6.25
302058,5,503,50333,Control,EoSY,Grade 9,eosy,frustration,53,85,62.35294117647059
302192,5,511,51103,Control,EoSY,Grade 9,eosy,frustration,113,214,52.80373831775701
302227,5,511,51105,Control,EoSY,Grade 9,eosy,frustration,42,48,87.5
302252,5,505,50501,Control,EoSY,Grade 9,eosy,frustration,0,58,0
309914,5,508,50806,Control,EoSY,Grade 9,eosy,frustration,17,164,10.365853658536585
309711,5,503,50317,Control,EoSY,Grade 9,eosy,frustration,16,50,32
301817,5,507,50701,Control,EoSY,Grade 9,eosy,frustration,39,78,50
302165,5,508,50816,Control,EoSY,Grade 9,eosy,frustration,42,60,70
301974,5,503,50311,Treatment,EoSY,Grade 9,eosy,frustration,8,47,17.02127659574468
302256,5,505,50501,Control,EoSY,Grade 9,eosy,frustration,6,95,6.315789473684211
301834,5,501,50106,Control,EoSY,Grade 9,eosy,frustration,1,134,0.746268656716418
309760,5,503,50306,Control,EoSY,Grade 9,eosy,frustration,5,48,10.416666666666666
309936,5,508,50819,Control,EoSY,Grade 9,eosy,frustration,0,45,0
302203,5,511,51102,Control,EoSY,Grade 9,eosy,frustration,1,36,2.7777777777777777
302011,5,503,50314,Control,EoSY,Grade 9,eosy,frustration,15,162,9.25925925925926
500168,5,505,50501,Control,EoSY,Grade 9,eosy,frustration,0,21,0
301947,5,503,50306,Control,EoSY,Grade 9,eosy,frustration,66,316,20.88607594936709
309941,5,508,50812,Control,EoSY,Grade 9,eosy,frustration,57,130,43.84615384615385
301839,5,501,50111,Control,EoSY,Grade 9,eosy,frustration,0,59,0
501843,5,508,50818,Treatment,EoSY,Grade 9,eosy,frustration,8,37,21.62162162162162
302111,5,508,50801,Control,EoSY,Grade 9,eosy,frustration,103,378,27.24867724867725
302133,5,509,50901,Control,EoSY,Grade 9,eosy,frustration,32,151,21.192052980132452
301990,5,503,50317,Control,EoSY,Grade 9,eosy,frustration,14,45,31.11111111111111
309937,5,508,50819,Control,EoSY,Grade 9,eosy,frustration,3,48,6.25
302241,5,511,51105,Control,EoSY,Grade 9,eosy,frustration,28,52,53.84615384615385
500167,5,505,50501,Control,EoSY,Grade 9,eosy,frustration,6,57,10.526315789473685
309764,5,503,50320,Control,EoSY,Grade 9,eosy,frustration,21,33,63.63636363636363
302205,5,511,51106,Control,EoSY,Grade 9,eosy,frustration,0,102,0
302014,5,503,50302,Control,EoSY,Grade 9,eosy,frustration,43,103,41.74757281553398
309740,5,503,50315,Control,EoSY,Grade 9,eosy,frustration,11,65,16.923076923076923
309741,5,503,50315,Control,EoSY,Grade 9,eosy,frustration,27,81,33.333333333333336
302161,5,508,50803,Treatment,EoSY,Grade 9,eosy,frustration,7,73,9.58904109589041
302113,5,508,50818,Treatment,EoSY,Grade 9,eosy,frustration,13,62,20.967741935483872
302127,5,508,50817,Control,EoSY,Grade 9,eosy,frustration,3,34,8.823529411764707
301899,5,502,50205,Control,EoSY,Grade 9,eosy,frustration,5,90,5.555555555555555
309509,5,501,50113,Control,EoSY,Grade 9,eosy,frustration,12,81,14.814814814814815
309903,5,508,50816,Control,EoSY,Grade 9,eosy,frustration,34,79,43.037974683544306
301995,5,503,50310,Control,EoSY,Grade 9,eosy,frustration,3,61,4.918032786885246
309702,5,503,50325,Control,EoSY,Grade 9,eosy,frustration,101,178,56.741573033707866
501020,5,503,50310,Control,EoSY,Grade 9,eosy,frustration,14,28,50
309743,5,503,50332,Control,EoSY,Grade 9,eosy,frustration,40,82,48.78048780487805
301816,5,501,50101,Control,EoSY,Grade 9,eosy,frustration,5,92,5.434782608695652
302054,5,503,50315,Control,EoSY,Grade 9,eosy,frustration,7,89,7.865168539325842
301862,5,507,50701,Control,EoSY,Grade 9,eosy,frustration,88,150,58.666666666666664
502477,5,501,50108,Control,EoSY,Grade 9,eosy,frustration,0,18,0
302283,5,513,51301,Control,EoSY,Grade 9,eosy,frustration,108,177,61.016949152542374
301900,5,502,50206,Control,EoSY,Grade 9,eosy,frustration,2,25,8
302123,5,508,50808,Control,EoSY,Grade 9,eosy,frustration,24,78,30.76923076923077
309512,5,501,50110,Control,EoSY,Grade 9,eosy,frustration,1,17,5.882352941176471
302284,5,513,51301,Control,EoSY,Grade 9,eosy,frustration,106,148,71.62162162162163
500034,5,508,50819,Control,EoSY,Grade 9,eosy,frustration,31,32,96.875
302043,5,503,50305,Control,EoSY,Grade 9,eosy,frustration,53,156,33.97435897435897
302182,5,511,51107,Control,EoSY,Grade 9,eosy,frustration,30,84,35.714285714285715
301986,5,503,50334,Control,EoSY,Grade 9,eosy,frustration,15,167,8.982035928143713
302109,5,508,50817,Control,EoSY,Grade 9,eosy,frustration,36,173,20.809248554913296
302061,5,503,50311,Control,EoSY,Grade 9,eosy,frustration,2,52,3.8461538461538463
309931,5,508,50802,Control,EoSY,Grade 9,eosy,frustration,35,65,53.84615384615385
301984,5,503,50331,Control,EoSY,Grade 9,eosy,frustration,72,168,42.857142857142854
302156,5,508,50803,Control,EoSY,Grade 9,eosy,frustration,16,94,17.02127659574468
309705,5,503,50330,Control,EoSY,Grade 9,eosy,frustration,54,76,71.05263157894737
500165,5,508,50804,Control,EoSY,Grade 9,eosy,frustration,37,39,94.87179487179488
301930,5,503,50328,Control,EoSY,Grade 9,eosy,frustration,61,71,85.91549295774648
302177,5,508,50806,Control,EoSY,Grade 9,eosy,frustration,1,81,1.2345679012345678
302282,5,513,51301,Control,EoSY,Grade 9,eosy,frustration,2,261,0.7662835249042146
502615,5,508,50802,Control,EoSY,Grade 9,eosy,frustration,0,0,NA
302263,5,506,50601,Control,EoSY,Grade 9,eosy,frustration,28,62,45.16129032258065
301826,5,501,50103,Control,EoSY,Grade 9,eosy,frustration,7,34,20.58823529411765
305750,5,513,51301,Control,EoSY,Grade 9,eosy,frustration,17,48,35.416666666666664
301870,5,501,50110,Control,EoSY,Grade 9,eosy,frustration,1,66,1.5151515151515151
302039,5,503,50316,Control,EoSY,Grade 9,eosy,frustration,27,209,12.91866028708134
301868,5,501,50112,Control,EoSY,Grade 9,eosy,frustration,4,173,2.3121387283236996
301963,5,503,50316,Control,EoSY,Grade 9,eosy,frustration,29,153,18.954248366013072
340567,15,1505,150501,Treatment,EoSY,Grade 9,eosy,frustration,16,188,8.51063829787234
320606,15,1515,151502,Treatment,EoSY,Grade 9,eosy,frustration,53,325,16.307692307692307
320202,15,1511,151101,Treatment,EoSY,Grade 9,eosy,frustration,31,130,23.846153846153847
305310,15,1507,150703,Treatment,EoSY,Grade 9,eosy,frustration,10,62,16.129032258064516
305418,15,1513,151301,Treatment,EoSY,Grade 9,eosy,frustration,309,818,37.775061124694375
500565,15,1515,151502,Treatment,EoSY,Grade 9,eosy,frustration,22,673,3.2689450222882614
301258,4,413,41308,Treatment,EoSY,Grade 9,eosy,frustration,77,367,20.980926430517712
301214,4,411,41101,Treatment,EoSY,Grade 9,eosy,frustration,38,532,7.142857142857143
301497,4,414,41401,Treatment,EoSY,Grade 9,eosy,frustration,16,287,5.574912891986063
305411,15,1515,151502,Treatment,EoSY,Grade 9,eosy,frustration,255,814,31.326781326781326
305420,15,1513,151301,Treatment,EoSY,Grade 9,eosy,frustration,128,974,13.141683778234086
301231,4,413,41302,Control,EoSY,Grade 9,eosy,frustration,1,157,0.6369426751592356
301188,4,402,40201,Control,EoSY,Grade 9,eosy,frustration,80,556,14.388489208633093
307913,4,413,41309,Control,EoSY,Grade 9,eosy,frustration,0,238,0
500566,15,1507,150710,Control,EoSY,Grade 9,eosy,frustration,40,628,6.369426751592357
305453,15,1510,151001,Control,EoSY,Grade 9,eosy,frustration,0,606,0
305311,15,1507,150702,Control,EoSY,Grade 9,eosy,frustration,153,278,55.03597122302158
301425,4,401,40101,Control,EoSY,Grade 9,eosy,frustration,173,725,23.862068965517242
301202,4,408,40812,Control,EoSY,Grade 9,eosy,frustration,1,280,0.35714285714285715
305412,15,1515,151502,Control,EoSY,Grade 9,eosy,frustration,90,941,9.564293304994687
308105,4,417,41703,Control,EoSY,Grade 9,eosy,frustration,181,440,41.13636363636363
305341,15,1514,151401,Control,EoSY,Grade 9,eosy,frustration,504,1266,39.81042654028436
319604,15,1512,151201,Control,EoSY,Grade 9,eosy,frustration,0,69,0
305568,15,1516,151601,Control,EoSY,Grade 9,eosy,frustration,24,315,7.619047619047619
305434,15,1503,150301,Control,EoSY,Grade 9,eosy,frustration,6,362,1.6574585635359116
301464,4,417,41710,Control,EoSY,Grade 9,eosy,frustration,5,447,1.1185682326621924
305461,15,1515,151502,Control,EoSY,Grade 9,eosy,frustration,3,265,1.1320754716981132
305384,15,1501,150101,Control,EoSY,Grade 9,eosy,frustration,0,164,0
301143,4,421,42101,Control,EoSY,Grade 9,eosy,frustration,10,809,1.2360939431396787
305340,15,1514,151401,Control,EoSY,Grade 9,eosy,frustration,6,929,0.6458557588805167
305302,15,1507,150709,Treatment,EoSY,Grade 9,eosy,frustration,387,921,42.01954397394137
308103,4,417,41712,Control,EoSY,Grade 9,eosy,frustration,19,267,7.116104868913857
308130,4,417,41711,Control,EoSY,Grade 9,eosy,frustration,18,129,13.953488372093023
301227,4,420,42001,Control,EoSY,Grade 9,eosy,frustration,11,673,1.6344725111441307
305334,15,1514,151401,Control,EoSY,Grade 9,eosy,frustration,8,296,2.7027027027027026
305367,15,1512,151201,Control,EoSY,Grade 9,eosy,frustration,0,743,0
305635,15,1514,151401,Control,EoSY,Grade 9,eosy,frustration,2,390,0.5128205128205128
301218,4,408,40814,Control,EoSY,Grade 9,eosy,frustration,51,1267,4.025256511444357
308501,4,415,41501,Control,EoSY,Grade 9,eosy,frustration,28,492,5.691056910569106
500332,15,1506,150601,Control,EoSY,Grade 9,eosy,frustration,11,226,4.867256637168142
305471,15,1509,150901,Control,EoSY,Grade 9,eosy,frustration,75,337,22.255192878338278
305376,15,1501,150101,Treatment,EoSY,Grade 9,eosy,frustration,0,374,0
301432,4,417,41705,Control,EoSY,Grade 9,eosy,frustration,123,435,28.275862068965516
305459,15,1515,151502,Control,EoSY,Grade 9,eosy,frustration,4,83,4.819277108433735
305313,15,1507,150708,Control,EoSY,Grade 9,eosy,frustration,3,278,1.079136690647482
301186,4,410,41001,Control,EoSY,Grade 9,eosy,frustration,100,1470,6.802721088435374
301184,4,410,41001,Control,EoSY,Grade 9,eosy,frustration,198,930,21.29032258064516
305295,15,1507,150710,Control,EoSY,Grade 9,eosy,frustration,1,459,0.2178649237472767
301416,4,422,42201,Control,EoSY,Grade 9,eosy,frustration,31,147,21.08843537414966
305450,15,1505,150501,Treatment,EoSY,Grade 9,eosy,frustration,51,365,13.972602739726028
301403,4,416,41606,Control,EoSY,Grade 9,eosy,frustration,276,334,82.63473053892216
301451,4,417,41708,Control,EoSY,Grade 9,eosy,frustration,5,259,1.9305019305019304
305338,15,1514,151401,Control,EoSY,Grade 9,eosy,frustration,206,628,32.802547770700635
301257,4,413,41312,Control,EoSY,Grade 9,eosy,frustration,140,1584,8.83838383838384
305416,15,1513,151301,Control,EoSY,Grade 9,eosy,frustration,17,726,2.3415977961432506
305337,15,1514,151401,Control,EoSY,Grade 9,eosy,frustration,599,1923,31.149245969838795
305353,15,1514,151401,Control,EoSY,Grade 9,eosy,frustration,135,377,35.80901856763926
301197,4,408,40812,Control,EoSY,Grade 9,eosy,frustration,0,4,0
301236,4,413,41308,Treatment,EoSY,Grade 9,eosy,frustration,17,189,8.994708994708995
305444,15,1516,151601,Control,EoSY,Grade 9,eosy,frustration,5,111,4.504504504504505
320306,15,1503,150301,Control,EoSY,Grade 9,eosy,frustration,100,668,14.970059880239521
301489,4,414,41401,Control,EoSY,Grade 9,eosy,frustration,15,275,5.454545454545454
301507,4,418,41801,Control,EoSY,Grade 9,eosy,frustration,2,111,1.8018018018018018
301456,4,417,41710,Control,EoSY,Grade 9,eosy,frustration,3,446,0.672645739910314
301238,4,413,41303,Control,EoSY,Grade 9,eosy,frustration,2,39,5.128205128205129
305438,15,1516,151601,Control,EoSY,Grade 9,eosy,frustration,60,763,7.863695937090433
305324,15,1514,151401,Control,EoSY,Grade 9,eosy,frustration,4,95,4.2105263157894735
305454,15,1510,151001,Control,EoSY,Grade 9,eosy,frustration,0,116,0
308122,4,417,41708,Control,EoSY,Grade 9,eosy,frustration,68,124,54.83870967741935
301508,4,418,41801,Control,EoSY,Grade 9,eosy,frustration,28,254,11.023622047244094
305465,15,1515,151502,Control,EoSY,Grade 9,eosy,frustration,52,361,14.404432132963988
305428,15,1511,151101,Control,EoSY,Grade 9,eosy,frustration,5,329,1.5197568389057752
301175,4,408,40807,Control,EoSY,Grade 9,eosy,frustration,71,509,13.948919449901767
301437,4,417,41704,Control,EoSY,Grade 9,eosy,frustration,131,912,14.364035087719298
320204,15,1511,151101,Control,EoSY,Grade 9,eosy,frustration,132,523,25.239005736137667
305447,15,1505,150501,Control,EoSY,Grade 9,eosy,frustration,0,22,0
301438,4,417,41704,Control,EoSY,Grade 9,eosy,frustration,175,443,39.503386004514674
308135,4,417,41708,Control,EoSY,Grade 9,eosy,frustration,11,192,5.729166666666667
301418,4,401,40101,Control,EoSY,Grade 9,eosy,frustration,301,2419,12.443158329888384
305288,15,1507,150710,Control,EoSY,Grade 9,eosy,frustration,87,536,16.23134328358209
301265,4,413,41301,Control,EoSY,Grade 9,eosy,frustration,10,328,3.048780487804878
305442,15,1516,151601,Control,EoSY,Grade 9,eosy,frustration,154,232,66.37931034482759
500339,15,1505,150501,Control,EoSY,Grade 9,eosy,frustration,2,314,0.6369426751592356
305435,15,1503,150301,Control,EoSY,Grade 9,eosy,frustration,88,179,49.16201117318436
308134,4,417,41708,Control,EoSY,Grade 9,eosy,frustration,0,435,0
305452,15,1505,150501,Control,EoSY,Grade 9,eosy,frustration,15,398,3.7688442211055277
312330,7,703,70308,Treatment,EoSY,Grade 9,eosy,frustration,2,55,3.6363636363636362
305710,7,703,70302,Treatment,EoSY,Grade 9,eosy,frustration,5,67,7.462686567164179
305655,11,1101,110101,Treatment,EoSY,Grade 9,eosy,frustration,1,16,6.25
305581,7,703,70303,Treatment,EoSY,Grade 9,eosy,frustration,8,28,28.571428571428573
303130,7,703,70309,Treatment,EoSY,Grade 9,eosy,frustration,105,133,78.94736842105263
312354,7,703,70309,Treatment,EoSY,Grade 9,eosy,frustration,1,19,5.2631578947368425
305849,11,1105,110503,Treatment,EoSY,Grade 9,eosy,frustration,5,23,21.73913043478261
305500,11,1101,110101,Treatment,EoSY,Grade 9,eosy,frustration,3,23,13.043478260869565
312355,7,703,70304,Treatment,EoSY,Grade 9,eosy,frustration,0,30,0
501903,11,1110,111001,Treatment,EoSY,Grade 9,eosy,frustration,8,17,47.05882352941177
500665,7,705,70527,Control,EoSY,Grade 9,eosy,frustration,52,62,83.87096774193549
312462,7,705,70520,Control,EoSY,Grade 9,eosy,frustration,2,26,7.6923076923076925
306038,11,1102,110202,Control,EoSY,Grade 9,eosy,frustration,2,24,8.333333333333334
500221,7,705,70527,Control,EoSY,Grade 9,eosy,frustration,18,20,90
500744,7,708,70801,Control,EoSY,Grade 9,eosy,frustration,1,34,2.9411764705882355
305884,11,1101,110101,Control,EoSY,Grade 9,eosy,frustration,11,78,14.102564102564102
303170,7,709,70901,Control,EoSY,Grade 9,eosy,frustration,6,31,19.35483870967742
500787,7,708,70801,Control,EoSY,Grade 9,eosy,frustration,0,42,0
500667,7,705,70528,Control,EoSY,Grade 9,eosy,frustration,3,31,9.67741935483871
501071,11,1101,110101,Control,EoSY,Grade 9,eosy,frustration,0,16,0
303046,7,705,70527,Control,EoSY,Grade 9,eosy,frustration,15,69,21.73913043478261
325303,7,707,70701,Control,EoSY,Grade 9,eosy,frustration,5,52,9.615384615384615
500208,7,703,70305,Control,EoSY,Grade 9,eosy,frustration,0,15,0
312401,7,705,70525,Control,EoSY,Grade 9,eosy,frustration,13,57,22.80701754385965
303136,7,706,70601,Control,EoSY,Grade 9,eosy,frustration,22,49,44.89795918367347
312435,7,707,70701,Control,EoSY,Grade 9,eosy,frustration,3,27,11.11111111111111
502186,11,1101,110101,Control,EoSY,Grade 9,eosy,frustration,3,8,37.5
500782,7,708,70801,Control,EoSY,Grade 9,eosy,frustration,2,188,1.0638297872340425
306086,11,1106,110606,Control,EoSY,Grade 9,eosy,frustration,13,14,92.85714285714286
305755,7,705,70529,Control,EoSY,Grade 9,eosy,frustration,1,95,1.0526315789473684
305665,11,1101,110101,Control,EoSY,Grade 9,eosy,frustration,0,13,0
501635,7,703,70301,Control,EoSY,Grade 9,eosy,frustration,9,52,17.307692307692307
305843,11,1110,111001,Control,EoSY,Grade 9,eosy,frustration,3,26,11.538461538461538
500894,7,705,70517,Control,EoSY,Grade 9,eosy,frustration,33,88,37.5
500671,7,705,70506,Control,EoSY,Grade 9,eosy,frustration,10,25,40
305847,11,1105,110503,Control,EoSY,Grade 9,eosy,frustration,3,28,10.714285714285714
500784,7,708,70801,Control,EoSY,Grade 9,eosy,frustration,1,9,11.11111111111111
501267,7,705,70525,Control,EoSY,Grade 9,eosy,frustration,1,14,7.142857142857143
306000,7,705,70525,Control,EoSY,Grade 9,eosy,frustration,3,17,17.647058823529413
305517,11,1106,110608,Control,EoSY,Grade 9,eosy,frustration,26,41,63.41463414634146
305713,7,710,71001,Control,EoSY,Grade 9,eosy,frustration,0,41,0
500768,7,705,70521,Control,EoSY,Grade 9,eosy,frustration,3,18,16.666666666666668
316303,11,1107,110701,Control,EoSY,Grade 9,eosy,frustration,1,34,2.9411764705882355
316304,11,1107,110701,Control,EoSY,Grade 9,eosy,frustration,8,55,14.545454545454545
305506,11,1101,110101,Control,EoSY,Grade 9,eosy,frustration,2,13,15.384615384615385
500421,7,705,70507,Control,EoSY,Grade 9,eosy,frustration,47,49,95.91836734693878
305681,11,1110,111001,Control,EoSY,Grade 9,eosy,frustration,6,165,3.6363636363636362
303186,7,711,71101,Control,EoSY,Grade 9,eosy,frustration,0,110,0
501429,7,714,71402,Control,EoSY,Grade 9,eosy,frustration,6,55,10.909090909090908
305844,11,1103,110303,Control,EoSY,Grade 9,eosy,frustration,10,42,23.80952380952381
305965,11,1110,111001,Control,EoSY,Grade 9,eosy,frustration,2,41,4.878048780487805
501076,11,1103,110305,Control,EoSY,Grade 9,eosy,frustration,6,8,75
305889,11,1101,110101,Control,EoSY,Grade 9,eosy,frustration,7,42,16.666666666666668
501074,11,1103,110306,Control,EoSY,Grade 9,eosy,frustration,21,41,51.21951219512195
312408,7,705,70530,Control,EoSY,Grade 9,eosy,frustration,4,41,9.75609756097561
501351,7,705,70522,Control,EoSY,Grade 9,eosy,frustration,0,49,0
501404,11,1101,110101,Control,EoSY,Grade 9,eosy,frustration,1,24,4.166666666666667
305660,11,1101,110101,Control,EoSY,Grade 9,eosy,frustration,2,38,5.2631578947368425
303219,7,701,70101,Control,EoSY,Grade 9,eosy,frustration,2,125,1.6
312450,7,705,70522,Control,EoSY,Grade 9,eosy,frustration,13,73,17.80821917808219
324903,7,704,70401,Control,EoSY,Grade 9,eosy,frustration,14,23,60.869565217391305
501065,11,1101,110101,Control,EoSY,Grade 9,eosy,frustration,3,106,2.830188679245283
312451,7,705,70532,Control,EoSY,Grade 9,eosy,frustration,18,44,40.90909090909091
501763,11,1103,110305,Control,EoSY,Grade 9,eosy,frustration,3,23,13.043478260869565
316405,11,1110,111001,Control,EoSY,Grade 9,eosy,frustration,26,88,29.545454545454547
316404,11,1110,111001,Control,EoSY,Grade 9,eosy,frustration,2,56,3.5714285714285716
316301,11,1107,110701,Control,EoSY,Grade 9,eosy,frustration,21,140,15
312910,7,710,71001,Control,EoSY,Grade 9,eosy,frustration,34,97,35.05154639175258
303011,7,705,70512,Control,EoSY,Grade 9,eosy,frustration,8,26,30.76923076923077
305651,11,1101,110101,Control,EoSY,Grade 9,eosy,frustration,3,27,11.11111111111111
305662,11,1101,110101,Control,EoSY,Grade 9,eosy,frustration,7,36,19.444444444444443
305850,11,1105,110503,Control,EoSY,Grade 9,eosy,frustration,3,31,9.67741935483871
312481,7,705,70518,Control,EoSY,Grade 9,eosy,frustration,27,175,15.428571428571429
304409,11,1110,111001,Control,EoSY,Grade 9,eosy,frustration,86,109,78.89908256880734
303246,7,713,71303,Control,EoSY,Grade 9,eosy,frustration,6,101,5.9405940594059405
501405,11,1101,110101,Control,EoSY,Grade 9,eosy,frustration,4,37,10.81081081081081
305677,11,1105,110503,Control,EoSY,Grade 9,eosy,frustration,8,50,16
500447,7,708,70801,Control,EoSY,Grade 9,eosy,frustration,9,36,25
501305,7,708,70801,Control,EoSY,Grade 9,eosy,frustration,0,28,0
305917,7,708,70801,Control,EoSY,Grade 9,eosy,frustration,9,28,32.142857142857146
305722,7,703,70304,Control,EoSY,Grade 9,eosy,frustration,0,23,0
312953,7,713,71306,Control,EoSY,Grade 9,eosy,frustration,0,18,0
305498,11,1101,110101,Control,EoSY,Grade 9,eosy,frustration,26,51,50.98039215686274
305669,11,1101,110101,Control,EoSY,Grade 9,eosy,frustration,0,21,0
312960,7,710,71002,Control,EoSY,Grade 9,eosy,frustration,13,70,18.571428571428573
309906,5,508,50811,Treatment,EoSY,Grade 9,eosy,instructional,8,104,7.6923076923076925
309934,5,508,50806,Treatment,EoSY,Grade 9,eosy,instructional,16,32,50
301871,5,501,50107,Treatment,EoSY,Grade 9,eosy,instructional,0,65,0
302134,5,508,50804,Treatment,EoSY,Grade 9,eosy,instructional,12,22,54.54545454545455
302117,5,508,50803,Treatment,EoSY,Grade 9,eosy,instructional,11,54,20.37037037037037
309909,5,508,50801,Treatment,EoSY,Grade 9,eosy,instructional,48,91,52.747252747252745
309915,5,508,50801,Treatment,EoSY,Grade 9,eosy,instructional,17,33,51.515151515151516
501544,5,508,50815,Treatment,EoSY,Grade 9,eosy,instructional,21,65,32.30769230769231
301887,5,502,50205,Treatment,EoSY,Grade 9,eosy,instructional,54,70,77.14285714285714
302175,5,508,50820,Treatment,EoSY,Grade 9,eosy,instructional,65,122,53.278688524590166
302146,5,508,50812,Treatment,EoSY,Grade 9,eosy,instructional,25,129,19.37984496124031
309921,5,508,50805,Treatment,EoSY,Grade 9,eosy,instructional,7,69,10.144927536231885
302254,5,505,50501,Control,EoSY,Grade 9,eosy,instructional,48,89,53.93258426966292
309513,5,501,50112,Control,EoSY,Grade 9,eosy,instructional,19,84,22.61904761904762
500163,5,508,50801,Control,EoSY,Grade 9,eosy,instructional,3,64,4.6875
302058,5,503,50333,Control,EoSY,Grade 9,eosy,instructional,24,85,28.235294117647058
302192,5,511,51103,Control,EoSY,Grade 9,eosy,instructional,69,214,32.242990654205606
302227,5,511,51105,Control,EoSY,Grade 9,eosy,instructional,6,48,12.5
302252,5,505,50501,Control,EoSY,Grade 9,eosy,instructional,8,58,13.793103448275861
309914,5,508,50806,Control,EoSY,Grade 9,eosy,instructional,79,164,48.170731707317074
309711,5,503,50317,Control,EoSY,Grade 9,eosy,instructional,28,50,56
301817,5,507,50701,Control,EoSY,Grade 9,eosy,instructional,29,78,37.17948717948718
302165,5,508,50816,Control,EoSY,Grade 9,eosy,instructional,7,60,11.666666666666666
301974,5,503,50311,Treatment,EoSY,Grade 9,eosy,instructional,20,47,42.5531914893617
302256,5,505,50501,Control,EoSY,Grade 9,eosy,instructional,39,95,41.05263157894737
301834,5,501,50106,Control,EoSY,Grade 9,eosy,instructional,27,134,20.149253731343283
309760,5,503,50306,Control,EoSY,Grade 9,eosy,instructional,14,48,29.166666666666668
309936,5,508,50819,Control,EoSY,Grade 9,eosy,instructional,7,45,15.555555555555555
302203,5,511,51102,Control,EoSY,Grade 9,eosy,instructional,23,36,63.888888888888886
302011,5,503,50314,Control,EoSY,Grade 9,eosy,instructional,37,162,22.839506172839506
500168,5,505,50501,Control,EoSY,Grade 9,eosy,instructional,5,21,23.80952380952381
301947,5,503,50306,Control,EoSY,Grade 9,eosy,instructional,53,316,16.772151898734176
309941,5,508,50812,Control,EoSY,Grade 9,eosy,instructional,44,130,33.84615384615385
301839,5,501,50111,Control,EoSY,Grade 9,eosy,instructional,0,59,0
501843,5,508,50818,Treatment,EoSY,Grade 9,eosy,instructional,11,37,29.72972972972973
302111,5,508,50801,Control,EoSY,Grade 9,eosy,instructional,143,378,37.83068783068783
302133,5,509,50901,Control,EoSY,Grade 9,eosy,instructional,36,151,23.841059602649008
301990,5,503,50317,Control,EoSY,Grade 9,eosy,instructional,18,45,40
309937,5,508,50819,Control,EoSY,Grade 9,eosy,instructional,30,48,62.5
302241,5,511,51105,Control,EoSY,Grade 9,eosy,instructional,12,52,23.076923076923077
500167,5,505,50501,Control,EoSY,Grade 9,eosy,instructional,22,57,38.59649122807018
309764,5,503,50320,Control,EoSY,Grade 9,eosy,instructional,9,33,27.272727272727273
302205,5,511,51106,Control,EoSY,Grade 9,eosy,instructional,15,102,14.705882352941176
302014,5,503,50302,Control,EoSY,Grade 9,eosy,instructional,52,103,50.48543689320388
309740,5,503,50315,Control,EoSY,Grade 9,eosy,instructional,25,65,38.46153846153846
309741,5,503,50315,Control,EoSY,Grade 9,eosy,instructional,43,81,53.08641975308642
302161,5,508,50803,Treatment,EoSY,Grade 9,eosy,instructional,23,73,31.506849315068493
302113,5,508,50818,Treatment,EoSY,Grade 9,eosy,instructional,27,62,43.54838709677419
302127,5,508,50817,Control,EoSY,Grade 9,eosy,instructional,1,34,2.9411764705882355
301899,5,502,50205,Control,EoSY,Grade 9,eosy,instructional,29,90,32.22222222222222
309509,5,501,50113,Control,EoSY,Grade 9,eosy,instructional,18,81,22.22222222222222
309903,5,508,50816,Control,EoSY,Grade 9,eosy,instructional,15,79,18.9873417721519
301995,5,503,50310,Control,EoSY,Grade 9,eosy,instructional,28,61,45.90163934426229
309702,5,503,50325,Control,EoSY,Grade 9,eosy,instructional,33,178,18.53932584269663
501020,5,503,50310,Control,EoSY,Grade 9,eosy,instructional,3,28,10.714285714285714
309743,5,503,50332,Control,EoSY,Grade 9,eosy,instructional,24,82,29.26829268292683
301816,5,501,50101,Control,EoSY,Grade 9,eosy,instructional,29,92,31.52173913043478
302054,5,503,50315,Control,EoSY,Grade 9,eosy,instructional,33,89,37.07865168539326
301862,5,507,50701,Control,EoSY,Grade 9,eosy,instructional,47,150,31.333333333333332
502477,5,501,50108,Control,EoSY,Grade 9,eosy,instructional,8,18,44.44444444444444
302283,5,513,51301,Control,EoSY,Grade 9,eosy,instructional,49,177,27.683615819209038
301900,5,502,50206,Control,EoSY,Grade 9,eosy,instructional,18,25,72
302123,5,508,50808,Control,EoSY,Grade 9,eosy,instructional,53,78,67.94871794871794
309512,5,501,50110,Control,EoSY,Grade 9,eosy,instructional,1,17,5.882352941176471
302284,5,513,51301,Control,EoSY,Grade 9,eosy,instructional,26,148,17.56756756756757
500034,5,508,50819,Control,EoSY,Grade 9,eosy,instructional,1,32,3.125
302043,5,503,50305,Control,EoSY,Grade 9,eosy,instructional,55,156,35.256410256410255
302182,5,511,51107,Control,EoSY,Grade 9,eosy,instructional,31,84,36.904761904761905
301986,5,503,50334,Control,EoSY,Grade 9,eosy,instructional,64,167,38.32335329341317
302109,5,508,50817,Control,EoSY,Grade 9,eosy,instructional,49,173,28.32369942196532
302061,5,503,50311,Control,EoSY,Grade 9,eosy,instructional,16,52,30.76923076923077
309931,5,508,50802,Control,EoSY,Grade 9,eosy,instructional,21,65,32.30769230769231
301984,5,503,50331,Control,EoSY,Grade 9,eosy,instructional,34,168,20.238095238095237
302156,5,508,50803,Control,EoSY,Grade 9,eosy,instructional,27,94,28.72340425531915
309705,5,503,50330,Control,EoSY,Grade 9,eosy,instructional,10,76,13.157894736842104
500165,5,508,50804,Control,EoSY,Grade 9,eosy,instructional,2,39,5.128205128205129
301930,5,503,50328,Control,EoSY,Grade 9,eosy,instructional,0,71,0
302177,5,508,50806,Control,EoSY,Grade 9,eosy,instructional,51,81,62.96296296296296
302282,5,513,51301,Control,EoSY,Grade 9,eosy,instructional,73,261,27.96934865900383
502615,5,508,50802,Control,EoSY,Grade 9,eosy,instructional,0,0,NA
302263,5,506,50601,Control,EoSY,Grade 9,eosy,instructional,23,62,37.096774193548384
301826,5,501,50103,Control,EoSY,Grade 9,eosy,instructional,17,34,50
305750,5,513,51301,Control,EoSY,Grade 9,eosy,instructional,11,48,22.916666666666668
301870,5,501,50110,Control,EoSY,Grade 9,eosy,instructional,38,66,57.57575757575758
302039,5,503,50316,Control,EoSY,Grade 9,eosy,instructional,160,209,76.55502392344498
301868,5,501,50112,Control,EoSY,Grade 9,eosy,instructional,36,173,20.809248554913296
301963,5,503,50316,Control,EoSY,Grade 9,eosy,instructional,60,153,39.21568627450981
340567,15,1505,150501,Treatment,EoSY,Grade 9,eosy,instructional,44,188,23.404255319148938
320606,15,1515,151502,Treatment,EoSY,Grade 9,eosy,instructional,138,325,42.46153846153846
320202,15,1511,151101,Treatment,EoSY,Grade 9,eosy,instructional,70,130,53.84615384615385
305310,15,1507,150703,Treatment,EoSY,Grade 9,eosy,instructional,43,62,69.35483870967742
305418,15,1513,151301,Treatment,EoSY,Grade 9,eosy,instructional,385,818,47.06601466992665
500565,15,1515,151502,Treatment,EoSY,Grade 9,eosy,instructional,368,673,54.68053491827637
301258,4,413,41308,Treatment,EoSY,Grade 9,eosy,instructional,249,367,67.84741144414168
301214,4,411,41101,Treatment,EoSY,Grade 9,eosy,instructional,236,532,44.3609022556391
301497,4,414,41401,Treatment,EoSY,Grade 9,eosy,instructional,130,287,45.29616724738676
305411,15,1515,151502,Treatment,EoSY,Grade 9,eosy,instructional,150,814,18.42751842751843
305420,15,1513,151301,Treatment,EoSY,Grade 9,eosy,instructional,659,974,67.65913757700206
301231,4,413,41302,Control,EoSY,Grade 9,eosy,instructional,46,157,29.29936305732484
301188,4,402,40201,Control,EoSY,Grade 9,eosy,instructional,364,556,65.46762589928058
307913,4,413,41309,Control,EoSY,Grade 9,eosy,instructional,0,238,0
500566,15,1507,150710,Control,EoSY,Grade 9,eosy,instructional,375,628,59.71337579617835
305453,15,1510,151001,Control,EoSY,Grade 9,eosy,instructional,150,606,24.752475247524753
305311,15,1507,150702,Control,EoSY,Grade 9,eosy,instructional,98,278,35.25179856115108
301425,4,401,40101,Control,EoSY,Grade 9,eosy,instructional,437,725,60.275862068965516
301202,4,408,40812,Control,EoSY,Grade 9,eosy,instructional,182,280,65
305412,15,1515,151502,Control,EoSY,Grade 9,eosy,instructional,448,941,47.60892667375133
308105,4,417,41703,Control,EoSY,Grade 9,eosy,instructional,139,440,31.59090909090909
305341,15,1514,151401,Control,EoSY,Grade 9,eosy,instructional,309,1266,24.407582938388625
319604,15,1512,151201,Control,EoSY,Grade 9,eosy,instructional,29,69,42.028985507246375
305568,15,1516,151601,Control,EoSY,Grade 9,eosy,instructional,166,315,52.698412698412696
305434,15,1503,150301,Control,EoSY,Grade 9,eosy,instructional,64,362,17.679558011049725
301464,4,417,41710,Control,EoSY,Grade 9,eosy,instructional,209,447,46.75615212527964
305461,15,1515,151502,Control,EoSY,Grade 9,eosy,instructional,76,265,28.67924528301887
305384,15,1501,150101,Control,EoSY,Grade 9,eosy,instructional,1,164,0.6097560975609756
301143,4,421,42101,Control,EoSY,Grade 9,eosy,instructional,443,809,54.75896168108776
305340,15,1514,151401,Control,EoSY,Grade 9,eosy,instructional,170,929,18.29924650161464
305302,15,1507,150709,Treatment,EoSY,Grade 9,eosy,instructional,495,921,53.74592833876221
308103,4,417,41712,Control,EoSY,Grade 9,eosy,instructional,154,267,57.67790262172284
308130,4,417,41711,Control,EoSY,Grade 9,eosy,instructional,75,129,58.13953488372093
301227,4,420,42001,Control,EoSY,Grade 9,eosy,instructional,90,673,13.37295690936107
305334,15,1514,151401,Control,EoSY,Grade 9,eosy,instructional,140,296,47.2972972972973
305367,15,1512,151201,Control,EoSY,Grade 9,eosy,instructional,7,743,0.9421265141318977
305635,15,1514,151401,Control,EoSY,Grade 9,eosy,instructional,37,390,9.487179487179487
301218,4,408,40814,Control,EoSY,Grade 9,eosy,instructional,629,1267,49.644830307813734
308501,4,415,41501,Control,EoSY,Grade 9,eosy,instructional,106,492,21.54471544715447
500332,15,1506,150601,Control,EoSY,Grade 9,eosy,instructional,15,226,6.6371681415929205
305471,15,1509,150901,Control,EoSY,Grade 9,eosy,instructional,112,337,33.23442136498517
305376,15,1501,150101,Treatment,EoSY,Grade 9,eosy,instructional,2,374,0.5347593582887701
301432,4,417,41705,Control,EoSY,Grade 9,eosy,instructional,215,435,49.42528735632184
305459,15,1515,151502,Control,EoSY,Grade 9,eosy,instructional,26,83,31.325301204819276
305313,15,1507,150708,Control,EoSY,Grade 9,eosy,instructional,81,278,29.136690647482013
301186,4,410,41001,Control,EoSY,Grade 9,eosy,instructional,904,1470,61.49659863945578
301184,4,410,41001,Control,EoSY,Grade 9,eosy,instructional,597,930,64.19354838709677
305295,15,1507,150710,Control,EoSY,Grade 9,eosy,instructional,168,459,36.60130718954248
301416,4,422,42201,Control,EoSY,Grade 9,eosy,instructional,57,147,38.775510204081634
305450,15,1505,150501,Treatment,EoSY,Grade 9,eosy,instructional,215,365,58.9041095890411
301403,4,416,41606,Control,EoSY,Grade 9,eosy,instructional,58,334,17.365269461077844
301451,4,417,41708,Control,EoSY,Grade 9,eosy,instructional,146,259,56.37065637065637
305338,15,1514,151401,Control,EoSY,Grade 9,eosy,instructional,305,628,48.56687898089172
301257,4,413,41312,Control,EoSY,Grade 9,eosy,instructional,572,1584,36.111111111111114
305416,15,1513,151301,Control,EoSY,Grade 9,eosy,instructional,385,726,53.03030303030303
305337,15,1514,151401,Control,EoSY,Grade 9,eosy,instructional,743,1923,38.63754550182007
305353,15,1514,151401,Control,EoSY,Grade 9,eosy,instructional,199,377,52.785145888594165
301197,4,408,40812,Control,EoSY,Grade 9,eosy,instructional,0,4,0
301236,4,413,41308,Treatment,EoSY,Grade 9,eosy,instructional,131,189,69.31216931216932
305444,15,1516,151601,Control,EoSY,Grade 9,eosy,instructional,59,111,53.153153153153156
320306,15,1503,150301,Control,EoSY,Grade 9,eosy,instructional,198,668,29.640718562874252
301489,4,414,41401,Control,EoSY,Grade 9,eosy,instructional,149,275,54.18181818181818
301507,4,418,41801,Control,EoSY,Grade 9,eosy,instructional,84,111,75.67567567567568
301456,4,417,41710,Control,EoSY,Grade 9,eosy,instructional,215,446,48.20627802690583
301238,4,413,41303,Control,EoSY,Grade 9,eosy,instructional,19,39,48.717948717948715
305438,15,1516,151601,Control,EoSY,Grade 9,eosy,instructional,658,763,86.23853211009174
305324,15,1514,151401,Control,EoSY,Grade 9,eosy,instructional,5,95,5.2631578947368425
305454,15,1510,151001,Control,EoSY,Grade 9,eosy,instructional,59,116,50.86206896551724
308122,4,417,41708,Control,EoSY,Grade 9,eosy,instructional,45,124,36.29032258064516
301508,4,418,41801,Control,EoSY,Grade 9,eosy,instructional,164,254,64.56692913385827
305465,15,1515,151502,Control,EoSY,Grade 9,eosy,instructional,190,361,52.63157894736842
305428,15,1511,151101,Control,EoSY,Grade 9,eosy,instructional,175,329,53.191489361702125
301175,4,408,40807,Control,EoSY,Grade 9,eosy,instructional,64,509,12.573673870333987
301437,4,417,41704,Control,EoSY,Grade 9,eosy,instructional,301,912,33.00438596491228
320204,15,1511,151101,Control,EoSY,Grade 9,eosy,instructional,189,523,36.137667304015295
305447,15,1505,150501,Control,EoSY,Grade 9,eosy,instructional,17,22,77.27272727272727
301438,4,417,41704,Control,EoSY,Grade 9,eosy,instructional,188,443,42.43792325056433
308135,4,417,41708,Control,EoSY,Grade 9,eosy,instructional,137,192,71.35416666666667
301418,4,401,40101,Control,EoSY,Grade 9,eosy,instructional,1256,2419,51.92228193468375
305288,15,1507,150710,Control,EoSY,Grade 9,eosy,instructional,239,536,44.58955223880597
301265,4,413,41301,Control,EoSY,Grade 9,eosy,instructional,100,328,30.48780487804878
305442,15,1516,151601,Control,EoSY,Grade 9,eosy,instructional,69,232,29.74137931034483
500339,15,1505,150501,Control,EoSY,Grade 9,eosy,instructional,33,314,10.509554140127388
305435,15,1503,150301,Control,EoSY,Grade 9,eosy,instructional,14,179,7.82122905027933
308134,4,417,41708,Control,EoSY,Grade 9,eosy,instructional,141,435,32.41379310344828
305452,15,1505,150501,Control,EoSY,Grade 9,eosy,instructional,87,398,21.85929648241206
312330,7,703,70308,Treatment,EoSY,Grade 9,eosy,instructional,33,55,60
305710,7,703,70302,Treatment,EoSY,Grade 9,eosy,instructional,35,67,52.23880597014925
305655,11,1101,110101,Treatment,EoSY,Grade 9,eosy,instructional,6,16,37.5
305581,7,703,70303,Treatment,EoSY,Grade 9,eosy,instructional,20,28,71.42857142857143
303130,7,703,70309,Treatment,EoSY,Grade 9,eosy,instructional,24,133,18.045112781954888
312354,7,703,70309,Treatment,EoSY,Grade 9,eosy,instructional,7,19,36.8421052631579
305849,11,1105,110503,Treatment,EoSY,Grade 9,eosy,instructional,17,23,73.91304347826087
305500,11,1101,110101,Treatment,EoSY,Grade 9,eosy,instructional,18,23,78.26086956521739
312355,7,703,70304,Treatment,EoSY,Grade 9,eosy,instructional,18,30,60
501903,11,1110,111001,Treatment,EoSY,Grade 9,eosy,instructional,6,17,35.294117647058826
500665,7,705,70527,Control,EoSY,Grade 9,eosy,instructional,9,62,14.516129032258064
312462,7,705,70520,Control,EoSY,Grade 9,eosy,instructional,4,26,15.384615384615385
306038,11,1102,110202,Control,EoSY,Grade 9,eosy,instructional,14,24,58.333333333333336
500221,7,705,70527,Control,EoSY,Grade 9,eosy,instructional,2,20,10
500744,7,708,70801,Control,EoSY,Grade 9,eosy,instructional,1,34,2.9411764705882355
305884,11,1101,110101,Control,EoSY,Grade 9,eosy,instructional,35,78,44.87179487179487
303170,7,709,70901,Control,EoSY,Grade 9,eosy,instructional,10,31,32.25806451612903
500787,7,708,70801,Control,EoSY,Grade 9,eosy,instructional,26,42,61.904761904761905
500667,7,705,70528,Control,EoSY,Grade 9,eosy,instructional,18,31,58.064516129032256
501071,11,1101,110101,Control,EoSY,Grade 9,eosy,instructional,1,16,6.25
303046,7,705,70527,Control,EoSY,Grade 9,eosy,instructional,54,69,78.26086956521739
325303,7,707,70701,Control,EoSY,Grade 9,eosy,instructional,33,52,63.46153846153846
500208,7,703,70305,Control,EoSY,Grade 9,eosy,instructional,2,15,13.333333333333334
312401,7,705,70525,Control,EoSY,Grade 9,eosy,instructional,6,57,10.526315789473685
303136,7,706,70601,Control,EoSY,Grade 9,eosy,instructional,19,49,38.775510204081634
312435,7,707,70701,Control,EoSY,Grade 9,eosy,instructional,11,27,40.74074074074074
502186,11,1101,110101,Control,EoSY,Grade 9,eosy,instructional,2,8,25
500782,7,708,70801,Control,EoSY,Grade 9,eosy,instructional,74,188,39.361702127659576
306086,11,1106,110606,Control,EoSY,Grade 9,eosy,instructional,1,14,7.142857142857143
305755,7,705,70529,Control,EoSY,Grade 9,eosy,instructional,27,95,28.42105263157895
305665,11,1101,110101,Control,EoSY,Grade 9,eosy,instructional,9,13,69.23076923076923
501635,7,703,70301,Control,EoSY,Grade 9,eosy,instructional,33,52,63.46153846153846
305843,11,1110,111001,Control,EoSY,Grade 9,eosy,instructional,13,26,50
500894,7,705,70517,Control,EoSY,Grade 9,eosy,instructional,30,88,34.09090909090909
500671,7,705,70506,Control,EoSY,Grade 9,eosy,instructional,7,25,28
305847,11,1105,110503,Control,EoSY,Grade 9,eosy,instructional,15,28,53.57142857142857
500784,7,708,70801,Control,EoSY,Grade 9,eosy,instructional,6,9,66.66666666666667
501267,7,705,70525,Control,EoSY,Grade 9,eosy,instructional,5,14,35.714285714285715
306000,7,705,70525,Control,EoSY,Grade 9,eosy,instructional,8,17,47.05882352941177
305517,11,1106,110608,Control,EoSY,Grade 9,eosy,instructional,14,41,34.146341463414636
305713,7,710,71001,Control,EoSY,Grade 9,eosy,instructional,38,41,92.6829268292683
500768,7,705,70521,Control,EoSY,Grade 9,eosy,instructional,9,18,50
316303,11,1107,110701,Control,EoSY,Grade 9,eosy,instructional,10,34,29.41176470588235
316304,11,1107,110701,Control,EoSY,Grade 9,eosy,instructional,30,55,54.54545454545455
305506,11,1101,110101,Control,EoSY,Grade 9,eosy,instructional,6,13,46.15384615384615
500421,7,705,70507,Control,EoSY,Grade 9,eosy,instructional,2,49,4.081632653061225
305681,11,1110,111001,Control,EoSY,Grade 9,eosy,instructional,63,165,38.18181818181818
303186,7,711,71101,Control,EoSY,Grade 9,eosy,instructional,5,110,4.545454545454546
501429,7,714,71402,Control,EoSY,Grade 9,eosy,instructional,17,55,30.90909090909091
305844,11,1103,110303,Control,EoSY,Grade 9,eosy,instructional,26,42,61.904761904761905
305965,11,1110,111001,Control,EoSY,Grade 9,eosy,instructional,10,41,24.390243902439025
501076,11,1103,110305,Control,EoSY,Grade 9,eosy,instructional,2,8,25
305889,11,1101,110101,Control,EoSY,Grade 9,eosy,instructional,10,42,23.80952380952381
501074,11,1103,110306,Control,EoSY,Grade 9,eosy,instructional,15,41,36.58536585365854
312408,7,705,70530,Control,EoSY,Grade 9,eosy,instructional,23,41,56.09756097560975
501351,7,705,70522,Control,EoSY,Grade 9,eosy,instructional,4,49,8.16326530612245
501404,11,1101,110101,Control,EoSY,Grade 9,eosy,instructional,6,24,25
305660,11,1101,110101,Control,EoSY,Grade 9,eosy,instructional,26,38,68.42105263157895
303219,7,701,70101,Control,EoSY,Grade 9,eosy,instructional,53,125,42.4
312450,7,705,70522,Control,EoSY,Grade 9,eosy,instructional,24,73,32.87671232876713
324903,7,704,70401,Control,EoSY,Grade 9,eosy,instructional,9,23,39.130434782608695
501065,11,1101,110101,Control,EoSY,Grade 9,eosy,instructional,0,106,0
312451,7,705,70532,Control,EoSY,Grade 9,eosy,instructional,23,44,52.27272727272727
501763,11,1103,110305,Control,EoSY,Grade 9,eosy,instructional,15,23,65.21739130434783
316405,11,1110,111001,Control,EoSY,Grade 9,eosy,instructional,49,88,55.68181818181818
316404,11,1110,111001,Control,EoSY,Grade 9,eosy,instructional,35,56,62.5
316301,11,1107,110701,Control,EoSY,Grade 9,eosy,instructional,88,140,62.857142857142854
312910,7,710,71001,Control,EoSY,Grade 9,eosy,instructional,37,97,38.144329896907216
303011,7,705,70512,Control,EoSY,Grade 9,eosy,instructional,9,26,34.61538461538461
305651,11,1101,110101,Control,EoSY,Grade 9,eosy,instructional,12,27,44.44444444444444
305662,11,1101,110101,Control,EoSY,Grade 9,eosy,instructional,16,36,44.44444444444444
305850,11,1105,110503,Control,EoSY,Grade 9,eosy,instructional,8,31,25.806451612903224
312481,7,705,70518,Control,EoSY,Grade 9,eosy,instructional,68,175,38.857142857142854
304409,11,1110,111001,Control,EoSY,Grade 9,eosy,instructional,23,109,21.10091743119266
303246,7,713,71303,Control,EoSY,Grade 9,eosy,instructional,52,101,51.48514851485149
501405,11,1101,110101,Control,EoSY,Grade 9,eosy,instructional,14,37,37.83783783783784
305677,11,1105,110503,Control,EoSY,Grade 9,eosy,instructional,26,50,52
500447,7,708,70801,Control,EoSY,Grade 9,eosy,instructional,6,36,16.666666666666668
501305,7,708,70801,Control,EoSY,Grade 9,eosy,instructional,2,28,7.142857142857143
305917,7,708,70801,Control,EoSY,Grade 9,eosy,instructional,14,28,50
305722,7,703,70304,Control,EoSY,Grade 9,eosy,instructional,7,23,30.434782608695652
312953,7,713,71306,Control,EoSY,Grade 9,eosy,instructional,6,18,33.333333333333336
305498,11,1101,110101,Control,EoSY,Grade 9,eosy,instructional,23,51,45.09803921568628
305669,11,1101,110101,Control,EoSY,Grade 9,eosy,instructional,0,21,0
312960,7,710,71002,Control,EoSY,Grade 9,eosy,instructional,37,70,52.857142857142854
309906,5,508,50811,Treatment,EoSY,Grade 9,eosy,independent,14,104,13.461538461538462
309934,5,508,50806,Treatment,EoSY,Grade 9,eosy,independent,15,32,46.875
301871,5,501,50107,Treatment,EoSY,Grade 9,eosy,independent,16,65,24.615384615384617
302134,5,508,50804,Treatment,EoSY,Grade 9,eosy,independent,8,22,36.36363636363637
302117,5,508,50803,Treatment,EoSY,Grade 9,eosy,independent,40,54,74.07407407407408
309909,5,508,50801,Treatment,EoSY,Grade 9,eosy,independent,36,91,39.56043956043956
309915,5,508,50801,Treatment,EoSY,Grade 9,eosy,independent,5,33,15.151515151515152
501544,5,508,50815,Treatment,EoSY,Grade 9,eosy,independent,42,65,64.61538461538461
301887,5,502,50205,Treatment,EoSY,Grade 9,eosy,independent,7,70,10
302175,5,508,50820,Treatment,EoSY,Grade 9,eosy,independent,28,122,22.950819672131146
302146,5,508,50812,Treatment,EoSY,Grade 9,eosy,independent,19,129,14.728682170542635
309921,5,508,50805,Treatment,EoSY,Grade 9,eosy,independent,60,69,86.95652173913044
302254,5,505,50501,Control,EoSY,Grade 9,eosy,independent,33,89,37.07865168539326
309513,5,501,50112,Control,EoSY,Grade 9,eosy,independent,34,84,40.476190476190474
500163,5,508,50801,Control,EoSY,Grade 9,eosy,independent,57,64,89.0625
302058,5,503,50333,Control,EoSY,Grade 9,eosy,independent,8,85,9.411764705882353
302192,5,511,51103,Control,EoSY,Grade 9,eosy,independent,32,214,14.953271028037383
302227,5,511,51105,Control,EoSY,Grade 9,eosy,independent,0,48,0
302252,5,505,50501,Control,EoSY,Grade 9,eosy,independent,50,58,86.20689655172414
309914,5,508,50806,Control,EoSY,Grade 9,eosy,independent,68,164,41.46341463414634
309711,5,503,50317,Control,EoSY,Grade 9,eosy,independent,6,50,12
301817,5,507,50701,Control,EoSY,Grade 9,eosy,independent,10,78,12.820512820512821
302165,5,508,50816,Control,EoSY,Grade 9,eosy,independent,11,60,18.333333333333332
301974,5,503,50311,Treatment,EoSY,Grade 9,eosy,independent,19,47,40.42553191489362
302256,5,505,50501,Control,EoSY,Grade 9,eosy,independent,50,95,52.63157894736842
301834,5,501,50106,Control,EoSY,Grade 9,eosy,independent,106,134,79.1044776119403
309760,5,503,50306,Control,EoSY,Grade 9,eosy,independent,29,48,60.416666666666664
309936,5,508,50819,Control,EoSY,Grade 9,eosy,independent,38,45,84.44444444444444
302203,5,511,51102,Control,EoSY,Grade 9,eosy,independent,12,36,33.333333333333336
302011,5,503,50314,Control,EoSY,Grade 9,eosy,independent,110,162,67.90123456790124
500168,5,505,50501,Control,EoSY,Grade 9,eosy,independent,16,21,76.19047619047619
301947,5,503,50306,Control,EoSY,Grade 9,eosy,independent,197,316,62.34177215189873
309941,5,508,50812,Control,EoSY,Grade 9,eosy,independent,29,130,22.307692307692307
301839,5,501,50111,Control,EoSY,Grade 9,eosy,independent,59,59,100
501843,5,508,50818,Treatment,EoSY,Grade 9,eosy,independent,18,37,48.648648648648646
302111,5,508,50801,Control,EoSY,Grade 9,eosy,independent,132,378,34.92063492063492
302133,5,509,50901,Control,EoSY,Grade 9,eosy,independent,83,151,54.966887417218544
301990,5,503,50317,Control,EoSY,Grade 9,eosy,independent,13,45,28.88888888888889
309937,5,508,50819,Control,EoSY,Grade 9,eosy,independent,15,48,31.25
302241,5,511,51105,Control,EoSY,Grade 9,eosy,independent,12,52,23.076923076923077
500167,5,505,50501,Control,EoSY,Grade 9,eosy,independent,29,57,50.87719298245614
309764,5,503,50320,Control,EoSY,Grade 9,eosy,independent,3,33,9.090909090909092
302205,5,511,51106,Control,EoSY,Grade 9,eosy,independent,87,102,85.29411764705883
302014,5,503,50302,Control,EoSY,Grade 9,eosy,independent,8,103,7.766990291262136
309740,5,503,50315,Control,EoSY,Grade 9,eosy,independent,29,65,44.61538461538461
309741,5,503,50315,Control,EoSY,Grade 9,eosy,independent,11,81,13.580246913580247
302161,5,508,50803,Treatment,EoSY,Grade 9,eosy,independent,43,73,58.9041095890411
302113,5,508,50818,Treatment,EoSY,Grade 9,eosy,independent,22,62,35.483870967741936
302127,5,508,50817,Control,EoSY,Grade 9,eosy,independent,30,34,88.23529411764706
301899,5,502,50205,Control,EoSY,Grade 9,eosy,independent,56,90,62.22222222222222
309509,5,501,50113,Control,EoSY,Grade 9,eosy,independent,51,81,62.96296296296296
309903,5,508,50816,Control,EoSY,Grade 9,eosy,independent,30,79,37.9746835443038
301995,5,503,50310,Control,EoSY,Grade 9,eosy,independent,30,61,49.18032786885246
309702,5,503,50325,Control,EoSY,Grade 9,eosy,independent,44,178,24.719101123595507
501020,5,503,50310,Control,EoSY,Grade 9,eosy,independent,11,28,39.285714285714285
309743,5,503,50332,Control,EoSY,Grade 9,eosy,independent,18,82,21.951219512195124
301816,5,501,50101,Control,EoSY,Grade 9,eosy,independent,58,92,63.04347826086956
302054,5,503,50315,Control,EoSY,Grade 9,eosy,independent,49,89,55.056179775280896
301862,5,507,50701,Control,EoSY,Grade 9,eosy,independent,15,150,10
502477,5,501,50108,Control,EoSY,Grade 9,eosy,independent,10,18,55.55555555555556
302283,5,513,51301,Control,EoSY,Grade 9,eosy,independent,20,177,11.299435028248588
301900,5,502,50206,Control,EoSY,Grade 9,eosy,independent,5,25,20
302123,5,508,50808,Control,EoSY,Grade 9,eosy,independent,1,78,1.2820512820512822
309512,5,501,50110,Control,EoSY,Grade 9,eosy,independent,15,17,88.23529411764706
302284,5,513,51301,Control,EoSY,Grade 9,eosy,independent,16,148,10.81081081081081
500034,5,508,50819,Control,EoSY,Grade 9,eosy,independent,0,32,0
302043,5,503,50305,Control,EoSY,Grade 9,eosy,independent,48,156,30.76923076923077
302182,5,511,51107,Control,EoSY,Grade 9,eosy,independent,23,84,27.38095238095238
301986,5,503,50334,Control,EoSY,Grade 9,eosy,independent,88,167,52.69461077844311
302109,5,508,50817,Control,EoSY,Grade 9,eosy,independent,88,173,50.86705202312139
302061,5,503,50311,Control,EoSY,Grade 9,eosy,independent,34,52,65.38461538461539
309931,5,508,50802,Control,EoSY,Grade 9,eosy,independent,9,65,13.846153846153847
301984,5,503,50331,Control,EoSY,Grade 9,eosy,independent,62,168,36.904761904761905
302156,5,508,50803,Control,EoSY,Grade 9,eosy,independent,51,94,54.255319148936174
309705,5,503,50330,Control,EoSY,Grade 9,eosy,independent,12,76,15.789473684210526
500165,5,508,50804,Control,EoSY,Grade 9,eosy,independent,0,39,0
301930,5,503,50328,Control,EoSY,Grade 9,eosy,independent,10,71,14.084507042253522
302177,5,508,50806,Control,EoSY,Grade 9,eosy,independent,29,81,35.80246913580247
302282,5,513,51301,Control,EoSY,Grade 9,eosy,independent,186,261,71.26436781609195
502615,5,508,50802,Control,EoSY,Grade 9,eosy,independent,0,0,NA
302263,5,506,50601,Control,EoSY,Grade 9,eosy,independent,11,62,17.741935483870968
301826,5,501,50103,Control,EoSY,Grade 9,eosy,independent,10,34,29.41176470588235
305750,5,513,51301,Control,EoSY,Grade 9,eosy,independent,20,48,41.666666666666664
301870,5,501,50110,Control,EoSY,Grade 9,eosy,independent,27,66,40.90909090909091
302039,5,503,50316,Control,EoSY,Grade 9,eosy,independent,22,209,10.526315789473685
301868,5,501,50112,Control,EoSY,Grade 9,eosy,independent,133,173,76.878612716763
301963,5,503,50316,Control,EoSY,Grade 9,eosy,independent,64,153,41.830065359477125
340567,15,1505,150501,Treatment,EoSY,Grade 9,eosy,independent,128,188,68.08510638297872
320606,15,1515,151502,Treatment,EoSY,Grade 9,eosy,independent,134,325,41.23076923076923
320202,15,1511,151101,Treatment,EoSY,Grade 9,eosy,independent,29,130,22.307692307692307
305310,15,1507,150703,Treatment,EoSY,Grade 9,eosy,independent,9,62,14.516129032258064
305418,15,1513,151301,Treatment,EoSY,Grade 9,eosy,independent,124,818,15.158924205378973
500565,15,1515,151502,Treatment,EoSY,Grade 9,eosy,independent,283,673,42.050520059435364
301258,4,413,41308,Treatment,EoSY,Grade 9,eosy,independent,41,367,11.1716621253406
301214,4,411,41101,Treatment,EoSY,Grade 9,eosy,independent,258,532,48.49624060150376
301497,4,414,41401,Treatment,EoSY,Grade 9,eosy,independent,141,287,49.12891986062718
305411,15,1515,151502,Treatment,EoSY,Grade 9,eosy,independent,409,814,50.24570024570025
305420,15,1513,151301,Treatment,EoSY,Grade 9,eosy,independent,187,974,19.19917864476386
301231,4,413,41302,Control,EoSY,Grade 9,eosy,independent,110,157,70.06369426751593
301188,4,402,40201,Control,EoSY,Grade 9,eosy,independent,112,556,20.14388489208633
307913,4,413,41309,Control,EoSY,Grade 9,eosy,independent,238,238,100
500566,15,1507,150710,Control,EoSY,Grade 9,eosy,independent,213,628,33.9171974522293
305453,15,1510,151001,Control,EoSY,Grade 9,eosy,independent,456,606,75.24752475247524
305311,15,1507,150702,Control,EoSY,Grade 9,eosy,independent,27,278,9.712230215827338
301425,4,401,40101,Control,EoSY,Grade 9,eosy,independent,115,725,15.862068965517242
301202,4,408,40812,Control,EoSY,Grade 9,eosy,independent,97,280,34.642857142857146
305412,15,1515,151502,Control,EoSY,Grade 9,eosy,independent,403,941,42.82678002125399
308105,4,417,41703,Control,EoSY,Grade 9,eosy,independent,120,440,27.272727272727273
305341,15,1514,151401,Control,EoSY,Grade 9,eosy,independent,453,1266,35.78199052132702
319604,15,1512,151201,Control,EoSY,Grade 9,eosy,independent,40,69,57.971014492753625
305568,15,1516,151601,Control,EoSY,Grade 9,eosy,independent,125,315,39.682539682539684
305434,15,1503,150301,Control,EoSY,Grade 9,eosy,independent,292,362,80.66298342541437
301464,4,417,41710,Control,EoSY,Grade 9,eosy,independent,233,447,52.12527964205817
305461,15,1515,151502,Control,EoSY,Grade 9,eosy,independent,186,265,70.18867924528301
305384,15,1501,150101,Control,EoSY,Grade 9,eosy,independent,163,164,99.39024390243902
301143,4,421,42101,Control,EoSY,Grade 9,eosy,independent,356,809,44.00494437577256
305340,15,1514,151401,Control,EoSY,Grade 9,eosy,independent,753,929,81.05489773950484
305302,15,1507,150709,Treatment,EoSY,Grade 9,eosy,independent,39,921,4.234527687296417
308103,4,417,41712,Control,EoSY,Grade 9,eosy,independent,94,267,35.2059925093633
308130,4,417,41711,Control,EoSY,Grade 9,eosy,independent,36,129,27.906976744186046
301227,4,420,42001,Control,EoSY,Grade 9,eosy,independent,572,673,84.9925705794948
305334,15,1514,151401,Control,EoSY,Grade 9,eosy,independent,148,296,50
305367,15,1512,151201,Control,EoSY,Grade 9,eosy,independent,736,743,99.0578734858681
305635,15,1514,151401,Control,EoSY,Grade 9,eosy,independent,351,390,90
301218,4,408,40814,Control,EoSY,Grade 9,eosy,independent,587,1267,46.32991318074191
308501,4,415,41501,Control,EoSY,Grade 9,eosy,independent,358,492,72.76422764227642
500332,15,1506,150601,Control,EoSY,Grade 9,eosy,independent,200,226,88.49557522123894
305471,15,1509,150901,Control,EoSY,Grade 9,eosy,independent,150,337,44.510385756676556
305376,15,1501,150101,Treatment,EoSY,Grade 9,eosy,independent,372,374,99.46524064171123
301432,4,417,41705,Control,EoSY,Grade 9,eosy,independent,97,435,22.298850574712645
305459,15,1515,151502,Control,EoSY,Grade 9,eosy,independent,53,83,63.855421686746986
305313,15,1507,150708,Control,EoSY,Grade 9,eosy,independent,194,278,69.7841726618705
301186,4,410,41001,Control,EoSY,Grade 9,eosy,independent,466,1470,31.700680272108844
301184,4,410,41001,Control,EoSY,Grade 9,eosy,independent,135,930,14.516129032258064
305295,15,1507,150710,Control,EoSY,Grade 9,eosy,independent,290,459,63.18082788671024
301416,4,422,42201,Control,EoSY,Grade 9,eosy,independent,59,147,40.136054421768705
305450,15,1505,150501,Treatment,EoSY,Grade 9,eosy,independent,99,365,27.123287671232877
301403,4,416,41606,Control,EoSY,Grade 9,eosy,independent,0,334,0
301451,4,417,41708,Control,EoSY,Grade 9,eosy,independent,108,259,41.6988416988417
305338,15,1514,151401,Control,EoSY,Grade 9,eosy,independent,117,628,18.630573248407643
301257,4,413,41312,Control,EoSY,Grade 9,eosy,independent,872,1584,55.05050505050505
305416,15,1513,151301,Control,EoSY,Grade 9,eosy,independent,324,726,44.62809917355372
305337,15,1514,151401,Control,EoSY,Grade 9,eosy,independent,581,1923,30.213208528341134
305353,15,1514,151401,Control,EoSY,Grade 9,eosy,independent,43,377,11.405835543766578
301197,4,408,40812,Control,EoSY,Grade 9,eosy,independent,4,4,100
301236,4,413,41308,Treatment,EoSY,Grade 9,eosy,independent,41,189,21.693121693121693
305444,15,1516,151601,Control,EoSY,Grade 9,eosy,independent,47,111,42.34234234234234
320306,15,1503,150301,Control,EoSY,Grade 9,eosy,independent,370,668,55.38922155688623
301489,4,414,41401,Control,EoSY,Grade 9,eosy,independent,111,275,40.36363636363637
301507,4,418,41801,Control,EoSY,Grade 9,eosy,independent,25,111,22.52252252252252
301456,4,417,41710,Control,EoSY,Grade 9,eosy,independent,228,446,51.12107623318386
301238,4,413,41303,Control,EoSY,Grade 9,eosy,independent,18,39,46.15384615384615
305438,15,1516,151601,Control,EoSY,Grade 9,eosy,independent,45,763,5.897771952817824
305324,15,1514,151401,Control,EoSY,Grade 9,eosy,independent,86,95,90.52631578947368
305454,15,1510,151001,Control,EoSY,Grade 9,eosy,independent,57,116,49.13793103448276
308122,4,417,41708,Control,EoSY,Grade 9,eosy,independent,11,124,8.870967741935484
301508,4,418,41801,Control,EoSY,Grade 9,eosy,independent,62,254,24.409448818897637
305465,15,1515,151502,Control,EoSY,Grade 9,eosy,independent,119,361,32.96398891966759
305428,15,1511,151101,Control,EoSY,Grade 9,eosy,independent,149,329,45.2887537993921
301175,4,408,40807,Control,EoSY,Grade 9,eosy,independent,374,509,73.47740667976424
301437,4,417,41704,Control,EoSY,Grade 9,eosy,independent,480,912,52.63157894736842
320204,15,1511,151101,Control,EoSY,Grade 9,eosy,independent,202,523,38.623326959847034
305447,15,1505,150501,Control,EoSY,Grade 9,eosy,independent,5,22,22.727272727272727
301438,4,417,41704,Control,EoSY,Grade 9,eosy,independent,80,443,18.058690744920995
308135,4,417,41708,Control,EoSY,Grade 9,eosy,independent,44,192,22.916666666666668
301418,4,401,40101,Control,EoSY,Grade 9,eosy,independent,862,2419,35.634559735427864
305288,15,1507,150710,Control,EoSY,Grade 9,eosy,independent,210,536,39.17910447761194
301265,4,413,41301,Control,EoSY,Grade 9,eosy,independent,218,328,66.46341463414635
305442,15,1516,151601,Control,EoSY,Grade 9,eosy,independent,9,232,3.8793103448275863
500339,15,1505,150501,Control,EoSY,Grade 9,eosy,independent,279,314,88.85350318471338
305435,15,1503,150301,Control,EoSY,Grade 9,eosy,independent,77,179,43.01675977653631
308134,4,417,41708,Control,EoSY,Grade 9,eosy,independent,294,435,67.58620689655173
305452,15,1505,150501,Control,EoSY,Grade 9,eosy,independent,296,398,74.37185929648241
312330,7,703,70308,Treatment,EoSY,Grade 9,eosy,independent,20,55,36.36363636363637
305710,7,703,70302,Treatment,EoSY,Grade 9,eosy,independent,27,67,40.298507462686565
305655,11,1101,110101,Treatment,EoSY,Grade 9,eosy,independent,9,16,56.25
305581,7,703,70303,Treatment,EoSY,Grade 9,eosy,independent,0,28,0
303130,7,703,70309,Treatment,EoSY,Grade 9,eosy,independent,4,133,3.007518796992481
312354,7,703,70309,Treatment,EoSY,Grade 9,eosy,independent,11,19,57.89473684210526
305849,11,1105,110503,Treatment,EoSY,Grade 9,eosy,independent,1,23,4.3478260869565215
305500,11,1101,110101,Treatment,EoSY,Grade 9,eosy,independent,2,23,8.695652173913043
312355,7,703,70304,Treatment,EoSY,Grade 9,eosy,independent,12,30,40
501903,11,1110,111001,Treatment,EoSY,Grade 9,eosy,independent,3,17,17.647058823529413
500665,7,705,70527,Control,EoSY,Grade 9,eosy,independent,1,62,1.6129032258064515
312462,7,705,70520,Control,EoSY,Grade 9,eosy,independent,20,26,76.92307692307692
306038,11,1102,110202,Control,EoSY,Grade 9,eosy,independent,8,24,33.333333333333336
500221,7,705,70527,Control,EoSY,Grade 9,eosy,independent,0,20,0
500744,7,708,70801,Control,EoSY,Grade 9,eosy,independent,32,34,94.11764705882354
305884,11,1101,110101,Control,EoSY,Grade 9,eosy,independent,32,78,41.02564102564103
303170,7,709,70901,Control,EoSY,Grade 9,eosy,independent,15,31,48.38709677419355
500787,7,708,70801,Control,EoSY,Grade 9,eosy,independent,16,42,38.095238095238095
500667,7,705,70528,Control,EoSY,Grade 9,eosy,independent,10,31,32.25806451612903
501071,11,1101,110101,Control,EoSY,Grade 9,eosy,independent,15,16,93.75
303046,7,705,70527,Control,EoSY,Grade 9,eosy,independent,0,69,0
325303,7,707,70701,Control,EoSY,Grade 9,eosy,independent,14,52,26.923076923076923
500208,7,703,70305,Control,EoSY,Grade 9,eosy,independent,13,15,86.66666666666667
312401,7,705,70525,Control,EoSY,Grade 9,eosy,independent,38,57,66.66666666666667
303136,7,706,70601,Control,EoSY,Grade 9,eosy,independent,8,49,16.3265306122449
312435,7,707,70701,Control,EoSY,Grade 9,eosy,independent,13,27,48.148148148148145
502186,11,1101,110101,Control,EoSY,Grade 9,eosy,independent,3,8,37.5
500782,7,708,70801,Control,EoSY,Grade 9,eosy,independent,112,188,59.57446808510638
306086,11,1106,110606,Control,EoSY,Grade 9,eosy,independent,0,14,0
305755,7,705,70529,Control,EoSY,Grade 9,eosy,independent,67,95,70.52631578947368
305665,11,1101,110101,Control,EoSY,Grade 9,eosy,independent,4,13,30.76923076923077
501635,7,703,70301,Control,EoSY,Grade 9,eosy,independent,10,52,19.23076923076923
305843,11,1110,111001,Control,EoSY,Grade 9,eosy,independent,10,26,38.46153846153846
500894,7,705,70517,Control,EoSY,Grade 9,eosy,independent,25,88,28.40909090909091
500671,7,705,70506,Control,EoSY,Grade 9,eosy,independent,8,25,32
305847,11,1105,110503,Control,EoSY,Grade 9,eosy,independent,10,28,35.714285714285715
500784,7,708,70801,Control,EoSY,Grade 9,eosy,independent,2,9,22.22222222222222
501267,7,705,70525,Control,EoSY,Grade 9,eosy,independent,8,14,57.142857142857146
306000,7,705,70525,Control,EoSY,Grade 9,eosy,independent,6,17,35.294117647058826
305517,11,1106,110608,Control,EoSY,Grade 9,eosy,independent,1,41,2.4390243902439024
305713,7,710,71001,Control,EoSY,Grade 9,eosy,independent,3,41,7.317073170731708
500768,7,705,70521,Control,EoSY,Grade 9,eosy,independent,6,18,33.333333333333336
316303,11,1107,110701,Control,EoSY,Grade 9,eosy,independent,23,34,67.6470588235294
316304,11,1107,110701,Control,EoSY,Grade 9,eosy,independent,17,55,30.90909090909091
305506,11,1101,110101,Control,EoSY,Grade 9,eosy,independent,5,13,38.46153846153846
500421,7,705,70507,Control,EoSY,Grade 9,eosy,independent,0,49,0
305681,11,1110,111001,Control,EoSY,Grade 9,eosy,independent,96,165,58.18181818181818
303186,7,711,71101,Control,EoSY,Grade 9,eosy,independent,105,110,95.45454545454545
501429,7,714,71402,Control,EoSY,Grade 9,eosy,independent,32,55,58.18181818181818
305844,11,1103,110303,Control,EoSY,Grade 9,eosy,independent,6,42,14.285714285714286
305965,11,1110,111001,Control,EoSY,Grade 9,eosy,independent,29,41,70.73170731707317
501076,11,1103,110305,Control,EoSY,Grade 9,eosy,independent,0,8,0
305889,11,1101,110101,Control,EoSY,Grade 9,eosy,independent,25,42,59.523809523809526
501074,11,1103,110306,Control,EoSY,Grade 9,eosy,independent,5,41,12.195121951219512
312408,7,705,70530,Control,EoSY,Grade 9,eosy,independent,14,41,34.146341463414636
501351,7,705,70522,Control,EoSY,Grade 9,eosy,independent,45,49,91.83673469387755
501404,11,1101,110101,Control,EoSY,Grade 9,eosy,independent,17,24,70.83333333333333
305660,11,1101,110101,Control,EoSY,Grade 9,eosy,independent,10,38,26.31578947368421
303219,7,701,70101,Control,EoSY,Grade 9,eosy,independent,70,125,56
312450,7,705,70522,Control,EoSY,Grade 9,eosy,independent,36,73,49.31506849315068
324903,7,704,70401,Control,EoSY,Grade 9,eosy,independent,0,23,0
501065,11,1101,110101,Control,EoSY,Grade 9,eosy,independent,103,106,97.16981132075472
312451,7,705,70532,Control,EoSY,Grade 9,eosy,independent,3,44,6.818181818181818
501763,11,1103,110305,Control,EoSY,Grade 9,eosy,independent,5,23,21.73913043478261
316405,11,1110,111001,Control,EoSY,Grade 9,eosy,independent,13,88,14.772727272727273
316404,11,1110,111001,Control,EoSY,Grade 9,eosy,independent,19,56,33.92857142857143
316301,11,1107,110701,Control,EoSY,Grade 9,eosy,independent,31,140,22.142857142857142
312910,7,710,71001,Control,EoSY,Grade 9,eosy,independent,26,97,26.804123711340207
303011,7,705,70512,Control,EoSY,Grade 9,eosy,independent,9,26,34.61538461538461
305651,11,1101,110101,Control,EoSY,Grade 9,eosy,independent,12,27,44.44444444444444
305662,11,1101,110101,Control,EoSY,Grade 9,eosy,independent,13,36,36.111111111111114
305850,11,1105,110503,Control,EoSY,Grade 9,eosy,independent,20,31,64.51612903225806
312481,7,705,70518,Control,EoSY,Grade 9,eosy,independent,80,175,45.714285714285715
304409,11,1110,111001,Control,EoSY,Grade 9,eosy,independent,0,109,0
303246,7,713,71303,Control,EoSY,Grade 9,eosy,independent,43,101,42.57425742574257
501405,11,1101,110101,Control,EoSY,Grade 9,eosy,independent,19,37,51.351351351351354
305677,11,1105,110503,Control,EoSY,Grade 9,eosy,independent,16,50,32
500447,7,708,70801,Control,EoSY,Grade 9,eosy,independent,21,36,58.333333333333336
501305,7,708,70801,Control,EoSY,Grade 9,eosy,independent,26,28,92.85714285714286
305917,7,708,70801,Control,EoSY,Grade 9,eosy,independent,5,28,17.857142857142858
305722,7,703,70304,Control,EoSY,Grade 9,eosy,independent,16,23,69.56521739130434
312953,7,713,71306,Control,EoSY,Grade 9,eosy,independent,12,18,66.66666666666667
305498,11,1101,110101,Control,EoSY,Grade 9,eosy,independent,2,51,3.9215686274509802
305669,11,1101,110101,Control,EoSY,Grade 9,eosy,independent,21,21,100
312960,7,710,71002,Control,EoSY,Grade 9,eosy,independent,20,70,28.571428571428573
309906,5,508,50811,Treatment,EoSY,Grade 10,eosy,frustration,9,109,8.256880733944953
309934,5,508,50806,Treatment,EoSY,Grade 10,eosy,frustration,0,27,0
301871,5,501,50107,Treatment,EoSY,Grade 10,eosy,frustration,72,82,87.8048780487805
302134,5,508,50804,Treatment,EoSY,Grade 10,eosy,frustration,1,43,2.3255813953488373
302117,5,508,50803,Treatment,EoSY,Grade 10,eosy,frustration,3,61,4.918032786885246
309909,5,508,50801,Treatment,EoSY,Grade 10,eosy,frustration,4,92,4.3478260869565215
309915,5,508,50801,Treatment,EoSY,Grade 10,eosy,frustration,7,25,28
501544,5,508,50815,Treatment,EoSY,Grade 10,eosy,frustration,3,80,3.75
301887,5,502,50205,Treatment,EoSY,Grade 10,eosy,frustration,22,63,34.92063492063492
302175,5,508,50820,Treatment,EoSY,Grade 10,eosy,frustration,5,90,5.555555555555555
302146,5,508,50812,Treatment,EoSY,Grade 10,eosy,frustration,38,100,38
309921,5,508,50805,Treatment,EoSY,Grade 10,eosy,frustration,0,53,0
302254,5,505,50501,Control,EoSY,Grade 10,eosy,frustration,25,100,25
309513,5,501,50112,Control,EoSY,Grade 10,eosy,frustration,24,104,23.076923076923077
500163,5,508,50801,Control,EoSY,Grade 10,eosy,frustration,5,69,7.246376811594203
302058,5,503,50333,Control,EoSY,Grade 10,eosy,frustration,54,83,65.06024096385542
302192,5,511,51103,Control,EoSY,Grade 10,eosy,frustration,149,247,60.32388663967611
302227,5,511,51105,Control,EoSY,Grade 10,eosy,frustration,24,57,42.10526315789474
302252,5,505,50501,Control,EoSY,Grade 10,eosy,frustration,0,69,0
309914,5,508,50806,Control,EoSY,Grade 10,eosy,frustration,15,187,8.0213903743315509
309711,5,503,50317,Control,EoSY,Grade 10,eosy,frustration,23,48,47.916666666666664
301817,5,507,50701,Control,EoSY,Grade 10,eosy,frustration,39,95,41.05263157894737
302165,5,508,50816,Control,EoSY,Grade 10,eosy,frustration,31,51,60.78431372549019
301974,5,503,50311,Treatment,EoSY,Grade 10,eosy,frustration,38,49,77.55102040816327
302256,5,505,50501,Control,EoSY,Grade 10,eosy,frustration,7,115,6.086956521739131
301834,5,501,50106,Control,EoSY,Grade 10,eosy,frustration,0,155,0
309760,5,503,50306,Control,EoSY,Grade 10,eosy,frustration,1,45,2.2222222222222223
309936,5,508,50819,Control,EoSY,Grade 10,eosy,frustration,2,54,3.7037037037037037
302203,5,511,51102,Control,EoSY,Grade 10,eosy,frustration,2,37,5.405405405405405
302011,5,503,50314,Control,EoSY,Grade 10,eosy,frustration,28,171,16.374269005847953
500168,5,505,50501,Control,EoSY,Grade 10,eosy,frustration,0,24,0
301947,5,503,50306,Control,EoSY,Grade 10,eosy,frustration,12,335,3.582089552238806
309941,5,508,50812,Control,EoSY,Grade 10,eosy,frustration,114,150,76
301839,5,501,50111,Control,EoSY,Grade 10,eosy,frustration,0,67,0
501843,5,508,50818,Treatment,EoSY,Grade 10,eosy,frustration,0,19,0
302111,5,508,50801,Control,EoSY,Grade 10,eosy,frustration,63,360,17.5
302133,5,509,50901,Control,EoSY,Grade 10,eosy,frustration,23,117,19.65811965811966
301990,5,503,50317,Control,EoSY,Grade 10,eosy,frustration,16,48,33.333333333333336
309937,5,508,50819,Control,EoSY,Grade 10,eosy,frustration,0,73,0
302241,5,511,51105,Control,EoSY,Grade 10,eosy,frustration,11,16,68.75
500167,5,505,50501,Control,EoSY,Grade 10,eosy,frustration,4,55,7.2727272727272725
309764,5,503,50320,Control,EoSY,Grade 10,eosy,frustration,39,39,100
302205,5,511,51106,Control,EoSY,Grade 10,eosy,frustration,0,84,0
302014,5,503,50302,Control,EoSY,Grade 10,eosy,frustration,69,96,71.875
309740,5,503,50315,Control,EoSY,Grade 10,eosy,frustration,5,61,8.19672131147541
309741,5,503,50315,Control,EoSY,Grade 10,eosy,frustration,18,96,18.75
302161,5,508,50803,Treatment,EoSY,Grade 10,eosy,frustration,9,83,10.843373493975903
302113,5,508,50818,Treatment,EoSY,Grade 10,eosy,frustration,5,88,5.681818181818182
302127,5,508,50817,Control,EoSY,Grade 10,eosy,frustration,1,33,3.0303030303030303
301899,5,502,50205,Control,EoSY,Grade 10,eosy,frustration,1,114,0.8771929824561403
309509,5,501,50113,Control,EoSY,Grade 10,eosy,frustration,4,63,6.349206349206349
309903,5,508,50816,Control,EoSY,Grade 10,eosy,frustration,22,56,39.285714285714285
301995,5,503,50310,Control,EoSY,Grade 10,eosy,frustration,0,52,0
309702,5,503,50325,Control,EoSY,Grade 10,eosy,frustration,157,203,77.33990147783251
501020,5,503,50310,Control,EoSY,Grade 10,eosy,frustration,14,25,56
309743,5,503,50332,Control,EoSY,Grade 10,eosy,frustration,2,95,2.1052631578947367
301816,5,501,50101,Control,EoSY,Grade 10,eosy,frustration,3,140,2.142857142857143
302054,5,503,50315,Control,EoSY,Grade 10,eosy,frustration,8,94,8.51063829787234
301862,5,507,50701,Control,EoSY,Grade 10,eosy,frustration,161,187,86.09625668449198
502477,5,501,50108,Control,EoSY,Grade 10,eosy,frustration,0,0,NA
302283,5,513,51301,Control,EoSY,Grade 10,eosy,frustration,61,249,24.497991967871485
301900,5,502,50206,Control,EoSY,Grade 10,eosy,frustration,5,39,12.820512820512821
302123,5,508,50808,Control,EoSY,Grade 10,eosy,frustration,44,55,80
309512,5,501,50110,Control,EoSY,Grade 10,eosy,frustration,2,21,9.523809523809524
302284,5,513,51301,Control,EoSY,Grade 10,eosy,frustration,164,170,96.47058823529412
500034,5,508,50819,Control,EoSY,Grade 10,eosy,frustration,12,24,50
302043,5,503,50305,Control,EoSY,Grade 10,eosy,frustration,25,188,13.297872340425531
302182,5,511,51107,Control,EoSY,Grade 10,eosy,frustration,29,88,32.95454545454545
301986,5,503,50334,Control,EoSY,Grade 10,eosy,frustration,12,161,7.453416149068323
302109,5,508,50817,Control,EoSY,Grade 10,eosy,frustration,46,216,21.296296296296298
302061,5,503,50311,Control,EoSY,Grade 10,eosy,frustration,0,53,0
309931,5,508,50802,Control,EoSY,Grade 10,eosy,frustration,26,58,44.827586206896555
301984,5,503,50331,Control,EoSY,Grade 10,eosy,frustration,47,191,24.607329842931936
302156,5,508,50803,Control,EoSY,Grade 10,eosy,frustration,11,99,11.11111111111111
309705,5,503,50330,Control,EoSY,Grade 10,eosy,frustration,58,80,72.5
500165,5,508,50804,Control,EoSY,Grade 10,eosy,frustration,27,34,79.41176470588235
301930,5,503,50328,Control,EoSY,Grade 10,eosy,frustration,55,73,75.34246575342466
302177,5,508,50806,Control,EoSY,Grade 10,eosy,frustration,0,85,0
302282,5,513,51301,Control,EoSY,Grade 10,eosy,frustration,0,267,0
502615,5,508,50802,Control,EoSY,Grade 10,eosy,frustration,0,0,NA
302263,5,506,50601,Control,EoSY,Grade 10,eosy,frustration,20,72,27.77777777777778
301826,5,501,50103,Control,EoSY,Grade 10,eosy,frustration,7,39,17.94871794871795
305750,5,513,51301,Control,EoSY,Grade 10,eosy,frustration,10,48,20.833333333333332
301870,5,501,50110,Control,EoSY,Grade 10,eosy,frustration,8,108,7.407407407407407
302039,5,503,50316,Control,EoSY,Grade 10,eosy,frustration,7,228,3.0701754385964914
301868,5,501,50112,Control,EoSY,Grade 10,eosy,frustration,2,223,0.8968609865470852
301963,5,503,50316,Control,EoSY,Grade 10,eosy,frustration,8,142,5.633802816901408
340567,15,1505,150501,Treatment,EoSY,Grade 10,eosy,frustration,15,192,7.8125
320606,15,1515,151502,Treatment,EoSY,Grade 10,eosy,frustration,86,356,24.15730337078652
320202,15,1511,151101,Treatment,EoSY,Grade 10,eosy,frustration,43,121,35.53719008264463
305310,15,1507,150703,Treatment,EoSY,Grade 10,eosy,frustration,4,78,5.128205128205129
305418,15,1513,151301,Treatment,EoSY,Grade 10,eosy,frustration,293,686,42.71137026239067
500565,15,1515,151502,Treatment,EoSY,Grade 10,eosy,frustration,44,685,6.423357664233577
301258,4,413,41308,Treatment,EoSY,Grade 10,eosy,frustration,48,452,10.619469026548673
301214,4,411,41101,Treatment,EoSY,Grade 10,eosy,frustration,34,563,6.039076376554174
301497,4,414,41401,Treatment,EoSY,Grade 10,eosy,frustration,8,333,2.4024024024024024
305411,15,1515,151502,Treatment,EoSY,Grade 10,eosy,frustration,83,1041,7.973102785782901
305420,15,1513,151301,Treatment,EoSY,Grade 10,eosy,frustration,105,1142,9.194395796847635
301231,4,413,41302,Control,EoSY,Grade 10,eosy,frustration,1,183,0.546448087431694
301188,4,402,40201,Control,EoSY,Grade 10,eosy,frustration,31,576,5.381944444444445
307913,4,413,41309,Control,EoSY,Grade 10,eosy,frustration,0,272,0
500566,15,1507,150710,Control,EoSY,Grade 10,eosy,frustration,25,651,3.8402457757296466
305453,15,1510,151001,Control,EoSY,Grade 10,eosy,frustration,0,160,0
305311,15,1507,150702,Control,EoSY,Grade 10,eosy,frustration,1,311,0.3215434083601286
301425,4,401,40101,Control,EoSY,Grade 10,eosy,frustration,99,821,12.058465286236297
301202,4,408,40812,Control,EoSY,Grade 10,eosy,frustration,0,323,0
305412,15,1515,151502,Control,EoSY,Grade 10,eosy,frustration,19,920,2.0652173913043477
308105,4,417,41703,Control,EoSY,Grade 10,eosy,frustration,48,473,10.14799154334038
305341,15,1514,151401,Control,EoSY,Grade 10,eosy,frustration,246,1311,18.76430205949657
319604,15,1512,151201,Control,EoSY,Grade 10,eosy,frustration,0,10,0
305568,15,1516,151601,Control,EoSY,Grade 10,eosy,frustration,142,399,35.58897243107769
305434,15,1503,150301,Control,EoSY,Grade 10,eosy,frustration,0,505,0
301464,4,417,41710,Control,EoSY,Grade 10,eosy,frustration,0,508,0
305461,15,1515,151502,Control,EoSY,Grade 10,eosy,frustration,0,247,0
305384,15,1501,150101,Control,EoSY,Grade 10,eosy,frustration,0,150,0
301143,4,421,42101,Control,EoSY,Grade 10,eosy,frustration,0,1054,0
305340,15,1514,151401,Control,EoSY,Grade 10,eosy,frustration,8,1146,0.6980802792321117
305302,15,1507,150709,Treatment,EoSY,Grade 10,eosy,frustration,80,998,8.016032064128256
308103,4,417,41712,Control,EoSY,Grade 10,eosy,frustration,16,257,6.22568093385214
308130,4,417,41711,Control,EoSY,Grade 10,eosy,frustration,9,144,6.25
301227,4,420,42001,Control,EoSY,Grade 10,eosy,frustration,5,900,0.5555555555555556
305334,15,1514,151401,Control,EoSY,Grade 10,eosy,frustration,1,92,1.0869565217391304
305367,15,1512,151201,Control,EoSY,Grade 10,eosy,frustration,0,863,0
305635,15,1514,151401,Control,EoSY,Grade 10,eosy,frustration,0,399,0
301218,4,408,40814,Control,EoSY,Grade 10,eosy,frustration,0,1156,0
308501,4,415,41501,Control,EoSY,Grade 10,eosy,frustration,17,531,3.2015065913371
500332,15,1506,150601,Control,EoSY,Grade 10,eosy,frustration,32,385,8.311688311688311
305471,15,1509,150901,Control,EoSY,Grade 10,eosy,frustration,18,232,7.758620689655173
305376,15,1501,150101,Treatment,EoSY,Grade 10,eosy,frustration,0,371,0
301432,4,417,41705,Control,EoSY,Grade 10,eosy,frustration,100,457,21.88183807439825
305459,15,1515,151502,Control,EoSY,Grade 10,eosy,frustration,2,74,2.7027027027027026
305313,15,1507,150708,Control,EoSY,Grade 10,eosy,frustration,3,310,0.967741935483871
301186,4,410,41001,Control,EoSY,Grade 10,eosy,frustration,98,1540,6.363636363636363
301184,4,410,41001,Control,EoSY,Grade 10,eosy,frustration,81,926,8.74730021598272
305295,15,1507,150710,Control,EoSY,Grade 10,eosy,frustration,1,367,0.2724795640326976
301416,4,422,42201,Control,EoSY,Grade 10,eosy,frustration,29,133,21.804511278195488
305450,15,1505,150501,Treatment,EoSY,Grade 10,eosy,frustration,95,368,25.815217391304348
301403,4,416,41606,Control,EoSY,Grade 10,eosy,frustration,354,427,82.903981264637
301451,4,417,41708,Control,EoSY,Grade 10,eosy,frustration,0,280,0
305338,15,1514,151401,Control,EoSY,Grade 10,eosy,frustration,353,732,48.224043715846996
301257,4,413,41312,Control,EoSY,Grade 10,eosy,frustration,365,1702,21.445358401880142
305416,15,1513,151301,Control,EoSY,Grade 10,eosy,frustration,15,720,2.0833333333333335
305337,15,1514,151401,Control,EoSY,Grade 10,eosy,frustration,128,1993,6.422478675363773
305353,15,1514,151401,Control,EoSY,Grade 10,eosy,frustration,184,501,36.72654690618762
301197,4,408,40812,Control,EoSY,Grade 10,eosy,frustration,0,1,0
301236,4,413,41308,Treatment,EoSY,Grade 10,eosy,frustration,0,233,0
305444,15,1516,151601,Control,EoSY,Grade 10,eosy,frustration,0,106,0
320306,15,1503,150301,Control,EoSY,Grade 10,eosy,frustration,106,692,15.31791907514451
301489,4,414,41401,Control,EoSY,Grade 10,eosy,frustration,0,266,0
301507,4,418,41801,Control,EoSY,Grade 10,eosy,frustration,9,128,7.03125
301456,4,417,41710,Control,EoSY,Grade 10,eosy,frustration,5,517,0.9671179883945842
301238,4,413,41303,Control,EoSY,Grade 10,eosy,frustration,3,32,9.375
305438,15,1516,151601,Control,EoSY,Grade 10,eosy,frustration,20,866,2.3094688221709005
305324,15,1514,151401,Control,EoSY,Grade 10,eosy,frustration,3,69,4.3478260869565215
305454,15,1510,151001,Control,EoSY,Grade 10,eosy,frustration,0,125,0
308122,4,417,41708,Control,EoSY,Grade 10,eosy,frustration,63,182,34.61538461538461
301508,4,418,41801,Control,EoSY,Grade 10,eosy,frustration,18,252,7.142857142857143
305465,15,1515,151502,Control,EoSY,Grade 10,eosy,frustration,44,229,19.213973799126638
305428,15,1511,151101,Control,EoSY,Grade 10,eosy,frustration,4,356,1.1235955056179776
301175,4,408,40807,Control,EoSY,Grade 10,eosy,frustration,20,553,3.616636528028933
301437,4,417,41704,Control,EoSY,Grade 10,eosy,frustration,25,895,2.793296089385475
320204,15,1511,151101,Control,EoSY,Grade 10,eosy,frustration,54,500,10.8
305447,15,1505,150501,Control,EoSY,Grade 10,eosy,frustration,5,95,5.2631578947368425
301438,4,417,41704,Control,EoSY,Grade 10,eosy,frustration,173,436,39.678899082568805
308135,4,417,41708,Control,EoSY,Grade 10,eosy,frustration,8,248,3.225806451612903
301418,4,401,40101,Control,EoSY,Grade 10,eosy,frustration,184,2581,7.12901975978303
305288,15,1507,150710,Control,EoSY,Grade 10,eosy,frustration,41,594,6.902356902356902
301265,4,413,41301,Control,EoSY,Grade 10,eosy,frustration,30,375,8
305442,15,1516,151601,Control,EoSY,Grade 10,eosy,frustration,159,243,65.4320987654321
500339,15,1505,150501,Control,EoSY,Grade 10,eosy,frustration,2,349,0.5730659025787965
305435,15,1503,150301,Control,EoSY,Grade 10,eosy,frustration,50,237,21.09704641350211
308134,4,417,41708,Control,EoSY,Grade 10,eosy,frustration,0,492,0
305452,15,1505,150501,Control,EoSY,Grade 10,eosy,frustration,12,384,3.125
312330,7,703,70308,Treatment,EoSY,Grade 10,eosy,frustration,2,87,2.2988505747126435
305710,7,703,70302,Treatment,EoSY,Grade 10,eosy,frustration,2,81,2.4691358024691357
305655,11,1101,110101,Treatment,EoSY,Grade 10,eosy,frustration,0,26,0
305581,7,703,70303,Treatment,EoSY,Grade 10,eosy,frustration,8,40,20
303130,7,703,70309,Treatment,EoSY,Grade 10,eosy,frustration,55,195,28.205128205128204
312354,7,703,70309,Treatment,EoSY,Grade 10,eosy,frustration,0,20,0
305849,11,1105,110503,Treatment,EoSY,Grade 10,eosy,frustration,5,16,31.25
305500,11,1101,110101,Treatment,EoSY,Grade 10,eosy,frustration,6,29,20.689655172413794
312355,7,703,70304,Treatment,EoSY,Grade 10,eosy,frustration,0,41,0
501903,11,1110,111001,Treatment,EoSY,Grade 10,eosy,frustration,5,25,20
500665,7,705,70527,Control,EoSY,Grade 10,eosy,frustration,53,72,73.61111111111111
312462,7,705,70520,Control,EoSY,Grade 10,eosy,frustration,0,15,0
306038,11,1102,110202,Control,EoSY,Grade 10,eosy,frustration,0,29,0
500221,7,705,70527,Control,EoSY,Grade 10,eosy,frustration,17,23,73.91304347826087
500744,7,708,70801,Control,EoSY,Grade 10,eosy,frustration,1,38,2.6315789473684212
305884,11,1101,110101,Control,EoSY,Grade 10,eosy,frustration,8,99,8.080808080808081
303170,7,709,70901,Control,EoSY,Grade 10,eosy,frustration,6,42,14.285714285714286
500787,7,708,70801,Control,EoSY,Grade 10,eosy,frustration,0,49,0
500667,7,705,70528,Control,EoSY,Grade 10,eosy,frustration,0,51,0
501071,11,1101,110101,Control,EoSY,Grade 10,eosy,frustration,3,17,17.647058823529413
303046,7,705,70527,Control,EoSY,Grade 10,eosy,frustration,23,93,24.731182795698924
325303,7,707,70701,Control,EoSY,Grade 10,eosy,frustration,30,82,36.58536585365854
500208,7,703,70305,Control,EoSY,Grade 10,eosy,frustration,0,15,0
312401,7,705,70525,Control,EoSY,Grade 10,eosy,frustration,17,60,28.333333333333332
303136,7,706,70601,Control,EoSY,Grade 10,eosy,frustration,10,65,15.384615384615385
312435,7,707,70701,Control,EoSY,Grade 10,eosy,frustration,29,34,85.29411764705883
502186,11,1101,110101,Control,EoSY,Grade 10,eosy,frustration,5,14,35.714285714285715
500782,7,708,70801,Control,EoSY,Grade 10,eosy,frustration,1,213,0.4694835680751174
306086,11,1106,110606,Control,EoSY,Grade 10,eosy,frustration,16,17,94.11764705882354
305755,7,705,70529,Control,EoSY,Grade 10,eosy,frustration,0,68,0
305665,11,1101,110101,Control,EoSY,Grade 10,eosy,frustration,0,16,0
501635,7,703,70301,Control,EoSY,Grade 10,eosy,frustration,1,60,1.6666666666666667
305843,11,1110,111001,Control,EoSY,Grade 10,eosy,frustration,3,27,11.11111111111111
500894,7,705,70517,Control,EoSY,Grade 10,eosy,frustration,30,74,40.54054054054054
500671,7,705,70506,Control,EoSY,Grade 10,eosy,frustration,9,34,26.470588235294116
305847,11,1105,110503,Control,EoSY,Grade 10,eosy,frustration,1,25,4
500784,7,708,70801,Control,EoSY,Grade 10,eosy,frustration,1,10,10
501267,7,705,70525,Control,EoSY,Grade 10,eosy,frustration,1,14,7.142857142857143
306000,7,705,70525,Control,EoSY,Grade 10,eosy,frustration,3,20,15
305517,11,1106,110608,Control,EoSY,Grade 10,eosy,frustration,30,34,88.23529411764706
305713,7,710,71001,Control,EoSY,Grade 10,eosy,frustration,0,0,NA
500768,7,705,70521,Control,EoSY,Grade 10,eosy,frustration,0,33,0
316303,11,1107,110701,Control,EoSY,Grade 10,eosy,frustration,0,33,0
316304,11,1107,110701,Control,EoSY,Grade 10,eosy,frustration,3,69,4.3478260869565215
305506,11,1101,110101,Control,EoSY,Grade 10,eosy,frustration,1,9,11.11111111111111
500421,7,705,70507,Control,EoSY,Grade 10,eosy,frustration,71,112,63.392857142857146
305681,11,1110,111001,Control,EoSY,Grade 10,eosy,frustration,5,157,3.1847133757961785
303186,7,711,71101,Control,EoSY,Grade 10,eosy,frustration,0,88,0
501429,7,714,71402,Control,EoSY,Grade 10,eosy,frustration,4,66,6.0606060606060606
305844,11,1103,110303,Control,EoSY,Grade 10,eosy,frustration,7,44,15.909090909090908
305965,11,1110,111001,Control,EoSY,Grade 10,eosy,frustration,1,29,3.4482758620689653
501076,11,1103,110305,Control,EoSY,Grade 10,eosy,frustration,4,10,40
305889,11,1101,110101,Control,EoSY,Grade 10,eosy,frustration,0,51,0
501074,11,1103,110306,Control,EoSY,Grade 10,eosy,frustration,18,46,39.130434782608695
312408,7,705,70530,Control,EoSY,Grade 10,eosy,frustration,2,48,4.166666666666667
501351,7,705,70522,Control,EoSY,Grade 10,eosy,frustration,0,54,0
501404,11,1101,110101,Control,EoSY,Grade 10,eosy,frustration,1,11,9.090909090909092
305660,11,1101,110101,Control,EoSY,Grade 10,eosy,frustration,2,33,6.0606060606060606
303219,7,701,70101,Control,EoSY,Grade 10,eosy,frustration,1,126,0.7936507936507936
312450,7,705,70522,Control,EoSY,Grade 10,eosy,frustration,47,88,53.40909090909091
324903,7,704,70401,Control,EoSY,Grade 10,eosy,frustration,10,27,37.03703703703704
501065,11,1101,110101,Control,EoSY,Grade 10,eosy,frustration,0,87,0
312451,7,705,70532,Control,EoSY,Grade 10,eosy,frustration,22,55,40
501763,11,1103,110305,Control,EoSY,Grade 10,eosy,frustration,2,19,10.526315789473685
316405,11,1110,111001,Control,EoSY,Grade 10,eosy,frustration,36,112,32.142857142857146
316404,11,1110,111001,Control,EoSY,Grade 10,eosy,frustration,2,34,5.882352941176471
316301,11,1107,110701,Control,EoSY,Grade 10,eosy,frustration,5,115,4.3478260869565215
312910,7,710,71001,Control,EoSY,Grade 10,eosy,frustration,15,72,20.833333333333332
303011,7,705,70512,Control,EoSY,Grade 10,eosy,frustration,6,30,20
305651,11,1101,110101,Control,EoSY,Grade 10,eosy,frustration,4,28,14.285714285714286
305662,11,1101,110101,Control,EoSY,Grade 10,eosy,frustration,6,24,25
305850,11,1105,110503,Control,EoSY,Grade 10,eosy,frustration,1,15,6.666666666666667
312481,7,705,70518,Control,EoSY,Grade 10,eosy,frustration,12,150,8
304409,11,1110,111001,Control,EoSY,Grade 10,eosy,frustration,60,89,67.41573033707866
303246,7,713,71303,Control,EoSY,Grade 10,eosy,frustration,14,77,18.181818181818183
501405,11,1101,110101,Control,EoSY,Grade 10,eosy,frustration,0,46,0
305677,11,1105,110503,Control,EoSY,Grade 10,eosy,frustration,8,39,20.512820512820515
500447,7,708,70801,Control,EoSY,Grade 10,eosy,frustration,4,31,12.903225806451612
501305,7,708,70801,Control,EoSY,Grade 10,eosy,frustration,0,31,0
305917,7,708,70801,Control,EoSY,Grade 10,eosy,frustration,7,26,26.923076923076923
305722,7,703,70304,Control,EoSY,Grade 10,eosy,frustration,0,20,0
312953,7,713,71306,Control,EoSY,Grade 10,eosy,frustration,0,34,0
305498,11,1101,110101,Control,EoSY,Grade 10,eosy,frustration,27,53,50.943396226415096
305669,11,1101,110101,Control,EoSY,Grade 10,eosy,frustration,2,39,5.128205128205129
312960,7,710,71002,Control,EoSY,Grade 10,eosy,frustration,6,33,18.181818181818183
309906,5,508,50811,Treatment,EoSY,Grade 10,eosy,instructional,39,109,35.77981651376147
309934,5,508,50806,Treatment,EoSY,Grade 10,eosy,instructional,2,27,7.407407407407407
301871,5,501,50107,Treatment,EoSY,Grade 10,eosy,instructional,0,82,0
302134,5,508,50804,Treatment,EoSY,Grade 10,eosy,instructional,27,43,62.7906976744186
302117,5,508,50803,Treatment,EoSY,Grade 10,eosy,instructional,17,61,27.868852459016395
309909,5,508,50801,Treatment,EoSY,Grade 10,eosy,instructional,55,92,59.78260869565217
309915,5,508,50801,Treatment,EoSY,Grade 10,eosy,instructional,12,25,48
501544,5,508,50815,Treatment,EoSY,Grade 10,eosy,instructional,42,80,52.5
301887,5,502,50205,Treatment,EoSY,Grade 10,eosy,instructional,40,63,63.492063492063494
302175,5,508,50820,Treatment,EoSY,Grade 10,eosy,instructional,44,90,48.888888888888886
302146,5,508,50812,Treatment,EoSY,Grade 10,eosy,instructional,32,100,32
309921,5,508,50805,Treatment,EoSY,Grade 10,eosy,instructional,19,53,35.84905660377358
302254,5,505,50501,Control,EoSY,Grade 10,eosy,instructional,34,100,34
309513,5,501,50112,Control,EoSY,Grade 10,eosy,instructional,57,104,54.80769230769231
500163,5,508,50801,Control,EoSY,Grade 10,eosy,instructional,4,69,5.797101449275362
302058,5,503,50333,Control,EoSY,Grade 10,eosy,instructional,25,83,30.120481927710845
302192,5,511,51103,Control,EoSY,Grade 10,eosy,instructional,57,247,23.076923076923077
302227,5,511,51105,Control,EoSY,Grade 10,eosy,instructional,24,57,42.10526315789474
302252,5,505,50501,Control,EoSY,Grade 10,eosy,instructional,4,69,5.797101449275362
309914,5,508,50806,Control,EoSY,Grade 10,eosy,instructional,74,187,39.57219251336898
309711,5,503,50317,Control,EoSY,Grade 10,eosy,instructional,13,48,27.083333333333332
301817,5,507,50701,Control,EoSY,Grade 10,eosy,instructional,46,95,48.421052631578945
302165,5,508,50816,Control,EoSY,Grade 10,eosy,instructional,17,51,33.333333333333336
301974,5,503,50311,Treatment,EoSY,Grade 10,eosy,instructional,3,49,6.122448979591836
302256,5,505,50501,Control,EoSY,Grade 10,eosy,instructional,23,115,20
301834,5,501,50106,Control,EoSY,Grade 10,eosy,instructional,5,155,3.225806451612903
309760,5,503,50306,Control,EoSY,Grade 10,eosy,instructional,10,45,22.22222222222222
309936,5,508,50819,Control,EoSY,Grade 10,eosy,instructional,3,54,5.555555555555555
302203,5,511,51102,Control,EoSY,Grade 10,eosy,instructional,23,37,62.16216216216216
302011,5,503,50314,Control,EoSY,Grade 10,eosy,instructional,46,171,26.900584795321638
500168,5,505,50501,Control,EoSY,Grade 10,eosy,instructional,5,24,20.833333333333332
301947,5,503,50306,Control,EoSY,Grade 10,eosy,instructional,25,335,7.462686567164179
309941,5,508,50812,Control,EoSY,Grade 10,eosy,instructional,26,150,17.333333333333332
301839,5,501,50111,Control,EoSY,Grade 10,eosy,instructional,0,67,0
501843,5,508,50818,Treatment,EoSY,Grade 10,eosy,instructional,3,19,15.789473684210526
302111,5,508,50801,Control,EoSY,Grade 10,eosy,instructional,159,360,44.166666666666664
302133,5,509,50901,Control,EoSY,Grade 10,eosy,instructional,19,117,16.23931623931624
301990,5,503,50317,Control,EoSY,Grade 10,eosy,instructional,15,48,31.25
309937,5,508,50819,Control,EoSY,Grade 10,eosy,instructional,53,73,72.6027397260274
302241,5,511,51105,Control,EoSY,Grade 10,eosy,instructional,2,16,12.5
500167,5,505,50501,Control,EoSY,Grade 10,eosy,instructional,22,55,40
309764,5,503,50320,Control,EoSY,Grade 10,eosy,instructional,0,39,0
302205,5,511,51106,Control,EoSY,Grade 10,eosy,instructional,2,84,2.380952380952381
302014,5,503,50302,Control,EoSY,Grade 10,eosy,instructional,19,96,19.791666666666668
309740,5,503,50315,Control,EoSY,Grade 10,eosy,instructional,20,61,32.78688524590164
309741,5,503,50315,Control,EoSY,Grade 10,eosy,instructional,68,96,70.83333333333333
302161,5,508,50803,Treatment,EoSY,Grade 10,eosy,instructional,41,83,49.397590361445786
302113,5,508,50818,Treatment,EoSY,Grade 10,eosy,instructional,25,88,28.40909090909091
302127,5,508,50817,Control,EoSY,Grade 10,eosy,instructional,0,33,0
301899,5,502,50205,Control,EoSY,Grade 10,eosy,instructional,15,114,13.157894736842104
309509,5,501,50113,Control,EoSY,Grade 10,eosy,instructional,24,63,38.095238095238095
309903,5,508,50816,Control,EoSY,Grade 10,eosy,instructional,9,56,16.071428571428573
301995,5,503,50310,Control,EoSY,Grade 10,eosy,instructional,12,52,23.076923076923077
309702,5,503,50325,Control,EoSY,Grade 10,eosy,instructional,20,203,9.852216748768473
501020,5,503,50310,Control,EoSY,Grade 10,eosy,instructional,5,25,20
309743,5,503,50332,Control,EoSY,Grade 10,eosy,instructional,53,95,55.78947368421053
301816,5,501,50101,Control,EoSY,Grade 10,eosy,instructional,79,140,56.42857142857143
302054,5,503,50315,Control,EoSY,Grade 10,eosy,instructional,36,94,38.297872340425535
301862,5,507,50701,Control,EoSY,Grade 10,eosy,instructional,6,187,3.2085561497326203
502477,5,501,50108,Control,EoSY,Grade 10,eosy,instructional,0,0,NA
302283,5,513,51301,Control,EoSY,Grade 10,eosy,instructional,90,249,36.144578313253014
301900,5,502,50206,Control,EoSY,Grade 10,eosy,instructional,11,39,28.205128205128204
302123,5,508,50808,Control,EoSY,Grade 10,eosy,instructional,11,55,20
309512,5,501,50110,Control,EoSY,Grade 10,eosy,instructional,9,21,42.857142857142854
302284,5,513,51301,Control,EoSY,Grade 10,eosy,instructional,6,170,3.5294117647058822
500034,5,508,50819,Control,EoSY,Grade 10,eosy,instructional,12,24,50
302043,5,503,50305,Control,EoSY,Grade 10,eosy,instructional,110,188,58.51063829787234
302182,5,511,51107,Control,EoSY,Grade 10,eosy,instructional,29,88,32.95454545454545
301986,5,503,50334,Control,EoSY,Grade 10,eosy,instructional,64,161,39.75155279503105
302109,5,508,50817,Control,EoSY,Grade 10,eosy,instructional,104,216,48.148148148148145
302061,5,503,50311,Control,EoSY,Grade 10,eosy,instructional,14,53,26.41509433962264
309931,5,508,50802,Control,EoSY,Grade 10,eosy,instructional,25,58,43.10344827586207
301984,5,503,50331,Control,EoSY,Grade 10,eosy,instructional,56,191,29.319371727748692
302156,5,508,50803,Control,EoSY,Grade 10,eosy,instructional,31,99,31.31313131313131
309705,5,503,50330,Control,EoSY,Grade 10,eosy,instructional,13,80,16.25
500165,5,508,50804,Control,EoSY,Grade 10,eosy,instructional,5,34,14.705882352941176
301930,5,503,50328,Control,EoSY,Grade 10,eosy,instructional,7,73,9.58904109589041
302177,5,508,50806,Control,EoSY,Grade 10,eosy,instructional,54,85,63.529411764705884
302282,5,513,51301,Control,EoSY,Grade 10,eosy,instructional,138,267,51.68539325842696
502615,5,508,50802,Control,EoSY,Grade 10,eosy,instructional,0,0,NA
302263,5,506,50601,Control,EoSY,Grade 10,eosy,instructional,28,72,38.888888888888886
301826,5,501,50103,Control,EoSY,Grade 10,eosy,instructional,22,39,56.41025641025641
305750,5,513,51301,Control,EoSY,Grade 10,eosy,instructional,24,48,50
301870,5,501,50110,Control,EoSY,Grade 10,eosy,instructional,50,108,46.2962962962963
302039,5,503,50316,Control,EoSY,Grade 10,eosy,instructional,115,228,50.43859649122807
301868,5,501,50112,Control,EoSY,Grade 10,eosy,instructional,44,223,19.730941704035875
301963,5,503,50316,Control,EoSY,Grade 10,eosy,instructional,43,142,30.281690140845072
340567,15,1505,150501,Treatment,EoSY,Grade 10,eosy,instructional,22,192,11.458333333333334
320606,15,1515,151502,Treatment,EoSY,Grade 10,eosy,instructional,170,356,47.752808988764045
320202,15,1511,151101,Treatment,EoSY,Grade 10,eosy,instructional,54,121,44.62809917355372
305310,15,1507,150703,Treatment,EoSY,Grade 10,eosy,instructional,43,78,55.12820512820513
305418,15,1513,151301,Treatment,EoSY,Grade 10,eosy,instructional,255,686,37.17201166180758
500565,15,1515,151502,Treatment,EoSY,Grade 10,eosy,instructional,373,685,54.45255474452555
301258,4,413,41308,Treatment,EoSY,Grade 10,eosy,instructional,314,452,69.46902654867256
301214,4,411,41101,Treatment,EoSY,Grade 10,eosy,instructional,312,563,55.41740674955595
301497,4,414,41401,Treatment,EoSY,Grade 10,eosy,instructional,195,333,58.55855855855856
305411,15,1515,151502,Treatment,EoSY,Grade 10,eosy,instructional,253,1041,24.30355427473583
305420,15,1513,151301,Treatment,EoSY,Grade 10,eosy,instructional,768,1142,67.25043782837128
301231,4,413,41302,Control,EoSY,Grade 10,eosy,instructional,54,183,29.508196721311474
301188,4,402,40201,Control,EoSY,Grade 10,eosy,instructional,427,576,74.13194444444444
307913,4,413,41309,Control,EoSY,Grade 10,eosy,instructional,0,272,0
500566,15,1507,150710,Control,EoSY,Grade 10,eosy,instructional,340,651,52.22734254992319
305453,15,1510,151001,Control,EoSY,Grade 10,eosy,instructional,5,160,3.125
305311,15,1507,150702,Control,EoSY,Grade 10,eosy,instructional,252,311,81.02893890675242
301425,4,401,40101,Control,EoSY,Grade 10,eosy,instructional,539,821,65.6516443361754
301202,4,408,40812,Control,EoSY,Grade 10,eosy,instructional,162,323,50.154798761609904
305412,15,1515,151502,Control,EoSY,Grade 10,eosy,instructional,307,920,33.369565217391305
308105,4,417,41703,Control,EoSY,Grade 10,eosy,instructional,179,473,37.84355179704017
305341,15,1514,151401,Control,EoSY,Grade 10,eosy,instructional,394,1311,30.05339435545385
319604,15,1512,151201,Control,EoSY,Grade 10,eosy,instructional,0,10,0
305568,15,1516,151601,Control,EoSY,Grade 10,eosy,instructional,169,399,42.35588972431078
305434,15,1503,150301,Control,EoSY,Grade 10,eosy,instructional,156,505,30.89108910891089
301464,4,417,41710,Control,EoSY,Grade 10,eosy,instructional,243,508,47.83464566929134
305461,15,1515,151502,Control,EoSY,Grade 10,eosy,instructional,35,247,14.17004048582996
305384,15,1501,150101,Control,EoSY,Grade 10,eosy,instructional,0,150,0
301143,4,421,42101,Control,EoSY,Grade 10,eosy,instructional,436,1054,41.36622390891841
305340,15,1514,151401,Control,EoSY,Grade 10,eosy,instructional,207,1146,18.06282722513089
305302,15,1507,150709,Treatment,EoSY,Grade 10,eosy,instructional,868,998,86.97394789579158
308103,4,417,41712,Control,EoSY,Grade 10,eosy,instructional,181,257,70.42801556420234
308130,4,417,41711,Control,EoSY,Grade 10,eosy,instructional,70,144,48.611111111111114
301227,4,420,42001,Control,EoSY,Grade 10,eosy,instructional,40,900,4.444444444444445
305334,15,1514,151401,Control,EoSY,Grade 10,eosy,instructional,45,92,48.91304347826087
305367,15,1512,151201,Control,EoSY,Grade 10,eosy,instructional,5,863,0.5793742757821553
305635,15,1514,151401,Control,EoSY,Grade 10,eosy,instructional,28,399,7.017543859649122
301218,4,408,40814,Control,EoSY,Grade 10,eosy,instructional,317,1156,27.422145328719722
308501,4,415,41501,Control,EoSY,Grade 10,eosy,instructional,182,531,34.27495291902071
500332,15,1506,150601,Control,EoSY,Grade 10,eosy,instructional,79,385,20.51948051948052
305471,15,1509,150901,Control,EoSY,Grade 10,eosy,instructional,98,232,42.241379310344826
305376,15,1501,150101,Treatment,EoSY,Grade 10,eosy,instructional,0,371,0
301432,4,417,41705,Control,EoSY,Grade 10,eosy,instructional,278,457,60.83150984682713
305459,15,1515,151502,Control,EoSY,Grade 10,eosy,instructional,35,74,47.2972972972973
305313,15,1507,150708,Control,EoSY,Grade 10,eosy,instructional,91,310,29.35483870967742
301186,4,410,41001,Control,EoSY,Grade 10,eosy,instructional,634,1540,41.16883116883117
301184,4,410,41001,Control,EoSY,Grade 10,eosy,instructional,342,926,36.93304535637149
305295,15,1507,150710,Control,EoSY,Grade 10,eosy,instructional,156,367,42.50681198910082
301416,4,422,42201,Control,EoSY,Grade 10,eosy,instructional,54,133,40.6015037593985
305450,15,1505,150501,Treatment,EoSY,Grade 10,eosy,instructional,234,368,63.58695652173913
301403,4,416,41606,Control,EoSY,Grade 10,eosy,instructional,68,427,15.925058548009368
301451,4,417,41708,Control,EoSY,Grade 10,eosy,instructional,80,280,28.571428571428573
305338,15,1514,151401,Control,EoSY,Grade 10,eosy,instructional,320,732,43.71584699453552
301257,4,413,41312,Control,EoSY,Grade 10,eosy,instructional,512,1702,30.08225616921269
305416,15,1513,151301,Control,EoSY,Grade 10,eosy,instructional,360,720,50
305337,15,1514,151401,Control,EoSY,Grade 10,eosy,instructional,1078,1993,54.089312594079274
305353,15,1514,151401,Control,EoSY,Grade 10,eosy,instructional,231,501,46.10778443113772
301197,4,408,40812,Control,EoSY,Grade 10,eosy,instructional,1,1,100
301236,4,413,41308,Treatment,EoSY,Grade 10,eosy,instructional,215,233,92.27467811158799
305444,15,1516,151601,Control,EoSY,Grade 10,eosy,instructional,13,106,12.264150943396226
320306,15,1503,150301,Control,EoSY,Grade 10,eosy,instructional,237,692,34.2485549132948
301489,4,414,41401,Control,EoSY,Grade 10,eosy,instructional,145,266,54.51127819548872
301507,4,418,41801,Control,EoSY,Grade 10,eosy,instructional,44,128,34.375
301456,4,417,41710,Control,EoSY,Grade 10,eosy,instructional,281,517,54.35203094777563
301238,4,413,41303,Control,EoSY,Grade 10,eosy,instructional,24,32,75
305438,15,1516,151601,Control,EoSY,Grade 10,eosy,instructional,650,866,75.05773672055427
305324,15,1514,151401,Control,EoSY,Grade 10,eosy,instructional,7,69,10.144927536231885
305454,15,1510,151001,Control,EoSY,Grade 10,eosy,instructional,70,125,56
308122,4,417,41708,Control,EoSY,Grade 10,eosy,instructional,99,182,54.395604395604394
301508,4,418,41801,Control,EoSY,Grade 10,eosy,instructional,171,252,67.85714285714286
305465,15,1515,151502,Control,EoSY,Grade 10,eosy,instructional,131,229,57.20524017467249
305428,15,1511,151101,Control,EoSY,Grade 10,eosy,instructional,158,356,44.38202247191011
301175,4,408,40807,Control,EoSY,Grade 10,eosy,instructional,147,553,26.582278481012658
301437,4,417,41704,Control,EoSY,Grade 10,eosy,instructional,198,895,22.122905027932962
320204,15,1511,151101,Control,EoSY,Grade 10,eosy,instructional,319,500,63.8
305447,15,1505,150501,Control,EoSY,Grade 10,eosy,instructional,32,95,33.68421052631579
301438,4,417,41704,Control,EoSY,Grade 10,eosy,instructional,202,436,46.330275229357795
308135,4,417,41708,Control,EoSY,Grade 10,eosy,instructional,111,248,44.75806451612903
301418,4,401,40101,Control,EoSY,Grade 10,eosy,instructional,1451,2581,56.218519953506394
305288,15,1507,150710,Control,EoSY,Grade 10,eosy,instructional,197,594,33.16498316498316
301265,4,413,41301,Control,EoSY,Grade 10,eosy,instructional,106,375,28.266666666666666
305442,15,1516,151601,Control,EoSY,Grade 10,eosy,instructional,75,243,30.864197530864196
500339,15,1505,150501,Control,EoSY,Grade 10,eosy,instructional,19,349,5.444126074498567
305435,15,1503,150301,Control,EoSY,Grade 10,eosy,instructional,12,237,5.063291139240507
308134,4,417,41708,Control,EoSY,Grade 10,eosy,instructional,199,492,40.447154471544714
305452,15,1505,150501,Control,EoSY,Grade 10,eosy,instructional,63,384,16.40625
312330,7,703,70308,Treatment,EoSY,Grade 10,eosy,instructional,58,87,66.66666666666667
305710,7,703,70302,Treatment,EoSY,Grade 10,eosy,instructional,45,81,55.55555555555556
305655,11,1101,110101,Treatment,EoSY,Grade 10,eosy,instructional,10,26,38.46153846153846
305581,7,703,70303,Treatment,EoSY,Grade 10,eosy,instructional,32,40,80
303130,7,703,70309,Treatment,EoSY,Grade 10,eosy,instructional,130,195,66.66666666666667
312354,7,703,70309,Treatment,EoSY,Grade 10,eosy,instructional,5,20,25
305849,11,1105,110503,Treatment,EoSY,Grade 10,eosy,instructional,9,16,56.25
305500,11,1101,110101,Treatment,EoSY,Grade 10,eosy,instructional,20,29,68.96551724137932
312355,7,703,70304,Treatment,EoSY,Grade 10,eosy,instructional,28,41,68.29268292682927
501903,11,1110,111001,Treatment,EoSY,Grade 10,eosy,instructional,15,25,60
500665,7,705,70527,Control,EoSY,Grade 10,eosy,instructional,17,72,23.61111111111111
312462,7,705,70520,Control,EoSY,Grade 10,eosy,instructional,3,15,20
306038,11,1102,110202,Control,EoSY,Grade 10,eosy,instructional,17,29,58.62068965517241
500221,7,705,70527,Control,EoSY,Grade 10,eosy,instructional,5,23,21.73913043478261
500744,7,708,70801,Control,EoSY,Grade 10,eosy,instructional,0,38,0
305884,11,1101,110101,Control,EoSY,Grade 10,eosy,instructional,34,99,34.343434343434346
303170,7,709,70901,Control,EoSY,Grade 10,eosy,instructional,13,42,30.952380952380953
500787,7,708,70801,Control,EoSY,Grade 10,eosy,instructional,20,49,40.816326530612244
500667,7,705,70528,Control,EoSY,Grade 10,eosy,instructional,30,51,58.8235294117647
501071,11,1101,110101,Control,EoSY,Grade 10,eosy,instructional,9,17,52.94117647058823
303046,7,705,70527,Control,EoSY,Grade 10,eosy,instructional,70,93,75.26881720430107
325303,7,707,70701,Control,EoSY,Grade 10,eosy,instructional,32,82,39.02439024390244
500208,7,703,70305,Control,EoSY,Grade 10,eosy,instructional,3,15,20
312401,7,705,70525,Control,EoSY,Grade 10,eosy,instructional,33,60,55
303136,7,706,70601,Control,EoSY,Grade 10,eosy,instructional,29,65,44.61538461538461
312435,7,707,70701,Control,EoSY,Grade 10,eosy,instructional,5,34,14.705882352941176
502186,11,1101,110101,Control,EoSY,Grade 10,eosy,instructional,4,14,28.571428571428573
500782,7,708,70801,Control,EoSY,Grade 10,eosy,instructional,54,213,25.35211267605634
306086,11,1106,110606,Control,EoSY,Grade 10,eosy,instructional,1,17,5.882352941176471
305755,7,705,70529,Control,EoSY,Grade 10,eosy,instructional,25,68,36.76470588235294
305665,11,1101,110101,Control,EoSY,Grade 10,eosy,instructional,7,16,43.75
501635,7,703,70301,Control,EoSY,Grade 10,eosy,instructional,27,60,45
305843,11,1110,111001,Control,EoSY,Grade 10,eosy,instructional,14,27,51.851851851851855
500894,7,705,70517,Control,EoSY,Grade 10,eosy,instructional,29,74,39.189189189189186
500671,7,705,70506,Control,EoSY,Grade 10,eosy,instructional,10,34,29.41176470588235
305847,11,1105,110503,Control,EoSY,Grade 10,eosy,instructional,13,25,52
500784,7,708,70801,Control,EoSY,Grade 10,eosy,instructional,7,10,70
501267,7,705,70525,Control,EoSY,Grade 10,eosy,instructional,5,14,35.714285714285715
306000,7,705,70525,Control,EoSY,Grade 10,eosy,instructional,10,20,50
305517,11,1106,110608,Control,EoSY,Grade 10,eosy,instructional,4,34,11.764705882352942
305713,7,710,71001,Control,EoSY,Grade 10,eosy,instructional,0,0,NA
500768,7,705,70521,Control,EoSY,Grade 10,eosy,instructional,8,33,24.242424242424242
316303,11,1107,110701,Control,EoSY,Grade 10,eosy,instructional,8,33,24.242424242424242
316304,11,1107,110701,Control,EoSY,Grade 10,eosy,instructional,48,69,69.56521739130434
305506,11,1101,110101,Control,EoSY,Grade 10,eosy,instructional,4,9,44.44444444444444
500421,7,705,70507,Control,EoSY,Grade 10,eosy,instructional,4,112,3.5714285714285716
305681,11,1110,111001,Control,EoSY,Grade 10,eosy,instructional,40,157,25.477707006369428
303186,7,711,71101,Control,EoSY,Grade 10,eosy,instructional,0,88,0
501429,7,714,71402,Control,EoSY,Grade 10,eosy,instructional,17,66,25.757575757575758
305844,11,1103,110303,Control,EoSY,Grade 10,eosy,instructional,24,44,54.54545454545455
305965,11,1110,111001,Control,EoSY,Grade 10,eosy,instructional,14,29,48.275862068965516
501076,11,1103,110305,Control,EoSY,Grade 10,eosy,instructional,5,10,50
305889,11,1101,110101,Control,EoSY,Grade 10,eosy,instructional,16,51,31.372549019607842
501074,11,1103,110306,Control,EoSY,Grade 10,eosy,instructional,20,46,43.47826086956522
312408,7,705,70530,Control,EoSY,Grade 10,eosy,instructional,22,48,45.833333333333336
501351,7,705,70522,Control,EoSY,Grade 10,eosy,instructional,4,54,7.407407407407407
501404,11,1101,110101,Control,EoSY,Grade 10,eosy,instructional,3,11,27.272727272727273
305660,11,1101,110101,Control,EoSY,Grade 10,eosy,instructional,21,33,63.63636363636363
303219,7,701,70101,Control,EoSY,Grade 10,eosy,instructional,42,126,33.333333333333336
312450,7,705,70522,Control,EoSY,Grade 10,eosy,instructional,34,88,38.63636363636363
324903,7,704,70401,Control,EoSY,Grade 10,eosy,instructional,17,27,62.96296296296296
501065,11,1101,110101,Control,EoSY,Grade 10,eosy,instructional,0,87,0
312451,7,705,70532,Control,EoSY,Grade 10,eosy,instructional,27,55,49.09090909090909
501763,11,1103,110305,Control,EoSY,Grade 10,eosy,instructional,10,19,52.63157894736842
316405,11,1110,111001,Control,EoSY,Grade 10,eosy,instructional,46,112,41.07142857142857
316404,11,1110,111001,Control,EoSY,Grade 10,eosy,instructional,14,34,41.1764705882353
316301,11,1107,110701,Control,EoSY,Grade 10,eosy,instructional,50,115,43.47826086956522
312910,7,710,71001,Control,EoSY,Grade 10,eosy,instructional,20,72,27.77777777777778
303011,7,705,70512,Control,EoSY,Grade 10,eosy,instructional,13,30,43.333333333333336
305651,11,1101,110101,Control,EoSY,Grade 10,eosy,instructional,14,28,50
305662,11,1101,110101,Control,EoSY,Grade 10,eosy,instructional,8,24,33.333333333333336
305850,11,1105,110503,Control,EoSY,Grade 10,eosy,instructional,6,15,40
312481,7,705,70518,Control,EoSY,Grade 10,eosy,instructional,54,150,36
304409,11,1110,111001,Control,EoSY,Grade 10,eosy,instructional,29,89,32.58426966292135
303246,7,713,71303,Control,EoSY,Grade 10,eosy,instructional,35,77,45.45454545454545
501405,11,1101,110101,Control,EoSY,Grade 10,eosy,instructional,7,46,15.217391304347826
305677,11,1105,110503,Control,EoSY,Grade 10,eosy,instructional,14,39,35.8974358974359
500447,7,708,70801,Control,EoSY,Grade 10,eosy,instructional,8,31,25.806451612903224
501305,7,708,70801,Control,EoSY,Grade 10,eosy,instructional,5,31,16.129032258064516
305917,7,708,70801,Control,EoSY,Grade 10,eosy,instructional,16,26,61.53846153846154
305722,7,703,70304,Control,EoSY,Grade 10,eosy,instructional,7,20,35
312953,7,713,71306,Control,EoSY,Grade 10,eosy,instructional,9,34,26.470588235294116
305498,11,1101,110101,Control,EoSY,Grade 10,eosy,instructional,16,53,30.18867924528302
305669,11,1101,110101,Control,EoSY,Grade 10,eosy,instructional,5,39,12.820512820512821
312960,7,710,71002,Control,EoSY,Grade 10,eosy,instructional,18,33,54.54545454545455
309906,5,508,50811,Treatment,EoSY,Grade 10,eosy,independent,61,109,55.96330275229358
309934,5,508,50806,Treatment,EoSY,Grade 10,eosy,independent,25,27,92.5925925925926
301871,5,501,50107,Treatment,EoSY,Grade 10,eosy,independent,10,82,12.195121951219512
302134,5,508,50804,Treatment,EoSY,Grade 10,eosy,independent,15,43,34.883720930232556
302117,5,508,50803,Treatment,EoSY,Grade 10,eosy,independent,41,61,67.21311475409836
309909,5,508,50801,Treatment,EoSY,Grade 10,eosy,independent,33,92,35.869565217391305
309915,5,508,50801,Treatment,EoSY,Grade 10,eosy,independent,6,25,24
501544,5,508,50815,Treatment,EoSY,Grade 10,eosy,independent,35,80,43.75
301887,5,502,50205,Treatment,EoSY,Grade 10,eosy,independent,1,63,1.5873015873015872
302175,5,508,50820,Treatment,EoSY,Grade 10,eosy,independent,41,90,45.55555555555556
302146,5,508,50812,Treatment,EoSY,Grade 10,eosy,independent,30,100,30
309921,5,508,50805,Treatment,EoSY,Grade 10,eosy,independent,34,53,64.15094339622641
302254,5,505,50501,Control,EoSY,Grade 10,eosy,independent,41,100,41
309513,5,501,50112,Control,EoSY,Grade 10,eosy,independent,23,104,22.115384615384617
500163,5,508,50801,Control,EoSY,Grade 10,eosy,independent,60,69,86.95652173913044
302058,5,503,50333,Control,EoSY,Grade 10,eosy,independent,4,83,4.819277108433735
302192,5,511,51103,Control,EoSY,Grade 10,eosy,independent,41,247,16.59919028340081
302227,5,511,51105,Control,EoSY,Grade 10,eosy,independent,9,57,15.789473684210526
302252,5,505,50501,Control,EoSY,Grade 10,eosy,independent,65,69,94.20289855072464
309914,5,508,50806,Control,EoSY,Grade 10,eosy,independent,98,187,52.406417112299465
309711,5,503,50317,Control,EoSY,Grade 10,eosy,independent,12,48,25
301817,5,507,50701,Control,EoSY,Grade 10,eosy,independent,10,95,10.526315789473685
302165,5,508,50816,Control,EoSY,Grade 10,eosy,independent,3,51,5.882352941176471
301974,5,503,50311,Treatment,EoSY,Grade 10,eosy,independent,8,49,16.3265306122449
302256,5,505,50501,Control,EoSY,Grade 10,eosy,independent,85,115,73.91304347826087
301834,5,501,50106,Control,EoSY,Grade 10,eosy,independent,150,155,96.7741935483871
309760,5,503,50306,Control,EoSY,Grade 10,eosy,independent,34,45,75.55555555555556
309936,5,508,50819,Control,EoSY,Grade 10,eosy,independent,49,54,90.74074074074075
302203,5,511,51102,Control,EoSY,Grade 10,eosy,independent,12,37,32.432432432432435
302011,5,503,50314,Control,EoSY,Grade 10,eosy,independent,97,171,56.72514619883041
500168,5,505,50501,Control,EoSY,Grade 10,eosy,independent,19,24,79.16666666666667
301947,5,503,50306,Control,EoSY,Grade 10,eosy,independent,298,335,88.95522388059702
309941,5,508,50812,Control,EoSY,Grade 10,eosy,independent,10,150,6.666666666666667
301839,5,501,50111,Control,EoSY,Grade 10,eosy,independent,67,67,100
501843,5,508,50818,Treatment,EoSY,Grade 10,eosy,independent,16,19,84.21052631578948
302111,5,508,50801,Control,EoSY,Grade 10,eosy,independent,138,360,38.333333333333336
302133,5,509,50901,Control,EoSY,Grade 10,eosy,independent,75,117,64.1025641025641
301990,5,503,50317,Control,EoSY,Grade 10,eosy,independent,17,48,35.416666666666664
309937,5,508,50819,Control,EoSY,Grade 10,eosy,independent,20,73,27.397260273972602
302241,5,511,51105,Control,EoSY,Grade 10,eosy,independent,3,16,18.75
500167,5,505,50501,Control,EoSY,Grade 10,eosy,independent,29,55,52.72727272727273
309764,5,503,50320,Control,EoSY,Grade 10,eosy,independent,0,39,0
302205,5,511,51106,Control,EoSY,Grade 10,eosy,independent,82,84,97.61904761904762
302014,5,503,50302,Control,EoSY,Grade 10,eosy,independent,8,96,8.333333333333334
309740,5,503,50315,Control,EoSY,Grade 10,eosy,independent,36,61,59.01639344262295
309741,5,503,50315,Control,EoSY,Grade 10,eosy,independent,10,96,10.416666666666666
302161,5,508,50803,Treatment,EoSY,Grade 10,eosy,independent,33,83,39.75903614457831
302113,5,508,50818,Treatment,EoSY,Grade 10,eosy,independent,58,88,65.9090909090909
302127,5,508,50817,Control,EoSY,Grade 10,eosy,independent,32,33,96.96969696969697
301899,5,502,50205,Control,EoSY,Grade 10,eosy,independent,98,114,85.96491228070175
309509,5,501,50113,Control,EoSY,Grade 10,eosy,independent,35,63,55.55555555555556
309903,5,508,50816,Control,EoSY,Grade 10,eosy,independent,25,56,44.642857142857146
301995,5,503,50310,Control,EoSY,Grade 10,eosy,independent,40,52,76.92307692307692
309702,5,503,50325,Control,EoSY,Grade 10,eosy,independent,26,203,12.807881773399014
501020,5,503,50310,Control,EoSY,Grade 10,eosy,independent,6,25,24
309743,5,503,50332,Control,EoSY,Grade 10,eosy,independent,40,95,42.10526315789474
301816,5,501,50101,Control,EoSY,Grade 10,eosy,independent,58,140,41.42857142857143
302054,5,503,50315,Control,EoSY,Grade 10,eosy,independent,50,94,53.191489361702125
301862,5,507,50701,Control,EoSY,Grade 10,eosy,independent,20,187,10.695187165775401
502477,5,501,50108,Control,EoSY,Grade 10,eosy,independent,0,0,NA
302283,5,513,51301,Control,EoSY,Grade 10,eosy,independent,98,249,39.3574297188755
301900,5,502,50206,Control,EoSY,Grade 10,eosy,independent,23,39,58.97435897435897
302123,5,508,50808,Control,EoSY,Grade 10,eosy,independent,0,55,0
309512,5,501,50110,Control,EoSY,Grade 10,eosy,independent,10,21,47.61904761904762
302284,5,513,51301,Control,EoSY,Grade 10,eosy,independent,0,170,0
500034,5,508,50819,Control,EoSY,Grade 10,eosy,independent,0,24,0
302043,5,503,50305,Control,EoSY,Grade 10,eosy,independent,53,188,28.19148936170213
302182,5,511,51107,Control,EoSY,Grade 10,eosy,independent,30,88,34.09090909090909
301986,5,503,50334,Control,EoSY,Grade 10,eosy,independent,85,161,52.79503105590062
302109,5,508,50817,Control,EoSY,Grade 10,eosy,independent,66,216,30.555555555555557
302061,5,503,50311,Control,EoSY,Grade 10,eosy,independent,39,53,73.58490566037736
309931,5,508,50802,Control,EoSY,Grade 10,eosy,independent,7,58,12.068965517241379
301984,5,503,50331,Control,EoSY,Grade 10,eosy,independent,88,191,46.07329842931937
302156,5,508,50803,Control,EoSY,Grade 10,eosy,independent,57,99,57.57575757575758
309705,5,503,50330,Control,EoSY,Grade 10,eosy,independent,9,80,11.25
500165,5,508,50804,Control,EoSY,Grade 10,eosy,independent,2,34,5.882352941176471
301930,5,503,50328,Control,EoSY,Grade 10,eosy,independent,11,73,15.068493150684931
302177,5,508,50806,Control,EoSY,Grade 10,eosy,independent,31,85,36.470588235294116
302282,5,513,51301,Control,EoSY,Grade 10,eosy,independent,129,267,48.31460674157304
502615,5,508,50802,Control,EoSY,Grade 10,eosy,independent,0,0,NA
302263,5,506,50601,Control,EoSY,Grade 10,eosy,independent,24,72,33.333333333333336
301826,5,501,50103,Control,EoSY,Grade 10,eosy,independent,10,39,25.641025641025642
305750,5,513,51301,Control,EoSY,Grade 10,eosy,independent,14,48,29.166666666666668
301870,5,501,50110,Control,EoSY,Grade 10,eosy,independent,50,108,46.2962962962963
302039,5,503,50316,Control,EoSY,Grade 10,eosy,independent,106,228,46.49122807017544
301868,5,501,50112,Control,EoSY,Grade 10,eosy,independent,177,223,79.37219730941705
301963,5,503,50316,Control,EoSY,Grade 10,eosy,independent,91,142,64.08450704225352
340567,15,1505,150501,Treatment,EoSY,Grade 10,eosy,independent,155,192,80.72916666666667
320606,15,1515,151502,Treatment,EoSY,Grade 10,eosy,independent,100,356,28.089887640449437
320202,15,1511,151101,Treatment,EoSY,Grade 10,eosy,independent,24,121,19.834710743801654
305310,15,1507,150703,Treatment,EoSY,Grade 10,eosy,independent,31,78,39.743589743589745
305418,15,1513,151301,Treatment,EoSY,Grade 10,eosy,independent,138,686,20.11661807580175
500565,15,1515,151502,Treatment,EoSY,Grade 10,eosy,independent,268,685,39.12408759124087
301258,4,413,41308,Treatment,EoSY,Grade 10,eosy,independent,90,452,19.911504424778762
301214,4,411,41101,Treatment,EoSY,Grade 10,eosy,independent,217,563,38.54351687388988
301497,4,414,41401,Treatment,EoSY,Grade 10,eosy,independent,130,333,39.03903903903904
305411,15,1515,151502,Treatment,EoSY,Grade 10,eosy,independent,705,1041,67.72334293948127
305420,15,1513,151301,Treatment,EoSY,Grade 10,eosy,independent,269,1142,23.555166374781084
301231,4,413,41302,Control,EoSY,Grade 10,eosy,independent,128,183,69.94535519125684
301188,4,402,40201,Control,EoSY,Grade 10,eosy,independent,118,576,20.48611111111111
307913,4,413,41309,Control,EoSY,Grade 10,eosy,independent,272,272,100
500566,15,1507,150710,Control,EoSY,Grade 10,eosy,independent,286,651,43.93241167434716
305453,15,1510,151001,Control,EoSY,Grade 10,eosy,independent,155,160,96.875
305311,15,1507,150702,Control,EoSY,Grade 10,eosy,independent,58,311,18.64951768488746
301425,4,401,40101,Control,EoSY,Grade 10,eosy,independent,183,821,22.289890377588307
301202,4,408,40812,Control,EoSY,Grade 10,eosy,independent,161,323,49.845201238390096
305412,15,1515,151502,Control,EoSY,Grade 10,eosy,independent,594,920,64.56521739130434
308105,4,417,41703,Control,EoSY,Grade 10,eosy,independent,246,473,52.00845665961945
305341,15,1514,151401,Control,EoSY,Grade 10,eosy,independent,671,1311,51.18230358504958
319604,15,1512,151201,Control,EoSY,Grade 10,eosy,independent,10,10,100
305568,15,1516,151601,Control,EoSY,Grade 10,eosy,independent,88,399,22.05513784461153
305434,15,1503,150301,Control,EoSY,Grade 10,eosy,independent,349,505,69.10891089108911
301464,4,417,41710,Control,EoSY,Grade 10,eosy,independent,265,508,52.16535433070866
305461,15,1515,151502,Control,EoSY,Grade 10,eosy,independent,212,247,85.82995951417004
305384,15,1501,150101,Control,EoSY,Grade 10,eosy,independent,150,150,100
301143,4,421,42101,Control,EoSY,Grade 10,eosy,independent,618,1054,58.63377609108159
305340,15,1514,151401,Control,EoSY,Grade 10,eosy,independent,931,1146,81.239092495637
305302,15,1507,150709,Treatment,EoSY,Grade 10,eosy,independent,50,998,5.01002004008016
308103,4,417,41712,Control,EoSY,Grade 10,eosy,independent,60,257,23.346303501945524
308130,4,417,41711,Control,EoSY,Grade 10,eosy,independent,65,144,45.138888888888886
301227,4,420,42001,Control,EoSY,Grade 10,eosy,independent,855,900,95
305334,15,1514,151401,Control,EoSY,Grade 10,eosy,independent,46,92,50
305367,15,1512,151201,Control,EoSY,Grade 10,eosy,independent,858,863,99.42062572421784
305635,15,1514,151401,Control,EoSY,Grade 10,eosy,independent,371,399,92.98245614035088
301218,4,408,40814,Control,EoSY,Grade 10,eosy,independent,839,1156,72.57785467128028
308501,4,415,41501,Control,EoSY,Grade 10,eosy,independent,332,531,62.52354048964219
500332,15,1506,150601,Control,EoSY,Grade 10,eosy,independent,274,385,71.16883116883118
305471,15,1509,150901,Control,EoSY,Grade 10,eosy,independent,116,232,50
305376,15,1501,150101,Treatment,EoSY,Grade 10,eosy,independent,371,371,100
301432,4,417,41705,Control,EoSY,Grade 10,eosy,independent,79,457,17.286652078774615
305459,15,1515,151502,Control,EoSY,Grade 10,eosy,independent,37,74,50
305313,15,1507,150708,Control,EoSY,Grade 10,eosy,independent,216,310,69.6774193548387
301186,4,410,41001,Control,EoSY,Grade 10,eosy,independent,808,1540,52.467532467532465
301184,4,410,41001,Control,EoSY,Grade 10,eosy,independent,503,926,54.31965442764579
305295,15,1507,150710,Control,EoSY,Grade 10,eosy,independent,210,367,57.22070844686648
301416,4,422,42201,Control,EoSY,Grade 10,eosy,independent,50,133,37.59398496240601
305450,15,1505,150501,Treatment,EoSY,Grade 10,eosy,independent,39,368,10.597826086956522
301403,4,416,41606,Control,EoSY,Grade 10,eosy,independent,5,427,1.17096018735363
301451,4,417,41708,Control,EoSY,Grade 10,eosy,independent,200,280,71.42857142857143
305338,15,1514,151401,Control,EoSY,Grade 10,eosy,independent,59,732,8.060109289617486
301257,4,413,41312,Control,EoSY,Grade 10,eosy,independent,825,1702,48.47238542890717
305416,15,1513,151301,Control,EoSY,Grade 10,eosy,independent,345,720,47.916666666666664
305337,15,1514,151401,Control,EoSY,Grade 10,eosy,independent,787,1993,39.48820873055695
305353,15,1514,151401,Control,EoSY,Grade 10,eosy,independent,86,501,17.16566866267465
301197,4,408,40812,Control,EoSY,Grade 10,eosy,independent,0,1,0
301236,4,413,41308,Treatment,EoSY,Grade 10,eosy,independent,18,233,7.725321888412017
305444,15,1516,151601,Control,EoSY,Grade 10,eosy,independent,93,106,87.73584905660377
320306,15,1503,150301,Control,EoSY,Grade 10,eosy,independent,349,692,50.433526011560694
301489,4,414,41401,Control,EoSY,Grade 10,eosy,independent,121,266,45.48872180451128
301507,4,418,41801,Control,EoSY,Grade 10,eosy,independent,75,128,58.59375
301456,4,417,41710,Control,EoSY,Grade 10,eosy,independent,231,517,44.680851063829785
301238,4,413,41303,Control,EoSY,Grade 10,eosy,independent,5,32,15.625
305438,15,1516,151601,Control,EoSY,Grade 10,eosy,independent,196,866,22.632794457274827
305324,15,1514,151401,Control,EoSY,Grade 10,eosy,independent,59,69,85.5072463768116
305454,15,1510,151001,Control,EoSY,Grade 10,eosy,independent,55,125,44
308122,4,417,41708,Control,EoSY,Grade 10,eosy,independent,20,182,10.989010989010989
301508,4,418,41801,Control,EoSY,Grade 10,eosy,independent,63,252,25
305465,15,1515,151502,Control,EoSY,Grade 10,eosy,independent,54,229,23.580786026200872
305428,15,1511,151101,Control,EoSY,Grade 10,eosy,independent,194,356,54.49438202247191
301175,4,408,40807,Control,EoSY,Grade 10,eosy,independent,386,553,69.80108499095842
301437,4,417,41704,Control,EoSY,Grade 10,eosy,independent,672,895,75.08379888268156
320204,15,1511,151101,Control,EoSY,Grade 10,eosy,independent,127,500,25.4
305447,15,1505,150501,Control,EoSY,Grade 10,eosy,independent,58,95,61.05263157894737
301438,4,417,41704,Control,EoSY,Grade 10,eosy,independent,61,436,13.990825688073395
308135,4,417,41708,Control,EoSY,Grade 10,eosy,independent,129,248,52.016129032258064
301418,4,401,40101,Control,EoSY,Grade 10,eosy,independent,946,2581,36.65246028671058
305288,15,1507,150710,Control,EoSY,Grade 10,eosy,independent,356,594,59.93265993265993
301265,4,413,41301,Control,EoSY,Grade 10,eosy,independent,239,375,63.733333333333334
305442,15,1516,151601,Control,EoSY,Grade 10,eosy,independent,9,243,3.7037037037037037
500339,15,1505,150501,Control,EoSY,Grade 10,eosy,independent,328,349,93.98280802292264
305435,15,1503,150301,Control,EoSY,Grade 10,eosy,independent,175,237,73.83966244725738
308134,4,417,41708,Control,EoSY,Grade 10,eosy,independent,293,492,59.552845528455286
305452,15,1505,150501,Control,EoSY,Grade 10,eosy,independent,309,384,80.46875
312330,7,703,70308,Treatment,EoSY,Grade 10,eosy,independent,27,87,31.03448275862069
305710,7,703,70302,Treatment,EoSY,Grade 10,eosy,independent,34,81,41.97530864197531
305655,11,1101,110101,Treatment,EoSY,Grade 10,eosy,independent,16,26,61.53846153846154
305581,7,703,70303,Treatment,EoSY,Grade 10,eosy,independent,0,40,0
303130,7,703,70309,Treatment,EoSY,Grade 10,eosy,independent,10,195,5.128205128205129
312354,7,703,70309,Treatment,EoSY,Grade 10,eosy,independent,15,20,75
305849,11,1105,110503,Treatment,EoSY,Grade 10,eosy,independent,2,16,12.5
305500,11,1101,110101,Treatment,EoSY,Grade 10,eosy,independent,3,29,10.344827586206897
312355,7,703,70304,Treatment,EoSY,Grade 10,eosy,independent,13,41,31.70731707317073
501903,11,1110,111001,Treatment,EoSY,Grade 10,eosy,independent,5,25,20
500665,7,705,70527,Control,EoSY,Grade 10,eosy,independent,2,72,2.7777777777777777
312462,7,705,70520,Control,EoSY,Grade 10,eosy,independent,12,15,80
306038,11,1102,110202,Control,EoSY,Grade 10,eosy,independent,12,29,41.37931034482759
500221,7,705,70527,Control,EoSY,Grade 10,eosy,independent,1,23,4.3478260869565215
500744,7,708,70801,Control,EoSY,Grade 10,eosy,independent,37,38,97.36842105263158
305884,11,1101,110101,Control,EoSY,Grade 10,eosy,independent,57,99,57.57575757575758
303170,7,709,70901,Control,EoSY,Grade 10,eosy,independent,23,42,54.76190476190476
500787,7,708,70801,Control,EoSY,Grade 10,eosy,independent,29,49,59.183673469387756
500667,7,705,70528,Control,EoSY,Grade 10,eosy,independent,21,51,41.1764705882353
501071,11,1101,110101,Control,EoSY,Grade 10,eosy,independent,5,17,29.41176470588235
303046,7,705,70527,Control,EoSY,Grade 10,eosy,independent,0,93,0
325303,7,707,70701,Control,EoSY,Grade 10,eosy,independent,20,82,24.390243902439025
500208,7,703,70305,Control,EoSY,Grade 10,eosy,independent,12,15,80
312401,7,705,70525,Control,EoSY,Grade 10,eosy,independent,10,60,16.666666666666668
303136,7,706,70601,Control,EoSY,Grade 10,eosy,independent,26,65,40
312435,7,707,70701,Control,EoSY,Grade 10,eosy,independent,0,34,0
502186,11,1101,110101,Control,EoSY,Grade 10,eosy,independent,5,14,35.714285714285715
500782,7,708,70801,Control,EoSY,Grade 10,eosy,independent,158,213,74.17840375586854
306086,11,1106,110606,Control,EoSY,Grade 10,eosy,independent,0,17,0
305755,7,705,70529,Control,EoSY,Grade 10,eosy,independent,43,68,63.23529411764706
305665,11,1101,110101,Control,EoSY,Grade 10,eosy,independent,9,16,56.25
501635,7,703,70301,Control,EoSY,Grade 10,eosy,independent,32,60,53.333333333333336
305843,11,1110,111001,Control,EoSY,Grade 10,eosy,independent,10,27,37.03703703703704
500894,7,705,70517,Control,EoSY,Grade 10,eosy,independent,15,74,20.27027027027027
500671,7,705,70506,Control,EoSY,Grade 10,eosy,independent,15,34,44.11764705882353
305847,11,1105,110503,Control,EoSY,Grade 10,eosy,independent,11,25,44
500784,7,708,70801,Control,EoSY,Grade 10,eosy,independent,2,10,20
501267,7,705,70525,Control,EoSY,Grade 10,eosy,independent,8,14,57.142857142857146
306000,7,705,70525,Control,EoSY,Grade 10,eosy,independent,7,20,35
305517,11,1106,110608,Control,EoSY,Grade 10,eosy,independent,0,34,0
305713,7,710,71001,Control,EoSY,Grade 10,eosy,independent,0,0,NA
500768,7,705,70521,Control,EoSY,Grade 10,eosy,independent,25,33,75.75757575757575
316303,11,1107,110701,Control,EoSY,Grade 10,eosy,independent,25,33,75.75757575757575
316304,11,1107,110701,Control,EoSY,Grade 10,eosy,independent,18,69,26.08695652173913
305506,11,1101,110101,Control,EoSY,Grade 10,eosy,independent,4,9,44.44444444444444
500421,7,705,70507,Control,EoSY,Grade 10,eosy,independent,37,112,33.035714285714285
305681,11,1110,111001,Control,EoSY,Grade 10,eosy,independent,112,157,71.3375796178344
303186,7,711,71101,Control,EoSY,Grade 10,eosy,independent,88,88,100
501429,7,714,71402,Control,EoSY,Grade 10,eosy,independent,45,66,68.18181818181819
305844,11,1103,110303,Control,EoSY,Grade 10,eosy,independent,13,44,29.545454545454547
305965,11,1110,111001,Control,EoSY,Grade 10,eosy,independent,14,29,48.275862068965516
501076,11,1103,110305,Control,EoSY,Grade 10,eosy,independent,1,10,10
305889,11,1101,110101,Control,EoSY,Grade 10,eosy,independent,35,51,68.62745098039215
501074,11,1103,110306,Control,EoSY,Grade 10,eosy,independent,8,46,17.391304347826086
312408,7,705,70530,Control,EoSY,Grade 10,eosy,independent,24,48,50
501351,7,705,70522,Control,EoSY,Grade 10,eosy,independent,50,54,92.5925925925926
501404,11,1101,110101,Control,EoSY,Grade 10,eosy,independent,7,11,63.63636363636363
305660,11,1101,110101,Control,EoSY,Grade 10,eosy,independent,10,33,30.303030303030305
303219,7,701,70101,Control,EoSY,Grade 10,eosy,independent,83,126,65.87301587301587
312450,7,705,70522,Control,EoSY,Grade 10,eosy,independent,7,88,7.954545454545454
324903,7,704,70401,Control,EoSY,Grade 10,eosy,independent,0,27,0
501065,11,1101,110101,Control,EoSY,Grade 10,eosy,independent,87,87,100
312451,7,705,70532,Control,EoSY,Grade 10,eosy,independent,6,55,10.909090909090908
501763,11,1103,110305,Control,EoSY,Grade 10,eosy,independent,7,19,36.8421052631579
316405,11,1110,111001,Control,EoSY,Grade 10,eosy,independent,30,112,26.785714285714285
316404,11,1110,111001,Control,EoSY,Grade 10,eosy,independent,18,34,52.94117647058823
316301,11,1107,110701,Control,EoSY,Grade 10,eosy,independent,60,115,52.17391304347826
312910,7,710,71001,Control,EoSY,Grade 10,eosy,independent,37,72,51.388888888888886
303011,7,705,70512,Control,EoSY,Grade 10,eosy,independent,11,30,36.666666666666664
305651,11,1101,110101,Control,EoSY,Grade 10,eosy,independent,10,28,35.714285714285715
305662,11,1101,110101,Control,EoSY,Grade 10,eosy,independent,10,24,41.666666666666664
305850,11,1105,110503,Control,EoSY,Grade 10,eosy,independent,8,15,53.333333333333336
312481,7,705,70518,Control,EoSY,Grade 10,eosy,independent,84,150,56
304409,11,1110,111001,Control,EoSY,Grade 10,eosy,independent,0,89,0
303246,7,713,71303,Control,EoSY,Grade 10,eosy,independent,28,77,36.36363636363637
501405,11,1101,110101,Control,EoSY,Grade 10,eosy,independent,39,46,84.78260869565217
305677,11,1105,110503,Control,EoSY,Grade 10,eosy,independent,17,39,43.58974358974359
500447,7,708,70801,Control,EoSY,Grade 10,eosy,independent,19,31,61.29032258064516
501305,7,708,70801,Control,EoSY,Grade 10,eosy,independent,26,31,83.87096774193549
305917,7,708,70801,Control,EoSY,Grade 10,eosy,independent,3,26,11.538461538461538
305722,7,703,70304,Control,EoSY,Grade 10,eosy,independent,13,20,65
312953,7,713,71306,Control,EoSY,Grade 10,eosy,independent,25,34,73.52941176470588
305498,11,1101,110101,Control,EoSY,Grade 10,eosy,independent,10,53,18.867924528301888
305669,11,1101,110101,Control,EoSY,Grade 10,eosy,independent,32,39,82.05128205128206
312960,7,710,71002,Control,EoSY,Grade 10,eosy,independent,9,33,27.272727272727273
