row_number_from_source_file,region_code,division_code,municipality_code,full_division_code,full_municipality_code,beis_school_id,implementing_unit,modified_coc,school_type,enroll_g7_m,enroll_g7_f,enroll_g8_m,enroll_g8_f,enroll_g9_m,enroll_g9_f,enroll_g10_m,enroll_g10_f,enroll_sn_ed_ngjhs_m,enroll_sn_ed_ngjhs_f,enroll_total_jhs_m,enroll_total_jhs_f,enroll_total_jhs_all,dropout_rate_g7_m,dropout_rate_g7_f,dropout_rate_g8_m,dropout_rate_g8_f,dropout_rate_g9_m,dropout_rate_g9_f,dropout_rate_g10_m,dropout_rate_g10_f,dropout_rate_sn_ed_ngjhs_m,dropout_rate_sn_ed_ngjhs_f,dropout_rate_total_jhs_m,dropout_rate_total_jhs_f,dropout_rate_total_jhs_all,jhs_instructional_rooms,jhs_classroom_ratio,jhs_seats,jhs_seat_ratio,jhs_toilet,jhs_toilet_ratio,jhs_computer,jhs_computer_ratio,jhs_teacher,jhs_teacher_ratio,cancel_2016,cancel_2017,cancel_2018,cancel_2019,cancel_2020,cancel_2021,cancel_2022,cancel_2023,cancel_total_20162023,cancel_average_20162023,pilot_cancel,pilot_ratio,pilot_shift,randomized_eval_id,rev_status
1,14,2,1,1402,140201,502170,0,1,1,6,9,14,10,6,6,12,11,0,0,38,36,74,0,0,0,0,0,0.16670000000000001,0,0,0,0,0,0.0278,0.013500000000000002,11,6.73,54,1,7,10.57,40,1.85,3,24.67,3,1,2,8,2,2,9,12,39,5,1,0,0,NA,NA
2,14,2,4,1402,140204,501753,0,1,1,13,15,17,19,13,12,9,18,0,0,52,64,116,0.3077,0,0.058800000000000005,0,0.07690000000000001,0,0,0,0,0,0.1154,0,0.0517,6,19.330000000000002,105,1,6,19.330000000000002,49,2.3673469389999995,6,19.330000000000002,3,1,2,8,2,2,9,12,39,5,1,0,0,NA,NA
3,14,2,4,1402,140204,501757,0,1,1,10,8,7,13,9,6,9,11,0,0,35,38,73,0,0,0,0,0,0,0,0,0,0,0,0,0,7,10.5,286,0,5,15,17,4.294117646999998,6,12.17,3,1,2,8,2,2,9,12,39,5,1,0,0,NA,NA
4,14,2,4,1402,140204,501759,0,1,1,19,13,23,17,24,12,15,11,0,0,81,53,134,0.05260000000000001,0,0.13040000000000002,0,0.0417,0,0,0,0,0,0.0617,0,0.0373,11,12.229999999999999,97,1,10,13.25,0,-999,6,22.330000000000002,3,1,2,8,2,2,9,12,39,5,1,0,0,NA,NA
5,14,2,6,1402,140206,502174,0,1,1,16,17,15,19,11,20,15,15,0,0,57,71,128,0,0,0,0,0,0,0.06670000000000001,0.06670000000000001,0,0,0.0175,0.0141,0.0156,8,16.6,103,1,5,27.67,41,3.12195122,1,128,3,1,2,8,2,2,9,12,39,5,1,1,0,NA,NA
6,14,2,7,1402,140207,501203,0,1,1,17,12,18,22,19,16,13,17,0,0,67,67,134,0.058800000000000005,0.0833,0.1111,0.0909,0.1053,0,0,0,0,0,0.07460000000000001,0.0448,0.0597,2,68,27,5,0,-999,80,1.675,8,16.75,3,1,2,8,2,2,9,12,39,5,1,0,0,NA,NA
7,14,2,7,1402,140207,502172,0,1,1,27,18,22,16,27,26,27,30,0,0,103,90,193,0.037,0,0,0,0,0,0,0,0,0,0.009699999999999999,0,0.0052,8,25.36,181,1,4,46.5,93,2.0752688169999995,2,96.5,3,1,2,8,2,2,9,12,39,5,1,1,0,NA,NA
8,14,2,8,1402,140208,501810,0,1,1,3,5,11,12,7,6,4,13,0,0,25,36,61,0,0,0,0,0,0,0,0,0,0,0,0,0,3,18,77,1,1,90,14,4.357142856999999,10,6.1,3,1,2,8,2,2,9,12,39,5,1,0,0,NA,NA
9,14,2,5,1402,140205,305126,0,2,1,41,35,39,51,44,39,48,48,0,0,172,173,345,0.0488,0,0.10260000000000001,0,0.06820000000000001,0.0256,0.0417,0,0,0,0.064,0.0058000000000000005,0.034800000000000005,6,56.92,162,2,3,113.83,0,-999,17,20.29,3,1,2,8,2,2,9,12,39,5,1,0,1,NA,NA
10,14,2,1,1402,140201,502619,0,3,1,20,11,0,0,0,0,0,0,0,0,20,11,31,0.2,0,0,0,0,0,0,0,0,0,0.2,0,0.129,10,3.1,195,0,12,2.58,0,-999,3,10.33,3,1,2,8,2,2,9,12,39,5,1,0,0,NA,NA
11,14,2,2,1402,140202,501809,0,3,1,13,5,13,9,16,9,16,7,0,0,58,30,88,0,0,0,0,0.0625,0,0.0625,0,0,0,0.0345,0,0.022699999999999998,11,8,146,1,9,9.78,0,-999,3,29.330000000000002,3,1,2,8,2,2,9,12,39,5,1,0,0,NA,NA
12,14,2,2,1402,140202,502621,0,3,1,5,3,7,2,4,6,0,0,0,0,16,11,27,0,0,0,0,0,0,0,0,0,0,0,0,0,9,3,35,1,0,-999,0,-999,2,13.5,3,1,2,8,2,2,9,12,39,5,1,0,0,NA,NA
13,14,2,3,1402,140203,501760,0,3,1,11,2,4,4,3,2,4,5,0,0,22,13,35,0.0909,0,0,0,0.3333,0,0,0,0,0,0.0909,0,0.057100000000000005,11,3.18,40,1,8,4.38,2,17.5,5,7,3,1,2,8,2,2,9,12,39,5,1,0,0,NA,NA
14,14,2,4,1402,140204,501301,0,3,1,13,15,20,13,9,11,8,7,0,0,50,46,96,0.2308,0,0.05,0,0.1111,0,0,0,0,0,0.1,0,0.05210000000000001,8,12,86,1,5,19.2,1,96,6,16,3,1,2,8,2,2,9,12,39,5,1,0,0,NA,NA
15,14,2,4,1402,140204,502177,0,3,1,16,10,16,8,14,8,4,6,0,0,50,32,82,0.125,0,0.0625,0.125,0.0714,0.125,0,0,0,0,0.08,0.0625,0.07320000000000002,9,9.11,130,1,5,16.4,4,20.5,3,27.330000000000002,3,1,2,8,2,2,9,12,39,5,1,0,0,NA,NA
16,14,2,5,1402,140205,502176,0,3,1,11,16,21,14,20,15,14,9,0,0,66,54,120,0,0,0,0,0,0,0,0,0,0,0,0,0,15,8,150,1,10,12,45,2.666666667,1,120,3,1,2,8,2,2,9,12,39,5,1,1,0,NA,NA
17,14,2,5,1402,140205,502316,0,3,1,20,15,16,11,28,17,16,8,0,0,80,51,131,0,0,0,0,0,0,0,0,0,0,0,0,0,10,13.1,200,1,13,10.08,5,26.2,2,65.5,3,1,2,8,2,2,9,12,39,5,1,1,0,NA,NA
18,14,2,5,1402,140205,502175,0,3,1,16,16,19,17,14,15,15,21,0,0,64,69,133,0,0,0.05260000000000001,0,0,0,0,0,0,0,0.0156,0,0.0075,14,9.5,29,5,14,9.5,1,133,8,16.630000000000003,3,1,2,8,2,2,9,12,39,5,1,0,0,NA,NA
19,14,2,5,1402,140205,502315,0,3,1,26,36,52,37,0,0,0,0,0,0,78,73,151,0.0385,0.0278,0.07690000000000001,0,0,0,0,0,0,0,0.0641,0.0137,0.0397,5,30.2,539,0,32,4.72,0,-999,1,151,3,1,2,8,2,2,9,12,39,5,1,1,0,NA,NA
20,14,2,6,1402,140206,502173,0,3,1,16,15,18,11,13,7,0,0,0,0,47,33,80,0.0625,0,0.1111,0,0,0,0,0,0,0,0.0638,0,0.0375,13,6.1499999999999995,278,0,21,3.8099999999999996,2,40,1,80,3,1,2,8,2,2,9,12,39,5,1,1,0,NA,NA
21,14,2,6,1402,140206,502622,0,3,1,10,12,13,7,0,0,0,0,0,0,23,19,42,0,0,0,0,0,0,0,0,0,0,0,0,0,16,2.63,264,0,23,1.83,0,-999,1,42,3,1,2,8,2,2,9,12,39,5,1,1,0,NA,NA
22,14,2,7,1402,140207,502623,0,3,1,5,5,0,0,0,0,0,0,0,0,5,5,10,0,0,0,0,0,0,0,0,0,0,0,0,0,9,1.11,17,1,7,1.43,0,-999,2,5,3,1,2,8,2,2,9,12,39,5,1,0,0,NA,NA
23,14,2,8,1402,140208,501761,0,3,1,14,15,17,18,13,19,12,22,0,0,56,74,130,0,0,0.058800000000000005,0,0.15380000000000002,0.05260000000000001,0,0.0909,0,0,0.05360000000000001,0.0405,0.0462,15,8.67,26,5,14,9.29,18,7.222222222,7,18.57,3,1,2,8,2,2,9,12,39,5,1,0,0,NA,NA
24,14,2,8,1402,140208,502169,0,3,1,4,6,2,2,9,6,0,0,0,0,15,14,29,0,0,0,0,0,0,0,0,0,0,0,0,0,8,3.63,-999,0,4,7.25,0,-999,1,29,3,1,2,8,2,2,9,12,39,5,1,0,0,NA,NA
25,14,2,8,1402,140208,502171,0,3,1,6,9,5,9,4,10,4,5,0,0,19,33,52,0,0,0,0,0,0,0,0,0,0,0,0,0,9,5.78,41,1,0,-999,1,52,1,52,3,1,2,8,2,2,9,12,39,5,1,1,0,NA,NA
26,14,2,10,1402,140210,502168,0,3,1,5,14,11,12,23,11,7,8,0,0,46,45,91,0,0,0,0,0,0,0,0,0,0,0,0,0,6,15.17,138,1,8,11.38,0,-999,1,91,3,1,2,8,2,2,9,12,39,5,1,1,0,NA,NA
27,14,2,10,1402,140210,502314,0,3,1,3,3,9,2,0,0,0,0,0,0,12,5,17,0,0,0,0,0,0,0,0,0,0,0,0,0,4,4.25,114,0,3,5.67,0,-999,1,17,3,1,2,8,2,2,9,12,39,5,1,0,0,NA,NA
28,14,2,11,1402,140211,502618,0,3,1,5,6,4,6,9,6,8,5,0,0,26,23,49,0,0,0,0,0,0,0,0,0,0,0,0,0,14,3.5,487,0,28,1.75,4,12.25,4,12.25,3,1,2,8,2,2,9,12,39,5,1,0,0,NA,NA
29,14,2,12,1402,140212,501758,0,3,1,2,5,5,8,1,1,4,7,0,0,12,21,33,0,0,0.2,0,0,0,0,0,0,0,0.0833,0,0.0303,9,3.67,118,0,11,3,0,-999,7,4.71,3,1,2,8,2,2,9,12,39,5,1,0,0,NA,NA
30,14,2,12,1402,140212,501951,0,3,1,14,9,14,18,23,4,12,6,0,0,63,37,100,0,0,0,0,0,0,0,0,0,0,0,0,0,13,7.6899999999999995,177,1,14,7.14,0,-999,1,100,3,1,2,8,2,2,9,12,39,5,1,1,0,NA,NA
31,14,2,12,1402,140212,502340,0,3,1,5,4,3,4,6,4,0,0,0,0,14,12,26,0,0,0,0,0,0,0,0,0,0,0,0,0,7,3.71,54,0,11,2.36,10,2.6,1,26,3,1,2,8,2,2,9,12,39,5,1,0,0,NA,NA
32,14,2,1,1402,140201,305129,1,2,1,15,16,20,17,22,22,32,26,0,0,89,81,170,0.06670000000000001,0,0,0,0.0455,0.0455,0,0,0,0,0.0225,0.0123,0.0176,10,17.12,182,1,9,18.19,105,1.619047619,21,8.1,3,1,2,8,2,2,9,12,39,5,1,0,0,NA,NA
33,14,2,1,1402,140201,305130,0,2,1,48,38,43,50,45,51,38,57,0,0,174,196,370,0.0208,0.05260000000000001,0.0233,0.04,0.022199999999999998,0,0,0.0175,0,0,0.0172,0.025500000000000002,0.0216,14,25.58,442,1,5,69.43,136,2.720588235,13,28.459999999999997,3,1,2,8,2,2,9,12,39,5,1,0,0,NA,NA
34,14,2,2,1402,140202,305128,0,2,2,27,11,17,18,15,18,18,18,0,0,77,65,142,0.07410000000000001,0.0909,0.058800000000000005,0,0.1333,0,0,0,0,0,0.0649,0.015399999999999999,0.042300000000000004,8,17.58,101,1,10,14.07,156,0.91025641,20,7.1,3,1,2,8,2,2,9,12,39,5,1,0,0,NA,NA
35,14,2,2,1402,140202,305131,0,2,1,17,10,28,8,15,16,15,13,0,0,75,47,122,0.058800000000000005,0,0.0714,0,0,0.0625,0,0.07690000000000001,0,0,0.04,0.042600000000000006,0.041,6,19.22,159,1,5,24.71,154,0.7922077919999999,14,8.709999999999999,3,1,2,8,2,2,9,12,39,5,1,0,0,NA,NA
36,14,2,2,1402,140202,318911,0,2,1,8,14,13,17,18,14,12,20,0,0,51,65,116,0,0,0.07690000000000001,0,0.1111,0,0,0,0,0,0.058800000000000005,0,0.025900000000000003,4,33,137,1,2,55,0,-999,1,116,3,1,2,8,2,2,9,12,39,5,1,1,0,NA,NA
37,14,2,2,1402,140202,318913,0,2,1,13,15,19,13,15,27,12,20,0,0,59,75,134,0,0,0,0,0,0,0,0,0,0,0,0,0,5,24.38,137,1,8,17.73,85,1.576470588,8,16.75,3,1,2,8,2,2,9,12,39,5,1,0,0,NA,NA
38,14,2,3,1402,140203,305135,1,2,1,39,21,28,31,26,41,35,35,0,0,128,128,256,0.10260000000000001,0,0.035699999999999996,0.0323,0.0385,0.0244,0.0286,0.0286,0,0,0.054700000000000006,0.0234,0.0391,17,14.719999999999999,143,2,17,15.25,45,5.688888888999999,26,9.850000000000001,3,1,2,8,2,2,9,12,39,5,1,0,0,NA,NA
39,14,2,3,1402,140203,305163,0,2,1,18,22,23,26,21,24,23,29,0,0,85,101,186,0.055600000000000004,0,0.13040000000000002,0.0385,0,0,0,0,0,0,0.0471,0.009899999999999999,0.026900000000000004,6,30.110000000000003,206,1,12,15.06,108,1.7222222219999999,1,186,3,1,2,8,2,2,9,12,39,5,1,1,0,NA,NA
40,14,2,3,1402,140203,305956,0,2,1,34,29,42,46,48,39,40,48,0,0,164,162,326,0.20590000000000003,0,0.0714,0,0.0417,0,0.05,0,0,0,0.0854,0,0.0429,6,56.33,350,1,3,101.4,60,5.433333333000001,2,163,3,1,2,8,2,2,9,12,39,5,1,1,0,NA,NA
41,14,2,3,1402,140203,318901,0,2,1,16,11,9,19,22,24,25,26,0,0,72,80,152,0,0.0909,0.2222,0,0.13640000000000002,0.0417,0.04,0,0,0,0.0833,0.025,0.05260000000000001,9,17.130000000000003,189,1,15,10.28,37,4.108108108,13,11.69,3,1,2,8,2,2,9,12,39,5,1,0,0,NA,NA
42,14,2,4,1402,140204,305136,1,2,1,28,21,25,24,37,33,27,37,0,0,117,115,232,0,0,0,0,0,0.0606,0,0,0,0,0,0.017400000000000002,0.0086,7,32.4,215,1,4,54,81,2.8641975310000003,14,16.57,3,1,2,8,2,2,9,12,39,5,1,0,0,NA,NA
43,14,2,4,1402,140204,305137,0,2,1,44,21,35,45,41,47,31,51,0,0,151,164,315,0.0455,0,0,0,0,0.042600000000000006,0.0645,0.0196,0,0,0.026500000000000003,0.018300000000000004,0.022199999999999998,9,33.25,189,2,11,28.5,27,11.666666670000001,13,24.23,3,1,2,8,2,2,9,12,39,5,1,0,0,NA,NA
44,14,2,4,1402,140204,305138,1,2,1,106,115,138,119,137,144,114,126,0,0,495,504,999,0.14150000000000001,0.0261,0.043500000000000004,0.0168,0.0803,0.0417,0.026300000000000004,0.0159,0,0,0.07070000000000001,0.0258,0.048,11,95.06,275,4,4,285.17,184,5.429347826,46,21.72,3,1,2,8,2,2,9,12,39,5,1,0,0,NA,NA
45,14,2,4,1402,140204,305158,0,2,2,40,36,39,37,49,24,41,39,0,0,169,136,305,0.025,0.0278,0.10260000000000001,0.027,0.0408,0.0417,0.0244,0,0,0,0.0473,0.022099999999999998,0.0361,8,37.5,203,2,6,50,7,43.571428569999995,25,12.2,3,1,2,8,2,2,9,12,39,5,1,0,0,NA,NA
46,14,2,4,1402,140204,318902,0,2,1,40,51,67,56,57,60,60,54,1,0,225,221,446,0.025,0,0.0299,0,0.05260000000000001,0.0167,0.0333,0.018500000000000003,0,0,0.0356,0.009,0.0224,10,46.5,209,2,14,31,40,11.15,21,21.24,3,1,2,8,2,2,9,12,39,5,1,0,0,NA,NA
47,14,2,4,1402,140204,318912,0,2,2,32,28,31,45,37,37,32,40,0,0,132,150,282,0,0,0.1935,0,0.05410000000000001,0.05410000000000001,0.125,0,0,0,0.0909,0.013300000000000001,0.049600000000000005,6,48.25,107,3,4,77.2,0,-999,0,-999,3,1,2,8,2,2,9,12,39,5,1,0,0,NA,NA
48,14,2,5,1402,140205,305125,1,2,1,121,118,106,118,150,109,93,144,0,0,470,489,959,0.0165,0.0085,0.0472,0,0.0267,0.0092,0.021500000000000002,0,0,0,0.0277,0.0041,0.0156,19,50.39,500,2,25,38.6,115,8.339130435000001,35,27.4,3,1,2,8,2,2,9,12,39,5,1,0,0,NA,NA
49,14,2,5,1402,140205,305127,0,2,1,28,25,29,33,34,45,33,37,0,0,124,140,264,0,0,0,0,0,0,0,0,0,0,0,0,0,8,34.08,124,2,8,31.64,84,3.1428571429999996,17,15.53,3,1,2,8,2,2,9,12,39,5,1,0,0,NA,NA
50,14,2,5,1402,140205,305134,0,2,1,6,6,14,18,11,16,17,15,0,0,48,55,103,0,0,0.0714,0,0,0,0,0.06670000000000001,0,0,0.0208,0.0182,0.0194,6,16.110000000000003,107,1,13,7.63,40,2.5749999999999997,8,12.88,3,1,2,8,2,2,9,12,39,5,1,0,0,NA,NA
51,14,2,5,1402,140205,305159,0,2,1,18,8,15,26,10,15,22,12,0,0,65,61,126,0.2222,0,0,0,0,0,0.0455,0,0,0,0.07690000000000001,0,0.0397,7,18.36,181,1,16,8.08,32,3.9375,11,11.450000000000001,3,1,2,8,2,2,9,12,39,5,1,0,0,NA,NA
52,14,2,5,1402,140205,305142,0,2,1,18,22,17,17,21,21,20,20,0,0,76,80,156,0,0,0,0,0,0,0,0,0,0,0,0,0,7,23.82,96,2,14,11.39,150,1.04,12,13,3,1,2,8,2,2,9,12,39,5,1,0,0,NA,NA
53,14,2,5,1402,140205,318907,0,2,1,4,4,7,6,9,4,6,18,0,0,26,32,58,0,0,0,0,0,0,0.16670000000000001,0,0,0,0.0385,0,0.0172,4,13,89,1,2,32.5,5,11.6,1,58,3,1,2,8,2,2,9,12,39,5,1,1,0,NA,NA
54,14,2,6,1402,140206,305145,1,2,1,38,28,41,30,59,46,54,47,0,0,192,151,343,0.026300000000000004,0,0.07320000000000002,0.0333,0.050800000000000005,0,0.055600000000000004,0,0,0,0.05210000000000001,0.0066,0.032100000000000004,17,19.79,311,1,33,10.44,50,6.859999999999999,22,15.59,3,1,2,8,2,2,9,12,39,5,1,0,0,NA,NA
55,14,2,6,1402,140206,305146,0,2,2,19,9,29,16,26,22,34,37,0,0,108,84,192,0,0,0.0345,0,0.15380000000000002,0,0,0,0,0,0.0463,0,0.026000000000000002,9,20.939999999999998,155,1,12,15.48,90,2.133333333,22,8.729999999999999,3,1,2,8,2,2,9,12,39,5,1,0,0,NA,NA
56,14,2,6,1402,140206,318903,0,2,1,13,18,12,16,8,16,19,17,0,0,52,67,119,0,0,0,0.0625,0,0,0,0,0,0,0,0.0149,0.0084,6,20.25,84,1,3,40.5,42,2.8333333329999997,9,13.219999999999999,3,1,2,8,2,2,9,12,39,5,1,0,0,NA,NA
57,14,2,7,1402,140207,305143,1,2,2,49,45,49,47,51,49,65,41,0,0,214,182,396,0.0816,0,0.10200000000000001,0,0.058800000000000005,0.0204,0.030799999999999998,0,0,0,0.0654,0.0055,0.037899999999999996,26,15.2,539,1,16,24.52,52,7.615384614999999,43,9.209999999999999,3,1,2,8,2,2,9,12,39,5,1,0,0,NA,NA
58,14,2,7,1402,140207,305147,0,2,1,43,41,53,47,50,65,50,50,0,0,196,203,399,0.093,0,0.056600000000000004,0,0,0.015399999999999999,0.06,0,0,0,0.051000000000000004,0.0049,0.0276,12,33.220000000000006,420,1,11,37.379999999999995,168,2.3749999999999996,22,18.14,3,1,2,8,2,2,9,12,39,5,1,0,0,NA,NA
59,14,2,7,1402,140207,305148,0,2,1,39,25,25,29,24,34,26,39,0,0,114,127,241,0.051300000000000005,0,0.08,0,0.0417,0,0.0385,0,0,0,0.05260000000000001,0,0.024900000000000002,9,27.310000000000002,147,2,7,32.27,165,1.460606061,13,18.54,3,1,2,8,2,2,9,12,39,5,1,0,0,NA,NA
60,14,2,8,1402,140208,305149,1,2,1,24,29,32,32,27,37,34,57,0,0,117,155,272,0.16670000000000001,0.0345,0.0313,0.0313,0.037,0,0.20590000000000003,0,0,0,0.1111,0.0129,0.0551,10,28.41,456,1,8,32.2,8,34,19,14.32,3,1,2,8,2,2,9,12,39,5,1,0,0,NA,NA
61,14,2,8,1402,140208,305154,0,2,1,40,36,35,42,45,35,35,28,0,0,155,141,296,0.05,0,0,0,0.022199999999999998,0,0.0286,0.035699999999999996,0,0,0.0258,0.0071,0.016900000000000002,11,25.939999999999998,307,1,6,46.11,68,4.352941175999999,12,24.67,3,1,2,8,2,2,9,12,39,5,1,0,0,NA,NA
62,14,2,9,1402,140209,318905,1,2,1,75,85,86,93,98,86,89,96,0,0,348,360,708,0,0.0235,0,0.0108,0.0714,0.0116,0.0337,0.0208,0,0,0.0287,0.0167,0.0226,20,35.190000000000005,580,1,24,29.52,105,6.742857143,29,24.41,3,1,2,8,2,2,9,12,39,5,1,0,0,NA,NA
63,14,2,9,1402,140209,318906,0,2,1,52,47,42,51,60,49,65,64,0,0,219,211,430,0,0,0.0714,0,0.05,0.0204,0.030799999999999998,0.0313,0,0,0.0365,0.0142,0.0256,4,102.8,452,1,9,46.730000000000004,60,7.166666666999999,10,43,3,1,2,8,2,2,9,12,39,5,1,1,0,NA,NA
64,14,2,9,1402,140209,318909,0,2,1,53,44,54,52,61,50,54,51,0,0,222,197,419,0,0,0.018500000000000003,0,0.14750000000000002,0.04,0.055600000000000004,0.0196,0,0,0.058600000000000006,0.0152,0.0382,16,26.36,312,1,17,24.41,166,2.524096386,20,20.95,3,1,2,8,2,2,9,12,39,5,1,0,0,NA,NA
65,14,2,9,1402,140209,318910,0,2,1,21,15,22,19,15,19,25,16,0,0,83,69,152,0,0,0.0455,0,0,0,0,0,0,0,0.012,0,0.0066,6,27.43,119,1,6,24,31,4.903225806,5,30.4,3,1,2,8,2,2,9,12,39,5,1,0,0,NA,NA
66,14,2,10,1402,140210,305132,0,2,1,11,12,10,5,5,8,15,10,0,0,41,35,76,0.2727,0,0,0,0,0,0.06670000000000001,0,0,0,0.0976,0,0.05260000000000001,5,14.129999999999999,101,1,6,12.56,79,0.9620253160000001,8,9.5,3,1,2,8,2,2,9,12,39,5,1,0,0,NA,NA
67,14,2,10,1402,140210,305139,0,2,1,19,18,19,23,8,29,24,22,0,0,70,92,162,0.05260000000000001,0,0.1053,0,0,0,0.0833,0,0,0,0.0714,0,0.0309,9,17.47,43,4,6,26.2,34,4.7647058819999994,11,14.729999999999999,3,1,2,8,2,2,9,12,39,5,1,0,0,NA,NA
68,14,2,10,1402,140210,305144,0,2,1,39,57,46,50,43,47,54,46,0,0,182,200,382,0,0,0,0,0,0,0.018500000000000003,0,0,0,0.0055,0,0.0026,10,38.07,258,1,8,47.58,37,10.324324319999999,17,22.47,3,1,2,8,2,2,9,12,39,5,1,0,0,NA,NA
69,14,2,10,1402,140210,305151,1,2,2,90,67,92,82,106,83,83,84,0,0,371,316,687,0.011099999999999999,0,0.0109,0,0.028300000000000002,0,0.0241,0,0,0,0.018900000000000004,0,0.0102,11,61.44,186,4,11,61.44,86,7.9883720930000015,36,19.08,3,1,2,8,2,2,9,12,39,5,1,0,0,NA,NA
70,14,2,10,1402,140210,305152,0,2,1,25,28,29,23,25,27,31,30,0,0,110,108,218,0.12000000000000001,0,0.0345,0.08700000000000001,0.12000000000000001,0.07410000000000001,0.0968,0.0333,0,0,0.0909,0.0463,0.0688,9,24.93,125,2,9,24.93,2,109,24,9.08,3,1,2,8,2,2,9,12,39,5,1,0,0,NA,NA
71,14,2,10,1402,140210,305153,0,2,3,12,18,21,15,14,18,19,17,0,0,66,68,134,0,0,0.0476,0,0,0.055600000000000004,0,0,0,0,0.0152,0.0147,0.0149,6,21,149,1,5,26.25,25,5.359999999999999,11,12.18,3,1,2,8,2,2,9,12,39,5,1,0,0,NA,NA
72,14,2,10,1402,140210,305155,1,2,1,55,54,61,52,56,54,57,87,0,0,229,247,476,0.036399999999999995,0.018500000000000003,0.0492,0.0192,0,0,0.0351,0,0,0,0.0306,0.0081,0.018900000000000004,19,25.06,356,1,26,18.650000000000002,57,8.350877193,27,17.630000000000003,3,1,2,8,2,2,9,12,39,5,1,0,0,NA,NA
73,14,2,10,1402,140210,305156,0,2,1,29,19,22,20,31,21,34,21,0,0,116,81,197,0.06899999999999999,0,0.0909,0,0,0,0,0.0476,0,0,0.0345,0.0123,0.025400000000000002,9,22,105,2,3,57.2,99,1.9898989899999997,13,15.15,3,1,2,8,2,2,9,12,39,5,1,0,0,NA,NA
74,14,2,10,1402,140210,318917,0,2,1,17,20,20,24,13,14,16,17,0,0,66,75,141,0,0.05,0,0,0,0,0,0,0,0,0,0.013300000000000001,0.0071,3,49,72,2,5,28,5,28.2,6,23.5,3,1,2,8,2,2,9,12,39,5,1,0,0,NA,NA
75,14,2,11,1402,140211,305157,0,2,2,47,36,29,25,39,39,41,47,0,0,156,147,303,0.0638,0,0,0,0.051300000000000005,0.0256,0,0,0,0,0.032100000000000004,0.0068000000000000005,0.019799999999999998,13,22.85,495,1,22,13.850000000000001,50,6.06,20,15.15,3,1,2,8,2,2,9,12,39,5,1,0,0,NA,NA
76,14,2,12,1402,140212,305141,0,2,1,60,48,75,53,60,62,59,51,0,0,254,214,468,0,0,0.04,0.07550000000000001,0.0333,0.0161,0,0.0196,0,0,0.0197,0.028,0.0235,12,39.41,145,3,25,18.610000000000003,68,6.882352941,29,16.14,3,1,2,8,2,2,9,12,39,5,1,0,0,NA,NA
77,14,2,12,1402,140212,305160,1,2,1,55,49,64,63,52,53,66,44,0,0,237,209,446,0.0182,0.0204,0.0938,0,0.09620000000000001,0,0.0303,0.022699999999999998,0,0,0.05910000000000001,0.0096,0.035899999999999994,24,18.49,494,1,30,14.870000000000001,46,9.695652174000001,27,16.52,3,1,2,8,2,2,9,12,39,5,1,0,0,NA,NA
78,14,2,12,1402,140212,305161,0,2,1,35,22,34,23,33,22,39,26,0,0,141,93,234,0,0,0,0.043500000000000004,0,0.0455,0.0256,0.0385,0,0,0.0071,0.0323,0.0171,9,25.14,204,1,17,14.08,58,4.034482758999999,14,16.71,3,1,2,8,2,2,9,12,39,5,1,0,0,NA,NA
79,14,2,12,1402,140212,305165,0,2,1,40,36,59,36,48,61,56,49,0,0,203,182,385,0,0,0,0,0,0,0,0,0,0,0,0,0,16,23.77,331,1,18,21.79,101,3.8118811879999996,18,21.39,3,1,2,8,2,2,9,12,39,5,1,0,0,NA,NA
80,14,2,12,1402,140212,318904,0,2,1,62,67,79,59,69,53,65,77,2,0,277,256,533,0.0161,0.0299,0,0,0,0.0377,0.030799999999999998,0.013000000000000001,0,0,0.0108,0.0195,0.015,11,49.14,399,1,7,76.44000000000001,35,15.228571429999997,23,23.17,3,1,2,8,2,2,9,12,39,5,1,0,0,NA,NA
81,14,2,12,1402,140212,318914,0,2,1,18,10,5,11,15,12,19,14,0,0,57,47,104,0.055600000000000004,0,0,0,0.06670000000000001,0,0.1053,0,0,0,0.07020000000000001,0,0.0385,10,10.31,101,1,22,4.79,16,6.5,2,52,3,1,2,8,2,2,9,12,39,5,1,1,0,NA,NA
82,14,2,13,1402,140213,305162,1,2,1,156,141,172,174,197,202,193,188,0,0,718,705,1423,0.07690000000000001,0.0142,0.0465,0.0172,0.0102,0,0.0104,0.0053,0,0,0.0334,0.0085,0.0211,40,35.7,-999,1,43,32.720000000000006,169,8.420118342999999,70,20.330000000000002,3,1,2,8,2,2,9,12,39,5,1,0,0,NA,NA
83,14,2,13,1402,140213,305164,0,2,1,23,19,21,24,18,20,20,25,0,0,82,88,170,0.043500000000000004,0,0.14290000000000003,0,0.16670000000000001,0,0,0,0,0,0.0854,0,0.0412,8,21,147,1,10,17.77,152,1.1184210529999998,10,17,3,1,2,8,2,2,9,12,39,5,1,0,0,NA,NA
84,14,2,9,1402,140209,305133,1,2,1,322,312,381,381,382,419,441,408,0,2,1526,1522,3048,0.0497,0.016,0.0315,0.0131,0.0471,0.0167,0.0408,0.0147,0,0,0.0419,0.015099999999999999,0.0285,59,51.93,-999,1,29,104.83,213,14.309859150000001,133,22.919999999999998,3,1,2,8,2,2,9,12,39,5,1,0,1,NA,NA
85,14,2,1,1402,140201,306057,0,4,1,28,23,25,17,25,17,0,0,0,0,78,57,135,0.14290000000000003,0.08700000000000001,0.04,0.058800000000000005,0.16,0,0,0,0,0,0.1154,0.05260000000000001,0.08889999999999999,-999,-999,116,1,4,33.75,0,-999,1,135,3,1,2,8,2,2,9,12,39,5,1,1,0,NA,NA
86,14,2,9,1402,140209,305539,0,4,1,27,24,28,36,26,30,39,29,0,0,120,119,239,0,0,0,0,0,0,0,0,0,0,0,0,0,-999,-999,430,1,0,-999,58,4.120689655,9,26.56,3,1,2,8,2,2,9,12,39,5,1,0,0,NA,NA
87,14,2,9,1402,140209,318916,0,4,1,33,19,25,28,23,33,31,39,0,0,112,119,231,0,0,0,0,0,0,0,0.0256,0,0,0,0.0084,0.0043,13,17.77,213,1,21,11,17,13.58823529,8,28.88,3,1,2,8,2,2,9,12,39,5,1,0,0,NA,NA
88,16,3,4,1603,160304,500029,0,1,1,53,76,85,79,89,84,97,81,0,0,324,320,644,0.018900000000000004,0,0.0471,0,0,0.0476,0,0,0,0,0.015399999999999999,0.0125,0.014,13,50.33,579,1,22,29.36,62,10.387096770000001,24,26.830000000000002,3,0,2,9,4,3,8,14,43,5,1,0,0,NA,NA
89,16,3,8,1603,160308,501333,0,3,1,34,20,47,35,24,18,30,24,0,0,135,97,232,0,0,0,0,0,0,0.0333,0,0,0,0.0074,0,0.0043,-999,-999,-999,0,0,-999,0,-999,6,38.67,3,0,2,9,4,3,8,14,43,5,1,0,0,NA,NA
90,16,3,10,1603,160310,500153,0,3,2,16,23,30,24,25,41,20,19,0,0,91,107,198,0,0,0,0,0,0,0,0,0,0,0,0,0,13,15.229999999999999,413,0,14,14.139999999999999,0,-999,10,19.8,3,0,2,9,4,3,8,14,43,5,1,0,0,NA,NA
91,16,3,1,1603,160301,301569,1,2,2,108,139,116,145,126,111,131,141,0,0,481,536,1017,0.0093,0,0.043100000000000006,0.0207,0.0476,0.036,0,0,0,0,0.024900000000000002,0.0131,0.0187,26,39.56,-999,1,32,32.15,48,21.1875,47,21.64,3,0,2,9,4,3,8,14,43,5,1,0,0,NA,NA
92,16,3,1,1603,160301,301570,0,2,1,65,64,52,55,56,59,52,55,0,0,225,233,458,0.07690000000000001,0.07810000000000002,0.07690000000000001,0,0.125,0.016900000000000002,0.07690000000000001,0.036399999999999995,0,0,0.08889999999999999,0.034300000000000004,0.0611,9,51.54,335,1,12,39.41,9,50.88888889,25,18.32,3,0,2,9,4,3,8,14,43,5,1,0,0,NA,NA
93,16,3,7,1603,160307,301594,1,2,1,110,118,127,126,125,131,103,123,0,0,465,498,963,0.17270000000000002,0.059300000000000005,0.08660000000000001,0.0794,0.064,0.0305,0.0485,0.016300000000000002,0,0,0.0925,0.0462,0.0685,25,39.27,578,2,30,32.4,4,240.75,36,26.75,3,0,2,9,4,3,8,14,43,5,1,0,0,NA,NA
94,16,3,2,1603,160302,301574,1,2,1,103,106,116,115,116,107,107,119,0,0,442,447,889,0,0,0.0086,0,0,0,0,0,0,0,0.0023,0,0.0011,28,31.810000000000002,-999,1,39,22.64,20,44.449999999999996,42,21.17,3,0,2,9,4,3,8,14,43,5,1,0,0,NA,NA
95,16,3,2,1603,160302,301577,0,2,1,51,57,27,36,44,44,36,49,0,0,158,186,344,0.0196,0.0351,0.037,0,0.0455,0.0455,0.0833,0,0,0,0.0443,0.021500000000000002,0.032,10,32.879999999999995,650,1,16,21.04,0,-999,19,18.110000000000003,3,0,2,9,4,3,8,14,43,5,1,0,0,NA,NA
96,16,3,2,1603,160302,301580,0,2,1,43,37,59,40,55,43,37,35,0,0,194,155,349,0,0,0,0,0,0,0.027,0.0286,0,0,0.0052,0.006500000000000001,0.0057,6,63,171,2,11,31.5,10,34.9,20,17.45,3,0,2,9,4,3,8,14,43,5,1,0,0,NA,NA
97,16,3,2,1603,160302,301606,0,2,1,26,23,43,44,35,32,33,48,0,0,137,147,284,0,0,0,0,0,0.0313,0,0,0,0,0,0.0068000000000000005,0.0035,9,30.79,381,1,13,21.55,42,6.7619047619999995,19,14.950000000000001,3,0,2,9,4,3,8,14,43,5,1,0,0,NA,NA
98,16,3,3,1603,160303,301583,1,2,1,24,23,26,23,25,22,29,33,0,0,104,101,205,0,0.043500000000000004,0.0385,0.043500000000000004,0,0,0,0,0,0,0.0096,0.019799999999999998,0.0146,10,19.56,175,1,12,17.39,45,4.555555555999998,16,12.81,3,0,2,9,4,3,8,14,43,5,1,0,0,NA,NA
99,16,3,3,1603,160303,301584,0,2,1,23,27,41,37,45,30,40,43,0,0,149,137,286,0,0,0.0244,0,0,0.0333,0.025,0.0233,0,0,0.0134,0.0146,0.014,8,33.730000000000004,460,1,12,24.73,41,6.975609756000001,13,22,3,0,2,9,4,3,8,14,43,5,1,0,0,NA,NA
100,16,3,4,1603,160304,301586,1,2,2,29,18,37,24,38,29,54,27,0,0,158,98,256,0,0,0,0,0.05260000000000001,0,0.0926,0,0,0,0.0443,0,0.0273,17,15.07,460,1,43,5.94,158,1.6202531650000003,31,8.26,3,0,2,9,4,3,8,14,43,5,1,0,0,NA,NA
101,16,3,5,1603,160305,301588,1,2,2,302,256,249,277,272,310,295,291,0,0,1118,1134,2252,0.1159,0.0469,0.10840000000000001,0.0469,0.058800000000000005,0.0484,0.10170000000000001,0.0412,0,0,0.0966,0.045899999999999996,0.07100000000000001,54,41.87,-999,2,78,28.830000000000002,142,15.859154930000003,134,16.810000000000002,3,0,2,9,4,3,8,14,43,5,1,0,0,NA,NA
102,16,3,5,1603,160305,301605,0,2,1,44,36,43,47,36,43,42,44,0,0,165,170,335,0.06820000000000001,0,0.0233,0.042600000000000006,0.0833,0.06979999999999999,0.023799999999999998,0,0,0,0.0485,0.0294,0.0388,10,32.730000000000004,481,1,16,20.459999999999997,60,5.583333333000001,21,15.950000000000001,3,0,2,9,4,3,8,14,43,5,1,0,0,NA,NA
103,16,3,8,1603,160308,301595,1,2,1,183,180,217,209,195,203,194,223,0,0,789,815,1604,0,0,0.0415,0.0191,0.041,0.0197,0.0567,0.0224,0,0,0.0355,0.016,0.0256,32,49.760000000000005,-999,1,31,51.64,59,27.186440679999997,72,22.279999999999998,3,0,2,9,4,3,8,14,43,5,1,0,0,NA,NA
104,16,3,8,1603,160308,308904,0,2,1,81,73,67,75,69,76,62,60,0,0,279,284,563,0.2346,0.1781,0.0896,0.06670000000000001,0.043500000000000004,0.0395,0.0645,0.0167,0,0,0.11470000000000001,0.07750000000000001,0.0959,15,38.71,394,1,8,73.91000000000001,2,281.5,17,33.120000000000005,3,0,2,9,4,3,8,14,43,5,1,0,0,NA,NA
105,16,3,9,1603,160309,301596,0,2,2,323,291,334,354,371,363,354,370,0,0,1382,1378,2760,0.05260000000000001,0.0137,0.0299,0.0226,0.029599999999999998,0.0165,0.0339,0.024300000000000002,0,0,0.036199999999999996,0.0196,0.0279,31,88.42,-999,2,39,70.74000000000001,204,13.529411759999999,145,19.03,3,0,2,9,4,3,8,14,43,5,1,0,0,NA,NA
106,16,3,9,1603,160309,301597,0,2,3,30,32,32,27,30,37,26,25,0,0,118,121,239,0.0333,0,0.0625,0.037,0.06670000000000001,0.05410000000000001,0.07690000000000001,0,0,0,0.059300000000000005,0.0248,0.041800000000000004,7,33.9,252,1,10,24.21,42,5.69047619,6,39.83,3,0,2,9,4,3,8,14,43,5,1,0,0,NA,NA
107,16,3,9,1603,160309,301598,0,2,1,28,39,27,35,35,33,33,41,0,0,123,148,271,0.10710000000000001,0.07690000000000001,0,0,0.0286,0,0.0606,0,0,0,0.0488,0.020300000000000002,0.0332,11,25.5,199,1,19,14.57,2,135.5,12,22.58,3,0,2,9,4,3,8,14,43,5,1,0,0,NA,NA
108,16,3,9,1603,160309,301601,1,2,1,68,84,70,85,61,77,70,81,0,0,269,327,596,0,0,0,0,0,0,0,0,0,0,0,0,0,18,34.04,504,1,27,21.82,49,12.16326531,29,20.55,3,0,2,9,4,3,8,14,43,5,1,0,0,NA,NA
109,16,3,9,1603,160309,301609,0,2,3,16,15,27,31,29,13,36,24,0,0,108,83,191,0,0,0.07410000000000001,0.129,0.0345,0,0.0833,0,0,0,0.055600000000000004,0.0482,0.0524,9,21.459999999999997,120,2,12,16.41,2,95.5,8,23.88,3,0,2,9,4,3,8,14,43,5,1,0,0,NA,NA
110,16,3,9,1603,160309,301581,1,2,1,79,65,92,81,60,66,85,98,0,0,316,310,626,0.025300000000000003,0,0.0217,0.0123,0.0333,0.0455,0.0235,0.0204,0,0,0.025300000000000003,0.0194,0.0224,13,48.349999999999994,378,2,19,32.71,129,4.852713177999999,37,16.919999999999998,3,0,2,9,4,3,8,14,43,5,1,0,0,NA,NA
111,16,3,9,1603,160309,301582,0,2,1,33,44,39,44,41,30,42,41,0,0,155,159,314,0,0,0,0,0,0,0.0476,0,0,0,0.0129,0,0.0064,9,34.290000000000006,166,2,11,28.24,15,20.933333329999996,16,19.630000000000003,3,0,2,9,4,3,8,14,43,5,1,0,0,NA,NA
112,16,3,9,1603,160309,301602,0,2,1,53,42,37,37,41,46,42,43,0,0,173,168,341,0.0943,0.0476,0.05410000000000001,0.027,0.0976,0.0217,0,0,0,0,0.0636,0.023799999999999998,0.044,8,42.730000000000004,87,4,19,18.08,25,13.639999999999999,9,37.89,3,0,2,9,4,3,8,14,43,5,1,0,0,NA,NA
113,16,3,10,1603,160310,301592,0,2,2,142,134,130,150,150,160,190,184,0,0,612,628,1240,0,0,0,0,0,0,0,0,0,0,0,0,0,42,29.72,-999,1,104,11.92,0,-999,89,13.93,3,0,2,9,4,3,8,14,43,5,1,0,0,NA,NA
114,16,3,10,1603,160310,301600,0,2,1,179,123,187,161,156,180,168,154,0,0,690,618,1308,0.0615,0,0.058800000000000005,0,0.07050000000000001,0.022199999999999998,0.07740000000000001,0.013000000000000001,0,0,0.06670000000000001,0.009699999999999999,0.0398,20,65.56,593,2,23,57.1,75,17.439999999999998,55,23.779999999999998,3,0,2,9,4,3,8,14,43,5,1,0,0,NA,NA
115,16,3,10,1603,160310,301578,1,2,2,64,83,62,71,87,87,74,83,0,0,287,324,611,0.0313,0.012,0.0484,0,0.0575,0.0805,0,0.0361,0,0,0.034800000000000005,0.034,0.0344,11,53.28,428,1,12,50.47,43,14.20930233,30,20.37,3,0,2,9,4,3,8,14,43,5,1,0,0,NA,NA
116,16,3,10,1603,160310,301589,0,2,1,73,72,75,64,63,70,69,93,0,0,280,299,579,0,0,0,0,0,0,0,0,0,0,0,0,0,14,42.32,524,1,14,40.2,41,14.121951219999998,11,52.64,3,0,2,9,4,3,8,14,43,5,1,1,0,NA,NA
117,16,3,10,1603,160310,308901,0,2,2,169,169,184,175,193,172,173,182,0,0,719,698,1417,0,0,0,0,0.0052,0,0.0116,0.011,0,0,0.0042,0.0029,0.0035,40,35.86,672,2,32,44.620000000000005,8,177.125,67,21.150000000000002,3,0,2,9,4,3,8,14,43,5,1,0,0,NA,NA
118,16,3,10,1603,160310,308908,0,2,1,44,21,39,32,58,29,42,47,0,0,183,129,312,0.0455,0.0476,0.07690000000000001,0,0.0517,0.0345,0.0476,0.021300000000000003,0,0,0.05460000000000001,0.0233,0.0417,4,74.5,244,1,15,20.32,0,-999,6,52,3,0,2,9,4,3,8,14,43,5,1,1,0,NA,NA
119,16,3,11,1603,160311,301573,0,2,2,51,34,61,57,54,64,72,54,0,0,238,209,447,0.0196,0.058800000000000005,0.0328,0.0175,0,0.0156,0.055600000000000004,0,0,0,0.0294,0.0191,0.0246,12,38.290000000000006,-999,0,14,31,51,8.764705882,20,22.35,3,0,2,9,4,3,8,14,43,5,1,0,0,NA,NA
120,16,3,11,1603,160311,301604,0,2,3,79,93,92,88,84,94,111,98,0,0,366,373,739,0.0127,0.0323,0,0,0.023799999999999998,0,0,0,0,0,0.0082,0.008,0.0081,7,101.1,145,5,10,77.77,0,-999,12,61.58,3,0,2,9,4,3,8,14,43,5,1,1,0,NA,NA
121,16,3,6,1603,160306,301593,1,2,1,474,451,508,508,480,470,520,565,0,0,1982,1994,3976,0.0886,0.051000000000000004,0.1358,0.063,0.1,0.036199999999999996,0.0365,0.0389,0,0,0.08979999999999999,0.0471,0.0684,71,56.3,-999,1,69,57.36,191,20.81675393,154,25.82,3,0,2,9,4,3,8,14,43,5,1,0,1,NA,NA
122,16,3,10,1603,160310,301599,1,2,1,248,257,306,315,282,357,352,365,0,0,1188,1294,2482,0.0161,0.011699999999999999,0.0131,0.0063,0.0248,0.0168,0.0199,0.0192,0,0,0.018500000000000003,0.013900000000000001,0.0161,12,199.3,-999,0,43,57.77,54,45.962962960000006,121,20.51,3,0,2,9,4,3,8,14,43,5,1,0,1,NA,NA
123,16,3,11,1603,160311,301603,1,2,2,190,205,221,220,261,226,221,223,0,0,893,874,1767,0.042100000000000005,0.0049,0.0271,0.0273,0.0345,0.013300000000000001,0.0317,0.026900000000000004,0,0,0.033600000000000005,0.018300000000000004,0.026000000000000002,30,59.730000000000004,-999,1,3,612.25,76,23.25,88,20.08,3,0,2,9,4,3,8,14,43,5,1,0,1,NA,NA
124,16,3,1,1603,160301,301571,0,4,3,14,16,21,33,11,7,13,17,0,0,59,73,132,0.21430000000000002,0.25,0.0952,0.24240000000000003,0.0909,0.2857,0,0,0,0,0.10170000000000001,0.1918,0.15150000000000002,4,33,282,0,7,18.86,9,14.666666670000001,4,33,3,0,2,9,4,3,8,14,43,5,1,0,0,NA,NA
125,16,3,1,1603,160301,305854,0,4,1,27,23,12,20,13,17,12,16,0,0,64,76,140,0.1111,0.08700000000000001,0.25,0.1,0.4615,0.058800000000000005,0,0.0625,0,0,0.1875,0.07890000000000001,0.1286,4,35,30,5,3,46.67,22,6.3636363639999995,5,28,3,0,2,9,4,3,8,14,43,5,1,0,0,NA,NA
126,16,3,1,1603,160301,308902,0,4,3,31,27,26,28,26,35,22,21,0,0,105,111,216,0.129,0.07410000000000001,0.1154,0.035699999999999996,0.2308,0.2,0.2727,0.1905,0,0,0.181,0.1261,0.15280000000000002,4,54,135,2,11,19.64,1,216,6,36,3,0,2,9,4,3,8,14,43,5,1,0,0,NA,NA
127,16,3,2,1603,160302,301575,0,4,1,25,21,26,18,28,29,23,15,0,0,102,83,185,0,0,0,0,0,0,0,0,0,0,0,0,0,10,18.5,185,1,14,13.209999999999999,6,30.83333333,12,15.42,3,0,2,9,4,3,8,14,43,5,1,0,0,NA,NA
128,16,3,2,1603,160302,301576,0,4,1,30,15,23,20,24,24,20,33,0,0,97,92,189,0.0333,0.06670000000000001,0.043500000000000004,0.05,0,0,0,0,0,0,0.0206,0.0217,0.0212,5,37.8,162,1,7,27,93,2.0322580649999993,6,31.5,3,0,2,9,4,3,8,14,43,5,1,0,0,NA,NA
129,16,3,4,1603,160304,301587,0,4,1,15,11,20,7,19,16,20,10,0,0,74,44,118,0,0,0,0,0,0,0,0,0,0,0,0,0,14,8.43,540,0,13,9.08,0,-999,10,11.8,3,0,2,9,4,3,8,14,43,5,1,0,0,NA,NA
130,16,3,4,1603,160304,301607,0,4,1,24,18,26,29,24,23,35,23,0,0,109,93,202,0.0417,0,0.0385,0,0.0417,0,0,0,0,0,0.0275,0,0.0149,10,20.2,218,1,11,18.36,85,2.3764705879999997,13,15.54,3,0,2,9,4,3,8,14,43,5,1,0,0,NA,NA
131,16,3,5,1603,160305,301590,0,4,3,28,33,25,27,32,29,39,32,0,0,124,121,245,0.035699999999999996,0.0909,0,0,0.0938,0.0345,0,0,0,0,0.0323,0.033100000000000004,0.0327,12,20.419999999999998,211,1,15,16.330000000000002,5,49,18,13.61,3,0,2,9,4,3,8,14,43,5,1,0,0,NA,NA
132,16,3,5,1603,160305,305529,0,4,1,28,26,28,22,31,39,38,38,0,0,125,125,250,0,0,0,0,0,0,0,0,0,0,0,0,0,5,50,130,2,5,50,3,83.33333332999999,8,31.25,3,0,2,9,4,3,8,14,43,5,1,0,0,NA,NA
133,16,3,5,1603,160305,308906,0,4,3,24,23,24,18,30,35,19,21,0,0,97,97,194,0,0,0,0,0,0,0,0,0,0,0,0,0,7,27.71,120,2,5,38.8,0,-999,7,27.71,3,0,2,9,4,3,8,14,43,5,1,0,0,NA,NA
134,16,3,8,1603,160308,301572,0,4,1,44,21,41,35,34,28,34,40,0,0,153,124,277,0,0,0,0,0,0,0.0882,0,0,0,0.0196,0,0.0108,13,21.310000000000002,265,1,15,18.47,0,-999,21,13.19,3,0,2,9,4,3,8,14,43,5,1,0,0,NA,NA
135,16,3,8,1603,160308,301591,0,4,1,60,56,60,67,53,68,68,72,0,0,241,263,504,0.0167,0.017900000000000003,0,0.0149,0.0377,0,0,0,0,0,0.0124,0.0076,0.009899999999999999,12,42,349,1,16,31.5,10,50.4,24,21,3,0,2,9,4,3,8,14,43,5,1,0,0,NA,NA
136,16,3,9,1603,160309,301608,0,4,2,15,25,28,23,24,23,26,24,0,0,93,95,188,0,0,0,0,0,0,0.0385,0,0,0,0.0108,0,0.0053,7,26.86,100,2,9,20.89,32,5.875,18,10.44,3,0,2,9,4,3,8,14,43,5,1,0,0,NA,NA
137,16,3,9,1603,160309,305531,0,4,1,29,26,26,14,26,22,17,24,0,0,98,86,184,0,0,0.0385,0.0714,0,0,0,0,0,0,0.0102,0.0116,0.0109,5,36.8,50,4,5,36.8,0,-999,3,61.33,3,0,2,9,4,3,8,14,43,5,1,1,0,NA,NA
138,16,3,9,1603,160309,305534,0,4,1,22,22,23,16,15,20,20,26,0,0,80,84,164,0.0909,0,0,0,0,0,0,0,0,0,0.025,0,0.0122,4,41,109,2,6,27.330000000000002,0,-999,8,20.5,3,0,2,9,4,3,8,14,43,5,1,0,0,NA,NA
139,16,3,9,1603,160309,305626,0,4,1,23,22,25,26,29,22,18,28,0,0,95,98,193,0,0,0,0,0.1034,0.0909,0,0.035699999999999996,0,0,0.0316,0.0306,0.0311,4,48.25,50,4,11,17.55,1,193,6,32.17,3,0,2,9,4,3,8,14,43,5,1,0,0,NA,NA
140,16,3,9,1603,160309,305786,0,4,1,13,18,19,17,13,13,10,16,0,0,55,64,119,0.07690000000000001,0,0,0,0,0,0,0,0,0,0.0182,0,0.0084,7,17,230,1,28,4.25,0,-999,3,39.67,3,0,2,9,4,3,8,14,43,5,1,0,0,NA,NA
141,16,3,9,1603,160309,308907,0,4,3,26,35,46,41,45,44,31,35,0,0,148,155,303,0,0,0,0,0,0,0,0,0,0,0,0,0,10,30.3,50,6,10,30.3,0,-999,9,33.67,3,0,2,9,4,3,8,14,43,5,1,0,0,NA,NA
142,16,3,10,1603,160310,305476,0,4,1,58,48,74,71,87,68,60,58,0,0,279,245,524,0.0172,0,0,0,0.092,0.0294,0,0,0,0,0.0323,0.0082,0.021,7,74.86,380,1,9,58.220000000000006,2,262,25,20.959999999999997,3,0,2,9,4,3,8,14,43,5,1,0,0,NA,NA
143,16,3,10,1603,160310,305785,0,4,1,19,22,37,29,35,23,30,20,0,0,121,94,215,0,0,0.05410000000000001,0,0.057100000000000005,0.043500000000000004,0.06670000000000001,0.05,0,0,0.049600000000000005,0.021300000000000003,0.0372,1,215,-999,0,2,107.5,1,215,1,215,3,0,2,9,4,3,8,14,43,5,1,1,0,NA,NA
144,16,3,10,1603,160310,301579,0,4,3,41,34,36,40,43,28,40,37,0,0,160,139,299,0,0,0.16670000000000001,0,0.1395,0.14290000000000003,0.025,0.0811,0,0,0.0813,0.0504,0.0669,11,27.18,175,2,14,21.36,2,149.5,1,299,3,0,2,9,4,3,8,14,43,5,1,1,0,NA,NA
145,16,3,10,1603,160310,308909,0,4,2,87,93,114,96,109,90,104,101,0,0,414,380,794,0.046,0.021500000000000002,0.0351,0.0104,0.0917,0.055600000000000004,0.048100000000000004,0.019799999999999998,0,0,0.055600000000000004,0.026300000000000004,0.041600000000000005,23,34.52,616,1,26,30.54,34,23.352941180000002,46,17.259999999999998,3,0,2,9,4,3,8,14,43,5,1,0,0,NA,NA
146,16,3,11,1603,160311,308905,0,4,3,16,26,22,16,21,14,27,30,0,0,86,86,172,0,0,0,0,0,0,0,0,0,0,0,0,0,7,24.57,45,4,10,17.2,21,8.19047619,8,21.5,3,0,2,9,4,3,8,14,43,5,1,0,0,NA,NA
147,15,8,1,1508,150801,500052,0,1,1,333,325,387,330,321,354,345,362,0,0,1386,1371,2757,0.057100000000000005,0.0092,0.036199999999999996,0.0182,0.0156,0.0056,0.017400000000000002,0.0166,0,0,0.0317,0.0124,0.022099999999999998,39,70.88,-999,2,35,78.14999999999999,279,9.88172043,115,23.97,3,0,2,8,28,0,9,4,54,7,1,0,1,NA,NA
148,15,8,1,1508,150801,305402,0,2,1,165,149,198,172,201,156,195,183,0,0,759,660,1419,0.0061,0,0.0051,0.0116,0.01,0,0.0103,0.0109,0,0,0.0079,0.0061,0.007,54,26.4,-999,1,42,34.1,60,23.650000000000002,71,19.99,3,0,2,8,28,0,9,4,54,7,1,0,0,NA,NA
149,15,8,1,1508,150801,319904,0,2,1,64,65,73,78,85,91,102,105,0,0,324,339,663,0,0,0.0137,0.0128,0.0353,0.011,0.0294,0.0095,0,0,0.0216,0.0088,0.015099999999999999,34,19.73,701,1,39,16.79,235,2.8212765959999997,33,20.09,3,0,2,8,28,0,9,4,54,7,1,0,0,NA,NA
150,15,8,1,1508,150801,319907,0,2,1,76,54,59,62,107,89,106,71,0,0,348,276,624,0.0395,0.018500000000000003,0.016900000000000002,0,0.0467,0.0337,0.0377,0.0141,0,0,0.037399999999999996,0.0181,0.0288,17,36.64,555,1,26,23.71,232,2.6896551719999997,29,21.52,3,0,2,8,28,0,9,4,54,7,1,0,0,NA,NA
151,15,8,1,1508,150801,305399,0,2,1,53,59,71,62,104,101,138,128,0,0,366,350,716,0,0.016900000000000002,0.0141,0.0161,0.0192,0,0.0072,0.0156,0,0,0.0109,0.011399999999999999,0.0112,24,30.4,682,1,11,65.14,185,3.87027027,61,11.739999999999998,3,0,2,8,28,0,9,4,54,7,1,0,1,NA,NA
152,15,8,1,1508,150801,305405,1,2,1,400,404,358,400,431,465,438,480,0,0,1627,1749,3376,0.01,0.0074,0.0056,0.0025,0.0023,0.0022,0.009099999999999999,0.0042,0,0,0.0068000000000000005,0.004,0.0053,46,74.19,-999,1,34,100.69,19,177.6842105,188,17.959999999999997,3,0,2,8,28,0,9,4,54,7,1,0,1,NA,NA
153,15,8,1,1508,150801,319903,0,2,1,96,93,115,96,102,111,137,124,6,3,456,427,883,0.0313,0.0108,0,0.0104,0,0.036,0.0073,0,0,0,0.0088,0.0141,0.0113,16,56.53,546,2,9,96.1,116,7.612068965999999,39,22.64,3,0,2,8,28,0,9,4,54,7,1,0,1,NA,NA
154,15,8,1,1508,150801,319905,0,2,1,116,94,104,111,123,123,143,146,15,4,501,478,979,0.0086,0,0.0673,0.009,0.016300000000000002,0,0,0,0,0,0.02,0.0021,0.0112,33,29.779999999999998,372,3,44,22.2,200,4.895,41,23.88,3,0,2,8,28,0,9,4,54,7,1,0,1,NA,NA
155,15,8,1,1508,150801,319906,0,2,1,223,160,239,230,258,224,229,234,0,0,949,848,1797,0.035899999999999994,0.0063,0.0084,0.013000000000000001,0.0271,0.035699999999999996,0.0044,0.0085,0,0,0.019,0.0165,0.0178,32,56.690000000000005,900,2,34,52.64,121,14.851239670000002,75,23.959999999999997,3,0,2,8,28,0,9,4,54,7,1,0,1,NA,NA
156,15,8,1,1508,150801,305398,0,2,1,400,350,404,389,417,408,396,384,24,10,1641,1541,3182,0.01,0.011399999999999999,0.009899999999999999,0.0103,0.026400000000000003,0.0025,0.0177,0.0026,0.0833,0.1,0.0171,0.0071,0.0123,62,51.17,-999,2,67,47.56,184,17.29347826,155,20.53,3,0,2,8,28,0,9,4,54,7,1,0,1,NA,NA
157,15,8,1,1508,150801,305404,0,2,1,346,325,432,361,437,392,422,441,0,0,1637,1519,3156,0,0.0062,0.0069,0.0055,0,0.0026,0.0024000000000000002,0,0,0,0.0024000000000000002,0.0033,0.0029,71,44.620000000000005,-999,2,72,44.13,421,7.496437055,132,23.91,3,0,2,8,28,0,9,4,54,7,1,0,1,NA,NA
158,15,8,1,1508,150801,319901,0,2,1,235,221,251,249,277,264,276,279,0,0,1039,1013,2052,0.0085,0.0226,0.0319,0.004,0.054200000000000005,0.011399999999999999,0.028999999999999998,0.0143,0,0,0.0318,0.0128,0.0224,32,65.03,448,5,27,76.24000000000001,329,6.237082066999999,74,27.73,3,0,2,8,28,0,9,4,54,7,1,0,1,NA,NA
159,15,8,1,1508,150801,319902,0,2,1,242,225,312,303,289,283,316,293,0,0,1159,1104,2263,0.0124,0.0044,0.0064,0.0165,0.0311,0.0035,0.0063,0,0,0,0.013800000000000002,0.0063,0.0102,32,70.24000000000001,-999,2,33,68.23,402,5.629353234,91,24.87,3,0,2,8,28,0,9,4,54,7,1,0,1,NA,NA
160,15,8,1,1508,150801,306040,0,4,1,58,74,80,74,75,50,33,35,0,0,246,233,479,0,0.013500000000000002,0,0,0,0,0,0,0,0,0,0.0043,0.0021,18,26.610000000000003,-999,0,36,13.31,0,-999,0,-999,3,0,2,8,28,0,9,4,54,7,1,0,0,NA,NA
161,15,8,1,1508,150801,305400,0,4,1,127,139,175,176,171,163,166,162,0,0,639,640,1279,0.0236,0.0072,0.0057,0.0057,0.0175,0.018400000000000003,0.012,0.018500000000000003,0,0,0.0141,0.0125,0.013300000000000001,28,45.68,-999,1,28,45.68,109,11.73394495,49,26.1,3,0,2,8,28,0,9,4,54,7,1,0,1,NA,NA
162,15,8,1,1508,150801,305630,0,4,1,117,129,142,155,163,138,209,249,0,0,631,671,1302,0.0171,0,0.0141,0.0129,0.0123,0.0145,0.0096,0.004,0,0,0.0127,0.0075,0.01,16,81.38,-999,1,35,37.2,139,9.366906475000002,37,35.190000000000005,3,0,2,8,28,0,9,4,54,7,1,0,1,NA,NA
163,1,5,16,105,10516,500598,0,1,1,10,8,7,8,11,14,11,10,0,0,39,40,79,0,0,0,0,0.0909,0,0,0,0,0,0.0256,0,0.0127,4,20.6,140,1,9,8.58,11,7.181818182000001,8,9.88,1,0,6,6,2,2,11,11,138,5,1,0,0,NA,NA
164,1,5,7,105,10507,501578,0,1,1,36,18,28,27,25,15,33,25,0,0,122,85,207,0.055600000000000004,0,0,0,0,0,0,0,0,0,0.0164,0,0.009699999999999999,4,54.6,76,3,3,68.25,0,-999,7,29.57,1,0,6,6,2,2,11,11,138,5,1,0,0,NA,NA
165,1,5,14,105,10514,501744,0,1,1,17,17,10,9,15,11,31,19,0,0,73,56,129,0,0,0,0,0,0,0,0,0,0,0,0,0,-999,-999,-999,0,0,-999,1,129,2,64.5,1,0,6,6,2,2,11,11,138,5,1,1,0,NA,NA
166,1,5,13,105,10513,500001,0,1,1,15,11,13,15,15,10,23,17,0,0,66,53,119,0.1333,0,0,0,0,0,0,0,0,0,0.0303,0,0.0168,6,20.38,157,1,4,27.17,68,1.75,8,14.88,1,0,6,6,2,2,11,11,138,5,1,0,0,NA,NA
167,1,5,20,105,10520,500348,0,1,1,55,53,57,54,63,62,59,53,0,0,234,222,456,0.0182,0.056600000000000004,0,0.037,0,0.0323,0.0678,0,0,0,0.021400000000000002,0.0315,0.026300000000000004,11,43.2,277,2,20,22.34,30,15.2,19,24,1,0,6,6,2,2,11,11,138,5,1,0,0,NA,NA
168,1,5,21,105,10521,500346,0,1,1,32,32,37,35,46,35,53,47,0,0,168,149,317,0,0,0,0,0,0,0,0,0,0,0,0,0,10,31.86,279,1,25,12.739999999999998,39,8.128205127999998,17,18.650000000000002,1,0,6,6,2,2,11,11,138,5,1,0,0,NA,NA
169,1,5,29,105,10529,500595,0,1,1,15,11,16,16,18,6,13,9,0,0,62,42,104,0.06670000000000001,0,0,0,0,0,0,0,0,0,0.0161,0,0.0096,5,19.5,168,1,7,14.18,0,-999,7,14.860000000000001,1,0,6,6,2,2,11,11,138,5,1,0,0,NA,NA
170,1,5,22,105,10522,502103,0,1,1,26,15,21,15,15,14,8,3,0,0,70,47,117,0,0,0,0,0,0,0,0,0,0,0,0,0,-999,-999,118,1,0,-999,0,-999,1,117,1,0,6,6,2,2,11,11,138,5,1,1,0,NA,NA
171,1,5,32,105,10532,500347,0,1,1,45,30,45,40,37,49,43,41,0,0,170,160,330,0.06670000000000001,0,0.1111,0.05,0.0811,0.0204,0.0465,0.0488,0,0,0.07650000000000001,0.0313,0.05450000000000001,10,31.6,148,2,8,39.5,6,55,17,19.41,1,0,6,6,2,2,11,11,138,5,1,0,0,NA,NA
172,1,5,32,105,10532,500349,0,1,1,23,12,20,23,20,12,21,10,0,0,84,57,141,0.043500000000000004,0,0,0,0,0,0.0476,0.1,0,0,0.023799999999999998,0.0175,0.021300000000000003,7,21.330000000000002,169,1,7,21.330000000000002,83,1.6987951810000002,11,12.82,1,0,6,6,2,2,11,11,138,5,1,0,0,NA,NA
173,1,5,32,105,10532,500597,0,1,1,19,19,25,8,23,19,26,17,0,0,93,63,156,0,0,0,0,0.043500000000000004,0,0,0,0,0,0.0108,0,0.0064,2,102.5,11,14,2,68.33,41,3.8048780489999996,9,17.330000000000002,1,0,6,6,2,2,11,11,138,5,1,0,0,NA,NA
174,1,5,32,105,10532,500599,0,1,1,31,16,26,23,27,29,26,15,0,0,110,83,193,0.1935,0.0625,0.0385,0.043500000000000004,0.07410000000000001,0,0.07690000000000001,0,0,0,0.1,0.0241,0.0674,1,130,30,7,4,52,63,3.063492063,12,16.08,1,0,6,6,2,2,11,11,138,5,1,0,0,NA,NA
175,1,9,1,109,10901,500376,0,1,1,23,20,33,24,28,22,22,30,0,0,106,96,202,0,0,0.0303,0,0,0,0.0455,0.0333,0,0,0.018900000000000004,0.0104,0.0149,7,28.5,64,3,10,20.36,43,4.697674418999999,10,20.2,3,0,6,7,2,2,13,6,39,5,1,0,0,NA,NA
176,1,9,2,109,10902,501117,0,1,1,19,15,18,19,21,12,19,16,0,0,77,62,139,0,0,0,0,0,0,0,0,0,0,0,0,0,2,83.5,67,2,2,83.5,0,-999,6,23.17,3,0,6,7,2,2,13,6,39,5,1,0,0,NA,NA
177,1,9,2,109,10902,500387,0,1,1,9,10,11,5,12,6,5,9,0,0,37,30,67,0,0,0,0,0,0,0,0,0,0,0,0,0,8,8.450000000000001,124,1,11,6.2,46,1.4565217389999998,8,8.38,3,0,6,7,2,2,13,6,39,5,1,0,0,NA,NA
178,1,9,5,109,10905,500003,0,1,1,31,16,25,24,31,35,25,23,0,0,112,98,210,0,0,0,0,0.0645,0,0.04,0.043500000000000004,0,0,0.0268,0.0102,0.019,9,22.330000000000002,62,3,5,44.67,55,3.8181818180000002,14,15,3,0,6,7,2,2,13,6,39,5,1,0,0,NA,NA
179,1,9,6,109,10906,500381,0,1,1,7,7,10,14,14,6,14,12,0,0,45,39,84,0,0,0,0,0,0,0,0,0,0,0,0,0,6,15,61,1,14,5.83,0,-999,9,9.33,3,0,6,7,2,2,13,6,39,5,1,0,0,NA,NA
180,1,9,6,109,10906,500382,0,1,1,13,8,13,15,17,15,19,11,0,0,62,49,111,0,0,0.15380000000000002,0.06670000000000001,0.2353,0,0.1053,0,0,0,0.129,0.0204,0.0811,10,10.709999999999999,15,8,13,8.33,131,0.8473282440000001,7,15.860000000000001,3,0,6,7,2,2,13,6,39,5,1,0,0,NA,NA
181,1,9,6,109,10906,500622,0,1,1,12,13,19,15,14,17,19,22,0,0,64,67,131,0,0,0,0,0.0714,0,0.05260000000000001,0,0,0,0.0313,0,0.0153,11,12.15,87,2,19,6.87,27,4.851851851999999,8,16.38,3,0,6,7,2,2,13,6,39,5,1,0,0,NA,NA
182,1,9,8,109,10908,500388,0,1,1,66,59,64,59,74,68,71,72,0,0,275,258,533,0.0152,0,0,0,0,0,0,0,0,0,0.0036,0,0.0019,19,27.88,287,2,33,16.110000000000003,0,-999,16,33.309999999999995,3,0,6,7,2,2,13,6,39,5,1,0,0,NA,NA
183,1,9,10,109,10910,500380,0,1,1,31,21,34,40,43,27,37,31,0,0,145,119,264,0,0,0,0,0,0,0,0,0,0,0,0,0,4,69.2,491,1,27,9.89,107,2.46728972,13,20.310000000000002,3,0,6,7,2,2,13,6,39,5,1,0,0,NA,NA
184,1,9,14,109,10914,500005,0,1,1,60,76,76,69,97,86,95,66,0,0,328,297,625,0.0333,0.013200000000000002,0,0,0.0103,0.0116,0,0.0152,0,0,0.009099999999999999,0.0101,0.0096,37,17,662,1,40,15.76,15,41.66666667,30,20.830000000000002,3,0,6,7,2,2,13,6,39,5,1,0,0,NA,NA
185,1,9,15,109,10915,500379,0,1,1,37,37,54,43,41,38,35,48,0,0,167,166,333,0.027,0,0.018500000000000003,0,0.0488,0,0.0286,0.0208,0,0,0.0299,0.006,0.018000000000000002,9,36.15,309,1,17,19.58,46,7.239130435000001,13,25.62,3,0,6,7,2,2,13,6,39,5,1,0,0,NA,NA
186,1,9,16,109,10916,500386,0,1,1,49,34,42,25,43,37,52,29,0,0,186,125,311,0,0,0,0,0,0,0,0,0,0,0,0,0,12,25.71,393,1,26,12.139999999999999,81,3.8395061729999993,9,34.56,3,0,6,7,2,2,13,6,39,5,1,0,0,NA,NA
187,1,9,19,109,10919,500004,0,1,1,21,17,30,14,20,17,30,26,0,0,101,74,175,0,0,0,0,0,0,0,0,0,0,0,0,0,12,14.53,524,0,24,7.26,87,2.011494253,9,19.439999999999998,3,0,6,7,2,2,13,6,39,5,1,0,0,NA,NA
188,1,9,19,109,10919,500375,0,1,1,39,37,38,54,60,43,45,60,0,0,182,194,376,0,0,0,0,0.05,0,0.022199999999999998,0,0,0,0.022,0,0.0106,18,20.37,479,1,21,17.74,84,4.476190476,18,20.89,3,0,6,7,2,2,13,6,39,5,1,0,0,NA,NA
189,1,9,19,109,10919,500377,0,1,1,13,23,25,18,18,13,14,10,0,0,70,64,134,0,0,0,0,0,0,0,0,0,0,0,0,0,9,15.42,457,0,11,12.33,184,0.72826087,7,19.14,3,0,6,7,2,2,13,6,39,5,1,0,0,NA,NA
190,1,9,19,109,10919,500378,0,1,1,20,15,25,12,17,14,26,20,0,0,88,61,149,0,0,0,0,0,0,0,0,0,0,0,0,0,13,11.88,682,0,27,5.609999999999999,80,1.8625,7,21.29,3,0,6,7,2,2,13,6,39,5,1,0,0,NA,NA
191,1,9,19,109,10919,500385,0,1,1,20,17,12,16,25,18,15,14,0,0,72,65,137,0,0,0,0,0,0,0,0,0,0,0,0,0,10,14.31,357,0,18,7.44,105,1.3047619049999999,7,19.57,3,0,6,7,2,2,13,6,39,5,1,0,0,NA,NA
192,1,9,19,109,10919,501118,0,1,1,20,17,25,24,31,23,25,23,0,0,101,87,188,0,0,0,0,0,0.043500000000000004,0,0,0,0,0,0.0115,0.0053,15,12.42,40,5,6,33.71,0,-999,18,10.44,3,0,6,7,2,2,13,6,39,5,1,0,0,NA,NA
193,1,9,17,109,10917,500384,0,1,1,16,18,29,22,29,20,19,23,0,0,93,83,176,0,0,0,0,0,0,0,0,0,0,0,0,0,8,21.5,372,0,14,12.29,25,7.04,8,22,3,0,6,7,2,2,13,6,39,5,1,0,0,NA,NA
194,1,9,17,109,10917,500623,0,1,1,146,113,127,122,134,137,146,134,0,0,553,506,1059,0,0,0,0,0,0,0,0,0,0,0,0,0,28,37.2,-999,1,37,28.72,0,-999,36,29.419999999999998,3,0,6,7,2,2,13,6,39,5,1,0,0,NA,NA
195,1,9,21,109,10921,501898,0,1,1,18,19,23,24,21,20,23,23,0,0,85,86,171,0,0,0,0,0.0476,0.05,0.043500000000000004,0,0,0,0.0235,0.0116,0.0175,-999,-999,170,1,0,-999,74,2.3108108109999996,3,57,3,0,6,7,2,2,13,6,39,5,1,1,0,NA,NA
196,1,9,22,109,10922,500624,0,1,1,24,34,30,25,28,18,35,25,0,0,117,102,219,0,0,0,0,0,0,0,0,0,0,0,0,0,8,25.8,-999,0,0,-999,31,7.0645161289999985,10,21.9,3,0,6,7,2,2,13,6,39,5,1,0,0,NA,NA
197,1,11,1,111,11101,500530,0,1,1,5,4,9,8,9,9,4,11,0,0,27,32,59,0,0,0,0,0,0,0.25,0,0,0,0.037,0,0.016900000000000002,4,15.8,37,2,6,9.88,0,-999,6,9.83,2,0,6,6,2,2,11,16,135,6,1,0,0,NA,NA
198,1,11,1,111,11101,500480,0,1,1,50,34,36,31,46,42,35,25,0,0,167,132,299,0.02,0.0294,0,0.0323,0.06520000000000001,0,0.057100000000000005,0.08,0,0,0.035899999999999994,0.0303,0.0334,10,30,240,1,14,22,21,14.238095239999998,5,59.8,2,0,6,6,2,2,11,16,135,6,1,1,0,NA,NA
199,1,11,1,111,11101,500481,0,1,1,4,10,7,4,12,10,7,8,0,0,30,32,62,0.25,0,0,0.25,0.0833,0,0,0,0,0,0.06670000000000001,0.0313,0.0484,4,16,87,1,3,21.330000000000002,0,-999,2,31,2,0,6,6,2,2,11,16,135,6,1,0,0,NA,NA
200,1,5,3,105,10503,502102,0,3,1,11,10,19,6,12,9,6,5,0,0,48,30,78,0,0,0,0,0,0,0,0,0,0,0,0,0,-999,-999,-999,0,0,-999,0,-999,1,78,1,0,6,6,2,2,11,11,138,5,1,1,0,NA,NA
201,1,5,5,105,10505,502497,0,3,1,28,22,0,0,0,0,0,0,0,0,28,22,50,0,0,0,0,0,0,0,0,0,0,0,0,0,2,25,50,1,6,8.33,1,50,0,-999,1,0,6,6,2,2,11,11,138,5,1,0,0,NA,NA
202,1,5,14,105,10514,501027,0,3,1,13,10,13,18,17,9,10,11,0,0,53,48,101,0.3077,0,0,0,0.058800000000000005,0,0,0,0,0,0.0943,0,0.0495,-999,-999,-999,0,1,101,15,6.733333333000001,2,50.5,1,0,6,6,2,2,11,11,138,5,1,1,0,NA,NA
203,1,5,7,105,10507,502104,0,3,1,20,5,12,12,13,16,8,11,0,0,53,44,97,0,0,0,0,0,0,0,0,0,0,0,0,0,-999,-999,-999,0,0,-999,0,-999,2,48.5,1,0,6,6,2,2,11,11,138,5,1,1,0,NA,NA
204,1,5,11,105,10511,502318,0,3,1,9,9,14,13,0,0,0,0,0,0,23,22,45,0,0,0,0,0,0,0,0,0,0,0,0,0,10,4.5,70,1,10,4.5,0,-999,0,-999,1,0,6,6,2,2,11,11,138,5,1,0,0,NA,NA
205,1,5,12,105,10512,501026,0,3,1,11,8,12,14,18,9,14,12,0,0,55,43,98,0,0,0,0,0,0,0,0,0,0,0,0,0,2,49,80,1,2,49,5,19.6,3,32.67,1,0,6,6,2,2,11,11,138,5,1,0,0,NA,NA
206,1,5,8,105,10508,501745,0,3,1,18,19,30,20,24,20,31,15,0,0,103,74,177,0.055600000000000004,0,0,0,0,0,0.0645,0,0,0,0.029099999999999997,0,0.016900000000000002,-999,-999,97,2,0,-999,15,11.8,2,88.5,1,0,6,6,2,2,11,11,138,5,1,1,0,NA,NA
207,1,5,15,105,10515,502100,0,3,1,2,9,6,3,7,6,0,0,0,0,15,18,33,0,0,0,0,0,0,0,0,0,0,0,0,0,-999,-999,-999,0,0,-999,0,-999,1,33,1,0,6,6,2,2,11,11,138,5,1,0,0,NA,NA
208,1,5,15,105,10515,502498,0,3,1,6,6,0,0,0,0,0,0,0,0,6,6,12,0,0,0,0,0,0,0,0,0,0,0,0,0,-999,-999,-999,0,0,-999,0,-999,0,-999,1,0,6,6,2,2,11,11,138,5,1,0,0,NA,NA
209,1,5,26,105,10526,502101,0,3,1,18,6,29,26,18,16,0,0,0,0,65,48,113,0,0,0.06899999999999999,0,0.055600000000000004,0,0,0,0,0,0.0462,0,0.026500000000000003,1,113,30,4,2,56.5,15,7.533333333000001,5,22.6,1,0,6,6,2,2,11,11,138,5,1,0,0,NA,NA
210,1,5,24,105,10524,502099,0,3,1,14,10,9,15,17,14,0,0,0,0,40,39,79,0,0,0,0,0,0,0,0,0,0,0,0,0,-999,-999,-999,0,0,-999,0,-999,1,79,1,0,6,6,2,2,11,11,138,5,1,1,0,NA,NA
211,1,5,25,105,10525,502542,0,3,1,14,5,0,0,0,0,0,0,0,0,14,5,19,0,0,0,0,0,0,0,0,0,0,0,0,0,-999,-999,-999,0,0,-999,0,-999,0,-999,1,0,6,6,2,2,11,11,138,5,1,0,0,NA,NA
212,1,5,18,105,10518,502097,0,3,1,19,8,15,8,29,8,0,0,0,0,63,24,87,0,0,0,0,0,0,0,0,0,0,0,0,0,3,29,184,0,6,14.5,0,-999,2,43.5,1,0,6,6,2,2,11,11,138,5,1,1,0,NA,NA
213,1,5,27,105,10527,502098,0,3,1,22,17,23,18,30,24,0,0,0,0,75,59,134,0.0455,0,0.043500000000000004,0.055600000000000004,0.0333,0,0,0,0,0,0.04,0.016900000000000002,0.0299,2,67,20,7,4,33.5,0,-999,1,134,1,0,6,6,2,2,11,11,138,5,1,1,0,NA,NA
214,1,5,31,105,10531,501746,0,3,1,14,7,14,12,16,7,13,6,0,0,57,32,89,0,0.14290000000000003,0,0,0,0,0.07690000000000001,0,0,0,0.0175,0.0313,0.0225,1,89,-999,0,2,44.5,0,-999,2,44.5,1,0,6,6,2,2,11,11,138,5,1,1,0,NA,NA
215,1,5,32,105,10532,502140,0,3,1,24,22,28,26,27,19,0,0,0,0,79,67,146,0.0417,0,0.0714,0,0.07410000000000001,0.05260000000000001,0,0,0,0,0.0633,0.0149,0.041100000000000005,-999,-999,17,9,12,12.17,0,-999,1,146,1,0,6,6,2,2,11,11,138,5,1,1,0,NA,NA
216,1,9,1,109,10901,501897,0,3,1,15,14,18,12,27,9,12,9,0,0,72,44,116,0,0,0,0,0,0,0,0,0,0,0,0,0,2,58,-999,0,3,38.67,0,-999,2,58,3,0,6,7,2,2,13,6,39,5,1,1,0,NA,NA
217,1,9,1,109,10901,502204,0,3,1,14,11,18,13,16,12,0,0,0,0,48,36,84,0,0,0,0,0,0,0,0,0,0,0,0,0,2,42,-999,0,0,-999,45,1.8666666669999998,2,42,3,0,6,7,2,2,13,6,39,5,1,1,0,NA,NA
218,1,9,1,109,10901,502319,0,3,1,6,4,8,6,0,0,0,0,0,0,14,10,24,0,0,0,0,0,0,0,0,0,0,0,0,0,2,12,-999,0,8,3,0,-999,2,12,3,0,6,7,2,2,13,6,39,5,1,0,0,NA,NA
219,1,9,3,109,10903,502584,0,3,1,5,1,0,0,0,0,0,0,0,0,5,1,6,0,0,0,0,0,0,0,0,0,0,0,0,0,-999,-999,-999,0,0,-999,7,0.8571428570000001,2,3,3,0,6,7,2,2,13,6,39,5,1,0,0,NA,NA
220,1,9,5,109,10905,502306,0,3,1,18,4,21,14,16,11,0,0,0,0,55,29,84,0,0,0,0,0,0,0,0,0,0,0,0,0,-999,-999,-999,0,0,-999,0,-999,2,42,3,0,6,7,2,2,13,6,39,5,1,1,0,NA,NA
221,1,9,5,109,10905,502587,0,3,1,13,2,0,0,0,0,0,0,0,0,13,2,15,0,0,0,0,0,0,0,0,0,0,0,0,0,7,2.14,-999,0,0,-999,0,-999,1,15,3,0,6,7,2,2,13,6,39,5,1,0,0,NA,NA
222,1,9,11,109,10911,502586,0,3,1,8,7,0,0,0,0,0,0,0,0,8,7,15,0,0,0,0,0,0,0,0,0,0,0,0,0,9,1.6700000000000002,76,0,13,1.1500000000000001,0,-999,1,15,3,0,6,7,2,2,13,6,39,5,1,0,0,NA,NA
223,1,9,14,109,10914,502585,0,3,1,15,18,0,0,0,0,0,0,0,0,15,18,33,0,0,0,0,0,0,0,0,0,0,0,0,0,5,6.6,134,0,24,1.3800000000000001,0,-999,1,33,3,0,6,7,2,2,13,6,39,5,1,0,0,NA,NA
224,1,9,19,109,10919,501950,0,3,1,2,1,0,5,2,1,2,2,0,0,6,9,15,0,0,0,0,0,0,0,0,0,0,0,0,0,8,1.8800000000000001,34,0,18,0.8300000000000001,0,-999,1,15,3,0,6,7,2,2,13,6,39,5,1,0,0,NA,NA
225,1,5,1,105,10501,300033,0,2,1,37,43,53,38,52,57,55,47,0,0,197,185,382,0.027,0,0.07550000000000001,0,0.07690000000000001,0,0.0182,0,0,0,0.050800000000000005,0,0.0262,13,28.68,161,2,20,19.459999999999997,24,15.916666670000001,24,15.92,1,0,6,6,2,2,11,11,138,5,1,0,0,NA,NA
226,1,5,30,105,10530,300036,0,2,1,24,16,24,28,26,22,21,28,0,0,95,94,189,0,0,0,0,0,0,0,0,0,0,0,0,0,9,20.69,190,1,11,16.810000000000002,37,5.108108108,13,14.54,1,0,6,6,2,2,11,11,138,5,1,0,0,NA,NA
227,1,5,2,105,10502,300037,0,2,1,43,38,54,41,74,54,59,50,0,0,230,183,413,0.0465,0,0.037,0.0244,0.013500000000000002,0.018500000000000003,0.15250000000000002,0.02,0,0,0.060899999999999996,0.0164,0.0412,8,53.08,260,2,10,42.47,0,-999,23,17.959999999999997,1,0,6,6,2,2,11,11,138,5,1,0,0,NA,NA
228,1,5,10,105,10510,300054,0,2,1,40,29,51,34,45,47,49,40,0,0,185,150,335,0.1,0.0345,0.07840000000000001,0,0.15560000000000002,0,0,0,0,0,0.0811,0.0067,0.0478,13,26.610000000000003,801,0,17,19.959999999999997,83,4.036144577999999,12,27.919999999999998,1,0,6,6,2,2,11,11,138,5,1,0,0,NA,NA
229,1,5,16,105,10516,300074,0,2,1,34,21,36,23,40,27,48,34,0,0,158,105,263,0.11760000000000001,0,0.0833,0,0.07500000000000001,0.037,0,0,0,0,0.0633,0.0095,0.041800000000000004,8,31,147,2,11,23.71,70,3.7571428570000003,11,23.91,1,0,6,6,2,2,11,11,138,5,1,0,0,NA,NA
230,1,5,3,105,10503,300038,0,2,1,59,45,72,64,69,73,62,54,0,0,262,236,498,0.050800000000000005,0.022199999999999998,0.0417,0.0156,0.043500000000000004,0.0274,0.0645,0.055600000000000004,0,0,0.049600000000000005,0.029699999999999997,0.0402,14,36.74,515,1,29,17.45,67,7.432835820999999,21,23.71,1,0,6,6,2,2,11,11,138,5,1,0,0,NA,NA
231,1,5,3,105,10503,300087,0,2,1,44,30,41,36,41,31,46,41,0,0,172,138,310,0,0,0,0,0,0,0,0,0,0,0,0,0,7,45.89,248,1,12,25.810000000000002,54,5.740740741000001,14,22.14,1,0,6,6,2,2,11,11,138,5,1,0,0,NA,NA
232,1,5,4,105,10504,300041,1,2,1,73,72,87,78,81,77,101,71,0,0,342,298,640,0.0274,0.0278,0.0345,0.0128,0.07410000000000001,0.026000000000000002,0.06929999999999999,0,0,0,0.05260000000000001,0.0168,0.035899999999999994,21,30.32,652,1,24,26.53,132,4.848484847999998,30,21.330000000000002,1,0,6,6,2,2,11,11,138,5,1,0,0,NA,NA
233,1,5,17,105,10517,300075,0,2,1,60,43,71,52,64,48,69,70,0,0,264,213,477,0.05,0,0.0282,0.0192,0.0156,0,0.0145,0,0,0,0.026500000000000003,0.0047,0.0168,15,32,582,1,22,21.68,45,10.6,26,18.35,1,0,6,6,2,2,11,11,138,5,1,0,0,NA,NA
234,1,5,5,105,10505,300043,1,2,1,92,73,114,90,82,122,115,104,4,3,407,392,799,0.06520000000000001,0,0,0,0.0366,0.0082,0.017400000000000002,0,0,0,0.027,0.0026,0.015,25,32.61,495,2,23,34.53,43,18.58139535,36,22.19,1,0,6,6,2,2,11,11,138,5,1,0,0,NA,NA
235,1,5,5,105,10505,300055,0,2,1,28,33,57,46,45,46,43,42,0,0,173,167,340,0.035699999999999996,0,0.05260000000000001,0,0.044399999999999995,0,0.0233,0.023799999999999998,0,0,0.0405,0.006,0.0235,8,40.5,218,2,13,25.58,0,-999,18,18.89,1,0,6,6,2,2,11,11,138,5,1,0,0,NA,NA
236,1,5,5,105,10505,300067,0,2,1,17,17,24,17,21,16,16,20,0,0,78,70,148,0,0,0.0417,0,0,0,0,0,0,0,0.0128,0,0.0068000000000000005,5,28.14,38,4,5,28.14,34,4.352941175999999,12,12.33,1,0,6,6,2,2,11,11,138,5,1,0,0,NA,NA
237,1,5,5,105,10505,320908,0,2,1,39,44,33,42,45,34,37,34,0,0,154,154,308,0.0256,0.022699999999999998,0,0.023799999999999998,0.08889999999999999,0.0294,0.027,0,0,0,0.039,0.0195,0.029199999999999997,7,42.9,281,1,6,53.63,1,308,13,23.69,1,0,6,6,2,2,11,11,138,5,1,0,0,NA,NA
238,1,5,6,105,10506,300045,0,2,1,28,14,26,18,25,16,24,19,0,0,103,67,170,0.035699999999999996,0.0714,0.07690000000000001,0,0.08,0.0625,0.16670000000000001,0.05260000000000001,0,0,0.0874,0.0448,0.07060000000000001,12,14.33,421,0,15,11.32,26,6.538461538,13,13.08,1,0,6,6,2,2,11,11,138,5,1,0,0,NA,NA
239,1,5,6,105,10506,300066,0,2,1,22,16,24,15,21,18,26,15,0,0,93,64,157,0,0,0,0,0,0,0,0,0,0,0,0,0,6,27.75,132,1,13,12.33,1,157,13,12.08,1,0,6,6,2,2,11,11,138,5,1,0,0,NA,NA
240,1,5,6,105,10506,300068,0,2,1,15,4,13,16,10,8,13,10,0,0,51,38,89,0,0,0,0,0,0,0,0,0,0,0,0,0,6,14.8,161,1,11,8.219999999999999,3,29.666666669999998,6,14.83,1,0,6,6,2,2,11,11,138,5,1,0,0,NA,NA
241,1,5,7,105,10507,300046,0,2,1,106,61,87,69,96,96,107,106,0,0,396,332,728,0.0377,0,0.023,0.0145,0.0208,0.0104,0.0093,0,0,0,0.022699999999999998,0.006,0.015099999999999999,15,47.46,354,2,14,53.65,54,13.48148148,41,17.759999999999998,1,0,6,6,2,2,11,11,138,5,1,0,0,NA,NA
242,1,5,14,105,10514,300070,0,2,1,37,24,36,31,37,41,40,49,0,0,150,145,295,0.10810000000000002,0,0.1111,0,0.05410000000000001,0.0244,0.1,0.0204,0,0,0.0933,0.013800000000000002,0.054200000000000005,10,28.19,343,1,16,18.04,117,2.521367521,17,17.35,1,0,6,6,2,2,11,11,138,5,1,0,0,NA,NA
243,1,5,11,105,10511,300057,1,2,1,73,85,86,84,90,88,84,106,0,0,333,363,696,0.137,0.0235,0.15120000000000003,0,0.1,0.034100000000000005,0.0952,0.0472,0,0,0.12010000000000001,0.0275,0.0718,19,36.15,793,1,29,23.86,7,99.42857142999999,32,21.75,1,0,6,6,2,2,11,11,138,5,1,0,0,NA,NA
244,1,5,11,105,10511,300058,0,2,1,17,6,31,14,21,12,31,20,0,0,100,52,152,0,0,0.129,0,0.0952,0,0.0323,0.05,0,0,0.07,0.0192,0.05260000000000001,8,18.08,218,1,8,18.08,52,2.9230769229999995,9,16.89,1,0,6,6,2,2,11,11,138,5,1,0,0,NA,NA
245,1,5,11,105,10511,300069,0,2,1,33,30,42,43,29,39,36,38,0,0,140,150,290,0,0.0333,0.0952,0.0465,0,0,0,0,0,0,0.0286,0.02,0.0241,12,23.37,400,1,15,19.3,19,15.26315789,15,19.330000000000002,1,0,6,6,2,2,11,11,138,5,1,0,0,NA,NA
246,1,5,13,105,10513,300053,0,2,1,13,9,7,9,11,15,11,14,0,0,42,47,89,0,0,0.14290000000000003,0,0,0,0.0909,0,0,0,0.0476,0,0.0225,8,11.3,79,1,13,7.06,4,22.25,8,11.129999999999999,1,0,6,6,2,2,11,11,138,5,1,0,0,NA,NA
247,1,5,12,105,10512,300059,0,2,1,41,28,42,31,44,41,39,24,0,0,166,124,290,0,0.035699999999999996,0,0,0,0,0,0,0,0,0,0.0081,0.0034000000000000002,11,26.19,249,1,19,15.52,63,4.603174602999999,20,14.5,1,0,6,6,2,2,11,11,138,5,1,0,0,NA,NA
248,1,5,13,105,10513,300063,0,2,1,260,246,274,324,314,320,310,370,0,0,1158,1260,2418,0.0077,0,0,0.0031,0.0096,0,0.0032,0.0027,0,0,0.0052,0.0015999999999999999,0.0033,56,43.15,-999,1,83,29.09,50,48.36,110,21.979999999999997,1,0,6,6,2,2,11,11,138,5,1,0,0,NA,NA
249,1,5,13,105,10513,300076,0,2,1,18,20,21,26,26,21,24,23,0,0,89,90,179,0.16670000000000001,0,0.0476,0.0385,0.1154,0.0476,0.0833,0.043500000000000004,0,0,0.10110000000000001,0.0333,0.067,7,26,153,1,10,18,4,44.75,10,17.9,1,0,6,6,2,2,11,11,138,5,1,0,0,NA,NA
250,1,5,9,105,10509,300048,0,2,1,13,10,16,18,32,23,25,17,0,0,86,68,154,0,0,0.1875,0,0.15630000000000002,0,0.08,0,0,0,0.1163,0,0.0649,6,26.630000000000003,275,1,5,30.43,44,3.5,12,12.83,1,0,6,6,2,2,11,11,138,5,1,0,0,NA,NA
251,1,5,15,105,10515,300050,0,2,1,7,20,8,17,19,14,20,15,0,0,54,66,120,0,0,0.125,0.058800000000000005,0,0.0714,0.05,0.1333,0,0,0.037,0.0606,0.05,7,18.110000000000003,159,1,6,20.38,0,-999,7,17.14,1,0,6,6,2,2,11,11,138,5,1,0,0,NA,NA
252,1,5,8,105,10508,300064,0,2,1,22,22,25,20,28,20,31,22,0,0,106,84,190,0,0,0,0,0.035699999999999996,0,0,0,0,0,0.009399999999999999,0,0.0053,7,28.110000000000003,168,1,22,8.719999999999999,20,9.5,9,21.110000000000003,1,0,6,6,2,2,11,11,138,5,1,0,0,NA,NA
253,1,5,15,105,10515,300073,0,2,1,69,52,69,75,72,71,68,84,0,0,278,282,560,0.0145,0.0192,0.0145,0,0.0278,0.0141,0.0441,0.011899999999999999,0,0,0.0252,0.0106,0.017900000000000003,10,53.75,408,1,18,31.85,71,7.887323944,21,26.67,1,0,6,6,2,2,11,11,138,5,1,0,0,NA,NA
254,1,5,28,105,10528,300079,0,2,1,18,7,18,10,9,14,10,10,0,0,55,41,96,0,0,0,0,0.1111,0,0,0,0,0,0.0182,0,0.0104,6,15.56,137,1,6,15.56,5,19.2,6,16,1,0,6,6,2,2,11,11,138,5,1,0,0,NA,NA
255,1,5,19,105,10519,300035,0,2,1,139,127,184,184,173,191,174,177,0,0,670,679,1349,0.06470000000000001,0.0157,0.1033,0.032600000000000004,0.06939999999999999,0.0262,0.08620000000000001,0.0621,0,0,0.0821,0.0353,0.058600000000000006,25,53.98,-999,1,24,56.82,28,48.178571430000005,52,25.939999999999998,1,0,6,6,2,2,11,11,138,5,1,0,0,NA,NA
256,1,5,19,105,10519,300061,0,2,1,19,15,25,20,25,18,20,21,0,0,89,74,163,0,0,0.12000000000000001,0,0,0.055600000000000004,0.05,0,0,0,0.044899999999999995,0.013500000000000002,0.030699999999999998,5,30.25,101,2,11,14.239999999999998,36,4.527777777999999,8,20.38,1,0,6,6,2,2,11,11,138,5,1,0,0,NA,NA
257,1,5,19,105,10519,300081,0,2,1,22,21,38,22,34,26,27,26,0,0,121,95,216,0,0,0,0,0.0294,0,0,0.0385,0,0,0.0083,0.0105,0.0093,10,20.69,200,1,14,15.05,49,4.408163265000001,13,16.62,1,0,6,6,2,2,11,11,138,5,1,0,0,NA,NA
258,1,5,20,105,10520,320909,0,2,1,19,11,23,24,36,19,24,15,0,0,102,69,171,0,0,0,0,0,0,0.125,0,0,0,0.0294,0,0.0175,6,29.88,215,1,9,19.919999999999998,57,3,9,19,1,0,6,6,2,2,11,11,138,5,1,0,0,NA,NA
259,1,5,21,105,10521,300039,0,2,1,18,10,18,11,10,12,14,8,0,0,60,41,101,0.055600000000000004,0,0,0,0,0,0,0,0,0,0.0167,0,0.009899999999999999,5,21.5,82,1,9,10.75,27,3.7407407410000006,10,10.1,1,0,6,6,2,2,11,11,138,5,1,0,0,NA,NA
260,1,5,21,105,10521,300071,0,2,1,12,11,16,13,14,11,23,12,0,0,65,47,112,0.0833,0,0,0,0,0,0,0,0,0,0.015399999999999999,0,0.0089,5,24.5,78,1,6,18.38,32,3.5,7,16,1,0,6,6,2,2,11,11,138,5,1,0,0,NA,NA
261,1,5,21,105,10521,305821,0,2,1,21,13,29,20,26,32,24,22,0,0,100,87,187,0,0.07690000000000001,0,0,0,0,0.0417,0,0,0,0.01,0.0115,0.0107,6,31.57,258,1,8,22.1,0,-999,5,37.4,1,0,6,6,2,2,11,11,138,5,1,0,0,NA,NA
262,1,5,26,105,10526,300078,0,2,1,73,73,96,77,97,84,105,101,0,0,371,335,706,0.0274,0.041100000000000005,0,0,0.0309,0,0.0476,0.019799999999999998,0,0,0.027,0.0149,0.0212,14,50.230000000000004,160,4,15,48.04,56,12.60714286,28,25.21,1,0,6,6,2,2,11,11,138,5,1,0,0,NA,NA
263,1,5,29,105,10529,300080,1,2,1,207,187,240,265,264,279,303,280,0,0,1014,1011,2025,0.0242,0.0053,0.025,0.0038,0.018900000000000004,0.0143,0.019799999999999998,0,0,0,0.0217,0.0059,0.013800000000000002,49,41.54,-999,2,86,23.53,240,8.4375,96,21.09,1,0,6,6,2,2,11,11,138,5,1,0,0,NA,NA
264,1,5,22,105,10522,300042,0,2,1,32,22,34,27,37,24,45,34,0,0,148,107,255,0,0,0.058800000000000005,0.037,0.027,0,0.044399999999999995,0,0,0,0.033800000000000004,0.0093,0.0235,10,25.54,207,1,12,20.75,53,4.811320755000001,12,21.25,1,0,6,6,2,2,11,11,138,5,1,0,0,NA,NA
265,1,5,23,105,10523,300034,0,2,1,49,40,49,40,40,32,42,44,0,0,180,156,336,0.0204,0,0.0204,0.025,0.1,0,0.0476,0,0,0,0.044399999999999995,0.0064,0.0268,11,30.87,348,1,7,46.3,77,4.3636363639999995,12,28,1,0,6,6,2,2,11,11,138,5,1,0,0,NA,NA
266,1,5,23,105,10523,300049,0,2,1,60,58,68,59,61,70,77,70,0,0,266,257,523,0.0333,0,0,0,0.0164,0.0143,0.013000000000000001,0.0286,0,0,0.015,0.011699999999999999,0.0134,16,33.05,288,2,27,19.130000000000003,1,523,22,23.77,1,0,6,6,2,2,11,11,138,5,1,0,0,NA,NA
267,1,5,24,105,10524,300062,0,2,1,11,6,15,12,24,16,23,15,0,0,73,49,122,0,0,0,0,0,0,0,0,0,0,0,0,0,5,22.439999999999998,121,1,8,15.54,59,2.0677966100000003,12,10.17,1,0,6,6,2,2,11,11,138,5,1,0,0,NA,NA
268,1,5,24,105,10524,300065,0,2,1,18,7,23,18,20,16,21,21,0,0,82,62,144,0,0,0.13040000000000002,0,0,0,0,0,0,0,0.0366,0,0.0208,6,24.89,173,1,5,32,49,2.9387755099999997,7,20.57,1,0,6,6,2,2,11,11,138,5,1,0,0,NA,NA
269,1,5,24,105,10524,300072,1,2,1,94,75,122,123,129,118,132,136,0,0,477,452,929,0.0319,0.013300000000000001,0.0164,0,0.05430000000000001,0.025400000000000002,0.0303,0,0,0,0.0335,0.0088,0.021500000000000002,22,42.690000000000005,997,1,21,43.91,2,464.5,39,23.82,1,0,6,6,2,2,11,11,138,5,1,0,0,NA,NA
270,1,5,25,105,10525,300032,0,2,1,27,17,24,30,26,29,37,34,0,0,114,110,224,0.037,0,0,0,0.07690000000000001,0.0345,0.0811,0,0,0,0.05260000000000001,0.009099999999999999,0.0313,6,38.13,89,3,7,33.89,31,7.225806452,10,22.4,1,0,6,6,2,2,11,11,138,5,1,0,0,NA,NA
271,1,5,25,105,10525,300077,1,2,1,154,154,188,159,198,203,213,189,0,0,753,705,1458,0.0455,0.013000000000000001,0.026600000000000002,0.0314,0.0303,0.0197,0.06570000000000001,0.0212,0,0,0.0425,0.021300000000000003,0.0322,41,35.839999999999996,-999,1,58,24.93,86,16.95348837,63,23.14,1,0,6,6,2,2,11,11,138,5,1,0,0,NA,NA
272,1,5,18,105,10518,300040,0,2,1,19,6,22,23,17,19,27,24,0,0,85,72,157,0.05260000000000001,0,0,0.043500000000000004,0,0.05260000000000001,0,0,0,0,0.0118,0.0278,0.0191,6,28.25,140,1,5,32.290000000000006,15,10.466666670000002,12,13.08,1,0,6,6,2,2,11,11,138,5,1,0,0,NA,NA
273,1,5,27,105,10527,300056,1,2,1,79,69,69,82,73,84,127,86,0,0,348,321,669,0.07590000000000001,0.028999999999999998,0.0145,0,0.0685,0.023799999999999998,0.0315,0.0349,0,0,0.046,0.0218,0.0344,16,42.27,670,1,23,29.7,52,12.865384620000002,40,16.73,1,0,6,6,2,2,11,11,138,5,1,0,0,NA,NA
274,1,5,27,105,10527,300060,1,2,1,32,39,63,54,77,55,56,66,0,0,228,214,442,0.0625,0,0.0159,0,0.0649,0.036399999999999995,0.017900000000000003,0,0,0,0.0395,0.0093,0.024900000000000002,17,26.5,481,1,28,15.9,0,-999,24,18.419999999999998,1,0,6,6,2,2,11,11,138,5,1,0,0,NA,NA
275,1,5,31,105,10531,300085,0,2,1,43,45,60,63,64,47,68,54,0,0,235,209,444,0.0233,0.022199999999999998,0.0167,0.0159,0.0156,0.042600000000000006,0.07350000000000001,0.055600000000000004,0,0,0.034,0.0335,0.033800000000000004,17,26.5,470,1,15,29.959999999999997,110,4.036363636000001,26,17.08,1,0,6,6,2,2,11,11,138,5,1,0,0,NA,NA
276,1,5,31,105,10531,320904,0,2,1,18,15,29,23,17,22,21,17,0,0,85,77,162,0,0,0.0345,0,0,0,0,0,0,0,0.0118,0,0.0062,7,22,191,1,11,14.67,42,3.857142857,12,13.5,1,0,6,6,2,2,11,11,138,5,1,0,0,NA,NA
277,1,5,32,105,10532,300086,1,2,1,175,171,215,217,218,239,279,261,0,0,887,888,1775,0.0286,0,0.0093,0.0046,0.018300000000000004,0.0251,0.021500000000000002,0.0153,0,0,0.0192,0.0124,0.015799999999999998,49,36.27,-999,1,70,25.18,181,9.806629834000002,86,20.64,1,0,6,6,2,2,11,11,138,5,1,0,0,NA,NA
278,1,9,1,109,10901,300276,0,2,1,63,54,68,54,86,62,71,70,0,0,288,240,528,0.0159,0,0,0,0.0116,0,0,0,0,0,0.0069,0,0.0038,15,35.2,576,1,35,14.92,147,3.591836735,25,21.12,3,0,6,7,2,2,13,6,39,5,1,0,0,NA,NA
279,1,9,1,109,10901,300288,0,2,1,34,38,27,33,44,42,57,50,0,0,162,163,325,0,0,0,0,0.022699999999999998,0,0.0175,0,0,0,0.0123,0,0.0062,20,15.88,828,0,17,19.67,75,4.333333333000001,20,16.25,3,0,6,7,2,2,13,6,39,5,1,0,0,NA,NA
280,1,9,1,109,10901,300297,0,2,1,19,6,7,10,14,20,18,15,0,0,58,51,109,0,0,0,0,0,0,0,0,0,0,0,0,0,4,24.5,37,3,2,49,26,4.192307692,8,13.629999999999999,3,0,6,7,2,2,13,6,39,5,1,0,0,NA,NA
281,1,9,1,109,10901,300301,1,2,1,100,104,126,139,154,154,145,157,0,0,525,554,1079,0.01,0.0096,0.0159,0.0072,0.006500000000000001,0,0.0345,0.0191,0,0,0.0171,0.009,0.013000000000000001,40,26.810000000000002,856,1,50,21.58,162,6.660493826999999,67,16.1,3,0,6,7,2,2,13,6,39,5,1,0,0,NA,NA
282,1,9,1,109,10901,300335,1,2,1,30,40,37,63,63,60,58,46,0,0,188,209,397,0,0,0,0,0,0,0,0,0,0,0,0,0,5,73.86,146,3,10,39.77,45,8.822222222,24,16.54,3,0,6,7,2,2,13,6,39,5,1,0,0,NA,NA
283,1,9,1,109,10901,300355,0,2,1,32,39,42,32,45,64,45,43,0,0,164,178,342,0,0,0,0,0.022199999999999998,0,0,0,0,0,0.0061,0,0.0029,12,29.39,87,4,23,15.11,75,4.56,17,20.12,3,0,6,7,2,2,13,6,39,5,1,0,0,NA,NA
284,1,9,2,109,10902,300273,1,2,1,71,77,91,97,120,88,108,87,0,0,390,349,739,0,0,0,0,0,0,0,0,0,0,0,0,0,31,23.55,-999,0,51,14.61,8,92.37499999999999,40,18.479999999999997,3,0,6,7,2,2,13,6,39,5,1,0,0,NA,NA
285,1,9,2,109,10902,300277,0,2,1,60,41,57,50,67,43,64,65,0,0,248,199,447,0,0.0244,0,0,0.0448,0,0.0469,0.015399999999999999,0,0,0.0242,0.0101,0.017900000000000003,17,25.779999999999998,439,1,17,25.779999999999998,43,10.39534884,22,20.32,3,0,6,7,2,2,13,6,39,5,1,0,0,NA,NA
286,1,9,2,109,10902,300299,0,2,1,22,15,26,20,31,26,24,24,0,0,103,85,188,0.0455,0,0,0,0,0,0.0417,0,0,0,0.0194,0,0.0106,11,16.69,194,1,11,17.8,144,1.305555556,12,15.67,3,0,6,7,2,2,13,6,39,5,1,0,0,NA,NA
287,1,9,2,109,10902,300300,0,2,1,24,15,27,11,28,31,21,27,0,0,100,84,184,0,0,0,0,0,0,0,0,0,0,0,0,0,11,17.47,414,0,3,65.5,58,3.1724137929999996,13,14.15,3,0,6,7,2,2,13,6,39,5,1,0,0,NA,NA
288,1,9,2,109,10902,300322,1,2,1,153,145,168,159,171,183,207,193,0,0,699,680,1379,0,0,0,0.0063,0.0058000000000000005,0,0.0145,0,0,0,0.0057,0.0015,0.0036,28,49.48,814,2,0,-999,115,11.99130435,76,18.14,3,0,6,7,2,2,13,6,39,5,1,0,0,NA,NA
289,1,9,2,109,10902,300364,0,2,1,58,32,51,48,55,53,72,60,0,0,236,193,429,0.0172,0,0.0196,0,0,0,0,0,0,0,0.0085,0,0.0047,20,21.5,-999,0,21,20.07,52,8.25,19,22.58,3,0,6,7,2,2,13,6,39,5,1,0,0,NA,NA
290,1,9,3,109,10903,300281,1,2,1,119,126,120,97,98,120,129,119,0,0,466,462,928,0.042,0,0,0,0,0.0083,0.0155,0,0,0,0.015,0.0022,0.0086,22,42,-999,1,38,24.2,240,3.8666666669999996,40,23.2,3,0,6,7,2,2,13,6,39,5,1,0,0,NA,NA
291,1,9,3,109,10903,300339,0,2,1,29,39,47,39,49,35,48,43,0,0,173,156,329,0,0,0,0,0,0,0,0,0,0,0,0,0,12,28,828,0,21,15.870000000000001,147,2.238095238,17,19.35,3,0,6,7,2,2,13,6,39,5,1,0,0,NA,NA
292,1,9,3,109,10903,300344,0,2,1,35,20,29,29,29,31,30,27,0,0,123,107,230,0,0,0,0,0,0,0,0.037,0,0,0,0.0093,0.0043,12,19.35,776,0,14,16.45,38,6.052631578999999,13,17.69,3,0,6,7,2,2,13,6,39,5,1,0,0,NA,NA
293,1,9,3,109,10903,300350,0,2,1,41,22,37,36,36,31,40,38,0,0,154,127,281,0,0,0,0,0,0,0,0,0,0,0,0,0,11,26.14,307,1,13,21.53,62,4.532258065000001,13,21.62,3,0,6,7,2,2,13,6,39,5,1,0,0,NA,NA
294,1,9,4,109,10904,300282,0,2,1,23,19,29,19,29,20,31,18,0,0,112,76,188,0,0,0,0,0,0,0.0323,0,0,0,0.0089,0,0.0053,11,16.88,441,0,19,9.9,46,4.0869565219999995,10,18.8,3,0,6,7,2,2,13,6,39,5,1,0,0,NA,NA
295,1,9,4,109,10904,300286,1,2,1,253,223,232,252,265,234,268,253,0,0,1018,962,1980,0,0,0,0,0,0,0.0037,0,0,0,0.001,0,5e-4,49,40.54,-999,1,41,48.78,44,45,79,25.06,3,0,6,7,2,2,13,6,39,5,1,0,0,NA,NA
296,1,9,4,109,10904,300302,0,2,1,68,64,62,64,60,57,79,80,0,0,269,265,534,0,0,0.0323,0,0.11670000000000001,0,0.0127,0.025,0,0,0.0372,0.0075,0.0225,15,35.730000000000004,916,1,33,16.04,20,26.7,25,21.36,3,0,6,7,2,2,13,6,39,5,1,0,0,NA,NA
297,1,9,5,109,10905,300307,0,2,1,251,270,274,315,355,313,330,321,0,0,1210,1219,2429,0.004,0,0,0,0.0197,0,0.0061,0,0,0,0.0083,0,0.0041,73,33.2,-999,1,58,42.06,345,7.04057971,118,20.58,3,0,6,7,2,2,13,6,39,5,1,0,0,NA,NA
298,1,9,5,109,10905,300346,0,2,1,23,26,44,30,53,38,51,38,0,2,171,134,305,0.043500000000000004,0,0.0909,0,0.0377,0,0.098,0.05260000000000001,0,0,0.07020000000000001,0.0149,0.045899999999999996,11,26.82,80,4,20,15.2,48,6.3541666669999985,20,15.25,3,0,6,7,2,2,13,6,39,5,1,0,0,NA,NA
299,1,9,5,109,10905,300358,0,2,1,20,22,41,30,36,23,37,33,0,0,134,108,242,0,0,0,0.06670000000000001,0,0,0.05410000000000001,0,0,0,0.0149,0.018500000000000003,0.0165,13,19.29,-999,0,16,14.91,30,8.066666667000002,17,14.239999999999998,3,0,6,7,2,2,13,6,39,5,1,0,0,NA,NA
300,1,9,5,109,10905,300285,0,2,1,19,20,28,13,33,16,32,20,0,0,112,69,181,0,0,0,0,0,0,0,0,0,0,0,0,0,6,30.43,42,4,5,35.5,48,3.7708333329999997,12,15.08,3,0,6,7,2,2,13,6,39,5,1,0,0,NA,NA
301,1,9,5,109,10905,300362,0,2,1,26,20,16,17,23,30,24,23,0,0,89,90,179,0.0385,0,0,0,0,0,0,0,0,0,0.0112,0,0.0056,9,18.85,281,1,14,12.89,51,3.5098039219999997,12,14.92,3,0,6,7,2,2,13,6,39,5,1,0,0,NA,NA
302,1,9,6,109,10906,300295,1,2,1,57,32,48,51,74,51,64,41,0,0,243,175,418,0,0.0313,0,0,0,0.0196,0,0,0,0,0,0.011399999999999999,0.0048000000000000004,12,35.06,264,2,8,49.67,45,9.288888888999999,21,19.9,3,0,6,7,2,2,13,6,39,5,1,0,0,NA,NA
303,1,9,6,109,10906,300319,1,2,1,127,117,128,132,149,156,152,138,0,0,556,543,1099,0.0394,0.0085,0.0469,0.0303,0.033600000000000005,0.0128,0.0855,0.0072,0,0,0.0522,0.0147,0.0337,31,36,-999,1,45,24.55,132,8.325757576000003,42,26.17,3,0,6,7,2,2,13,6,39,5,1,0,0,NA,NA
304,1,9,7,109,10907,300280,0,2,1,15,14,14,12,14,17,14,20,0,0,57,63,120,0,0,0,0,0,0,0,0,0,0,0,0,0,11,10.81,444,0,24,4.94,146,0.821917808,12,10,3,0,6,7,2,2,13,6,39,5,1,0,0,NA,NA
305,1,9,7,109,10907,300294,0,2,1,69,72,75,41,74,59,96,63,0,0,314,235,549,0,0,0.04,0.0244,0.027,0,0.0313,0,0,0,0.025500000000000002,0.0043,0.0164,17,31.93,-999,0,34,15.96,103,5.330097087,24,22.88,3,0,6,7,2,2,13,6,39,5,1,0,0,NA,NA
306,1,9,7,109,10907,300320,0,2,1,31,37,25,28,26,31,36,30,0,0,118,126,244,0,0,0,0,0.07690000000000001,0.0323,0.055600000000000004,0,0,0,0.0339,0.0079,0.0205,4,55,287,1,7,33,96,2.541666667,12,20.330000000000002,3,0,6,7,2,2,13,6,39,5,1,0,0,NA,NA
307,1,9,7,109,10907,300325,0,2,1,407,381,370,375,440,422,521,485,0,0,1738,1663,3401,0.0172,0.0079,0.0054,0.008,0.009099999999999999,0.0118,0.025,0.0041,0,0,0.015,0.0078000000000000005,0.0115,89,38.160000000000004,-999,1,79,42.89,92,36.9673913,146,23.29,3,0,6,7,2,2,13,6,39,5,1,0,0,NA,NA
308,1,9,8,109,10908,300326,1,2,1,583,640,609,635,664,650,764,725,0,0,2620,2650,5270,0.0497,0.0156,0.0476,0.0236,0.0512,0.02,0.0484,0.0207,0,0,0.0492,0.02,0.0345,128,41.260000000000005,-999,1,167,31.52,231,22.813852810000004,234,22.52,3,0,6,7,2,2,13,6,39,5,1,0,0,NA,NA
309,1,9,8,109,10908,300304,1,2,1,57,42,59,57,65,48,66,39,0,0,247,186,433,0.0175,0,0,0,0.07690000000000001,0.0625,0.0606,0,0,0,0.0405,0.0161,0.03,11,41.2,291,1,10,44.14,1,433,23,18.830000000000002,3,0,6,7,2,2,13,6,39,5,1,0,0,NA,NA
310,1,9,9,109,10909,300331,1,2,1,76,74,80,84,100,111,126,109,0,0,382,378,760,0.013200000000000002,0.013500000000000002,0,0,0.04,0.018000000000000002,0.0159,0.018300000000000004,0,0,0.018300000000000004,0.013200000000000002,0.015799999999999998,13,56.949999999999996,981,1,17,44.3,165,4.606060606,27,28.150000000000002,3,0,6,7,2,2,13,6,39,5,1,0,0,NA,NA
311,1,9,9,109,10909,300343,0,2,1,12,12,25,16,18,22,26,27,0,0,81,77,158,0,0,0,0,0.055600000000000004,0,0,0,0,0,0.0123,0,0.0063,6,24.9,113,1,6,24.9,112,1.4107142859999997,10,15.8,3,0,6,7,2,2,13,6,39,5,1,0,0,NA,NA
312,1,9,9,109,10909,300352,0,2,1,17,20,20,22,28,25,33,21,0,0,98,88,186,0,0,0,0,0,0,0,0,0,0,0,0,0,5,39.57,502,0,15,12.59,0,-999,7,26.57,3,0,6,7,2,2,13,6,39,5,1,0,0,NA,NA
313,1,9,9,109,10909,300353,0,2,1,25,12,22,10,20,20,17,19,0,0,84,61,145,0,0,0,0,0,0,0,0,0,0,0,0,0,10,14.8,179,1,10,13.88,122,1.1885245899999999,8,18.130000000000003,3,0,6,7,2,2,13,6,39,5,1,0,0,NA,NA
314,1,9,10,109,10910,300287,0,2,1,288,291,316,304,369,387,346,398,0,0,1319,1380,2699,0.0451,0.0137,0.0475,0.0066,0.0488,0.0233,0.0202,0.0201,0,0,0.0402,0.0167,0.0282,78,34.49,-999,1,121,22.259999999999998,9,299.8888889,117,23.07,3,0,6,7,2,2,13,6,39,5,1,0,0,NA,NA
315,1,9,10,109,10910,300290,1,2,1,44,33,46,39,47,42,53,41,0,0,190,155,345,0,0,0,0,0,0,0,0,0,0,0,0,0,10,34.64,628,1,25,13.860000000000001,8,43.12500000000001,19,18.16,3,0,6,7,2,2,13,6,39,5,1,0,0,NA,NA
316,1,9,10,109,10910,300332,0,2,1,23,26,25,18,27,22,25,23,0,0,100,89,189,0,0.0385,0,0,0.037,0.0455,0.04,0,0,0,0.02,0.0225,0.0212,8,24.18,145,1,21,9.17,281,0.6725978649999999,13,14.54,3,0,6,7,2,2,13,6,39,5,1,0,0,NA,NA
317,1,9,10,109,10910,300342,0,2,1,27,19,37,28,34,23,32,25,0,0,130,95,225,0.037,0,0.027,0,0.0294,0,0,0,0,0,0.0231,0,0.013300000000000001,5,43,138,2,5,43,52,4.326923076999999,11,20.45,3,0,6,7,2,2,13,6,39,5,1,0,0,NA,NA
318,1,9,10,109,10910,300306,0,2,1,26,33,41,17,36,38,27,41,0,0,130,129,259,0.0385,0,0,0,0.055600000000000004,0.026300000000000004,0,0.0244,0,0,0.0231,0.0155,0.0193,7,37.67,336,1,13,19.939999999999998,45,5.755555555999998,13,19.919999999999998,3,0,6,7,2,2,13,6,39,5,1,0,0,NA,NA
319,1,9,10,109,10910,300311,0,2,1,24,25,30,19,17,24,17,20,0,0,88,88,176,0,0,0,0,0.058800000000000005,0,0.058800000000000005,0,0,0,0.022699999999999998,0,0.011399999999999999,13,13.11,236,1,21,8.3,24,7.333333333000001,13,13.54,3,0,6,7,2,2,13,6,39,5,1,0,0,NA,NA
320,1,9,10,109,10910,300329,0,2,1,32,24,37,28,37,38,42,29,0,0,148,119,267,0,0,0,0,0,0,0,0,0,0,0,0,0,13,20.279999999999998,273,1,29,9.360000000000001,60,4.45,14,19.07,3,0,6,7,2,2,13,6,39,5,1,0,0,NA,NA
321,1,9,10,109,10910,300330,0,2,1,60,36,49,56,76,47,54,38,0,0,239,177,416,0,0,0,0,0,0,0,0,0,0,0,0,0,14,30.779999999999998,268,2,16,26.38,40,10.4,20,20.8,3,0,6,7,2,2,13,6,39,5,1,0,0,NA,NA
322,1,9,11,109,10911,300314,1,2,1,49,35,62,56,67,78,50,47,0,0,228,216,444,0,0,0,0,0,0,0,0,0,0,0,0,0,18,24.25,750,1,29,15.09,75,5.92,28,15.860000000000001,3,0,6,7,2,2,13,6,39,5,1,0,0,NA,NA
323,1,9,11,109,10911,300340,0,2,1,42,38,49,52,44,46,70,43,0,0,205,179,384,0.023799999999999998,0,0.10200000000000001,0.0192,0.022699999999999998,0,0.0286,0.0465,0,0,0.0439,0.0168,0.0313,14,27.1,504,1,41,9.34,49,7.8367346940000004,22,17.45,3,0,6,7,2,2,13,6,39,5,1,0,0,NA,NA
324,1,9,11,109,10911,300341,0,2,1,419,427,434,460,503,501,492,501,0,0,1848,1889,3737,0.0239,0.0141,0.018400000000000003,0.013000000000000001,0.0378,0.018000000000000002,0.0305,0.012,0,0,0.0281,0.0143,0.0211,91,41.230000000000004,-999,1,90,41.52,316,11.825949370000002,153,24.419999999999998,3,0,6,7,2,2,13,6,39,5,1,0,0,NA,NA
325,1,9,11,109,10911,300351,0,2,1,37,32,41,35,35,26,52,29,0,0,165,122,287,0,0,0.0244,0,0,0,0,0,0,0,0.0061,0,0.0035,10,29,-999,0,24,11.94,137,2.094890511,24,11.96,3,0,6,7,2,2,13,6,39,5,1,0,0,NA,NA
326,1,9,12,109,10912,300272,0,2,1,23,20,27,29,25,16,22,26,0,0,97,91,188,0,0,0,0,0,0,0,0,0,0,0,0,0,11,17.25,404,0,22,8.629999999999999,148,1.27027027,12,15.67,3,0,6,7,2,2,13,6,39,5,1,0,0,NA,NA
327,1,9,12,109,10912,300274,0,2,1,56,48,79,57,82,68,69,71,0,0,286,244,530,0,0,0,0,0,0,0,0,0,0,0,0,0,23,23.150000000000002,331,2,39,13.639999999999999,80,6.624999999999999,24,22.08,3,0,6,7,2,2,13,6,39,5,1,0,0,NA,NA
328,1,9,12,109,10912,300289,0,2,1,31,27,34,34,31,25,49,35,0,0,145,121,266,0,0,0,0,0,0,0,0,0,0,0,0,0,10,25.36,274,1,9,29.58,114,2.3333333329999997,16,16.630000000000003,3,0,6,7,2,2,13,6,39,5,1,0,0,NA,NA
329,1,9,12,109,10912,300323,0,2,1,113,100,88,86,71,80,106,106,0,0,378,372,750,0,0,0,0,0.0141,0,0,0,0,0,0.0026,0,0.0013,24,31.479999999999997,-999,0,34,22.110000000000003,263,2.851711027,32,23.439999999999998,3,0,6,7,2,2,13,6,39,5,1,0,0,NA,NA
330,1,9,13,109,10913,300321,1,2,1,109,102,122,112,97,104,105,96,0,0,433,414,847,0.0275,0.0196,0.0328,0.017900000000000003,0.0825,0.0096,0.0381,0,0,0,0.0439,0.0121,0.028300000000000002,25,33.91,646,1,39,21.979999999999997,92,9.206521739,38,22.29,3,0,6,7,2,2,13,6,39,5,1,0,0,NA,NA
331,1,9,13,109,10913,300348,1,2,1,212,243,251,285,256,276,260,295,0,0,979,1099,2078,0.0047,0.0041,0.004,0.0035,0.0039,0,0.0038,0.0034000000000000002,0,0,0.0041,0.0027,0.0034000000000000002,41,50.160000000000004,-999,2,66,31.56,250,8.312000000000001,99,20.99,3,0,6,7,2,2,13,6,39,5,1,0,0,NA,NA
332,1,9,14,109,10914,300328,1,2,2,209,205,166,192,237,221,254,235,0,0,866,853,1719,0.0191,0.0049,0.0181,0.0052,0.0127,0.013600000000000001,0.0197,0,0,0,0.017300000000000003,0.0059,0.0116,62,27.6,-999,1,42,40.97,140,12.278571429999998,85,20.22,3,0,6,7,2,2,13,6,39,5,1,0,0,NA,NA
333,1,9,14,109,10914,300349,0,2,1,23,15,31,15,27,24,22,16,0,0,103,70,173,0,0,0,0,0,0.0417,0,0,0,0,0,0.0143,0.0058000000000000005,6,28.630000000000003,287,1,18,9.54,15,11.53333333,13,13.31,3,0,6,7,2,2,13,6,39,5,1,0,0,NA,NA
334,1,9,14,109,10914,300360,0,2,1,39,23,43,26,39,34,54,36,0,0,175,119,294,0,0,0,0,0,0,0,0,0,0,0,0,0,10,30.07,298,1,18,16.7,52,5.653846154,15,19.6,3,0,6,7,2,2,13,6,39,5,1,0,0,NA,NA
335,1,9,14,109,10914,321208,0,2,1,7,4,14,7,13,9,14,10,0,0,48,30,78,0,0,0,0,0,0,0,0.1,0,0,0,0.0333,0.0128,5,15.860000000000001,53,1,13,6.17,160,0.48750000000000004,10,7.8,3,0,6,7,2,2,13,6,39,5,1,0,0,NA,NA
336,1,9,15,109,10915,300347,0,2,1,11,4,7,11,11,9,17,15,0,0,46,39,85,0,0,0,0,0,0.1111,0,0,0,0,0,0.0256,0.0118,11,7.819999999999999,627,0,38,2.22,153,0.5555555560000001,12,7.08,3,0,6,7,2,2,13,6,39,5,1,0,0,NA,NA
337,1,9,15,109,10915,300354,1,2,1,89,70,74,66,103,99,98,59,0,0,364,294,658,0.0112,0,0,0,0.009699999999999999,0,0,0,0,0,0.0055,0,0.003,15,43.24,-999,0,38,17.16,0,-999,28,23.5,3,0,6,7,2,2,13,6,39,5,1,0,0,NA,NA
338,1,9,15,109,10915,300357,0,2,1,20,21,25,23,22,23,26,23,0,0,93,90,183,0,0,0,0,0,0,0,0,0,0,0,0,0,9,21.17,529,0,6,31.75,0,-999,11,16.64,3,0,6,7,2,2,13,6,39,5,1,0,0,NA,NA
339,1,9,15,109,10915,300296,0,2,1,2,7,8,6,8,5,4,7,0,0,22,25,47,0,0,0,0,0,0,0,0,0,0,0,0,0,6,7.56,373,0,8,5.67,75,0.626666667,10,4.7,3,0,6,7,2,2,13,6,39,5,1,0,0,NA,NA
340,1,9,15,109,10915,300303,0,2,1,11,7,22,11,11,14,12,10,0,0,56,42,98,0,0,0,0,0,0,0,0,0,0,0,0,0,6,17.38,-999,0,21,4.71,5,19.6,10,9.8,3,0,6,7,2,2,13,6,39,5,1,0,0,NA,NA
341,1,9,15,109,10915,300324,0,2,1,7,11,8,6,5,9,5,6,0,0,25,32,57,0,0,0,0,0.2,0,0,0,0,0,0.04,0,0.0175,8,7.6,138,0,15,3.8,54,1.055555556,7,8.139999999999999,3,0,6,7,2,2,13,6,39,5,1,0,0,NA,NA
342,1,9,15,109,10915,300359,0,2,1,34,29,40,26,27,33,35,43,0,0,136,131,267,0,0,0,0,0,0,0,0,0,0,0,0,0,10,26.86,414,1,11,23.5,0,-999,14,19.07,3,0,6,7,2,2,13,6,39,5,1,0,0,NA,NA
343,1,9,15,109,10915,300361,0,2,1,26,14,30,22,27,35,22,20,0,0,105,91,196,0,0,0,0,0,0,0,0,0,0,0,0,0,6,32.379999999999995,50,4,17,11.26,100,1.96,13,15.08,3,0,6,7,2,2,13,6,39,5,1,0,0,NA,NA
344,1,9,16,109,10916,300318,0,2,1,13,13,21,10,21,21,26,16,0,0,81,60,141,0,0,0,0,0,0,0,0,0,0,0,0,0,12,11.81,240,1,21,6.75,173,0.8150289020000001,11,12.82,3,0,6,7,2,2,13,6,39,5,1,0,0,NA,NA
345,1,9,16,109,10916,300356,1,2,1,194,203,219,179,224,233,255,242,0,0,892,857,1749,0.0052,0,0.009099999999999999,0,0.0045000000000000005,0.0043,0.0078000000000000005,0,0,0,0.0067,0.0012000000000000001,0.004,45,38.82,-999,1,85,20.68,135,12.955555560000002,58,30.16,3,0,6,7,2,2,13,6,39,5,1,0,0,NA,NA
346,1,9,19,109,10919,300269,0,2,1,17,16,18,22,21,20,26,31,0,0,82,89,171,0,0,0,0,0,0,0,0,0,0,0,0,0,3,55.5,146,1,7,24.67,76,2.25,10,17.1,3,0,6,7,2,2,13,6,39,5,1,0,0,NA,NA
347,1,9,19,109,10919,300278,1,2,1,44,49,52,46,52,52,37,44,0,0,185,191,376,0.022699999999999998,0,0.0385,0,0.0577,0,0,0,0,0,0.0324,0,0.016,12,32.67,394,1,22,17.29,137,2.7445255470000007,24,15.67,3,0,6,7,2,2,13,6,39,5,1,0,0,NA,NA
348,1,9,19,109,10919,300279,0,2,1,77,48,73,66,63,60,81,68,0,0,294,242,536,0,0,0,0,0,0,0,0,0,0,0,0,0,15,34.87,774,1,26,20.56,89,6.022471909999999,21,25.52,3,0,6,7,2,2,13,6,39,5,1,0,0,NA,NA
349,1,9,19,109,10919,300292,0,2,1,25,21,24,18,42,24,27,23,0,0,118,86,204,0,0,0,0,0,0,0,0,0,0,0,0,0,8,27.09,123,2,10,21.29,21,9.714285713999999,13,15.69,3,0,6,7,2,2,13,6,39,5,1,0,0,NA,NA
350,1,9,19,109,10919,300305,0,2,1,26,21,22,30,27,20,22,30,0,0,97,101,198,0,0,0,0,0,0,0,0,0,0,0,0,0,4,54,131,2,10,20.77,121,1.636363636,13,15.229999999999999,3,0,6,7,2,2,13,6,39,5,1,0,0,NA,NA
351,1,9,19,109,10919,300317,0,2,1,24,28,40,36,38,43,40,58,0,0,142,165,307,0,0,0,0,0,0,0,0,0,0,0,0,0,8,38.75,329,1,6,51.67,75,4.093333333,17,18.06,3,0,6,7,2,2,13,6,39,5,1,0,0,NA,NA
352,1,9,19,109,10919,300336,0,2,1,20,22,26,24,16,17,29,23,0,0,91,86,177,0,0,0,0,0,0,0,0,0,0,0,0,0,11,16.29,167,1,9,19,53,3.3396226419999997,14,12.639999999999999,3,0,6,7,2,2,13,6,39,5,1,0,0,NA,NA
353,1,9,19,109,10919,300337,0,2,1,24,18,28,32,29,24,32,32,0,0,113,106,219,0.0833,0,0.10710000000000001,0,0.0345,0,0,0,0,0,0.05310000000000001,0,0.0274,9,24.36,412,1,16,14.11,99,2.2121212120000004,13,16.85,3,0,6,7,2,2,13,6,39,5,1,0,0,NA,NA
354,1,9,17,109,10917,300309,1,2,1,91,119,118,107,119,113,141,138,0,0,469,477,946,0,0,0.016900000000000002,0,0.0084,0.0088,0.0071,0,0,0,0.0085,0.0021,0.0053,32,29.310000000000002,-999,1,47,20.05,110,8.6,60,15.77,3,0,6,7,2,2,13,6,39,5,1,0,0,NA,NA
355,1,9,18,109,10918,300275,0,2,1,58,63,79,67,71,83,99,80,0,0,307,293,600,0,0,0,0,0.0141,0,0.0101,0,0,0,0.006500000000000001,0,0.0033,31,19.55,-999,0,34,17.55,128,4.687499999999999,33,18.18,3,0,6,7,2,2,13,6,39,5,1,0,0,NA,NA
356,1,9,18,109,10918,321203,0,2,1,45,29,32,43,40,59,47,49,0,0,164,180,344,0,0,0,0,0,0,0,0.0204,0,0,0,0.0056,0.0029,23,14.78,574,1,28,12.450000000000001,52,6.615384614999999,16,21.5,3,0,6,7,2,2,13,6,39,5,1,0,0,NA,NA
357,1,9,20,109,10920,300363,1,2,1,301,314,256,353,319,390,358,438,0,0,1234,1495,2729,0,0,0,0,0,0,0,0.0023,0,0,0,7e-4,4e-4,81,33.56,-999,1,74,36.92,49,55.693877549999996,121,22.55,3,0,6,7,2,2,13,6,39,5,1,0,0,NA,NA
358,1,9,20,109,10920,300333,0,2,1,38,19,33,22,30,25,36,35,0,0,137,101,238,0.026300000000000004,0,0.0606,0,0,0,0.055600000000000004,0.057100000000000005,0,0,0.0365,0.019799999999999998,0.0294,11,22.130000000000003,706,0,18,13.28,253,0.9407114620000001,15,15.870000000000001,3,0,6,7,2,2,13,6,39,5,1,0,0,NA,NA
359,1,9,21,109,10921,300283,0,2,1,22,30,24,40,32,31,25,30,0,0,103,131,234,0.0455,0.0333,0,0,0.0625,0,0,0,0,0,0.029099999999999997,0.0076,0.0171,12,19.35,239,1,9,27.419999999999998,0,-999,14,16.71,3,0,6,7,2,2,13,6,39,5,1,0,0,NA,NA
360,1,9,21,109,10921,300316,0,2,1,49,44,65,61,64,54,73,56,0,0,251,215,466,0,0,0.030799999999999998,0,0,0,0,0,0,0,0.008,0,0.0043,20,22.9,624,1,33,14.2,16,29.125,28,16.64,3,0,6,7,2,2,13,6,39,5,1,0,0,NA,NA
361,1,9,21,109,10921,300327,0,2,1,18,42,27,31,31,28,37,32,0,0,113,133,246,0,0,0,0,0,0,0,0,0,0,0,0,0,9,27.23,213,1,22,11.06,132,1.863636364,15,16.4,3,0,6,7,2,2,13,6,39,5,1,0,0,NA,NA
362,1,9,21,109,10921,300365,1,2,1,289,292,351,357,382,370,328,395,0,0,1350,1414,2764,0.034600000000000006,0.0171,0.0285,0.0112,0.0236,0.0162,0.054900000000000004,0.020300000000000002,0,0,0.034800000000000005,0.016300000000000002,0.025300000000000003,58,48.07,-999,1,51,54.230000000000004,81,34.123456790000006,117,23.62,3,0,6,7,2,2,13,6,39,5,1,0,0,NA,NA
363,1,9,21,109,10921,300293,0,2,1,10,15,16,14,21,16,16,17,0,0,63,62,125,0,0,0.0625,0,0,0,0,0,0,0,0.0159,0,0.008,5,26.29,170,1,7,18.4,74,1.6891891890000001,7,17.86,3,0,6,7,2,2,13,6,39,5,1,0,0,NA,NA
364,1,9,21,109,10921,300313,0,2,1,18,17,25,25,32,39,32,20,0,0,107,101,208,0,0,0,0,0,0,0,0,0,0,0,0,0,8,24.67,306,1,22,9.25,315,0.6603174599999998,12,17.330000000000002,3,0,6,7,2,2,13,6,39,5,1,0,0,NA,NA
365,1,9,21,109,10921,300338,0,2,1,18,29,13,32,33,34,13,19,0,0,77,114,191,0,0,0,0,0,0,0,0,0,0,0,0,0,10,18.630000000000003,808,0,12,16.56,56,3.410714286,14,13.639999999999999,3,0,6,7,2,2,13,6,39,5,1,0,0,NA,NA
366,1,9,22,109,10922,300271,0,2,1,45,34,47,39,53,45,55,46,0,0,200,164,364,0,0.0294,0,0,0.018900000000000004,0.022199999999999998,0,0.0217,0,0,0.005,0.018300000000000004,0.011,13,28.110000000000003,381,1,18,19.779999999999998,46,7.9130434780000005,17,21.41,3,0,6,7,2,2,13,6,39,5,1,0,0,NA,NA
367,1,9,22,109,10922,300284,0,2,1,19,20,18,19,24,27,21,13,0,0,82,79,161,0,0,0,0,0,0,0,0,0,0,0,0,0,9,17.150000000000002,441,0,22,7.1899999999999995,167,0.9640718560000001,13,12.38,3,0,6,7,2,2,13,6,39,5,1,0,0,NA,NA
368,1,9,22,109,10922,300298,0,2,1,18,16,26,27,30,34,44,32,0,0,118,109,227,0,0,0.07690000000000001,0,0.0333,0,0,0,0,0,0.025400000000000002,0,0.013200000000000002,10,22.27,399,1,18,12.850000000000001,71,3.197183099,13,17.459999999999997,3,0,6,7,2,2,13,6,39,5,1,0,0,NA,NA
369,1,9,22,109,10922,300308,1,2,2,288,300,326,334,364,353,361,387,0,0,1339,1374,2713,0.017400000000000002,0.0033,0.018400000000000003,0.015,0.0412,0.022699999999999998,0.036,0.0103,0,0,0.029099999999999997,0.0131,0.021,72,37.64,-999,1,109,24.87,115,23.59130435,110,24.66,3,0,6,7,2,2,13,6,39,5,1,0,0,NA,NA
370,1,9,22,109,10922,300334,0,2,1,56,39,56,34,58,36,51,37,0,0,221,146,367,0.017900000000000003,0,0.035699999999999996,0.0294,0.0345,0.0278,0.0196,0.027,0,0,0.0271,0.0205,0.0245,11,32.5,261,1,30,12.09,2,183.5,16,22.939999999999998,3,0,6,7,2,2,13,6,39,5,1,0,0,NA,NA
371,1,9,22,109,10922,300366,0,2,1,26,28,37,31,41,40,48,40,0,0,152,139,291,0,0,0,0,0,0,0,0,0,0,0,0,0,14,20.72,660,0,38,7.609999999999999,228,1.276315789,13,22.38,3,0,6,7,2,2,13,6,39,5,1,0,0,NA,NA
372,1,11,1,111,11101,300099,0,2,1,15,9,19,19,20,14,24,25,0,0,78,67,145,0,0,0.05260000000000001,0,0.05,0,0,0,0,0,0.0256,0,0.013800000000000002,8,18.09,145,1,15,9.950000000000001,9,16.111111110000007,6,24.17,2,0,6,6,2,2,11,16,135,6,1,0,0,NA,NA
373,1,11,1,111,11101,300116,0,2,1,24,18,35,26,34,31,45,31,0,0,138,106,244,0.0833,0,0,0,0,0,0,0,0,0,0.0145,0,0.0082,11,22.38,286,1,16,14.92,0,-999,14,17.43,2,0,6,6,2,2,11,16,135,6,1,0,0,NA,NA
374,1,11,1,111,11101,300126,0,2,1,5,7,8,13,10,8,6,11,0,0,29,39,68,0,0,0,0,0,0,0,0,0,0,0,0,0,6,11.75,68,1,10,6.71,0,-999,7,9.709999999999999,2,0,6,6,2,2,11,16,135,6,1,0,0,NA,NA
375,1,11,1,111,11101,321001,0,2,3,17,8,13,10,8,10,9,17,0,0,47,45,92,0,0,0,0,0,0,0,0,0,0,0,0,0,7,13.56,106,1,14,6.78,48,1.9166666669999997,6,15.33,2,0,6,6,2,2,11,16,135,6,1,0,0,NA,NA
376,1,11,1,111,11101,500602,0,1,1,129,131,156,163,164,144,170,180,0,0,619,618,1237,0,0,0,0,0,0,0,0,0,0,0,0,0,17,73.24000000000001,729,2,14,90.47,60,20.61666667,40,30.93,2,0,6,6,2,2,11,16,135,6,1,0,1,NA,NA
377,1,9,12,109,10912,300345,1,2,1,349,279,420,353,410,410,450,443,0,0,1629,1485,3114,0.0115,0.0072,0.0095,0.0085,0.0122,0.0049,0.011099999999999999,0.013500000000000002,0,0,0.011,0.0088,0.01,69,44.96,-999,2,40,77.73,220,14.15454545,125,24.91,3,0,6,7,2,2,13,6,39,5,1,0,1,NA,NA
378,1,11,1,111,11101,300118,1,2,2,305,275,332,349,387,404,454,424,0,0,1478,1452,2930,0.0131,0.0036,0.015099999999999999,0.0029,0.0181,0.009899999999999999,0.019799999999999998,0.0118,0,0,0.016900000000000002,0.0076,0.0123,73,40.190000000000005,-999,2,63,46.7,185,15.83783784,179,16.37,2,0,6,6,2,2,11,16,135,6,1,0,1,NA,NA
379,1,11,1,111,11101,324103,0,4,1,51,40,60,46,53,49,40,41,0,0,204,176,380,0,0.025,0.0167,0.0217,0.018900000000000004,0,0,0,0,0,0.0098,0.011399999999999999,0.0105,12,31.67,378,1,17,22.35,0,-999,17,22.35,2,0,6,6,2,2,11,16,135,6,1,0,0,NA,NA
380,2,5,2,205,20502,500023,0,1,1,26,9,26,19,34,29,25,30,0,0,111,87,198,0,0,0,0,0.0294,0,0.04,0,0,0,0.018000000000000002,0,0.0101,10,18.87,410,0,11,17.69,2,99,13,15.229999999999999,11,1,2,6,2,0,15,6,43,5,1,0,0,NA,NA
381,2,5,8,205,20508,500073,0,1,2,33,29,34,26,46,38,33,37,0,0,146,130,276,0.0303,0.06899999999999999,0.1471,0.07690000000000001,0.06520000000000001,0,0.12120000000000002,0,0,0,0.089,0.030799999999999998,0.0616,14,19.330000000000002,292,1,18,15.62,24,11.5,16,17.25,11,1,2,6,2,0,15,6,43,5,1,0,0,NA,NA
382,2,5,17,205,20517,500077,0,1,1,21,26,22,14,19,18,17,12,0,0,79,70,149,0,0,0,0,0,0,0,0,0,0,0,0,0,8,19.09,195,1,11,13.129999999999999,50,2.98,8,18.630000000000003,11,1,2,6,2,0,15,6,43,5,1,0,0,NA,NA
383,2,5,18,205,20518,501202,0,1,1,55,37,54,43,53,52,41,60,0,0,203,192,395,0,0,0,0,0,0,0,0,0,0,0,0,0,16,24.14,403,1,17,23.05,101,3.9108910889999997,20,19.75,11,1,2,6,2,0,15,6,43,5,1,0,0,NA,NA
384,2,5,21,205,20521,500068,0,1,1,21,18,25,22,25,20,24,15,0,0,95,75,170,0.0476,0,0.04,0,0.04,0,0,0,0,0,0.0316,0,0.0176,8,20.09,131,1,12,14.729999999999999,51,3.3333333329999997,7,24.29,11,1,2,6,2,0,15,6,43,5,1,0,0,NA,NA
385,2,5,21,205,20521,500082,0,1,1,21,20,17,14,17,15,14,11,0,0,69,60,129,0,0,0,0,0,0,0,0,0,0,0,0,0,6,20.630000000000003,140,1,7,18.330000000000002,0,-999,8,16.130000000000003,11,1,2,6,2,0,15,6,43,5,1,0,0,NA,NA
386,2,5,22,205,20522,500081,0,1,1,57,50,55,50,61,59,59,52,0,0,232,211,443,0.05260000000000001,0,0.0182,0,0.0656,0.050800000000000005,0.0339,0,0,0,0.043100000000000006,0.0142,0.0293,13,34.28,368,1,23,19.279999999999998,0,-999,20,22.150000000000002,11,1,2,6,2,0,15,6,43,5,1,0,0,NA,NA
387,2,5,22,205,20522,500092,0,1,2,87,86,90,111,105,107,92,96,0,0,374,400,774,0.0345,0,0.022199999999999998,0.027,0.0381,0.037399999999999996,0.06520000000000001,0.05210000000000001,0,0,0.040100000000000004,0.03,0.0349,25,31.3,461,2,28,27.18,145,5.3379310339999995,28,27.64,11,1,2,6,2,0,15,6,43,5,1,0,0,NA,NA
388,2,5,23,205,20523,500075,0,1,1,24,24,37,15,28,22,23,27,0,0,112,88,200,0,0,0,0,0,0,0,0,0,0,0,0,0,7,28.57,224,1,11,18.18,0,-999,11,18.18,11,1,2,6,2,0,15,6,43,5,1,0,0,NA,NA
389,2,5,23,205,20523,500076,0,1,1,21,19,23,23,30,30,28,18,0,0,102,90,192,0,0,0,0,0,0,0,0,0,0,0,0,0,6,31.25,184,1,5,41.67,13,14.76923077,13,14.77,11,1,2,6,2,0,15,6,43,5,1,0,0,NA,NA
390,2,5,24,205,20524,500094,0,1,1,26,33,55,46,41,50,41,29,0,0,163,158,321,0,0,0,0,0,0,0,0,0,0,0,0,0,9,33.92,274,1,4,81.4,96,3.34375,14,22.93,11,1,2,6,2,0,15,6,43,5,1,0,0,NA,NA
391,2,5,26,205,20526,500016,0,1,1,29,20,29,25,29,32,32,23,0,0,119,100,219,0.3103,0.05,0.1034,0.12000000000000001,0.0345,0.0938,0.125,0,0,0,0.14290000000000003,0.07,0.1096,5,47.57,-999,0,7,33.3,0,-999,15,14.6,11,1,2,6,2,0,15,6,43,5,1,0,0,NA,NA
392,2,5,26,205,20526,500022,0,1,1,27,20,20,26,12,16,14,16,0,0,73,78,151,0.1111,0.05,0.05,0.0385,0.0833,0,0,0.0625,0,0,0.0685,0.0385,0.053000000000000005,7,23.22,103,1,11,13.93,402,0.37562189100000004,8,18.88,11,1,2,6,2,0,15,6,43,5,1,0,0,NA,NA
393,2,5,27,205,20527,500091,0,1,1,11,14,20,13,28,24,19,15,0,0,78,66,144,0,0,0,0,0,0,0,0,0,0,0,0,0,4,39.8,59,2,8,18.09,3,48,9,16,11,1,2,6,2,0,15,6,43,5,1,0,0,NA,NA
394,2,5,28,205,20528,500093,0,1,1,12,8,17,13,19,14,17,12,0,0,65,47,112,0,0,0,0.07690000000000001,0.1053,0,0,0,0,0,0.030799999999999998,0.021300000000000003,0.0268,6,20.14,112,1,6,20.14,0,-999,5,22.4,11,1,2,6,2,0,15,6,43,5,1,0,0,NA,NA
395,2,5,29,205,20529,500086,0,1,1,28,26,21,19,12,25,15,19,0,0,76,89,165,0.035699999999999996,0.0385,0.0476,0,0.0833,0,0.06670000000000001,0,0,0,0.05260000000000001,0.0112,0.0303,3,65.33,72,2,3,65.33,0,-999,8,20.630000000000003,11,1,2,6,2,0,15,6,43,5,1,0,0,NA,NA
396,2,5,29,205,20529,500014,0,1,1,21,26,25,26,17,36,24,25,0,0,87,113,200,0,0,0,0.0385,0.058800000000000005,0,0,0.04,0,0,0.0115,0.0177,0.015,8,25.1,208,1,10,20.919999999999998,44,4.545454544999999,15,13.33,11,1,2,6,2,0,15,6,43,5,1,0,0,NA,NA
397,2,5,29,205,20529,500070,0,1,1,30,28,41,30,32,32,39,24,0,0,142,114,256,0.1333,0.0714,0.0244,0.0333,0.125,0.0313,0.07690000000000001,0.16670000000000001,0,0,0.0845,0.07020000000000001,0.07810000000000002,2,156.5,51,5,2,156.5,0,-999,11,23.27,11,1,2,6,2,0,15,6,43,5,1,0,0,NA,NA
398,2,5,34,205,20534,500088,0,1,1,57,44,60,43,41,51,63,56,0,0,221,194,415,0.0351,0,0.0833,0.0233,0.0976,0.0392,0.0635,0.017900000000000003,0,0,0.0679,0.0206,0.0458,28,14.82,359,1,22,18.650000000000002,92,4.510869565,21,19.759999999999998,11,1,2,6,2,0,15,6,43,5,1,0,0,NA,NA
399,2,5,2,205,20502,500021,0,3,1,8,10,9,17,14,11,14,20,0,0,45,58,103,0,0,0.1111,0.11760000000000001,0.0714,0,0.14290000000000003,0,0,0,0.08889999999999999,0.0345,0.058300000000000005,3,34.33,80,1,3,34.33,0,-999,8,12.88,11,1,2,6,2,0,15,6,43,5,1,0,0,NA,NA
400,2,5,2,205,20502,500084,0,3,1,13,9,14,11,17,16,13,12,0,0,57,48,105,0,0,0,0,0,0,0,0,0,0,0,0,0,4,26.25,85,1,4,26.25,2,52.5,16,6.56,11,1,2,6,2,0,15,6,43,5,1,0,0,NA,NA
401,2,5,2,205,20502,501947,0,3,1,15,12,10,12,24,21,12,14,0,0,61,59,120,0,0,0,0,0,0,0.0833,0,0,0,0.0164,0,0.0083,6,20,10,12,2,60,0,-999,10,12,11,1,2,6,2,0,15,6,43,5,1,0,0,NA,NA
402,2,5,2,205,20502,500012,0,3,1,15,12,15,11,14,13,16,10,0,0,60,46,106,0.06670000000000001,0,0,0,0.0714,0,0,0.1,0,0,0.0333,0.0217,0.028300000000000002,6,17.67,185,1,8,13.25,0,-999,8,13.25,11,1,2,6,2,0,15,6,43,5,1,0,0,NA,NA
403,2,5,2,205,20502,500017,0,3,1,16,11,16,17,23,17,29,11,0,0,84,56,140,0,0,0,0.058800000000000005,0.043500000000000004,0,0,0.1818,0,0,0.011899999999999999,0.05360000000000001,0.0286,4,35,154,1,4,35,30,4.666666666999999,8,17.5,11,1,2,6,2,0,15,6,43,5,1,0,0,NA,NA
404,2,5,2,205,20502,500020,0,3,1,22,18,30,16,26,21,44,25,0,0,122,80,202,0.0909,0.055600000000000004,0.1,0,0.1154,0.0476,0.022699999999999998,0.04,0,0,0.0738,0.0375,0.0594,9,22.439999999999998,370,1,4,50.5,31,6.516129032,16,12.629999999999999,11,1,2,6,2,0,15,6,43,5,1,0,0,NA,NA
405,2,5,2,205,20502,500089,0,3,1,12,13,11,9,14,16,17,15,0,0,54,53,107,0,0,0,0,0,0,0,0,0,0,0,0,0,6,17.830000000000002,176,1,3,35.67,1,107,8,13.38,11,1,2,6,2,0,15,6,43,5,1,0,0,NA,NA
406,2,5,3,205,20503,501447,0,3,1,18,9,17,14,15,8,19,19,0,0,69,50,119,0,0.1111,0,0,0.06670000000000001,0,0,0.05260000000000001,0,0,0.0145,0.04,0.0252,3,39.67,255,0,5,23.8,0,-999,4,29.75,11,1,2,6,2,0,15,6,43,5,1,0,0,NA,NA
407,2,5,3,205,20503,501665,0,3,1,6,10,9,7,6,4,9,2,0,0,30,23,53,0,0,0,0,0,0,0,0,0,0,0,0,0,8,6.63,-999,0,0,-999,0,-999,1,53,11,1,2,6,2,0,15,6,43,5,1,1,0,NA,NA
408,2,5,4,205,20504,500019,0,3,1,19,17,36,20,31,14,16,13,0,0,102,64,166,0.05260000000000001,0,0,0,0,0.0714,0,0,0,0,0.0098,0.0156,0.012,8,20.75,218,1,8,20.75,50,3.32,11,15.09,11,1,2,6,2,0,15,6,43,5,1,0,0,NA,NA
409,2,5,4,205,20504,500072,0,3,1,24,17,24,36,27,30,22,25,0,0,97,108,205,0,0,0.0833,0.0278,0.1481,0.0333,0.0909,0.08,0,0,0.0825,0.037,0.0585,7,29.29,215,1,7,29.29,42,4.880952381,15,13.67,11,1,2,6,2,0,15,6,43,5,1,0,0,NA,NA
410,2,5,4,205,20504,500079,0,3,2,17,13,17,22,23,23,15,19,0,0,72,77,149,0,0,0,0,0,0,0,0,0,0,0,0,0,6,24.830000000000002,167,1,9,16.56,0,-999,9,16.56,11,1,2,6,2,0,15,6,43,5,1,0,0,NA,NA
411,2,5,4,205,20504,500732,0,3,1,9,12,13,5,12,3,6,10,0,0,40,30,70,0,0,0,0,0,0,0,0,0,0,0,0,0,1,70,25,3,2,35,51,1.3725490200000001,4,17.5,11,1,2,6,2,0,15,6,43,5,1,0,0,NA,NA
412,2,5,4,205,20504,501133,0,3,1,9,10,11,11,10,6,12,8,0,0,42,35,77,0,0,0,0,0,0,0.0833,0,0,0,0.023799999999999998,0,0.013000000000000001,1,77,-999,0,4,19.25,86,0.8953488370000001,3,25.67,11,1,2,6,2,0,15,6,43,5,1,0,0,NA,NA
413,2,5,6,205,20506,501434,0,3,1,23,11,22,13,20,13,9,12,0,0,74,49,123,0,0,0,0,0,0,0.1111,0,0,0,0.013500000000000002,0,0.0081,-999,-999,-999,0,0,-999,0,-999,5,24.6,11,1,2,6,2,0,15,6,43,5,1,0,0,NA,NA
414,2,5,8,205,20508,501316,0,3,1,22,19,16,26,15,26,12,16,0,0,65,87,152,0.2727,0.1053,0.0625,0.0385,0.06670000000000001,0.0385,0.16670000000000001,0.125,0,0,0.15380000000000002,0.06899999999999999,0.1053,2,76,70,2,2,76,5,30.4,1,152,11,1,2,6,2,0,15,6,43,5,1,1,0,NA,NA
415,2,5,9,205,20509,501180,0,3,1,16,22,23,21,18,24,18,25,0,0,75,92,167,0.0625,0.0455,0.043500000000000004,0.0476,0,0,0,0,0,0,0.0267,0.0217,0.024,12,13.92,170,1,11,15.18,14,11.928571429999998,13,12.850000000000001,11,1,2,6,2,0,15,6,43,5,1,0,0,NA,NA
416,2,5,14,205,20514,501315,0,3,1,12,5,6,7,12,7,11,13,0,0,41,32,73,0,0,0,0,0.0833,0,0,0,0,0,0.0244,0,0.0137,2,36.5,53,1,2,36.5,0,-999,1,73,11,1,2,6,2,0,15,6,43,5,1,1,0,NA,NA
417,2,5,15,205,20515,500970,0,3,1,25,23,18,15,19,13,14,19,0,0,76,70,146,0.08,0,0.1111,0.06670000000000001,0,0,0,0,0,0,0.05260000000000001,0.0143,0.0342,-999,-999,-999,0,0,-999,99,1.474747475,4,36.5,11,1,2,6,2,0,15,6,43,5,1,0,0,NA,NA
418,2,5,18,205,20518,500467,0,3,1,15,17,18,20,20,21,18,20,0,0,71,78,149,0,0,0,0,0,0,0,0,0,0,0,0,0,4,37.25,200,1,7,21.29,135,1.103703704,5,29.8,11,1,2,6,2,0,15,6,43,5,1,0,0,NA,NA
419,2,5,18,205,20518,501142,0,3,1,11,14,12,14,13,9,11,9,0,0,47,46,93,0,0,0.0833,0,0,0,0,0,0,0,0.021300000000000003,0,0.0108,3,31,61,2,4,23.25,38,2.4473684209999997,4,23.25,11,1,2,6,2,0,15,6,43,5,1,0,0,NA,NA
420,2,5,10,205,20510,501309,0,3,1,15,3,11,5,16,13,9,4,0,0,51,25,76,0,0,0,0,0,0,0,0,0,0,0,0,0,3,25.330000000000002,37,2,1,76,0,-999,1,76,11,1,2,6,2,0,15,6,43,5,1,1,0,NA,NA
421,2,5,10,205,20510,501310,0,3,1,11,16,16,17,11,12,12,15,0,0,50,60,110,0,0,0,0,0,0,0,0,0,0,0,0,0,4,27.5,110,1,1,110,2,55,2,55,11,1,2,6,2,0,15,6,43,5,1,1,0,NA,NA
422,2,5,16,205,20516,501311,0,3,1,7,3,4,6,4,6,4,8,0,0,19,23,42,0.14290000000000003,0.3333,0,0,0.25,0,0,0,0,0,0.1053,0.043500000000000004,0.0714,-999,-999,88,0,0,-999,0,-999,4,10.5,11,1,2,6,2,0,15,6,43,5,1,0,0,NA,NA
423,2,5,19,205,20519,501313,0,3,1,16,14,11,12,20,11,12,7,0,0,59,44,103,0,0,0,0,0,0,0,0,0,0,0,0,0,-999,-999,104,1,1,103,0,-999,3,34.33,11,1,2,6,2,0,15,6,43,5,1,0,0,NA,NA
424,2,5,20,205,20520,500071,0,3,1,7,13,26,22,19,12,13,18,0,0,65,65,130,0.14290000000000003,0.07690000000000001,0.07690000000000001,0,0.05260000000000001,0,0.07690000000000001,0,0,0,0.07690000000000001,0.015399999999999999,0.0462,5,26,159,1,9,14.44,0,-999,9,14.44,11,1,2,6,2,0,15,6,43,5,1,0,0,NA,NA
425,2,5,21,205,20521,500067,0,3,1,14,15,19,10,19,21,15,10,0,0,67,56,123,0,0,0.05260000000000001,0.1,0,0,0.06670000000000001,0.1,0,0,0.0299,0.035699999999999996,0.0325,4,30.75,76,2,8,15.38,0,-999,8,15.38,11,1,2,6,2,0,15,6,43,5,1,0,0,NA,NA
426,2,5,24,205,20524,501917,0,3,1,6,10,11,8,5,11,5,15,0,0,27,44,71,0,0,0,0,0,0,0,0,0,0,0,0,0,-999,-999,50,1,4,17.75,0,-999,3,23.67,11,1,2,6,2,0,15,6,43,5,1,0,0,NA,NA
427,2,5,25,205,20525,502549,0,3,1,15,16,0,0,0,0,0,0,0,0,15,16,31,0,0,0,0,0,0,0,0,0,0,0,0,0,-999,-999,-999,0,0,-999,0,-999,0,-999,11,1,2,6,2,0,15,6,43,5,1,0,0,NA,NA
428,2,5,26,205,20526,500013,0,3,1,25,17,28,25,23,27,20,25,0,0,96,94,190,0.04,0,0.0714,0.08,0.13040000000000002,0.037,0,0,0,0,0.0625,0.0319,0.0474,2,95,-999,0,6,31.67,0,-999,11,17.27,11,1,2,6,2,0,15,6,43,5,1,0,0,NA,NA
429,2,5,26,205,20526,500015,0,3,1,35,25,17,26,14,26,12,21,0,0,78,98,176,0.1143,0,0,0,0.21430000000000002,0,0.0833,0.0952,0,0,0.10260000000000001,0.0204,0.0568,9,19.56,140,1,8,22,3,58.66666667,12,14.67,11,1,2,6,2,0,15,6,43,5,1,0,0,NA,NA
430,2,5,26,205,20526,500083,0,3,1,19,8,14,10,10,13,8,14,0,0,51,45,96,0,0,0,0,0,0.07690000000000001,0,0,0,0,0,0.022199999999999998,0.0104,1,96,78,1,5,19.2,0,-999,8,12,11,1,2,6,2,0,15,6,43,5,1,0,0,NA,NA
431,2,5,28,205,20528,501615,0,3,1,22,8,15,26,22,12,17,12,0,0,76,58,134,0.0455,0,0.06670000000000001,0.1154,0,0.0833,0,0,0,0,0.026300000000000004,0.06899999999999999,0.0448,-999,-999,100,1,0,-999,0,-999,3,44.67,11,1,2,6,2,0,15,6,43,5,1,1,0,NA,NA
432,2,5,29,205,20529,500011,0,3,1,30,21,22,31,23,22,25,20,0,0,100,94,194,0.06670000000000001,0.0952,0.13640000000000002,0.0645,0.043500000000000004,0.0455,0.04,0.1,0,0,0.07,0.07450000000000001,0.07220000000000001,3,64.66999999999999,157,1,4,48.5,63,3.0793650789999996,9,21.56,11,1,2,6,2,0,15,6,43,5,1,0,0,NA,NA
433,2,5,29,205,20529,500069,0,3,1,11,4,7,12,21,10,15,8,0,0,54,34,88,0,0,0,0,0,0,0,0,0,0,0,0,0,5,17.6,73,1,7,12.57,46,1.9130434779999999,7,12.57,11,1,2,6,2,0,15,6,43,5,1,0,0,NA,NA
434,2,5,29,205,20529,501150,0,3,1,14,17,16,18,21,21,15,15,0,0,66,71,137,0,0,0,0,0,0,0,0,0,0,0,0,0,-999,-999,-999,0,0,-999,0,-999,3,45.67,11,1,2,6,2,0,15,6,43,5,1,1,0,NA,NA
435,2,5,29,205,20529,501588,0,3,1,18,15,16,17,16,9,14,17,0,0,64,58,122,0,0,0,0,0.0625,0,0,0,0,0,0.0156,0,0.0082,-999,-999,115,1,0,-999,1,122,3,40.67,11,1,2,6,2,0,15,6,43,5,1,1,0,NA,NA
436,2,5,29,205,20529,501675,0,3,1,26,14,27,27,26,18,23,25,0,0,102,84,186,0,0,0,0,0,0,0,0,0,0,0,0,0,7,26.57,90,2,6,31,0,-999,6,31,11,1,2,6,2,0,15,6,43,5,1,0,0,NA,NA
437,2,5,29,205,20529,501894,0,3,1,20,9,5,6,13,14,0,0,0,0,38,29,67,0.05,0,0,0,0.3077,0.0714,0,0,0,0,0.1316,0.0345,0.0896,-999,-999,10,7,0,-999,0,-999,1,67,11,1,2,6,2,0,15,6,43,5,1,1,0,NA,NA
438,2,5,29,205,20529,502130,0,3,1,19,15,4,6,16,8,0,0,0,0,39,29,68,0.05260000000000001,0,0.25,0,0.0625,0,0,0,0,0,0.07690000000000001,0,0.0441,-999,-999,70,1,0,-999,0,-999,1,68,11,1,2,6,2,0,15,6,43,5,1,1,0,NA,NA
439,2,5,29,205,20529,500085,0,3,1,10,10,11,10,8,6,7,8,0,0,36,34,70,0,0,0,0,0,0,0,0,0,0,0,0,0,5,14,70,1,5,14,0,-999,8,8.75,11,1,2,6,2,0,15,6,43,5,1,0,0,NA,NA
440,2,5,29,205,20529,500095,0,3,1,44,35,55,58,34,32,37,33,0,0,170,158,328,0.0455,0.057100000000000005,0.1273,0.0517,0.0882,0.0313,0.10810000000000002,0.0909,0,0,0.0941,0.057,0.07620000000000002,7,46.86,227,1,9,36.44,5,65.6,15,21.87,11,1,2,6,2,0,15,6,43,5,1,0,0,NA,NA
441,2,5,29,205,20529,500501,0,3,1,13,11,19,14,16,10,10,14,0,0,58,49,107,0.07690000000000001,0,0.05260000000000001,0,0,0.1,0,0.0714,0,0,0.0345,0.0408,0.037399999999999996,-999,-999,15,7,0,-999,0,-999,7,15.29,11,1,2,6,2,0,15,6,43,5,1,0,0,NA,NA
442,2,5,29,205,20529,500502,0,3,1,13,12,23,13,19,16,15,9,0,0,70,50,120,0.2308,0,0.043500000000000004,0,0.21050000000000002,0.0625,0,0,0,0,0.1143,0.02,0.07500000000000001,-999,-999,-999,0,0,-999,43,2.790697674,10,12,11,1,2,6,2,0,15,6,43,5,1,0,0,NA,NA
443,2,5,29,205,20529,501132,0,3,1,28,16,24,20,20,21,16,15,0,0,88,72,160,0,0,0,0,0,0,0.125,0.06670000000000001,0,0,0.022699999999999998,0.013900000000000001,0.0188,-999,-999,96,2,2,80,50,3.2,2,80,11,1,2,6,2,0,15,6,43,5,1,1,0,NA,NA
444,2,5,30,205,20530,501888,0,3,1,20,9,18,24,10,12,9,18,0,0,57,63,120,0,0,0,0,0,0,0,0,0,0,0,0,0,1,120,-999,0,0,-999,0,-999,5,24,11,1,2,6,2,0,15,6,43,5,1,0,0,NA,NA
445,2,5,33,205,20533,501307,0,3,1,18,7,9,7,15,12,7,15,0,0,49,41,90,0,0,0,0,0,0,0,0,0,0,0,0,0,3,30,90,1,3,30,0,-999,3,30,11,1,2,6,2,0,15,6,43,5,1,0,0,NA,NA
446,2,5,33,205,20533,501323,0,3,1,19,17,20,24,35,17,24,22,0,0,98,80,178,0,0,0,0,0,0,0,0,0,0,0,0,0,3,59.33,80,2,3,59.33,0,-999,3,59.33,11,1,2,6,2,0,15,6,43,5,1,1,0,NA,NA
447,2,5,34,205,20534,501317,0,3,1,17,11,29,16,24,8,18,13,0,0,88,48,136,0,0,0,0,0,0,0,0,0,0,0,0,0,3,45.33,119,1,5,27.2,0,-999,4,34,11,1,2,6,2,0,15,6,43,5,1,0,0,NA,NA
448,2,5,34,205,20534,501319,0,3,1,19,16,27,25,18,28,25,23,0,0,89,92,181,0,0,0,0,0,0,0,0,0,0,0,0,0,-999,-999,-999,0,0,-999,0,-999,6,30.17,11,1,2,6,2,0,15,6,43,5,1,0,0,NA,NA
449,2,5,1,205,20501,300576,1,2,1,62,55,79,80,80,77,85,91,7,6,313,309,622,0.1129,0,0.07590000000000001,0.0125,0.0375,0.039,0.058800000000000005,0.054900000000000004,0,0,0.0671,0.029099999999999997,0.0482,17,36.28,604,1,31,20.16,16,38.875,25,24.88,11,1,2,6,2,0,15,6,43,5,1,0,0,NA,NA
450,2,5,1,205,20501,300565,0,2,1,87,82,82,81,76,81,81,101,0,0,326,345,671,0.1149,0.0244,0.1341,0.0247,0.15790000000000004,0.0123,0.0988,0.029699999999999997,0,0,0.1258,0.0232,0.07300000000000001,16,41.65,658,1,19,35.48,20,33.55,28,23.959999999999997,11,1,2,6,2,0,15,6,43,5,1,0,0,NA,NA
451,2,5,2,205,20502,300506,0,2,1,38,32,41,39,44,43,49,43,0,0,172,157,329,0.05260000000000001,0,0.0976,0.0256,0.06820000000000001,0.0233,0,0,0,0,0.052300000000000006,0.0127,0.0334,13,25.939999999999998,194,2,33,10.02,0,-999,18,18.279999999999998,11,1,2,6,2,0,15,6,43,5,1,0,0,NA,NA
452,2,5,2,205,20502,300501,1,2,1,79,74,93,107,107,105,103,106,0,0,382,392,774,0.038,0,0.043000000000000003,0.0093,0.0935,0.0286,0.1068,0.0377,0,0,0.0733,0.0204,0.0465,15,50.309999999999995,641,1,11,69.48,45,17.2,33,23.45,11,1,2,6,2,0,15,6,43,5,1,0,0,NA,NA
453,2,5,2,205,20502,300502,0,2,1,28,26,27,24,31,35,42,31,0,0,128,116,244,0,0.0385,0,0.0417,0.0323,0.08570000000000001,0,0.0323,0,0,0.0078000000000000005,0.0517,0.0287,6,38.879999999999995,52,5,7,34.56,2,122,13,18.77,11,1,2,6,2,0,15,6,43,5,1,0,0,NA,NA
454,2,5,4,205,20504,300503,1,2,1,106,115,122,109,122,138,138,140,0,0,488,502,990,0.009399999999999999,0.0087,0.0492,0.0092,0.041,0.0072,0.0145,0,0,0,0.0287,0.006,0.0172,23,42.77,740,1,27,36.260000000000005,89,11.123595510000001,44,22.5,11,1,2,6,2,0,15,6,43,5,1,0,0,NA,NA
455,2,5,4,205,20504,300546,0,2,1,54,62,66,50,51,60,60,71,0,0,231,243,474,0.0926,0.0323,0.10610000000000001,0.04,0.0196,0.0333,0.0833,0.0282,0,0,0.07790000000000001,0.0329,0.054900000000000004,15,32.39,401,1,22,21.29,0,-999,29,16.34,11,1,2,6,2,0,15,6,43,5,1,0,0,NA,NA
456,2,5,5,205,20505,300509,0,2,2,51,64,80,70,84,95,84,67,0,0,299,296,595,0,0,0.08750000000000001,0.0286,0.0714,0.0316,0.0476,0.0149,0,0,0.0569,0.020300000000000002,0.0387,23,25.479999999999997,602,1,51,11.62,125,4.76,25,23.8,11,1,2,6,2,0,15,6,43,5,1,0,0,NA,NA
457,2,5,5,205,20505,300510,0,2,1,56,57,78,62,66,71,67,62,0,0,267,252,519,0.017900000000000003,0,0.0385,0.0161,0.0303,0.042300000000000004,0,0,0,0,0.0225,0.0159,0.0193,14,36.349999999999994,189,3,17,30.29,1,519,20,25.95,11,1,2,6,2,0,15,6,43,5,1,0,0,NA,NA
458,2,5,5,205,20505,300511,0,2,1,55,57,77,63,66,77,73,68,0,0,271,265,536,0.036399999999999995,0,0.039,0,0.0303,0.039,0.041100000000000005,0,0,0,0.036899999999999995,0.0113,0.024300000000000002,20,26.69,560,1,37,14.33,61,8.786885246,27,19.85,11,1,2,6,2,0,15,6,43,5,1,0,0,NA,NA
459,2,5,6,205,20506,300520,1,2,1,213,208,209,217,262,241,272,233,0,0,956,899,1855,0,0,0,0,0,0,0,0,0,0,0,0,0,49,37.86,-999,1,61,30.41,7,265,93,19.95,11,1,2,6,2,0,15,6,43,5,1,0,0,NA,NA
460,2,5,6,205,20506,300521,1,2,2,96,81,103,105,115,116,96,112,0,0,410,414,824,0,0,0,0,0,0,0,0,0,0,0,0,0,30,27.6,878,1,39,21.05,81,10.172839510000003,44,18.73,11,1,2,6,2,0,15,6,43,5,1,0,0,NA,NA
461,2,5,6,205,20506,300522,0,2,1,86,72,68,78,79,95,103,84,0,0,336,329,665,0,0,0,0,0,0,0,0,0,0,0,0,0,19,35.54,279,2,22,30.150000000000002,63,10.555555560000002,18,36.94,11,1,2,6,2,0,15,6,43,5,1,0,0,NA,NA
462,2,5,8,205,20508,300523,0,2,1,66,72,72,69,70,82,85,75,0,0,293,298,591,0.0758,0.0278,0.0417,0.043500000000000004,0.0429,0.0122,0.0235,0.013300000000000001,0,0,0.044399999999999995,0.0235,0.033800000000000004,14,41.05,434,1,19,31.58,25,23.64,23,25.7,11,1,2,6,2,0,15,6,43,5,1,0,0,NA,NA
463,2,5,9,205,20509,300585,0,2,2,71,71,85,84,95,90,104,99,0,0,355,344,699,0,0.0141,0.0118,0.035699999999999996,0.0105,0.011099999999999999,0.0192,0,0,0,0.0113,0.0145,0.0129,31,22.55,686,1,41,17.05,41,17.04878049,32,21.84,11,1,2,6,2,0,15,6,43,5,1,0,0,NA,NA
464,2,5,9,205,20509,300587,0,2,2,68,65,69,81,70,68,66,75,0,0,273,289,562,0,0,0.043500000000000004,0.037,0,0.0147,0,0,0,0,0.011,0.013800000000000002,0.0125,19,30.03,501,1,26,21.779999999999998,65,8.646153845999999,18,31.22,11,1,2,6,2,0,15,6,43,5,1,0,0,NA,NA
465,2,5,12,205,20512,300541,0,2,2,43,23,64,34,51,43,56,71,0,0,214,171,385,0.06979999999999999,0,0,0,0.0196,0,0.017900000000000003,0.0141,0,0,0.0234,0.0058000000000000005,0.0156,13,30.3,286,1,16,24.24,43,8.953488372000002,21,18.330000000000002,11,1,2,6,2,0,15,6,43,5,1,0,0,NA,NA
466,2,5,12,205,20512,300611,1,2,1,142,122,145,118,142,146,148,150,0,0,577,536,1113,0.0282,0.0328,0.0207,0.025400000000000002,0.042300000000000004,0.041100000000000005,0.027,0.02,0,0,0.0295,0.0299,0.029599999999999998,29,38.879999999999995,994,1,47,23.439999999999998,11,101.1818182,42,26.5,11,1,2,6,2,0,15,6,43,5,1,0,0,NA,NA
467,2,5,12,205,20512,300612,0,2,1,158,160,165,189,196,197,176,182,0,0,695,728,1423,0.0127,0,0.0061,0,0.025500000000000002,0.025400000000000002,0.017,0.011,0,0,0.015799999999999998,0.0096,0.0126,25,56.42,610,2,33,43.760000000000005,61,23.327868850000005,50,28.459999999999997,11,1,2,6,2,0,15,6,43,5,1,0,0,NA,NA
468,2,5,12,205,20512,300529,1,2,1,100,90,91,85,104,104,135,105,0,0,430,384,814,0.05,0.022199999999999998,0.044,0.0353,0.0096,0,0.037,0.0095,0,0,0.0349,0.0156,0.0258,28,28.75,-999,1,37,21.810000000000002,138,5.898550725,40,20.35,11,1,2,6,2,0,15,6,43,5,1,0,0,NA,NA
469,2,5,12,205,20512,300566,0,2,1,39,21,39,32,41,34,44,40,0,0,163,127,290,0.0256,0,0.0256,0,0.0488,0,0.022699999999999998,0,0,0,0.030699999999999998,0,0.0172,11,26.24,218,1,1,223,18,16.111111110000007,13,22.310000000000002,11,1,2,6,2,0,15,6,43,5,1,0,0,NA,NA
470,2,5,12,205,20512,300533,0,2,1,46,28,47,44,53,45,62,50,0,0,208,167,375,0,0,0.042600000000000006,0,0.018900000000000004,0.022199999999999998,0,0.02,0,0,0.0144,0.012,0.013300000000000001,15,25,265,1,26,14.47,0,-999,18,20.830000000000002,11,1,2,6,2,0,15,6,43,5,1,0,0,NA,NA
471,2,5,12,205,20512,300539,0,2,1,47,29,38,39,32,39,43,44,0,0,160,151,311,0.021300000000000003,0,0.05260000000000001,0.051300000000000005,0.0938,0,0.0465,0.022699999999999998,0,0,0.05,0.0199,0.035399999999999994,10,30.77,235,1,24,12.9,4,77.75,13,23.919999999999998,11,1,2,6,2,0,15,6,43,5,1,0,0,NA,NA
472,2,5,13,205,20513,300537,1,2,2,112,108,131,115,138,121,133,126,0,0,514,470,984,0.08929999999999999,0,0.0382,0.0261,0.07250000000000001,0.033100000000000004,0.07520000000000002,0.0397,0,0,0.06810000000000001,0.025500000000000002,0.0478,52,18.99,992,1,47,20.89,44,22.363636359999997,64,15.38,11,1,2,6,2,0,15,6,43,5,1,0,0,NA,NA
473,2,5,13,205,20513,300559,0,2,1,61,41,76,68,71,80,69,77,0,0,277,266,543,0.0328,0,0.026300000000000004,0.0294,0.0563,0.0125,0.0145,0,0,0,0.0325,0.0113,0.022099999999999998,19,29,695,1,27,19.89,40,13.575000000000001,25,21.72,11,1,2,6,2,0,15,6,43,5,1,0,0,NA,NA
474,2,5,14,205,20514,300524,1,2,1,53,37,65,66,61,59,49,53,0,0,228,215,443,0.0377,0,0.0462,0,0.0164,0.0339,0.0408,0,0,0,0.0351,0.0093,0.0226,18,24.23,349,1,23,19.69,45,9.844444444,21,21.1,11,1,2,6,2,0,15,6,43,5,1,0,0,NA,NA
475,2,5,14,205,20514,300600,0,2,2,38,43,36,39,39,42,48,36,0,0,161,160,321,0,0.0233,0,0,0,0,0.0417,0,0,0,0.0124,0.0063,0.0093,12,26,228,1,9,37.379999999999995,34,9.441176470999999,22,14.59,11,1,2,6,2,0,15,6,43,5,1,0,0,NA,NA
476,2,5,14,205,20514,300498,1,2,2,23,17,15,11,14,10,13,13,0,0,65,51,116,0.043500000000000004,0,0,0.0909,0,0,0,0,0,0,0.015399999999999999,0.0196,0.0172,5,21.630000000000003,114,1,5,24.71,0,-999,14,8.29,11,1,2,6,2,0,15,6,43,5,1,0,0,NA,NA
477,2,5,14,205,20514,300555,1,2,1,150,141,184,164,187,173,193,209,0,0,714,687,1401,0.0267,0,0.05430000000000001,0.0244,0.032100000000000004,0.0116,0.0311,0.0048000000000000004,0,0,0.036399999999999995,0.0102,0.0236,41,33.89,907,2,82,17.19,55,25.472727269999993,67,20.91,11,1,2,6,2,0,15,6,43,5,1,0,0,NA,NA
478,2,5,14,205,20514,306121,0,2,1,18,17,14,14,12,19,16,23,0,0,60,73,133,0.055600000000000004,0.11760000000000001,0.14290000000000003,0,0,0,0,0.043500000000000004,0,0,0.05,0.041100000000000005,0.0451,4,31.830000000000002,167,1,3,38.2,6,22.166666669999998,4,33.25,11,1,2,6,2,0,15,6,43,5,1,0,0,NA,NA
479,2,5,15,205,20515,300558,1,2,1,105,85,103,124,97,114,100,117,0,0,405,440,845,0.019,0,0.0485,0.0081,0.0412,0.0175,0.02,0,0,0,0.032100000000000004,0.0068000000000000005,0.018900000000000004,29,29.130000000000003,709,1,43,19.56,17,49.70588235,41,20.610000000000003,11,1,2,6,2,0,15,6,43,5,1,0,0,NA,NA
480,2,5,15,205,20515,306150,0,2,1,40,35,45,27,49,33,47,29,0,0,181,124,305,0.025,0.0286,0.022199999999999998,0,0.0204,0.0303,0.08510000000000001,0.0345,0,0,0.0387,0.0242,0.0328,16,19.21,337,1,24,12.46,57,5.3508771930000005,16,19.06,11,1,2,6,2,0,15,6,43,5,1,0,0,NA,NA
481,2,5,17,205,20517,300561,0,2,1,64,64,65,71,68,73,88,65,0,0,285,273,558,0.0156,0.0156,0.015399999999999999,0,0.0441,0,0.0795,0.0462,0,0,0.042100000000000005,0.0147,0.0287,20,28.07,586,1,43,13.1,31,18,43,12.98,11,1,2,6,2,0,15,6,43,5,1,0,0,NA,NA
482,2,5,17,205,20517,306110,1,2,1,95,91,87,90,88,79,90,87,0,0,360,347,707,0.07370000000000002,0.022,0.0805,0.022199999999999998,0.034100000000000005,0.050600000000000006,0.1333,0.0115,0,0,0.0806,0.025900000000000003,0.053700000000000005,17,41.58,572,1,16,43.24,72,9.819444444000002,31,22.810000000000002,11,1,2,6,2,0,15,6,43,5,1,0,0,NA,NA
483,2,5,17,205,20517,306166,0,2,1,77,71,62,81,75,80,74,68,0,0,288,300,588,0.013000000000000001,0,0,0,0.013300000000000001,0,0,0,0,0,0.0069,0,0.0034000000000000002,18,32.61,355,2,31,19.23,20,29.4,8,73.5,11,1,2,6,2,0,15,6,43,5,1,1,0,NA,NA
484,2,5,18,205,20518,300563,1,2,1,160,143,158,159,185,179,146,176,0,0,649,657,1306,0.05,0.021,0.057,0.0126,0.05410000000000001,0.0335,0.0479,0.0284,0,0,0.0524,0.0244,0.0383,37,35.6,-999,1,32,41.41,101,12.93069307,45,29.02,11,1,2,6,2,0,15,6,43,5,1,0,0,NA,NA
485,2,5,10,205,20510,300526,0,2,1,47,41,47,43,46,50,52,43,0,0,192,177,369,0.10640000000000001,0.0244,0,0,0.0217,0,0.0385,0,0,0,0.0417,0.0056,0.0244,18,20.439999999999998,603,1,21,17.25,12,30.75,19,19.419999999999998,11,1,2,6,2,0,15,6,43,5,1,0,0,NA,NA
486,2,5,11,205,20511,300549,0,2,1,42,33,18,29,35,34,22,28,0,0,117,124,241,0,0,0,0,0,0,0,0,0,0,0,0,0,9,27.77,137,2,11,22.56,0,-999,14,17.21,11,1,2,6,2,0,15,6,43,5,1,0,0,NA,NA
487,2,5,19,205,20519,300554,0,2,2,42,36,23,39,42,47,37,36,0,0,144,158,302,0,0,0,0,0,0.021300000000000003,0.027,0,0,0,0.0069,0.0063,0.0066,14,21.479999999999997,410,1,14,21.479999999999997,51,5.921568627,29,10.41,11,1,2,6,2,0,15,6,43,5,1,0,0,NA,NA
488,2,5,16,205,20516,300560,0,2,1,29,30,25,18,23,31,25,27,0,0,102,106,208,0.0345,0,0,0,0.043500000000000004,0.0323,0,0,0,0,0.0196,0.009399999999999999,0.0144,12,16.9,308,1,9,23.67,0,-999,14,14.860000000000001,11,1,2,6,2,0,15,6,43,5,1,0,0,NA,NA
489,2,5,19,205,20519,300564,0,2,1,112,102,76,80,70,100,80,90,0,0,338,372,710,0.035699999999999996,0.0196,0.026300000000000004,0.0125,0.057100000000000005,0.01,0.025,0.06670000000000001,0,0,0.0355,0.026900000000000004,0.031,16,43.37,605,1,12,58.55,1,710,27,26.3,11,1,2,6,2,0,15,6,43,5,1,0,0,NA,NA
490,2,5,20,205,20520,300568,1,2,1,114,91,113,141,138,150,148,129,0,0,513,511,1024,0.026300000000000004,0.022,0.0177,0.0071,0.07250000000000001,0.02,0.027,0,0,0,0.037,0.011699999999999999,0.0244,26,39.89,854,1,37,27.419999999999998,66,15.51515152,39,26.259999999999998,11,1,2,6,2,0,15,6,43,5,1,0,0,NA,NA
491,2,5,20,205,20520,306112,0,2,1,50,44,41,42,61,55,51,46,0,0,203,187,390,0,0,0,0.023799999999999998,0.0984,0.036399999999999995,0.058800000000000005,0.043500000000000004,0,0,0.0443,0.0267,0.035899999999999994,17,23.38,400,1,29,13.360000000000001,48,8.125,20,19.5,11,1,2,6,2,0,15,6,43,5,1,0,0,NA,NA
492,2,5,21,205,20521,300569,0,2,1,94,86,123,128,108,133,149,124,0,0,474,471,945,0.0106,0,0,0,0.0093,0.015,0.0738,0,0,0,0.0274,0.0042,0.0159,28,33.7,571,2,35,27.19,101,9.356435644000003,36,26.25,11,1,2,6,2,0,15,6,43,5,1,0,0,NA,NA
493,2,5,21,205,20521,300570,0,2,1,29,42,39,30,37,30,38,32,0,0,143,134,277,0,0,0,0,0,0,0,0,0,0,0,0,0,9,32.08,236,1,11,25.67,0,-999,16,17.310000000000002,11,1,2,6,2,0,15,6,43,5,1,0,0,NA,NA
494,2,5,22,205,20522,300571,1,2,1,75,82,96,93,112,93,102,103,0,0,385,371,756,0,0,0,0,0,0,0,0,0,0,0,0,0,24,31.919999999999998,577,1,32,23.779999999999998,0,-999,38,19.89,11,1,2,6,2,0,15,6,43,5,1,0,0,NA,NA
495,2,5,22,205,20522,300572,0,2,1,54,62,56,75,84,80,79,76,0,0,273,293,566,0,0,0,0,0.011899999999999999,0,0,0,0,0,0.0037,0,0.0018,19,30.16,-999,0,35,16.39,88,6.4318181820000015,21,26.95,11,1,2,6,2,0,15,6,43,5,1,0,0,NA,NA
496,2,5,22,205,20522,300574,1,2,1,157,144,180,182,180,212,174,194,0,0,691,732,1423,0.0127,0,0,0.0055,0,0,0.0057,0,0,0,0.0043,0.0014,0.0028,34,42.230000000000004,774,2,33,43.04,141,10.09219858,61,23.330000000000002,11,1,2,6,2,0,15,6,43,5,1,0,0,NA,NA
497,2,5,23,205,20523,300575,1,2,2,121,134,137,143,155,150,170,175,0,0,583,602,1185,0.0083,0.0075,0.021900000000000003,0.007,0.006500000000000001,0.0267,0.0235,0.011399999999999999,0,0,0.015399999999999999,0.013300000000000001,0.0143,68,17.3,-999,1,51,23.39,50,23.7,67,17.69,11,1,2,6,2,0,15,6,43,5,1,0,0,NA,NA
498,2,5,23,205,20523,306116,0,2,1,39,35,50,47,61,53,55,47,0,0,205,182,387,0.10260000000000001,0.0286,0.02,0,0.1148,0.018900000000000004,0,0,0,0,0.0585,0.011,0.036199999999999996,13,30.06,324,1,21,18.03,0,-999,12,32.25,11,1,2,6,2,0,15,6,43,5,1,0,0,NA,NA
499,2,5,24,205,20524,300580,0,2,1,33,40,54,54,60,52,56,61,0,0,203,207,410,0,0,0.037,0.07410000000000001,0.05,0.0385,0,0.0164,0,0,0.0246,0.033800000000000004,0.0293,16,25.77,436,1,25,16.68,182,2.252747253,22,18.64,11,1,2,6,2,0,15,6,43,5,1,0,0,NA,NA
500,2,5,24,205,20524,306111,0,2,1,26,22,21,22,38,20,27,30,0,0,112,94,206,0.0385,0,0,0,0.1053,0,0,0.0333,0,0,0.0446,0.0106,0.029099999999999997,11,18.35,251,1,19,10.76,20,10.3,13,15.850000000000001,11,1,2,6,2,0,15,6,43,5,1,0,0,NA,NA
501,2,5,24,205,20524,306135,0,2,1,23,31,40,41,42,29,43,33,0,0,148,134,282,0,0.129,0.125,0.07320000000000002,0.0714,0.0345,0.0465,0.0606,0,0,0.06760000000000001,0.07460000000000001,0.0709,9,32,234,1,19,14.77,188,1.5,12,23.5,11,1,2,6,2,0,15,6,43,5,1,0,0,NA,NA
502,2,5,24,205,20524,300562,1,2,1,92,121,121,144,123,131,126,117,0,0,462,513,975,0.032600000000000004,0.0165,0.0248,0,0.065,0.0076,0.055600000000000004,0.0256,0,0,0.0455,0.011699999999999999,0.0277,27,36.690000000000005,846,1,26,37.660000000000004,45,21.666666669999998,38,25.66,11,1,2,6,2,0,15,6,43,5,1,0,0,NA,NA
503,2,5,24,205,20524,300579,1,2,1,259,238,307,293,291,346,267,290,0,0,1124,1167,2291,0.0039,0,0.022799999999999997,0.0068000000000000005,0.0172,0.0145,0.015,0.0034000000000000002,0,0,0.015099999999999999,0.0069,0.0109,74,30.959999999999997,-999,1,139,16.479999999999997,136,16.845588239999998,96,23.86,11,1,2,6,2,0,15,6,43,5,1,0,0,NA,NA
504,2,5,25,205,20525,300518,0,2,1,36,24,34,39,55,62,50,52,0,0,175,177,352,0,0,0.0882,0.051300000000000005,0.0182,0.0484,0.02,0.07690000000000001,0,0,0.0286,0.050800000000000005,0.0398,17,20.759999999999998,432,1,24,14.83,58,6.068965516999999,20,17.6,11,1,2,6,2,0,15,6,43,5,1,0,0,NA,NA
505,2,5,25,205,20525,300534,0,2,1,11,12,17,9,10,11,16,13,0,0,54,45,99,0,0,0,0,0,0,0,0,0,0,0,0,0,5,21.43,66,2,7,15,21,4.714285714,8,12.38,11,1,2,6,2,0,15,6,43,5,1,0,0,NA,NA
506,2,5,25,205,20525,300582,0,2,1,32,28,32,30,37,42,48,49,0,0,149,149,298,0,0,0,0,0,0.023799999999999998,0,0.0204,0,0,0,0.0134,0.0067,12,23.91,325,1,14,21.919999999999998,45,6.6222222219999995,16,18.630000000000003,11,1,2,6,2,0,15,6,43,5,1,0,0,NA,NA
507,2,5,25,205,20525,306168,0,2,1,21,17,17,15,23,21,23,27,0,0,84,80,164,0,0,0,0,0.043500000000000004,0,0.13040000000000002,0,0,0,0.0476,0,0.0244,7,22.779999999999998,64,3,5,34.17,61,2.6885245900000005,1,164,11,1,2,6,2,0,15,6,43,5,1,1,0,NA,NA
508,2,5,26,205,20526,300590,0,2,1,50,38,72,69,69,79,98,75,0,0,289,261,550,0.14,0,0.0833,0,0.07250000000000001,0.025300000000000003,0.051000000000000004,0.0267,0,0,0.0796,0.0153,0.049100000000000005,23,24.07,566,1,17,31.84,72,7.6388888889999995,26,21.150000000000002,11,1,2,6,2,0,15,6,43,5,1,0,0,NA,NA
509,2,5,27,205,20527,300591,1,2,1,93,115,149,118,134,148,133,140,0,0,509,521,1030,0.021500000000000002,0.0087,0.033600000000000005,0,0.0373,0.0068000000000000005,0.06770000000000001,0.0429,0,0,0.0413,0.015399999999999999,0.0282,39,26.57,952,1,55,18.57,4,257.5,44,23.41,11,1,2,6,2,0,15,6,43,5,1,0,0,NA,NA
510,2,5,27,205,20527,306123,0,2,2,29,22,15,40,21,28,20,22,0,0,85,112,197,0.06899999999999999,0.13640000000000002,0.06670000000000001,0.025,0.0476,0.035699999999999996,0.15000000000000002,0,0,0,0.0824,0.0446,0.060899999999999996,9,22,151,1,9,22,51,3.8627450979999995,13,15.15,11,1,2,6,2,0,15,6,43,5,1,0,0,NA,NA
511,2,5,28,205,20528,300512,1,2,1,99,105,112,136,110,127,139,147,0,0,460,515,975,0.0404,0.0095,0.0446,0.0294,0.036399999999999995,0.0236,0.06470000000000001,0.0068000000000000005,0,0,0.0478,0.0175,0.0318,31,31.71,814,1,41,23.779999999999998,25,39,42,23.21,11,1,2,6,2,0,15,6,43,5,1,0,0,NA,NA
512,2,5,28,205,20528,300513,0,2,1,23,18,23,27,24,32,26,36,0,0,96,113,209,0.043500000000000004,0.055600000000000004,0.21740000000000004,0.037,0.0417,0,0,0,0,0,0.0729,0.0177,0.043100000000000006,10,21.85,269,1,14,14.950000000000001,20,10.450000000000001,7,29.86,11,1,2,6,2,0,15,6,43,5,1,0,0,NA,NA
513,2,5,28,205,20528,300514,1,2,1,57,65,73,61,67,47,56,62,0,0,253,235,488,0.0175,0,0,0,0,0,0,0,0,0,0.004,0,0.002,11,44.33,498,1,19,25.58,0,-999,32,15.25,11,1,2,6,2,0,15,6,43,5,1,0,0,NA,NA
514,2,5,29,205,20529,300592,1,2,2,119,97,151,137,141,153,192,178,0,0,603,565,1168,0,0,0,0,0,0,0,0,0,0,0,0,0,27,43.51,968,1,28,41.260000000000005,23,50.782608700000004,82,14.239999999999998,11,1,2,6,2,0,15,6,43,5,1,0,0,NA,NA
515,2,5,29,205,20529,300595,0,2,1,30,31,35,32,31,39,28,29,0,0,124,131,255,0,0,0,0,0.0323,0,0,0,0,0,0.0081,0,0.0039,9,28.79,221,1,9,28.79,45,5.666666666999999,18,14.17,11,1,2,6,2,0,15,6,43,5,1,0,0,NA,NA
516,2,5,29,205,20529,306137,0,2,1,17,24,33,31,43,28,27,38,0,0,120,121,241,0.058800000000000005,0.0417,0.0303,0,0.0233,0,0,0,0,0,0.025,0.0083,0.0166,9,25.86,233,1,11,21.29,92,2.619565217,13,18.54,11,1,2,6,2,0,15,6,43,5,1,0,0,NA,NA
517,2,5,29,205,20529,300593,0,2,1,65,67,45,62,78,64,66,53,0,0,254,246,500,0.12310000000000001,0.0299,0.1111,0.0806,0.0897,0.07810000000000002,0.0303,0.0377,0,0,0.08660000000000001,0.0569,0.07200000000000001,17,29.419999999999998,722,1,23,21.39,0,-999,20,25,11,1,2,6,2,0,15,6,43,5,1,0,0,NA,NA
518,2,5,30,205,20530,300581,1,2,1,130,131,134,154,146,133,141,136,0,0,551,554,1105,0,0,0,0,0,0,0,0,0,0,0,0,0,34,32.5,-999,1,44,25.110000000000003,35,31.57142857,51,21.67,11,1,2,6,2,0,15,6,43,5,1,0,0,NA,NA
519,2,5,30,205,20530,300596,1,2,1,138,127,146,155,162,173,149,161,0,0,595,616,1211,0.06520000000000001,0.0157,0.16440000000000002,0.0194,0.0864,0.0347,0.0671,0.0311,0,0,0.0958,0.026000000000000002,0.0603,54,22.37,-999,1,132,9.17,155,7.812903225999999,53,22.85,11,1,2,6,2,0,15,6,43,5,1,0,0,NA,NA
520,2,5,30,205,20530,306117,0,2,1,42,29,55,49,42,49,47,45,0,0,186,172,358,0.0714,0,0.036399999999999995,0.0204,0.0476,0.0408,0.0638,0.1111,0,0,0.05380000000000001,0.0465,0.050300000000000004,8,45.1,239,1,21,17.35,7,51.142857140000004,13,27.54,11,1,2,6,2,0,15,6,43,5,1,0,0,NA,NA
521,2,5,30,205,20530,306127,0,2,1,69,61,77,72,86,91,81,79,0,0,313,303,616,0.13040000000000002,0.0328,0.0519,0,0.0814,0,0.07410000000000001,0.025300000000000003,0,0,0.08310000000000001,0.013200000000000002,0.0487,17,36.25,378,2,17,36.25,4,154,24,25.67,11,1,2,6,2,0,15,6,43,5,1,0,0,NA,NA
522,2,5,31,205,20531,300597,1,2,1,64,64,75,79,66,81,82,88,0,0,287,312,599,0,0,0,0,0.0455,0.0123,0,0,0,0,0.0105,0.0032,0.0067,23,26.58,633,1,25,23.93,54,11.092592590000002,36,16.64,11,1,2,6,2,0,15,6,43,5,1,0,0,NA,NA
523,2,5,31,205,20531,300601,0,2,1,65,54,62,71,82,71,83,90,0,0,292,286,578,0,0,0,0,0,0,0,0,0,0,0,0,0,33,17.55,435,1,32,17.88,75,7.706666667,37,15.62,11,1,2,6,2,0,15,6,43,5,1,0,0,NA,NA
524,2,5,31,205,20531,306132,0,2,1,32,25,29,32,33,28,39,28,0,0,133,113,246,0,0,0,0,0.0303,0,0.0256,0.035699999999999996,0,0,0.015,0.0088,0.0122,12,19.810000000000002,173,1,12,19.810000000000002,34,7.2352941180000006,15,16.4,11,1,2,6,2,0,15,6,43,5,1,0,0,NA,NA
525,2,5,32,205,20532,300603,1,2,1,154,134,128,149,177,135,179,171,0,0,638,589,1227,0,0,0,0,0,0,0,0,0,0,0,0,0,35,34.7,671,2,40,30.650000000000002,5,245.4,48,25.56,11,1,2,6,2,0,15,6,43,5,1,0,0,NA,NA
526,2,5,32,205,20532,300604,0,2,1,34,26,33,33,31,32,32,39,0,0,130,130,260,0,0,0,0,0,0,0,0,0,0,0,0,0,7,37.4,-999,0,10,26.71,30,8.666666667000001,14,18.57,11,1,2,6,2,0,15,6,43,5,1,0,0,NA,NA
527,2,5,32,205,20532,300605,0,2,1,64,41,49,63,48,61,50,60,0,0,211,225,436,0,0.0244,0,0,0,0,0,0,0,0,0,0.0044,0.0023,18,24.29,431,1,4,113.33,16,27.25,23,18.959999999999997,11,1,2,6,2,0,15,6,43,5,1,0,0,NA,NA
528,2,5,33,205,20533,300606,1,2,1,86,87,127,124,136,134,141,117,0,0,490,462,952,0.06979999999999999,0.023,0.0315,0,0.0294,0.0075,0.021300000000000003,0,0,0,0.0347,0.006500000000000001,0.021,36,26.62,721,1,39,24.130000000000003,20,47.6,54,17.630000000000003,11,1,2,6,2,0,15,6,43,5,1,0,0,NA,NA
529,2,5,33,205,20533,306101,1,2,1,59,38,58,53,52,65,73,59,0,0,242,215,457,0,0,0.0345,0,0,0,0,0,0,0,0.0083,0,0.0044,17,27.62,866,1,23,19.939999999999998,25,18.279999999999998,25,18.279999999999998,11,1,2,6,2,0,15,6,43,5,1,0,0,NA,NA
530,2,5,34,205,20534,300551,0,2,1,52,50,49,72,59,52,79,62,0,0,239,236,475,0,0,0.0204,0.013900000000000001,0,0,0,0,0,0,0.0042,0.0042,0.0042,18,26.04,596,1,24,19.73,5,95,22,21.59,11,1,2,6,2,0,15,6,43,5,1,0,0,NA,NA
531,2,5,34,205,20534,306109,0,2,1,45,55,49,61,60,55,51,55,0,0,205,226,431,0,0.0182,0,0,0,0,0,0,0,0,0,0.0044,0.0023,19,22.21,596,1,32,13.42,30,14.366666670000003,22,19.59,11,1,2,6,2,0,15,6,43,5,1,0,0,NA,NA
532,2,5,34,205,20534,300547,0,2,1,47,44,50,39,46,55,61,47,0,0,204,185,389,0,0,0.02,0.0256,0.08700000000000001,0,0,0,0,0,0.0245,0.0054,0.015399999999999999,10,38.790000000000006,297,1,9,45.25,70,5.557142856999999,23,16.91,11,1,2,6,2,0,15,6,43,5,1,0,0,NA,NA
533,2,5,34,205,20534,300556,1,2,1,57,47,63,51,65,56,80,69,0,0,265,223,488,0.05260000000000001,0,0.0159,0.0392,0,0,0.08750000000000001,0.0145,0,0,0.0415,0.013500000000000002,0.0287,19,25.62,457,1,20,24.77,42,11.61904762,32,15.25,11,1,2,6,2,0,15,6,43,5,1,0,0,NA,NA
534,2,5,34,205,20534,300586,0,2,1,19,17,14,13,24,17,17,15,0,0,74,62,136,0.05260000000000001,0,0.0714,0,0.0417,0,0,0.06670000000000001,0,0,0.0405,0.0161,0.0294,5,26.43,103,1,9,15.42,83,1.6385542169999998,11,12.360000000000001,11,1,2,6,2,0,15,6,43,5,1,0,0,NA,NA
535,2,5,34,205,20534,300609,1,2,1,202,168,215,198,257,239,249,242,0,0,923,847,1770,0.019799999999999998,0.011899999999999999,0.032600000000000004,0.025300000000000003,0.0233,0.0126,0.0201,0.0124,0,0,0.023799999999999998,0.0153,0.019799999999999998,55,32.18,-999,1,38,46.58,53,33.39622642,72,24.58,11,1,2,6,2,0,15,6,43,5,1,0,0,NA,NA
536,2,5,7,205,20507,306114,0,2,1,33,21,49,43,35,36,29,35,0,0,146,135,281,0.0606,0.0476,0.0408,0,0.0286,0.055600000000000004,0.06899999999999999,0,0,0,0.0479,0.022199999999999998,0.0356,14,20.37,325,1,22,12.9,76,3.6973684209999997,16,17.56,11,1,2,6,2,0,15,6,43,5,1,0,0,NA,NA
537,2,5,7,205,20507,306115,0,2,1,28,32,43,43,55,42,42,40,0,0,168,157,325,0.10710000000000001,0.0313,0,0.0465,0.0182,0.023799999999999998,0.023799999999999998,0.05,0,0,0.029799999999999997,0.0382,0.033800000000000004,14,23,252,1,18,18.21,43,7.558139535,16,20.310000000000002,11,1,2,6,2,0,15,6,43,5,1,0,0,NA,NA
538,2,5,7,205,20507,300504,1,2,1,175,189,184,206,199,201,209,193,0,0,767,789,1556,0.0286,0.0159,0.0217,0.0146,0.0804,0.0299,0.0191,0.0155,0,0,0.0378,0.019,0.028300000000000002,37,42.13,-999,1,45,34.58,62,25.09677419,61,25.51,11,1,2,6,2,0,15,6,43,5,1,0,0,NA,NA
539,2,5,1,205,20501,300499,0,2,1,62,44,72,65,66,62,76,64,0,0,276,235,511,0.0484,0.022699999999999998,0.06939999999999999,0.030799999999999998,0.0606,0.0161,0.0395,0.0313,0,0,0.05430000000000001,0.025500000000000002,0.041100000000000005,24,21.53,562,1,40,12.92,48,10.64583333,25,20.439999999999998,11,1,2,6,2,0,15,6,43,5,1,0,0,NA,NA
540,2,5,1,205,20501,300500,1,2,1,243,216,229,271,306,251,272,281,0,0,1050,1019,2069,0.0658,0.037,0.1135,0.022099999999999998,0.0882,0.0398,0.0551,0.0391,0,0,0.08,0.034300000000000004,0.0575,48,43.24,-999,1,50,41.49,78,26.525641029999996,72,28.74,11,1,2,6,2,0,15,6,43,5,1,0,0,NA,NA
541,2,5,8,205,20508,300508,1,2,1,40,44,50,50,73,60,70,51,4,9,237,214,451,0,0,0,0,0,0,0,0,0,0,0,0,0,21,21.58,418,1,41,10.97,0,-999,28,16.110000000000003,11,1,2,6,2,0,15,6,43,5,1,0,0,NA,NA
542,2,5,8,205,20508,300532,0,2,1,47,41,54,48,61,50,55,54,0,0,217,193,410,0,0,0,0,0.0164,0,0,0,0,0,0.0046,0,0.0024000000000000002,13,31.2,276,1,24,16.86,138,2.9710144929999993,20,20.5,11,1,2,6,2,0,15,6,43,5,1,0,0,NA,NA
543,2,5,8,205,20508,306143,0,2,1,102,62,115,102,110,85,115,105,0,0,442,354,796,0.0392,0,0,0,0,0,0,0,0,0,0.009,0,0.005,19,41,524,2,23,33.97,15,53.06666667,17,46.82,11,1,2,6,2,0,15,6,43,5,1,1,0,NA,NA
544,2,5,2,205,20502,300550,0,4,1,18,20,28,24,21,25,16,21,0,0,83,90,173,0.2222,0,0,0.0417,0,0,0,0,0,0,0.0482,0.011099999999999999,0.028900000000000002,8,21.630000000000003,81,2,13,13.31,1,173,12,14.42,11,1,2,6,2,0,15,6,43,5,1,0,0,NA,NA
545,2,5,3,205,20503,300530,1,4,2,293,239,286,254,300,296,271,296,0,0,1150,1085,2235,0.0273,0.0084,0.0245,0,0.0167,0,0.018500000000000003,0,0,0,0.0217,0.0018,0.0121,90,24.830000000000002,-999,1,110,20.32,55,40.636363640000006,113,19.779999999999998,11,1,2,6,2,0,15,6,43,5,1,0,0,NA,NA
546,2,5,6,205,20506,306167,0,4,3,28,29,28,26,29,30,27,15,0,0,112,100,212,0,0,0,0,0,0,0,0,0,0,0,0,0,10,21.2,246,1,8,26.5,3,70.66666667000001,0,-999,11,1,2,6,2,0,15,6,43,5,1,0,0,NA,NA
547,2,5,9,205,20509,306133,0,4,1,25,11,12,20,17,16,15,12,0,0,69,59,128,0,0,0.0833,0,0,0.0625,0,0,0,0,0.0145,0.016900000000000002,0.0156,6,21.330000000000002,170,1,12,10.67,26,4.923076923,6,21.330000000000002,11,1,2,6,2,0,15,6,43,5,1,0,0,NA,NA
548,2,5,12,205,20512,306120,0,4,3,8,13,18,15,13,13,13,15,0,0,52,56,108,0,0,0,0,0.07690000000000001,0.07690000000000001,0,0,0,0,0.0192,0.017900000000000003,0.018500000000000003,4,27,43,3,9,12,0,-999,4,27,11,1,2,6,2,0,15,6,43,5,1,0,0,NA,NA
549,2,5,13,205,20513,306113,0,4,3,48,41,74,40,67,55,59,65,0,0,248,201,449,0.0417,0.0488,0.05410000000000001,0,0.0896,0.0182,0.016900000000000002,0,0,0,0.0524,0.0149,0.0356,13,34.54,366,1,22,20.41,20,22.45,8,56.13,11,1,2,6,2,0,15,6,43,5,1,1,0,NA,NA
550,2,5,14,205,20514,306122,0,4,1,18,21,32,21,28,27,27,23,0,0,105,92,197,0,0,0.0938,0,0.0714,0,0.037,0,0,0,0.057100000000000005,0,0.0305,7,28.14,212,1,11,17.91,9,21.88888889,7,28.14,11,1,2,6,2,0,15,6,43,5,1,0,0,NA,NA
551,2,5,14,205,20514,306134,0,4,3,7,18,7,8,11,12,7,15,0,0,32,53,85,0,0,0,0,0,0,0,0,0,0,0,0,0,3,28.330000000000002,87,1,5,17,4,21.25,2,42.5,11,1,2,6,2,0,15,6,43,5,1,1,0,NA,NA
552,2,5,14,205,20514,306119,0,4,3,13,5,15,5,13,9,12,12,0,0,53,31,84,0.2308,0,0.06670000000000001,0,0.07690000000000001,0,0,0,0,0,0.0943,0,0.059500000000000004,4,21,108,1,8,10.5,63,1.333333333,3,28,11,1,2,6,2,0,15,6,43,5,1,0,0,NA,NA
553,2,5,19,205,20519,306164,0,4,1,70,69,45,61,53,41,47,49,0,0,215,220,435,0,0,0.06670000000000001,0.0164,0,0,0.0638,0.0204,0,0,0.0279,0.009099999999999999,0.018400000000000003,13,33.46,200,2,8,54.379999999999995,3,145,9,48.33,11,1,2,6,2,0,15,6,43,5,1,1,0,NA,NA
554,2,5,20,205,20520,306058,0,4,1,30,25,47,40,32,29,40,45,0,0,149,139,288,0.0333,0,0,0,0,0,0,0,0,0,0.0067,0,0.0035,11,26.18,259,1,13,22.150000000000002,42,6.857142856999999,15,19.2,11,1,2,6,2,0,15,6,43,5,1,0,0,NA,NA
555,2,5,28,205,20528,306160,0,4,1,15,11,17,11,18,22,16,16,0,0,66,60,126,0.1333,0,0,0,0.16670000000000001,0.0455,0.0625,0.0625,0,0,0.0909,0.0333,0.0635,5,25.2,137,1,11,11.450000000000001,50,2.52,1,126,11,1,2,6,2,0,15,6,43,5,1,1,0,NA,NA
556,2,5,29,205,20529,300594,0,4,1,22,15,25,19,33,24,19,20,0,0,99,78,177,0.13640000000000002,0.06670000000000001,0.2,0,0.0909,0.0417,0.15790000000000004,0.05,0,0,0.14140000000000003,0.0385,0.096,6,29.5,107,2,8,22.130000000000003,1,177,4,44.25,11,1,2,6,2,0,15,6,43,5,1,1,0,NA,NA
557,2,5,29,205,20529,306148,0,4,3,11,8,21,19,11,15,9,14,0,0,52,56,108,0,0.125,0,0,0,0.06670000000000001,0,0,0,0,0,0.035699999999999996,0.018500000000000003,5,21.6,100,1,5,21.6,0,-999,1,108,11,1,2,6,2,0,15,6,43,5,1,1,0,NA,NA
558,2,5,31,205,20531,330501,0,4,1,28,28,24,21,29,36,13,30,0,0,94,115,209,0.035699999999999996,0,0,0,0,0.0278,0,0,0,0,0.0106,0.0087,0.0096,10,20.9,516,0,14,14.93,0,-999,9,23.22,11,1,2,6,2,0,15,6,43,5,1,0,0,NA,NA
559,3,16,1,316,31601,500150,0,1,1,50,58,57,69,54,49,64,59,0,0,225,235,460,0.04,0,0,0.0145,0,0.0204,0,0.016900000000000002,0,0,0.0089,0.0128,0.0109,13,36.65,323,1,6,77.88,0,-999,19,24.21,4,0,2,7,4,0,8,5,30,4,1,0,1,NA,NA
560,3,16,1,316,31601,500979,0,1,1,15,16,20,18,14,10,13,8,0,0,62,52,114,0.06670000000000001,0.0625,0,0,0,0,0,0,0,0,0.0161,0.0192,0.0175,7,16.88,135,1,8,13.5,7,16.285714289999994,3,38,4,0,2,7,4,0,8,5,30,4,1,0,0,NA,NA
561,3,16,1,316,31601,500981,0,1,1,26,27,39,38,21,14,24,33,0,0,110,112,222,0,0,0,0,0,0,0,0,0,0,0,0,0,7,33.25,65,3,9,24.18,55,4.036363636000001,7,31.71,4,0,2,7,4,0,8,5,30,4,1,0,0,NA,NA
562,3,16,1,316,31601,500140,0,1,1,58,36,64,50,39,64,45,56,0,0,206,206,412,0,0,0.0156,0,0,0,0,0,0,0,0.0049,0,0.0024000000000000002,17,23.57,341,1,14,28.53,67,6.149253731000001,20,20.6,4,0,2,7,4,0,8,5,30,4,1,0,0,NA,NA
563,3,16,1,316,31601,500143,0,1,1,38,32,53,38,49,63,48,47,0,0,188,180,368,0,0,0.018900000000000004,0,0,0,0,0,0,0,0.0053,0,0.0027,12,31.330000000000002,378,1,5,75.2,45,8.177777778,15,24.53,4,0,2,7,4,0,8,5,30,4,1,0,0,NA,NA
564,3,16,1,316,31601,500144,0,1,1,33,55,49,50,48,47,45,45,0,0,175,197,372,0,0,0,0,0,0,0,0,0,0,0,0,0,12,32.06,219,2,7,52.449999999999996,26,14.307692310000002,23,16.17,4,0,2,7,4,0,8,5,30,4,1,0,0,NA,NA
565,3,16,1,316,31601,500138,0,1,1,20,15,24,15,18,24,18,14,0,0,80,68,148,0.2,0,0,0,0,0,0.055600000000000004,0,0,0,0.0625,0,0.033800000000000004,14,10.43,275,1,21,7.06,118,1.254237288,17,8.709999999999999,4,0,2,7,4,0,8,5,30,4,1,0,0,NA,NA
566,3,16,1,316,31601,500148,0,1,1,45,29,47,27,51,52,29,36,0,0,172,144,316,0,0,0,0,0,0,0,0,0,0,0,0,0,10,30.5,224,1,8,40.67,56,5.642857143,12,26.330000000000002,4,0,2,7,4,0,8,5,30,4,1,0,0,NA,NA
567,3,16,1,316,31601,500149,0,3,2,44,43,51,36,41,49,50,46,0,0,186,174,360,0,0,0,0,0,0,0,0,0,0,0,0,0,9,40,402,1,15,24,49,7.346938775999999,8,45,4,0,2,7,4,0,8,5,30,4,1,1,0,NA,NA
568,3,16,1,316,31601,501137,0,3,1,60,39,62,48,56,43,27,36,0,0,205,166,371,0,0,0.0323,0,0,0,0,0.055600000000000004,0,0,0.0098,0.012,0.0108,7,53,-999,0,9,41.220000000000006,85,4.364705881999999,9,41.220000000000006,4,0,2,7,4,0,8,5,30,4,1,1,0,NA,NA
569,3,16,1,316,31601,500136,0,3,1,46,32,48,49,42,42,41,35,0,0,177,158,335,0.043500000000000004,0.0313,0,0,0,0.023799999999999998,0.0244,0,0,0,0.016900000000000002,0.0127,0.0149,15,22.330000000000002,356,1,17,19.71,86,3.8953488369999993,13,25.77,4,0,2,7,4,0,8,5,30,4,1,0,0,NA,NA
570,3,16,1,316,31601,500141,0,3,1,91,106,88,89,99,105,96,92,0,0,374,392,766,0,0,0,0,0,0,0,0,0,0,0,0,0,18,42.56,577,1,19,40.32,83,9.228915662999997,39,19.64,4,0,2,7,4,0,8,5,30,4,1,0,0,NA,NA
571,3,16,1,316,31601,500980,0,3,1,20,27,17,28,34,28,29,32,0,0,100,115,215,0,0,0,0,0.0294,0,0.0345,0,0,0,0.02,0,0.0093,8,26.88,363,1,13,16.54,63,3.412698412999999,5,43,4,0,2,7,4,0,8,5,30,4,1,1,0,NA,NA
572,3,16,1,316,31601,501141,0,3,1,29,24,33,23,30,20,28,32,0,0,120,99,219,0.0345,0,0.0303,0,0,0,0,0,0,0,0.0167,0,0.009099999999999999,5,43.8,122,2,9,24.330000000000002,61,3.5901639339999996,6,36.5,4,0,2,7,4,0,8,5,30,4,1,0,0,NA,NA
573,3,16,1,316,31601,502046,0,3,1,64,51,49,53,51,47,60,35,0,0,224,186,410,0,0.0392,0.0408,0,0,0,0,0,0,0,0.0089,0.0108,0.0098,5,82,280,1,10,41,14,29.285714289999994,0,-999,4,0,2,7,4,0,8,5,30,4,1,0,0,NA,NA
574,3,16,1,316,31601,502048,0,3,1,34,24,34,33,28,16,27,37,0,0,123,110,233,0,0,0,0,0,0,0,0,0,0,0,0,0,4,58.25,-999,0,7,33.290000000000006,52,4.480769231000001,1,233,4,0,2,7,4,0,8,5,30,4,1,1,0,NA,NA
575,3,16,1,316,31601,502050,0,3,1,47,35,41,44,38,42,35,33,0,0,161,154,315,0.021300000000000003,0,0.0244,0,0,0.023799999999999998,0.0286,0,0,0,0.018600000000000002,0.006500000000000001,0.0127,6,52.5,254,1,7,45,11,28.636363640000003,1,315,4,0,2,7,4,0,8,5,30,4,1,1,1,NA,NA
576,3,16,1,316,31601,500977,0,3,1,38,43,49,44,45,49,41,50,0,0,173,186,359,0.05260000000000001,0.0233,0.0408,0.022699999999999998,0.044399999999999995,0,0.0488,0,0,0,0.0462,0.0108,0.0279,5,71.8,195,2,7,51.290000000000006,12,29.916666669999998,7,51.290000000000006,4,0,2,7,4,0,8,5,30,4,1,1,1,NA,NA
577,3,16,1,316,31601,500145,0,1,1,76,69,80,55,85,70,67,54,0,0,308,248,556,0,0,0,0,0,0,0,0,0,0,0,0,0,17,33.14,671,1,21,26.77,16,34.75,21,26.479999999999997,4,0,2,7,4,0,8,5,30,4,1,0,1,NA,NA
578,3,16,1,316,31601,500139,0,1,1,30,43,45,37,35,33,27,35,0,0,137,148,285,0,0,0,0,0,0,0,0,0,0,0,0,0,6,46.67,248,1,7,38.18,14,20.35714286,23,12.39,4,0,2,7,4,0,8,5,30,4,1,0,1,NA,NA
579,3,16,1,316,31601,500147,0,1,1,57,44,59,54,69,52,79,46,0,0,264,196,460,0,0,0.016900000000000002,0,0.1159,0.09620000000000001,0.050600000000000006,0,0,0,0.0492,0.025500000000000002,0.0391,10,46.77,356,1,11,40.53,23,20,10,46,4,0,2,7,4,0,8,5,30,4,1,1,1,NA,NA
580,3,16,1,316,31601,500978,0,1,1,46,23,45,34,25,28,24,33,0,0,140,118,258,0.06520000000000001,0,0.022199999999999998,0,0,0.0714,0.0417,0,0,0,0.035699999999999996,0.016900000000000002,0.0271,4,66.75,-999,0,3,89,11,23.45454545,7,36.86,4,0,2,7,4,0,8,5,30,4,1,0,1,NA,NA
581,3,16,1,316,31601,500146,0,1,1,88,100,119,124,137,112,115,96,0,0,459,432,891,0,0.01,0,0.0081,0.021900000000000003,0.017900000000000003,0.0087,0,0,0,0.0087,0.0093,0.009,13,67.17999999999999,578,2,22,40.790000000000006,71,12.549295769999999,19,46.89,4,0,2,7,4,0,8,5,30,4,1,1,1,NA,NA
582,3,16,1,316,31601,307601,0,2,1,68,82,57,91,69,60,70,83,0,0,264,316,580,0,0,0,0,0,0.0167,0,0,0,0,0,0.0032,0.0017000000000000001,19,30.110000000000003,511,1,23,25.55,71,8.169014085,22,26.36,4,0,2,7,4,0,8,5,30,4,1,0,0,NA,NA
583,3,16,1,316,31601,307603,0,2,1,70,59,61,59,61,59,59,50,0,0,251,227,478,0.0286,0,0.0164,0,0,0.0339,0.016900000000000002,0,0,0,0.0159,0.0088,0.0126,23,20.88,572,1,24,19.72,93,5.139784945999999,32,14.94,4,0,2,7,4,0,8,5,30,4,1,0,0,NA,NA
584,3,16,1,316,31601,500137,0,1,1,48,40,62,54,57,50,59,51,0,0,226,195,421,0,0,0,0,0,0,0,0,0,0,0,0,0,13,31.24,289,1,15,27.330000000000002,69,6.101449275,44,9.57,4,0,2,7,4,0,8,5,30,4,1,0,1,NA,NA
585,3,16,1,316,31601,500142,0,1,1,42,60,64,56,54,47,39,52,0,0,199,215,414,0,0,0,0,0,0,0,0,0,0,0,0,0,14,28.87,349,1,14,28.87,79,5.240506329,23,18,4,0,2,7,4,0,8,5,30,4,1,0,1,NA,NA
586,3,16,1,316,31601,301066,1,2,1,176,167,170,165,176,186,192,169,0,0,714,687,1401,0.0398,0.035899999999999994,0.0059,0.0121,0.017,0.021500000000000002,0.0365,0.0178,0,0,0.0252,0.0218,0.0236,27,51.379999999999995,834,2,33,42.24,63,22.23809524,87,16.1,4,0,2,7,4,0,8,5,30,4,1,0,1,NA,NA
587,3,16,1,316,31601,307611,0,2,1,138,117,115,149,136,167,153,159,0,0,542,592,1134,0,0.0085,0,0,0,0,0,0,0,0,0,0.0017000000000000001,9.000000000000001e-4,21,54.67,582,2,32,35.65,77,14.727272729999997,68,16.68,4,0,2,7,4,0,8,5,30,4,1,0,1,NA,NA
588,3,16,1,316,31601,301064,1,2,1,686,745,851,897,907,902,983,1075,0,0,3427,3619,7046,0.0335,0.0201,0.0223,0.019,0.015399999999999999,0.0188,0.026400000000000003,0.0149,0,0,0.0239,0.018000000000000002,0.020900000000000002,113,62.4,-999,1,184,38.4,658,10.708206689999999,396,17.79,4,0,2,7,4,0,8,5,30,4,1,0,1,NA,NA
839,5,3,6,503,50306,301971,0,2,1,41,31,39,42,42,31,40,33,0,0,162,137,299,0.0244,0,0,0.023799999999999998,0.0476,0,0,0,0,0,0.018500000000000003,0.0073,0.0134,14,22,120,2,30,9.84,106,2.8207547170000002,26,11.5,3,5,4,8,58,5,9,6,98,12,1,0,0,NA,NA
858,5,3,11,503,50311,301978,0,2,1,47,46,50,58,57,49,56,42,0,0,210,195,405,0.08510000000000001,0.0217,0.06,0.0172,0.0351,0.0204,0.0714,0,0,0,0.0619,0.015399999999999999,0.0395,8,48.230000000000004,66,6,10,41.8,7,57.857142859999996,20,20.25,3,5,4,8,58,5,9,6,98,12,1,0,0,NA,NA
873,5,3,15,503,50315,301976,1,2,1,188,147,184,177,132,170,131,173,0,0,635,667,1302,0.0585,0.013600000000000001,0.038,0.0226,0.0303,0.0353,0.0229,0.017300000000000003,0,0,0.0394,0.0225,0.030699999999999998,28,45.83,740,2,26,49.449999999999996,5,260.4,45,28.93,3,5,4,8,58,5,9,6,98,12,1,0,0,NA,NA
987,5,3,32,503,50332,309767,0,2,1,29,14,36,23,19,21,19,24,0,0,103,82,185,0.0345,0,0,0,0.05260000000000001,0.0476,0.05260000000000001,0,0,0,0.029099999999999997,0.0122,0.0216,11,17.459999999999997,490,0,17,10.81,45,4.111111111,15,12.33,3,5,4,8,58,5,9,6,98,12,1,0,0,NA,NA
1001,5,3,35,503,50335,302063,0,2,1,30,25,27,35,31,25,25,34,0,0,113,119,232,0,0.04,0.037,0,0.0323,0,0.08,0.0294,0,0,0.035399999999999994,0.0168,0.025900000000000003,10,23.79,171,1,9,25.62,0,-999,14,16.57,3,5,4,8,58,5,9,6,98,12,1,0,0,NA,NA
1302,6,2,6,602,60206,500515,0,1,1,40,20,18,32,18,39,18,32,0,0,94,123,217,0.05,0.05,0,0.0313,0,0.07690000000000001,0.055600000000000004,0,0,0,0.0319,0.0407,0.036899999999999995,7,31.439999999999998,8,28,12,18.87,1,217,10,21.7,1,0,3,14,2,2,1,9,41,4,1,0,0,NA,NA
1303,6,2,15,602,60215,500549,0,1,1,19,17,19,18,20,18,28,17,0,0,86,70,156,0,0,0,0,0,0,0,0,0,0,0,0,0,1,172,111,1,2,86,3,52,11,14.18,1,0,3,14,2,2,1,9,41,4,1,0,0,NA,NA
1304,6,2,2,602,60202,502090,0,3,1,18,14,11,7,6,4,0,0,0,0,35,25,60,0,0.0714,0.0909,0,0,0,0,0,0,0,0.0286,0.04,0.0333,3,20,65,1,4,15,1,60,2,30,1,0,3,14,2,2,1,9,41,4,1,0,0,NA,NA
1305,6,2,5,602,60205,502277,0,3,1,15,30,43,32,0,0,0,0,0,0,58,62,120,0,0,0,0,0,0,0,0,0,0,0,0,0,-999,-999,-999,0,0,-999,1,120,1,120,1,0,3,14,2,2,1,9,41,4,1,1,0,NA,NA
1306,6,2,5,602,60205,502558,0,3,1,20,22,0,0,0,0,0,0,0,0,20,22,42,0,0,0,0,0,0,0,0,0,0,0,0,0,7,6,250,0,17,2.4699999999999998,0,-999,0,-999,1,0,3,14,2,2,1,9,41,4,1,0,0,NA,NA
1307,6,2,6,602,60206,502276,0,3,1,8,18,11,5,14,20,0,0,0,0,33,43,76,0,0,0,0,0,0,0,0,0,0,0,0,0,-999,-999,66,1,1,76,0,-999,1,76,1,0,3,14,2,2,1,9,41,4,1,1,0,NA,NA
1308,6,2,12,602,60212,501237,0,3,1,3,1,5,3,4,5,4,1,0,0,16,10,26,0,0,0,0,0,0,0,0,0,0,0,0,0,-999,-999,-999,0,0,-999,50,0.52,5,5.2,1,0,3,14,2,2,1,9,41,4,1,0,0,NA,NA
1309,6,2,13,602,60213,502087,0,3,1,9,5,5,6,14,13,0,0,0,0,28,24,52,0,0,0,0,0,0,0,0,0,0,0,0,0,7,7.430000000000001,120,0,10,5.2,5,10.4,2,26,1,0,3,14,2,2,1,9,41,4,1,0,0,NA,NA
1310,6,2,13,602,60213,502324,0,3,1,26,26,17,16,19,10,0,0,0,0,62,52,114,0,0,0,0,0,0,0,0,0,0,0,0,0,-999,-999,48,2,0,-999,0,-999,1,114,1,0,3,14,2,2,1,9,41,4,1,1,0,NA,NA
1311,6,2,13,602,60213,502152,0,3,1,30,20,38,15,34,22,28,21,0,0,130,78,208,0,0,0,0,0,0,0,0,0,0,0,0,0,-999,-999,-999,0,0,-999,1,208,2,104,1,0,3,14,2,2,1,9,41,4,1,1,0,NA,NA
1312,6,2,13,602,60213,502559,0,3,1,3,7,12,7,0,0,0,0,0,0,15,14,29,0,0,0,0,0,0,0,0,0,0,0,0,0,-999,-999,29,1,0,-999,0,-999,0,-999,1,0,3,14,2,2,1,9,41,4,1,0,0,NA,NA
1313,6,2,13,602,60213,502560,0,3,1,20,26,25,20,0,0,0,0,0,0,45,46,91,0,0,0,0,0,0,0,0,0,0,0,0,0,-999,-999,94,1,0,-999,0,-999,0,-999,1,0,3,14,2,2,1,9,41,4,1,0,0,NA,NA
1314,6,2,13,602,60213,502561,0,3,1,32,10,23,11,21,24,0,0,0,0,76,45,121,0,0,0,0,0,0,0,0,0,0,0,0,0,-999,-999,-999,0,0,-999,0,-999,0,-999,1,0,3,14,2,2,1,9,41,4,1,0,0,NA,NA
1315,6,2,15,602,60215,502562,0,3,1,13,13,15,9,8,4,0,0,0,0,36,26,62,0.07690000000000001,0,0,0,0,0,0,0,0,0,0.0278,0,0.0161,8,7.75,240,0,11,5.64,0,-999,0,-999,1,0,3,14,2,2,1,9,41,4,1,0,0,NA,NA
1316,6,2,16,602,60216,501598,0,3,1,11,10,13,12,9,14,15,11,0,0,48,47,95,0,0,0,0,0,0,0,0,0,0,0,0,0,9,10.56,40,2,11,8.639999999999999,4,23.75,6,15.83,1,0,3,14,2,2,1,9,41,4,1,0,0,NA,NA
1317,6,2,18,602,60218,502089,0,3,2,51,46,25,25,29,21,0,0,0,0,105,92,197,0.0196,0,0,0,0,0,0,0,0,0,0.0095,0,0.0051,-999,-999,128,2,0,-999,2,98.5,2,98.5,1,0,3,14,2,2,1,9,41,4,1,1,0,NA,NA
1318,6,2,1,602,60201,302361,1,2,1,17,13,19,17,18,16,35,28,0,0,89,74,163,0,0,0.05260000000000001,0,0,0,0.0286,0,0,0,0.0225,0,0.0123,9,18.85,228,1,11,14.41,0,-999,11,14.82,1,0,3,14,2,2,1,9,41,4,1,0,0,NA,NA
1319,6,2,1,602,60201,302376,0,2,1,67,65,81,55,77,89,77,53,0,0,302,262,564,0.0448,0,0.037,0,0.013000000000000001,0.0112,0.026000000000000002,0.018900000000000004,0,0,0.029799999999999997,0.0076,0.0195,19,30.38,352,2,15,38.3,59,9.559322034000001,22,25.64,1,0,3,14,2,2,1,9,41,4,1,0,0,NA,NA
1320,6,2,2,602,60202,302346,0,2,1,139,132,138,142,144,156,153,152,0,0,574,582,1156,0.0072,0.0076,0.0507,0.0282,0.055600000000000004,0.0192,0.058800000000000005,0.026300000000000004,0,0,0.04360000000000001,0.0206,0.032,29,39.309999999999995,523,2,32,36.1,0,-999,55,21.02,1,0,3,14,2,2,1,9,41,4,1,0,0,NA,NA
1321,6,2,3,602,60203,302347,0,2,1,115,103,137,126,126,127,137,135,0,0,515,491,1006,0,0,0,0,0,0,0,0,0,0,0,0,0,42,23.830000000000002,-999,1,38,26.25,71,14.16901408,54,18.630000000000003,1,0,3,14,2,2,1,9,41,4,1,0,0,NA,NA
1322,6,2,4,602,60204,302342,1,2,1,264,242,305,304,291,306,255,291,1,2,1116,1145,2261,0,0,0.0066,0,0.0103,0,0.0039,0.0034000000000000002,0,0,0.0054,9.000000000000001e-4,0.0031,67,33.57,-999,1,43,52.06,61,37.06557377000001,98,23.07,1,0,3,14,2,2,1,9,41,4,1,0,0,NA,NA
1323,6,2,4,602,60204,302368,1,2,2,16,14,23,15,28,16,23,10,0,0,90,55,145,0,0,0,0,0,0,0,0,0,0,0,0,0,8,18.62,270,1,6,24.2,140,1.0357142859999997,22,6.59,1,0,3,14,2,2,1,9,41,4,1,0,0,NA,NA
1324,6,2,4,602,60204,302379,1,2,1,45,28,41,44,48,29,54,47,0,0,188,148,336,0.06670000000000001,0,0,0.022699999999999998,0.0417,0,0,0.021300000000000003,0,0,0.026600000000000002,0.013500000000000002,0.0208,12,27.439999999999998,221,2,16,21.479999999999997,29,11.5862069,15,22.4,1,0,3,14,2,2,1,9,41,4,1,0,0,NA,NA
1325,6,2,4,602,60204,310709,0,2,2,45,28,29,23,27,26,37,26,0,0,138,103,241,0.044399999999999995,0,0.06899999999999999,0,0.037,0,0.027,0.0385,0,0,0.043500000000000004,0.009699999999999999,0.028999999999999998,9,28.310000000000002,234,1,17,14.15,49,4.918367347,4,60.25,1,0,3,14,2,2,1,9,41,4,1,1,0,NA,NA
1326,6,2,5,602,60205,302350,0,2,1,107,105,112,144,152,163,167,154,0,0,538,566,1104,0.08410000000000001,0.0095,0.0268,0.0278,0.026300000000000004,0.0061,0.0479,0.013000000000000001,0,0,0.0446,0.0141,0.028999999999999998,32,35.02,809,1,36,31.06,0,-999,54,20.439999999999998,1,0,3,14,2,2,1,9,41,4,1,0,0,NA,NA
1327,6,2,5,602,60205,302382,1,2,1,25,14,33,30,33,29,28,18,0,0,119,91,210,0.16,0,0.0606,0,0,0,0.035699999999999996,0,0,0,0.058800000000000005,0,0.0333,11,19.64,202,1,4,55,9,23.33333333,11,19.09,1,0,3,14,2,2,1,9,41,4,1,0,0,NA,NA
1328,6,2,5,602,60205,310705,0,2,1,95,79,118,126,116,140,116,115,0,0,445,460,905,0,0,0,0,0,0,0,0,0,0,0,0,0,22,40.27,696,1,15,60.41,50,18.1,40,22.630000000000003,1,0,3,14,2,2,1,9,41,4,1,0,0,NA,NA
1329,6,2,5,602,60205,310706,0,2,1,39,39,39,44,53,45,40,46,0,0,171,174,345,0.0256,0,0,0.022699999999999998,0.018900000000000004,0,0,0,0,0,0.011699999999999999,0.0057,0.0087,11,30.41,262,1,12,28.72,14,24.642857140000004,17,20.29,1,0,3,14,2,2,1,9,41,4,1,0,0,NA,NA
1330,6,2,6,602,60206,302348,0,2,1,55,46,61,39,75,62,68,52,0,0,259,199,458,0.0182,0,0.0164,0.0256,0.04,0.0161,0.0294,0,0,0,0.027,0.0101,0.0197,13,34.74,422,1,10,44,28,16.35714286,25,18.32,1,0,3,14,2,2,1,9,41,4,1,0,0,NA,NA
1331,6,2,6,602,60206,302367,1,2,1,229,212,227,247,241,224,241,228,0,0,938,911,1849,0.0087,0,0,0,0.0166,0.0045000000000000005,0.0083,0,0,0,0.0085,0.0011,0.0049,66,27.979999999999997,-999,1,65,28.49,189,9.783068782999997,81,22.830000000000002,1,0,3,14,2,2,1,9,41,4,1,0,0,NA,NA
1332,6,2,6,602,60206,302374,1,2,1,22,15,25,28,31,29,51,35,0,0,129,107,236,0,0,0,0,0.0968,0,0.0196,0.0286,0,0,0.031,0.0093,0.0212,6,42.13,147,2,8,30.64,1,236,15,15.729999999999999,1,0,3,14,2,2,1,9,41,4,1,0,0,NA,NA
1333,6,2,7,602,60207,302349,0,2,1,63,46,75,54,74,58,56,62,0,0,268,220,488,0.0635,0,0.0267,0,0.027,0.0517,0.05360000000000001,0.0161,0,0,0.041,0.0182,0.030699999999999998,12,40.06,386,1,19,26.19,89,5.483146067,21,23.24,1,0,3,14,2,2,1,9,41,4,1,0,0,NA,NA
1334,6,2,7,602,60207,302358,1,2,1,89,72,106,102,107,101,107,102,0,0,409,377,786,0.1124,0.013900000000000001,0.066,0.0392,0.0187,0.009899999999999999,0.0187,0.0196,0,0,0.051300000000000005,0.0212,0.036899999999999995,18,43.54,637,1,15,51.449999999999996,7,112.2857143,30,26.2,1,0,3,14,2,2,1,9,41,4,1,0,0,NA,NA
1335,6,2,7,602,60207,302356,1,2,1,63,46,72,63,90,74,102,94,0,0,327,277,604,0.0635,0,0.0278,0.0159,0.022199999999999998,0.027,0.0098,0.0106,0,0,0.0275,0.0144,0.021500000000000002,26,23.29,264,2,25,24.49,23,26.260869569999997,28,21.57,1,0,3,14,2,2,1,9,41,4,1,0,0,NA,NA
1336,6,2,7,602,60207,302366,0,2,1,131,132,144,161,173,151,189,161,0,0,637,605,1242,0.0153,0,0.0069,0,0.0116,0.0066,0.0053,0,0,0,0.009399999999999999,0.0017000000000000001,0.0056,35,36,-999,1,42,29.51,3,414,53,23.43,1,0,3,14,2,2,1,9,41,4,1,0,0,NA,NA
1337,6,2,7,602,60207,310701,0,2,1,29,34,42,32,47,43,38,39,0,0,156,148,304,0,0,0.023799999999999998,0,0.042600000000000006,0,0,0,0,0,0.0192,0,0.009899999999999999,15,20.52,509,1,9,33.15,49,6.2040816329999995,18,16.89,1,0,3,14,2,2,1,9,41,4,1,0,0,NA,NA
1338,6,2,7,602,60207,310704,1,2,1,42,45,75,61,74,59,74,68,0,0,265,233,498,0,0,0,0,0,0,0,0,0,0,0,0,0,27,18.24,397,1,29,17.02,0,-999,29,17.17,1,0,3,14,2,2,1,9,41,4,1,0,0,NA,NA
1339,6,2,8,602,60208,302351,0,2,1,130,101,116,114,139,115,136,135,0,0,521,465,986,0,0,0.0172,0.0175,0.036,0,0.0809,0.044399999999999995,0,0,0.0345,0.0172,0.026400000000000003,30,32.54,-999,1,35,28.4,18,54.77777778,47,20.979999999999997,1,0,3,14,2,2,1,9,41,4,1,0,0,NA,NA
1340,6,2,8,602,60208,302362,0,2,1,70,70,112,66,106,70,93,72,0,0,381,278,659,0.0286,0.0143,0.0268,0,0.0849,0.0286,0.043000000000000003,0.0278,0,0,0.0472,0.018000000000000002,0.0349,22,29.55,960,1,20,32.5,53,12.43396226,34,19.38,1,0,3,14,2,2,1,9,41,4,1,0,0,NA,NA
1341,6,2,8,602,60208,310708,0,2,1,20,22,28,40,22,24,9,28,0,0,79,114,193,0,0,0,0,0,0,0,0.035699999999999996,0,0,0,0.0088,0.0052,13,14.78,617,0,10,19,45,4.288888889,13,14.850000000000001,1,0,3,14,2,2,1,9,41,4,1,0,0,NA,NA
1342,6,2,9,602,60209,302363,1,2,1,78,101,90,104,94,101,99,102,0,0,361,408,769,0,0,0.044399999999999995,0,0,0,0.0505,0.0098,0,0,0.024900000000000002,0.0025,0.013000000000000001,41,18.74,-999,1,40,19.330000000000002,46,16.717391300000003,33,23.3,1,0,3,14,2,2,1,9,41,4,1,0,0,NA,NA
1343,6,2,9,602,60209,302383,0,2,1,51,48,47,60,63,43,74,50,0,0,235,201,436,0.0196,0,0.042600000000000006,0,0,0,0.027,0,0,0,0.021300000000000003,0,0.0115,15,29.73,207,2,17,25.150000000000002,3,145.33333330000002,21,20.759999999999998,1,0,3,14,2,2,1,9,41,4,1,0,0,NA,NA
1344,6,2,10,602,60210,302365,0,2,1,59,71,72,74,73,73,70,69,0,0,274,287,561,0,0,0.013900000000000001,0,0.0685,0.0137,0.1143,0.0145,0,0,0.051100000000000007,0.007,0.0285,17,33.59,435,1,19,30.23,54,10.38888889,25,22.439999999999998,1,0,3,14,2,2,1,9,41,4,1,0,0,NA,NA
1345,6,2,10,602,60210,302369,0,2,1,167,136,193,179,164,183,185,185,0,0,709,683,1392,0.024,0.0147,0.051800000000000006,0.0112,0.0305,0.0109,0.1622,0.0162,0,0,0.0691,0.013200000000000002,0.0417,30,46.690000000000005,987,1,30,45.67,55,25.309090910000002,49,28.41,1,0,3,14,2,2,1,9,41,4,1,0,0,NA,NA
1346,6,2,10,602,60210,302372,1,2,1,26,25,43,25,29,39,37,36,0,0,135,125,260,0,0,0,0,0,0,0,0,0,0,0,0,0,16,16,317,1,16,16,41,6.3414634150000015,18,14.44,1,0,3,14,2,2,1,9,41,4,1,0,0,NA,NA
1347,6,2,10,602,60210,302380,0,2,1,14,14,26,20,12,22,30,14,0,0,82,70,152,0,0,0.0385,0,0.0833,0,0.0333,0,0,0,0.0366,0,0.0197,7,21.27,259,1,6,23.4,49,3.1020408159999997,12,12.67,1,0,3,14,2,2,1,9,41,4,1,0,0,NA,NA
1348,6,2,11,602,60211,302343,0,2,1,125,104,170,141,156,130,146,123,0,0,597,498,1095,0,0,0,0,0,0,0,0,0,0,0,0,0,25,44.61,678,2,50,22.01,6,182.5,60,18.25,1,0,3,14,2,2,1,9,41,4,1,0,0,NA,NA
1349,6,2,11,602,60211,302359,1,2,1,56,44,77,70,66,63,78,54,0,0,277,231,508,0,0,0,0,0,0,0,0,0,0,0,0,0,15,33.65,230,2,29,17.59,119,4.268907562999999,21,24.19,1,0,3,14,2,2,1,9,41,4,1,0,0,NA,NA
1350,6,2,11,602,60211,302364,0,2,1,75,83,104,92,125,116,141,105,0,0,445,396,841,0.013300000000000001,0,0,0,0.024,0.0172,0.021300000000000003,0.0095,0,0,0.0157,0.0076,0.011899999999999999,26,32.67,722,1,28,30.330000000000002,46,18.282608699999997,43,19.56,1,0,3,14,2,2,1,9,41,4,1,0,0,NA,NA
1351,6,2,12,602,60212,302341,1,2,1,553,574,591,603,598,630,656,693,0,0,2398,2500,4898,0.016300000000000002,0.0035,0.0355,0.0066,0.0167,0.0032,0.0473,0.0303,0,0,0.029599999999999998,0.0116,0.0204,135,36.339999999999996,-999,1,156,31.35,125,39.184,201,24.37,1,0,3,14,2,2,1,9,41,4,1,0,0,NA,NA
1352,6,2,12,602,60212,302375,0,2,1,80,63,85,72,84,76,82,65,0,0,331,276,607,0.125,0,0.07060000000000001,0.013900000000000001,0.023799999999999998,0.013200000000000002,0.07320000000000002,0,0,0,0.07250000000000001,0.0072,0.042800000000000005,19,31.17,859,1,11,56.5,2,303.5,26,23.35,1,0,3,14,2,2,1,9,41,4,1,0,0,NA,NA
1353,6,2,13,602,60213,302344,0,2,1,54,55,74,59,76,72,79,86,0,0,283,272,555,0.037,0,0.0405,0.016900000000000002,0.07890000000000001,0,0.07590000000000001,0.0233,0,0,0.0601,0.011,0.036,16,34.32,524,1,12,47.67,5,111,31,17.9,1,0,3,14,2,2,1,9,41,4,1,0,0,NA,NA
1354,6,2,13,602,60213,310707,0,2,1,60,30,37,52,48,52,74,64,0,0,219,198,417,0,0,0,0,0,0,0,0,0,0,0,0,0,14,29.86,414,1,11,36.5,99,4.212121212,26,16.04,1,0,3,14,2,2,1,9,41,4,1,0,0,NA,NA
1355,6,2,13,602,60213,302357,1,2,1,74,67,82,97,72,74,81,88,0,0,309,326,635,0.0946,0,0.061,0.0309,0,0,0.037,0.011399999999999999,0,0,0.0485,0.0123,0.0299,22,29.32,817,1,29,22.17,8,79.37499999999999,25,25.4,1,0,3,14,2,2,1,9,41,4,1,0,0,NA,NA
1356,6,2,14,602,60214,302377,0,2,1,57,61,54,69,70,64,66,49,0,0,247,243,490,0.0351,0,0.037,0,0.0286,0.0156,0.0455,0.0204,0,0,0.036399999999999995,0.0082,0.0224,21,23.759999999999998,611,1,22,22.4,5,98,27,18.150000000000002,1,0,3,14,2,2,1,9,41,4,1,0,0,NA,NA
1357,6,2,15,602,60215,302370,0,2,1,48,43,66,61,64,53,81,48,0,0,259,205,464,0.0417,0,0.0152,0,0.0469,0,0.0494,0,0,0,0.0386,0,0.0216,22,20.93,580,1,21,21.66,98,4.734693878,28,16.57,1,0,3,14,2,2,1,9,41,4,1,0,0,NA,NA
1358,6,2,15,602,60215,302373,1,2,1,73,82,77,84,116,91,122,118,0,0,388,375,763,0,0,0,0,0.0172,0,0,0,0,0,0.0052,0,0.0026,34,22.610000000000003,642,1,31,24.759999999999998,36,21.19444444,40,19.08,1,0,3,14,2,2,1,9,41,4,1,0,0,NA,NA
1359,6,2,15,602,60215,302378,0,2,1,28,22,28,19,37,34,37,29,0,0,130,104,234,0,0,0,0,0.027,0,0,0,0,0,0.0077,0,0.0043,13,18.59,444,1,10,24.310000000000002,14,16.714285710000006,15,15.6,1,0,3,14,2,2,1,9,41,4,1,0,0,NA,NA
1360,6,2,15,602,60215,310710,0,2,1,23,36,47,39,43,28,58,25,0,0,171,128,299,0,0,0,0,0,0,0,0,0,0,0,0,0,11,27.38,247,1,16,19.04,3,99.66666667000001,14,21.36,1,0,3,14,2,2,1,9,41,4,1,0,0,NA,NA
1361,6,2,15,602,60215,302354,1,2,1,54,37,46,51,58,43,61,57,0,0,219,188,407,0.018500000000000003,0,0,0,0,0,0.0164,0,0,0,0.009099999999999999,0,0.0049,18,23.130000000000003,486,1,18,23.130000000000003,13,31.30769231,30,13.57,1,0,3,14,2,2,1,9,41,4,1,0,0,NA,NA
1362,6,2,16,602,60216,302381,1,2,1,83,89,96,90,96,106,84,96,0,0,359,381,740,0,0,0.0313,0,0.0104,0,0.011899999999999999,0,0,0,0.013900000000000001,0,0.0068000000000000005,18,41.92,593,1,8,95.27,0,-999,33,22.419999999999998,1,0,3,14,2,2,1,9,41,4,1,0,0,NA,NA
1363,6,2,16,602,60216,310702,1,2,1,93,111,100,107,104,119,104,110,0,0,401,447,848,0.0323,0.009,0.02,0.0093,0.0577,0.0168,0.0673,0.009099999999999999,0,0,0.044899999999999995,0.0112,0.0271,32,26.49,504,2,40,21.110000000000003,110,7.709090909,46,18.43,1,0,3,14,2,2,1,9,41,4,1,0,0,NA,NA
1364,6,2,17,602,60217,302345,1,2,1,31,26,48,28,45,30,43,34,0,0,167,118,285,0,0,0,0,0,0.0333,0.0233,0,0,0,0.006,0.0085,0.007,20,14.450000000000001,150,2,24,11.639999999999999,0,-999,16,17.810000000000002,1,0,3,14,2,2,1,9,41,4,1,0,0,NA,NA
1365,6,2,17,602,60217,302352,1,2,1,98,96,115,103,100,113,112,96,0,0,425,408,833,0,0,0.0087,0,0.04,0.026500000000000003,0.035699999999999996,0.0417,0,0,0.0212,0.0172,0.0192,25,33.24,971,1,31,26.87,1,833,37,22.51,1,0,3,14,2,2,1,9,41,4,1,0,0,NA,NA
1366,6,2,17,602,60217,302353,1,2,1,36,37,30,39,41,32,50,27,0,0,157,135,292,0.0278,0,0.0333,0,0,0,0.06,0,0,0,0.0318,0,0.0171,12,24.58,203,1,18,16.68,68,4.294117646999998,21,13.9,1,0,3,14,2,2,1,9,41,4,1,0,0,NA,NA
1367,6,2,17,602,60217,302355,1,2,1,8,19,30,17,21,22,13,17,0,0,72,75,147,0,0,0,0,0,0,0,0,0,0,0,0,0,11,13.38,49,3,8,19.45,126,1.1666666669999999,8,18.38,1,0,3,14,2,2,1,9,41,4,1,0,0,NA,NA
1368,6,2,17,602,60217,302360,1,2,1,6,6,10,6,10,12,11,4,0,0,37,28,65,0,0,0,0,0,0,0,0,0,0,0,0,0,6,11.75,83,1,6,10.44,0,-999,5,13,1,0,3,14,2,2,1,9,41,4,1,0,0,NA,NA
1369,6,2,17,602,60217,302371,0,2,1,20,18,33,24,30,17,23,26,0,0,106,85,191,0,0,0,0,0,0,0,0,0,0,0,0,0,7,25.5,125,2,7,25.5,0,-999,12,15.92,1,0,3,14,2,2,1,9,41,4,1,0,0,NA,NA
1370,6,2,18,602,60218,302384,1,2,1,85,87,97,90,110,94,123,103,0,0,415,374,789,0.0471,0,0.0206,0.011099999999999999,0.15450000000000003,0.042600000000000006,0.0813,0.029099999999999997,0,0,0.0795,0.021400000000000002,0.052000000000000005,23,34.3,746,1,27,28.84,152,5.190789474,37,21.32,1,0,3,14,2,2,1,9,41,4,1,0,0,NA,NA
1371,6,2,15,602,60215,310703,1,2,1,234,195,227,240,225,219,258,216,0,0,944,870,1814,0.0085,0.0205,0.026400000000000003,0,0.04,0.0137,0.0271,0.0093,0,0,0.025400000000000002,0.0103,0.0182,37,49.51,536,3,39,46.04,60,30.233333329999997,68,26.68,1,0,3,14,2,2,1,9,41,4,1,0,1,NA,NA
1372,1,4,1,104,10401,320815,0,2,1,55,46,84,76,88,92,95,88,0,0,322,302,624,0,0,0.011899999999999999,0,0.011399999999999999,0.0109,0.0105,0.034100000000000005,0,0,0.0093,0.013200000000000002,0.0112,6,102.2,550,1.1400000000000001,21.37,29.2,130,4.8,3,208,-999,-999,-999,-999,-999,-999,-999,-999,-999,-999,0,1,0,NA,NA
1373,1,6,2,106,10602,501197,0,3,1,33,21,29,24,32,36,37,25,0,0,131,106,237,0.0303,0,0.0345,0.0417,0.0625,0.0278,0.05410000000000001,0,0,0,0.0458,0.018900000000000004,0.033800000000000004,5,47.4,150,1.58,6,39.5,5,47.4,2,118.5,-999,-999,-999,-999,-999,-999,-999,-999,-999,-999,0,1,0,NA,NA
1374,1,6,4,106,10604,501196,0,3,1,13,10,18,15,11,17,16,12,0,0,58,54,112,0,0,0.055600000000000004,0.06670000000000001,0,0,0,0.16670000000000001,0,0,0.0172,0.055600000000000004,0.035699999999999996,4,28,95,1.1800000000000002,9,12.44,1,112,2,56,-999,-999,-999,-999,-999,-999,-999,-999,-999,-999,0,1,0,NA,NA
1375,1,6,5,106,10605,321009,0,2,3,14,11,21,32,25,20,20,25,0,0,80,88,168,0,0.0909,0.0476,0,0,0,0,0,0,0,0.0125,0.011399999999999999,0.011899999999999999,5,36.5,118,1.42,4.6,36.5,7,24,1,168,-999,-999,-999,-999,-999,-999,-999,-999,-999,-999,0,1,0,NA,NA
1376,1,6,7,106,10607,501362,0,3,1,17,9,19,19,17,16,18,19,0,0,71,63,134,0,0,0,0,0,0,0,0,0,0,0,0,0,4,33.5,0,0,5,26.8,0,0,2,67,-999,-999,-999,-999,-999,-999,-999,-999,-999,-999,0,1,0,NA,NA
1377,1,6,10,106,10610,501164,0,3,1,16,9,15,26,30,21,15,18,0,0,76,74,150,0,0.1111,0.1333,0.0385,0,0.0476,0,0,0,0,0.026300000000000004,0.0405,0.0333,1,150,94,1.6,2,75,26,5.7700000000000005,3,50,-999,-999,-999,-999,-999,-999,-999,-999,-999,-999,0,1,0,NA,NA
1378,1,8,1,108,10801,500441,0,1,1,77,73,91,65,50,70,85,93,0,0,303,301,604,0.013000000000000001,0.0137,0.054900000000000004,0.0462,0.06,0,0.0118,0.0108,0,0,0.033,0.0166,0.0248,9,67.83,154,3.9099999999999997,9.65,62.620000000000005,0,0,14,43.14,-999,-999,-999,-999,-999,-999,-999,-999,-999,-999,0,1,0,NA,NA
1379,1,7,1,107,10701,502262,0,3,1,44,22,24,14,0,0,0,0,0,0,68,36,104,0,0,0,0,0,0,0,0,0,0,0,0,0,30,3.4699999999999998,970,0.11,37,2.8099999999999996,4,26,1,104,-999,-999,-999,-999,-999,-999,-999,-999,-999,-999,0,1,0,NA,NA
1380,1,2,1,102,10201,305491,0,4,1,13,18,21,12,34,21,30,17,0,0,98,68,166,0.07690000000000001,0,0,0,0.058800000000000005,0,0,0,0,0,0.0306,0,0.0181,6,27.67,490,0.33999999999999997,14,11.860000000000001,48,3.46,3,55.33,-999,-999,-999,-999,-999,-999,-999,-999,-999,-999,0,1,0,NA,NA
1381,2,1,1,201,20101,501736,0,3,1,6,3,8,4,5,8,3,5,0,0,22,20,42,0,0,0,0,0,0,0,0,0,0,0,0,0,2,21,35,1.2,2,21,1,42,1,42,-999,-999,-999,-999,-999,-999,-999,-999,-999,-999,0,1,0,NA,NA
1382,2,2,1,202,20201,306008,0,2,3,29,27,29,34,36,39,32,35,0,0,126,135,261,0,0,0.0345,0,0.0278,0,0.0313,0,0,0,0.023799999999999998,0,0.0115,6,45,217,1.2,4.35,60,35,7.46,3,87,-999,-999,-999,-999,-999,-999,-999,-999,-999,-999,0,1,0,NA,NA
1383,2,2,1,202,20201,306009,0,2,3,34,34,18,34,32,31,20,28,0,0,104,127,231,0,0,0,0,0,0,0,0,0,0,0,0,0,11,21.53,50,4.609999999999999,15.729999999999999,14.68,55,4.2,4,57.75,-999,-999,-999,-999,-999,-999,-999,-999,-999,-999,0,1,0,NA,NA
1384,2,2,3,202,20203,306005,0,2,3,26,17,29,20,29,16,19,29,0,0,103,82,185,0,0,0,0,0,0,0,0.0345,0,0,0,0.0122,0.0054,13,14.44,451,0.41000000000000003,23.479999999999997,7.88,55,3.36,3,61.67,-999,-999,-999,-999,-999,-999,-999,-999,-999,-999,0,1,0,NA,NA
1385,2,2,4,202,20204,306015,0,4,2,9,23,19,10,21,20,15,29,0,0,64,82,146,0,0,0,0,0,0,0,0,0,0,0,0,0,3,48.67,100,1.46,1,146,4,36.5,2,73,-999,-999,-999,-999,-999,-999,-999,-999,-999,-999,0,1,0,NA,NA
1386,2,2,5,202,20205,306426,0,2,2,30,27,22,29,31,18,25,24,0,0,108,98,206,0.06670000000000001,0,0,0,0.0645,0,0,0,0,0,0.037,0,0.0194,8,24.43,620,0.32999999999999996,10.239999999999998,20.12,0,0,3,68.66999999999999,-999,-999,-999,-999,-999,-999,-999,-999,-999,-999,0,1,0,NA,NA
1387,2,2,6,202,20206,502065,1,3,1,24,12,19,14,20,25,0,0,0,0,63,51,114,0,0,0,0,0,0,0,0,0,0,0,0,0,4,28.5,60,1.9,4,28.5,40,2.8499999999999996,2,57,-999,-999,-999,-999,-999,-999,-999,-999,-999,-999,0,1,0,NA,NA
1388,2,2,7,202,20207,306003,0,2,2,31,24,35,28,34,38,38,38,0,0,138,128,266,0.0323,0,0.057100000000000005,0,0.0294,0.05260000000000001,0.05260000000000001,0.026300000000000004,0,0,0.043500000000000004,0.0234,0.033800000000000004,10,27.53,577,0.46,9.66,27.53,48,5.54,5,53.2,-999,-999,-999,-999,-999,-999,-999,-999,-999,-999,0,1,0,NA,NA
1389,2,2,8,202,20208,502226,0,3,1,20,22,23,30,0,0,0,0,0,0,43,52,95,0,0,0.043500000000000004,0,0,0,0,0,0,0,0.0233,0,0.0105,2,47.5,95,1,2,47.5,0,0,1,95,-999,-999,-999,-999,-999,-999,-999,-999,-999,-999,0,1,0,NA,NA
1390,2,2,10,202,20210,501534,0,3,1,21,11,8,9,12,16,6,13,0,0,47,49,96,0,0,0,0,0.16670000000000001,0.0625,0,0,0,0,0.042600000000000006,0.0204,0.0313,1,96,50,1.92,1,96,19,5.05,2,48,-999,-999,-999,-999,-999,-999,-999,-999,-999,-999,0,1,0,NA,NA
1391,2,2,10,202,20210,502077,0,3,1,23,25,39,28,33,29,0,0,0,0,95,82,177,0.043500000000000004,0.04,0.0256,0,0.12120000000000002,0,0,0,0,0,0.0632,0.0122,0.0395,3,59,114,1.55,4,44.25,0,0,2,88.5,-999,-999,-999,-999,-999,-999,-999,-999,-999,-999,0,1,0,NA,NA
1392,2,2,11,202,20211,306019,0,2,3,43,46,54,53,44,41,74,40,0,0,215,180,395,0,0,0,0.018900000000000004,0,0,0.027,0.025,0,0,0.0093,0.011099999999999999,0.0101,12,31.939999999999998,0,0,0,0,45,8.78,9,43.89,-999,-999,-999,-999,-999,-999,-999,-999,-999,-999,0,1,0,NA,NA
1393,2,2,2,202,20202,502080,0,3,1,15,8,21,10,29,21,0,0,0,0,65,39,104,0,0,0,0,0,0,0,0,0,0,0,0,0,6,17.330000000000002,96,1.08,7,14.860000000000001,0,0,2,52,-999,-999,-999,-999,-999,-999,-999,-999,-999,-999,0,1,0,NA,NA
1394,2,2,3,202,20203,306011,0,2,3,28,23,42,26,41,24,41,29,0,0,152,102,254,0,0,0,0,0,0,0,0,0,0,0,0,0,8,30,199,1.28,13.41,18.95,35,7.26,2,127,-999,-999,-999,-999,-999,-999,-999,-999,-999,-999,0,1,0,NA,NA
1395,2,2,3,202,20203,306012,0,2,3,30,26,27,21,26,23,31,19,0,0,114,89,203,0,0,0,0,0,0,0,0,0,0,0,0,0,7,29.5,293,0.69,11.01,18.439999999999998,47,4.319999999999999,1,203,-999,-999,-999,-999,-999,-999,-999,-999,-999,-999,0,1,0,NA,NA
1396,2,6,1,206,20601,300525,0,2,1,33,18,35,30,30,31,21,25,0,0,119,104,223,0.0909,0.055600000000000004,0.1143,0.16670000000000001,0.1333,0.0968,0,0.08,0,0,0.0924,0.1058,0.09870000000000001,1,159,140,1.59,2.8099999999999996,79.5,60,3.72,5,44.6,-999,-999,-999,-999,-999,-999,-999,-999,-999,-999,0,1,0,NA,NA
1397,2,6,4,206,20604,502192,1,3,1,20,21,34,29,32,26,0,0,0,0,86,76,162,0.3,0,0.17650000000000002,0.0345,0.0625,0.0385,0,0,0,0,0.1628,0.026300000000000004,0.0988,2,81,240,0.6799999999999999,2,81,0,0,2,81,-999,-999,-999,-999,-999,-999,-999,-999,-999,-999,0,1,0,NA,NA
1398,2,6,5,206,20605,300633,0,2,3,16,22,29,20,15,22,23,25,0,0,83,89,172,0.25,0,0.06899999999999999,0,0.06670000000000001,0,0.13040000000000002,0,0,0,0.12050000000000001,0,0.058100000000000006,8,20.62,141,1.22,2.57,67,60,2.8699999999999997,4,43,-999,-999,-999,-999,-999,-999,-999,-999,-999,-999,0,1,0,NA,NA
1399,2,6,2,206,20602,502195,1,3,1,41,36,55,42,44,48,0,0,0,0,140,126,266,0.0244,0,0.05450000000000001,0,0,0,0,0,0,0,0.0286,0,0.015,4,66.5,146,1.82,2,133,0,0,1,266,-999,-999,-999,-999,-999,-999,-999,-999,-999,-999,0,1,0,NA,NA
1400,2,7,1,207,20701,501851,0,3,1,4,10,9,3,6,7,9,4,0,0,28,24,52,0,0,0.2222,0,0.16670000000000001,0,0,0,0,0,0.10710000000000001,0,0.0577,1,52,26,2,1,52,0,0,1,52,-999,-999,-999,-999,-999,-999,-999,-999,-999,-999,0,1,0,NA,NA
1401,2,7,2,207,20702,501566,0,3,1,9,9,13,12,12,17,12,7,0,0,46,45,91,0,0,0,0,0.0833,0,0,0.14290000000000003,0,0,0.0217,0.022199999999999998,0.022,4,22.75,0,0,2,45.5,0,0,1,91,-999,-999,-999,-999,-999,-999,-999,-999,-999,-999,0,1,0,NA,NA
1402,2,7,3,207,20703,501560,0,3,1,10,19,16,6,18,9,15,10,0,0,59,44,103,0,0.05260000000000001,0,0,0,0,0,0,0,0,0,0.022699999999999998,0.009699999999999999,2,51.5,0,0,2,51.5,14,7.359999999999999,2,51.5,-999,-999,-999,-999,-999,-999,-999,-999,-999,-999,0,1,0,NA,NA
1403,2,7,3,207,20703,501559,0,3,1,18,8,36,16,19,21,17,21,0,0,90,66,156,0.1111,0,0.16670000000000001,0,0.1053,0.0476,0.17650000000000002,0,0,0,0.14440000000000003,0.0152,0.0897,2,78,0,0,2,78,0,0,2,78,-999,-999,-999,-999,-999,-999,-999,-999,-999,-999,0,1,0,NA,NA
1404,2,7,4,207,20704,501564,0,3,1,11,10,13,11,4,12,16,9,0,0,44,42,86,0.1818,0,0.07690000000000001,0.0909,0.25,0,0.0625,0.1111,0,0,0.1136,0.0476,0.0814,4,21.5,190,0.45,19,4.53,1,86,2,43,-999,-999,-999,-999,-999,-999,-999,-999,-999,-999,0,1,0,NA,NA
1405,2,9,1,209,20901,501748,0,3,1,46,45,51,64,61,59,68,56,0,0,226,224,450,0,0,0,0,0,0,0,0,0,0,0,0,0,8,56.25,216,2.08,6,75,0,0,11,40.91,-999,-999,-999,-999,-999,-999,-999,-999,-999,-999,0,1,0,NA,NA
1406,2,9,1,209,20901,501749,0,3,1,38,35,48,20,43,47,35,32,0,0,164,134,298,0,0,0,0,0,0,0,0,0,0,0,0,0,6,49.67,0,0,5,59.6,0,0,5,59.6,-999,-999,-999,-999,-999,-999,-999,-999,-999,-999,0,1,0,NA,NA
1407,2,9,1,209,20901,501750,0,3,1,10,6,18,18,12,22,23,18,0,0,63,64,127,0.1,0,0,0,0,0,0,0,0,0,0.0159,0,0.0079,4,31.75,0,0,5,25.4,27,4.7,3,42.33,-999,-999,-999,-999,-999,-999,-999,-999,-999,-999,0,1,0,NA,NA
1408,2,9,1,209,20901,501735,1,3,1,83,66,99,61,70,57,36,21,0,0,288,205,493,0,0,0.0101,0,0,0,0.0278,0,0,0,0.0069,0,0.0041,3,164.33,0,0,3,164.33,0,0,7,70.43,-999,-999,-999,-999,-999,-999,-999,-999,-999,-999,0,1,0,NA,NA
1409,2,9,1,209,20901,501614,1,1,2,54,40,66,62,60,54,65,63,0,0,245,219,464,0,0,0,0,0,0,0,0,0,0,0,0,0,11,42.71,39,11.96,18.62,24.919999999999998,0,0,11,42.18,-999,-999,-999,-999,-999,-999,-999,-999,-999,-999,0,1,0,NA,NA
1410,2,3,1,203,20301,323903,0,2,3,36,22,35,29,31,30,25,29,0,0,127,110,237,0,0,0,0,0.0323,0,0,0,0,0,0.0079,0,0.0042,9,26.330000000000002,553,0.43000000000000005,11.25,21.07,75,3.16,2,118.5,-999,-999,-999,-999,-999,-999,-999,-999,-999,-999,0,1,0,NA,NA
1411,2,3,1,203,20301,323902,0,2,3,25,28,21,24,20,15,20,20,0,0,86,87,173,0,0,0,0,0,0,0,0,0,0,0,0,0,5,34.43,147,1.1800000000000002,9.33,18.54,2,86.5,2,86.5,-999,-999,-999,-999,-999,-999,-999,-999,-999,-999,0,1,0,NA,NA
1412,2,3,1,203,20301,323901,0,2,3,74,72,69,86,67,73,73,67,0,0,283,298,581,0.0405,0.013900000000000001,0.0145,0,0,0.0274,0,0,0,0,0.0141,0.0101,0.012,13,44.41,377,1.54,15.39,37.75,80,7.26,7,83,-999,-999,-999,-999,-999,-999,-999,-999,-999,-999,0,1,0,NA,NA
1413,2,8,1,208,20801,325204,0,2,1,45,36,55,46,50,35,34,38,0,0,184,155,339,0,0,0,0,0,0,0,0,0,0,0,0,0,11,32.2,350,0.97,4.91,69,3,113,7,48.43,-999,-999,-999,-999,-999,-999,-999,-999,-999,-999,0,1,0,NA,NA
1414,2,8,1,208,20801,500937,0,1,1,14,22,11,15,23,27,27,16,0,0,75,80,155,0,0,0,0,0,0,0,0,0,0,0,0,0,2,68,68,2.27,2.2800000000000002,68,61,2.54,2,77.5,-999,-999,-999,-999,-999,-999,-999,-999,-999,-999,0,1,0,NA,NA
1415,2,8,1,208,20801,502348,0,3,1,17,6,22,10,0,0,0,0,0,0,39,16,55,0,0,0,0,0,0,0,0,0,0,0,0,0,2,27.5,0,0,3,18.330000000000002,0,0,1,55,-999,-999,-999,-999,-999,-999,-999,-999,-999,-999,0,1,0,NA,NA
1416,2,8,1,208,20801,325203,0,2,1,67,63,60,67,66,74,66,58,0,0,259,262,521,0,0,0,0,0,0,0,0,0,0,0,0,0,19,27.29,341,1.53,17.05,30.56,99,5.26,13,40.08,-999,-999,-999,-999,-999,-999,-999,-999,-999,-999,0,1,0,NA,NA
1417,2,8,1,208,20801,500936,0,1,1,30,38,39,38,46,34,28,32,0,0,143,142,285,0,0,0,0,0,0,0,0,0,0,0,0,0,8,36.5,335,0.8500000000000001,11.709999999999999,24.330000000000002,66,4.319999999999999,7,40.71,-999,-999,-999,-999,-999,-999,-999,-999,-999,-999,0,1,0,NA,NA
1418,2,8,1,208,20801,501147,0,1,2,20,18,31,14,22,23,27,14,0,0,100,69,169,0,0,0,0,0,0,0,0,0,0,0,0,0,5,36,199,0.8500000000000001,7.819999999999999,21.6,146,1.1600000000000001,4,42.25,-999,-999,-999,-999,-999,-999,-999,-999,-999,-999,0,1,0,NA,NA
1419,2,8,1,208,20801,500938,0,1,1,21,15,13,17,18,20,21,10,0,0,73,62,135,0.0476,0,0,0,0.055600000000000004,0,0.0952,0,0,0,0.05480000000000001,0,0.029599999999999998,3,51.75,110,1.23,0,0,112,1.21,2,67.5,-999,-999,-999,-999,-999,-999,-999,-999,-999,-999,0,1,0,NA,NA
1420,2,4,1,204,20401,305727,1,4,1,10,9,7,16,15,17,29,10,0,0,61,52,113,0,0,0,0,0.06670000000000001,0,0,0,0,0,0.0164,0,0.0088,4,28.25,120,0.9400000000000001,10,11.3,20,5.6499999999999995,2,56.5,-999,-999,-999,-999,-999,-999,-999,-999,-999,-999,0,1,0,NA,NA
1421,2,4,1,204,20401,306149,1,2,3,32,35,32,38,53,41,38,39,0,0,155,153,308,0,0,0,0,0,0,0,0,0,0,0,0,0,17,18.21,542,0.5700000000000001,33.13,9.3,66,4.67,6,51.33,-999,-999,-999,-999,-999,-999,-999,-999,-999,-999,0,1,0,NA,NA
1422,3,17,1,317,31701,306257,0,4,1,23,23,28,32,37,29,30,25,0,0,118,109,227,0.08700000000000001,0,0.035699999999999996,0,0,0,0,0,0,0,0.025400000000000002,0,0.013200000000000002,5,45.4,515,0.44,8,28.38,0,0,3,75.66999999999999,-999,-999,-999,-999,-999,-999,-999,-999,-999,-999,0,1,0,NA,NA
1423,3,17,1,317,31701,501238,0,1,1,43,33,29,38,32,36,25,49,0,0,129,156,285,0.0465,0.0303,0,0.05260000000000001,0.0313,0,0,0,0,0,0.0233,0.0192,0.0211,7,42.9,133,2.15,8.639999999999999,33,3,95,5,57,-999,-999,-999,-999,-999,-999,-999,-999,-999,-999,0,1,0,NA,NA
1424,3,2,1,302,30201,500117,0,3,1,15,15,10,10,16,11,13,20,0,0,54,56,110,0,0,0,0,0,0,0,0,0,0,0,0,0,5,22,111,0.99,6,18.330000000000002,8,13.75,2,55,-999,-999,-999,-999,-999,-999,-999,-999,-999,-999,0,1,0,NA,NA
1425,3,2,2,302,30202,300515,0,4,1,11,12,16,14,14,21,19,20,0,0,60,67,127,0.0909,0.0833,0,0,0,0,0,0,0,0,0.0167,0.0149,0.0157,4,31.75,126,1.01,9,14.11,0,0,1,127,-999,-999,-999,-999,-999,-999,-999,-999,-999,-999,0,1,0,NA,NA
1426,3,2,3,302,30203,300676,0,4,1,18,22,32,30,21,37,30,31,0,0,101,120,221,0,0,0.0313,0,0.0952,0.10810000000000002,0,0,0,0,0.029699999999999997,0.0333,0.0317,9,24.56,203,1.09,14,15.79,11,20.09,4,55.25,-999,-999,-999,-999,-999,-999,-999,-999,-999,-999,0,1,0,NA,NA
1427,3,2,3,302,30203,305397,0,4,1,40,27,35,43,39,46,50,40,0,0,164,156,320,0.15000000000000002,0.07410000000000001,0.0286,0.06979999999999999,0,0.043500000000000004,0.06,0.025,0,0,0.061,0.051300000000000005,0.0563,9,35.56,184,1.74,7,45.71,0,0,2,160,-999,-999,-999,-999,-999,-999,-999,-999,-999,-999,0,1,0,NA,NA
1428,3,2,4,302,30204,300674,0,4,1,23,23,25,20,16,33,29,32,0,0,93,108,201,0.17390000000000003,0,0,0.05,0.125,0,0.0345,0.0625,0,0,0.0753,0.0278,0.049800000000000004,10,20.1,245,0.8200000000000001,15,13.4,28,7.18,1,201,-999,-999,-999,-999,-999,-999,-999,-999,-999,-999,0,1,0,NA,NA
1429,3,4,1,304,30401,501621,0,3,1,30,28,40,34,38,25,37,34,0,0,145,121,266,0,0,0.025,0,0.05260000000000001,0.04,0.05410000000000001,0,0,0,0.0345,0.0083,0.0226,8,33.25,608,0.44,22,12.09,9,29.56,2,133,-999,-999,-999,-999,-999,-999,-999,-999,-999,-999,0,1,0,NA,NA
1430,3,4,2,304,30402,306613,0,2,3,57,69,89,77,90,69,91,67,0,0,327,282,609,0.1053,0.028999999999999998,0.0337,0.013000000000000001,0.055600000000000004,0.028999999999999998,0.044,0.0448,0,0,0.055,0.0284,0.0427,15,39.65,0,0,24.130000000000003,25.24,43,14.16,12,50.75,-999,-999,-999,-999,-999,-999,-999,-999,-999,-999,0,1,0,NA,NA
1431,3,4,2,304,30402,501328,0,3,1,37,21,37,33,28,27,47,32,0,0,149,113,262,0.0811,0,0,0,0,0,0.0638,0.0313,0,0,0.0403,0.0088,0.0267,8,32.75,431,0.61,19,13.79,105,2.5,2,131,-999,-999,-999,-999,-999,-999,-999,-999,-999,-999,0,1,0,NA,NA
1432,3,4,3,304,30403,502333,0,1,1,10,10,7,6,8,3,15,10,0,0,40,29,69,0,0,0,0,0.25,0,0,0,0,0,0.05,0,0.028999999999999998,14,4.94,147,0.47000000000000003,20.09,3.4299999999999997,1,69,1,69,-999,-999,-999,-999,-999,-999,-999,-999,-999,-999,0,1,0,NA,NA
1433,3,4,4,304,30404,305814,0,4,1,61,64,84,72,94,69,58,68,0,0,297,273,570,0.0164,0.0156,0.059500000000000004,0.055600000000000004,0.0638,0.058,0.0172,0.0882,0,0,0.043800000000000006,0.054900000000000004,0.049100000000000005,23,24.779999999999998,772,0.74,20,28.5,296,1.93,9,63.33,-999,-999,-999,-999,-999,-999,-999,-999,-999,-999,0,1,0,NA,NA
1434,3,4,4,304,30404,306617,0,4,3,96,113,108,112,115,126,139,105,0,0,458,456,914,0.0729,0.0177,0.037,0.0268,0.060899999999999996,0.0317,0.057600000000000005,0.019,0,0,0.0568,0.0241,0.0405,26,35.15,910,1,31,29.479999999999997,440,2.08,21,43.52,-999,-999,-999,-999,-999,-999,-999,-999,-999,-999,0,1,0,NA,NA
1435,3,4,5,304,30405,501331,0,1,1,15,13,16,20,13,12,15,11,0,0,59,56,115,0,0,0,0,0,0,0,0,0,0,0,0,0,13,8.850000000000001,0,0,0,0,76,1.51,2,57.5,-999,-999,-999,-999,-999,-999,-999,-999,-999,-999,0,1,0,NA,NA
1436,3,4,6,304,30406,306608,0,2,3,46,28,45,33,37,49,42,34,0,0,170,144,314,0.0217,0,0,0.0606,0.027,0.0816,0.023799999999999998,0,0,0,0.0176,0.0417,0.0287,8,37.4,264,1.1900000000000002,23.51,13.360000000000001,207,1.52,7,44.86,-999,-999,-999,-999,-999,-999,-999,-999,-999,-999,0,1,0,NA,NA
1437,3,4,6,304,30406,501332,0,1,1,12,6,10,8,8,7,6,7,0,0,36,28,64,0.0833,0.16670000000000001,0.1,0,0.125,0.14290000000000003,0.3333,0.14290000000000003,0,0,0.13890000000000002,0.10710000000000001,0.125,8,7.73,139,0.46,8.28,7.73,1,64,1,64,-999,-999,-999,-999,-999,-999,-999,-999,-999,-999,0,1,0,NA,NA
1438,3,4,6,304,30406,501949,0,3,1,14,23,19,16,12,19,15,10,0,0,60,68,128,0.21430000000000002,0,0,0,0.25,0,0.2,0.2,0,0,0.15000000000000002,0.0294,0.0859,13,9.850000000000001,371,0.35,15,8.53,27,4.74,1,128,-999,-999,-999,-999,-999,-999,-999,-999,-999,-999,0,1,0,NA,NA
1439,3,4,7,304,30407,306085,0,4,1,39,40,37,36,16,30,24,28,0,0,116,134,250,0,0,0.05410000000000001,0.0278,0.125,0.0333,0.2917,0,0,0,0.0948,0.0149,0.052000000000000005,13,19.23,314,0.8,22,11.360000000000001,0,0,3,83.33,-999,-999,-999,-999,-999,-999,-999,-999,-999,-999,0,1,0,NA,NA
1440,3,4,8,304,30408,502060,0,3,1,18,21,17,15,21,11,12,11,0,0,68,58,126,0.055600000000000004,0,0.058800000000000005,0,0.0476,0.0909,0,0.0909,0,0,0.0441,0.0345,0.0397,9,14,235,0.54,16,7.88,35,3.6,1,126,-999,-999,-999,-999,-999,-999,-999,-999,-999,-999,0,1,0,NA,NA
1441,3,4,8,304,30408,502064,0,3,1,22,10,20,6,13,12,12,11,0,0,67,39,106,0.0909,0,0,0,0,0,0.0833,0,0,0,0.0448,0,0.028300000000000002,11,9.639999999999999,540,0.2,15,7.07,0,0,1,106,-999,-999,-999,-999,-999,-999,-999,-999,-999,-999,0,1,0,NA,NA
1442,3,4,1,304,30401,306612,0,2,1,77,65,64,60,79,91,65,62,0,0,285,278,563,0.0519,0,0.0313,0,0.0127,0.022,0.015399999999999999,0,0,0,0.0281,0.0072,0.0178,10,57.08,318,1.77,12.33,45.67,389,1.45,9,62.56,-999,-999,-999,-999,-999,-999,-999,-999,-999,-999,0,1,0,NA,NA
1443,3,4,1,304,30401,502063,0,3,1,18,11,18,12,13,11,14,11,0,0,63,45,108,0,0.0909,0,0,0,0,0.0714,0,0,0,0.0159,0.022199999999999998,0.018500000000000003,13,8.31,216,0.5,14,7.71,1,108,1,108,-999,-999,-999,-999,-999,-999,-999,-999,-999,-999,0,1,0,NA,NA
1444,3,5,1,305,30501,501633,0,3,1,249,258,308,303,307,242,297,295,0,0,1161,1098,2259,0.0201,0.0078000000000000005,0.013000000000000001,0.0165,0.058600000000000006,0.0248,0.0572,0.0237,0,0,0.037899999999999996,0.0182,0.028300000000000002,34,66.44000000000001,8100,0.28,44,51.339999999999996,0,0,17,132.88000000000002,-999,-999,-999,-999,-999,-999,-999,-999,-999,-999,0,1,0,NA,NA
1445,3,5,4,305,30504,502071,0,3,1,49,50,48,43,54,51,40,26,0,0,191,170,361,0.0408,0.06,0.0833,0.0465,0.055600000000000004,0.0392,0.07500000000000001,0.0385,0,0,0.0628,0.0471,0.0554,4,90.25,157,2.3,5,72.2,0,0,9,40.11,-999,-999,-999,-999,-999,-999,-999,-999,-999,-999,0,1,0,NA,NA
1446,3,5,5,305,30505,306083,0,4,1,63,61,58,53,0,0,0,0,0,0,121,114,235,0.0635,0.0492,0.17240000000000003,0.0943,0,0,0,0,0,0,0.11570000000000001,0.07020000000000001,0.0936,12,19.58,301,0.7799999999999999,20,11.75,0,0,3,78.33,-999,-999,-999,-999,-999,-999,-999,-999,-999,-999,0,1,0,NA,NA
1447,3,5,5,305,30505,502382,0,3,1,67,67,83,57,0,0,0,0,0,0,150,124,274,0,0,0,0,0,0,0,0,0,0,0,0,0,6,45.67,0,0,12,22.830000000000002,0,0,2,137,-999,-999,-999,-999,-999,-999,-999,-999,-999,-999,0,1,0,NA,NA
1448,3,5,6,305,30506,501659,0,3,1,33,16,36,30,36,27,40,25,0,0,145,98,243,0,0.125,0.1111,0.06670000000000001,0,0.037,0,0,0,0,0.0276,0.051000000000000004,0.037,4,60.75,230,1.06,4,60.75,0,0,2,121.5,-999,-999,-999,-999,-999,-999,-999,-999,-999,-999,0,1,0,NA,NA
1449,3,5,6,305,30506,501660,0,3,1,51,31,40,36,68,37,41,30,0,0,200,134,334,0.11760000000000001,0,0.1,0.055600000000000004,0.0441,0.05410000000000001,0.0976,0,0,0,0.085,0.0299,0.0629,38,8.79,1067,0.31,41,8.15,0,0,3,111.33,-999,-999,-999,-999,-999,-999,-999,-999,-999,-999,0,1,0,NA,NA
1450,3,5,7,305,30507,305865,0,4,1,67,61,0,16,61,46,61,44,0,0,189,167,356,0,0,0,0.0625,0.0328,0.0217,0.0164,0,0,0,0.0212,0.012,0.016900000000000002,8,44.5,586,0.61,7,50.86,0,0,1,356,-999,-999,-999,-999,-999,-999,-999,-999,-999,-999,0,1,0,NA,NA
1451,3,5,8,305,30508,305572,0,4,1,155,132,166,167,236,206,208,171,0,0,765,676,1441,0,0.0152,0.0301,0.012,0.0381,0.024300000000000002,0.0337,0.0468,0,0,0.0275,0.0251,0.026400000000000003,12,120.08,580,2.48,15,96.07,49,29.41,27,53.37,-999,-999,-999,-999,-999,-999,-999,-999,-999,-999,0,1,0,NA,NA
1452,3,5,8,305,30508,305573,0,4,1,152,125,142,145,144,132,137,131,0,0,575,533,1108,0.0066,0.016,0.007,0.013800000000000002,0.0208,0.0303,0,0.0229,0,0,0.0087,0.0206,0.0144,9,123.11,400,2.77,20,55.4,8,138.5,12,92.33,-999,-999,-999,-999,-999,-999,-999,-999,-999,-999,0,1,0,NA,NA
1453,3,5,8,305,30508,306714,0,2,1,365,327,374,339,384,410,412,369,9,6,1544,1451,2995,0.021900000000000003,0.0153,0.0241,0.0236,0.0729,0.0268,0.0655,0.0217,0,0,0.0466,0.022099999999999998,0.0347,36,82.66,1243,2.4099999999999997,52.14,57.44,149,20.1,63,47.54,-999,-999,-999,-999,-999,-999,-999,-999,-999,-999,0,1,0,NA,NA
1454,3,5,2,305,30502,305831,0,4,1,44,32,23,22,29,27,24,32,0,0,120,113,233,0.022699999999999998,0,0,0.0455,0.0345,0,0.0833,0,0,0,0.0333,0.0088,0.021500000000000002,2,116.5,400,0.58,7,33.290000000000006,1,233,3,77.66999999999999,-999,-999,-999,-999,-999,-999,-999,-999,-999,-999,0,1,0,NA,NA
1455,3,13,1,313,31301,305810,0,4,1,22,18,34,20,32,19,29,18,0,0,117,75,192,0,0,0,0,0,0,0,0,0,0,0,0,0,3,64,138,1.3900000000000001,4,48,0,0,3,64,-999,-999,-999,-999,-999,-999,-999,-999,-999,-999,0,1,0,NA,NA
1456,3,13,2,313,31302,305811,0,2,1,17,13,12,10,12,13,18,11,0,0,59,47,106,0,0,0,0,0,0,0,0,0,0,0,0,0,5,21.330000000000002,116,0.91,7.45,14.219999999999999,7,15.139999999999999,2,53,-999,-999,-999,-999,-999,-999,-999,-999,-999,-999,0,1,0,NA,NA
1457,3,13,2,313,31302,306049,0,2,1,13,9,43,33,30,23,30,24,0,0,116,89,205,0,0,0.1395,0.0909,0.0333,0,0.06670000000000001,0,0,0,0.07760000000000002,0.0337,0.0585,9,23,119,1.73,5.35,38.33,0,0,1,205,-999,-999,-999,-999,-999,-999,-999,-999,-999,-999,0,1,0,NA,NA
1458,3,13,3,313,31303,501242,0,1,1,11,22,11,5,10,11,7,7,0,0,39,45,84,0.0909,0,0.0909,0,0.1,0,0,0,0,0,0.07690000000000001,0,0.035699999999999996,2,42,0,0,2.67,31.5,2,42,2,42,-999,-999,-999,-999,-999,-999,-999,-999,-999,-999,0,1,0,NA,NA
1459,3,13,4,313,31304,305948,0,4,1,5,6,7,7,12,8,9,8,0,0,33,29,62,0,0,0,0,0,0,0,0,0,0,0,0,0,1,62,45,1.3800000000000001,2,31,0,0,1,62,-999,-999,-999,-999,-999,-999,-999,-999,-999,-999,0,1,0,NA,NA
1460,3,13,5,313,31305,305812,0,2,1,31,21,38,31,26,23,24,38,0,0,119,113,232,0,0,0.026300000000000004,0,0.07690000000000001,0,0,0,0,0,0.0252,0,0.0129,2,107,181,1.28,5.06,45.86,0,0,3,77.33,-999,-999,-999,-999,-999,-999,-999,-999,-999,-999,0,1,0,NA,NA
1461,3,13,5,313,31305,501812,0,3,1,23,27,38,50,39,33,34,37,0,0,134,147,281,0,0,0,0,0,0,0,0,0,0,0,0,0,8,35.13,265,1.06,15,18.73,0,0,6,46.83,-999,-999,-999,-999,-999,-999,-999,-999,-999,-999,0,1,0,NA,NA
1462,3,13,6,313,31306,501168,0,3,1,10,16,13,17,17,8,23,26,0,0,63,67,130,0,0,0,0.058800000000000005,0,0,0,0,0,0,0,0.0149,0.0077,4,32.5,0,0,6,21.67,0,0,3,43.33,-999,-999,-999,-999,-999,-999,-999,-999,-999,-999,0,1,0,NA,NA
1463,3,13,7,313,31307,305588,0,2,1,17,15,11,12,10,11,6,14,0,0,44,52,96,0.11760000000000001,0.1333,0,0,0.1,0.0909,0,0.0714,0,0,0.06820000000000001,0.07690000000000001,0.0729,4,24,278,0.35,3,32,2,48,2,48,-999,-999,-999,-999,-999,-999,-999,-999,-999,-999,0,1,0,NA,NA
1464,3,13,8,313,31308,501816,0,3,1,16,8,23,18,15,12,26,19,0,0,80,57,137,0,0,0.043500000000000004,0.055600000000000004,0,0,0,0,0,0,0.0125,0.0175,0.0146,5,27.4,0,0,2,68.5,1,137,3,45.67,-999,-999,-999,-999,-999,-999,-999,-999,-999,-999,0,1,0,NA,NA
1465,3,13,8,313,31308,501840,0,3,1,25,16,29,28,32,25,29,24,0,0,115,93,208,0,0,0.17240000000000003,0.035699999999999996,0.0938,0,0,0,0,0,0.0696,0.0108,0.043300000000000005,2,104,40,5.2,2,104,1,208,3,69.33,-999,-999,-999,-999,-999,-999,-999,-999,-999,-999,0,1,0,NA,NA
1466,3,13,8,313,31308,501658,0,3,1,18,11,24,24,13,5,17,8,0,0,72,48,120,0,0,0,0,0,0,0,0,0,0,0,0,0,4,30,25,4.8,5,24,7,17.14,2,60,-999,-999,-999,-999,-999,-999,-999,-999,-999,-999,0,1,0,NA,NA
1467,3,13,9,313,31309,306831,0,2,1,58,43,69,83,87,68,74,81,0,0,288,275,563,0.0172,0.0233,0.043500000000000004,0.012,0.046,0.0147,0.0405,0.0123,0,0,0.0382,0.0145,0.026600000000000002,11,51.07,457,1.23,10.239999999999998,55,63,8.94,14,40.21,-999,-999,-999,-999,-999,-999,-999,-999,-999,-999,0,1,0,NA,NA
1468,3,13,10,313,31310,306253,0,4,1,28,26,35,19,0,0,0,0,0,0,63,45,108,0,0.0385,0.057100000000000005,0,0,0,0,0,0,0,0.0317,0.022199999999999998,0.0278,2,54,92,1.1700000000000002,7,15.43,0,0,2,54,-999,-999,-999,-999,-999,-999,-999,-999,-999,-999,0,1,0,NA,NA
1469,3,13,11,313,31311,502369,0,3,1,21,6,24,18,23,25,18,16,0,0,86,65,151,0,0.16670000000000001,0.0417,0,0.043500000000000004,0,0,0,0,0,0.0233,0.015399999999999999,0.0199,3,50.33,18,8.39,3,50.33,0,0,1,151,-999,-999,-999,-999,-999,-999,-999,-999,-999,-999,0,1,0,NA,NA
1470,3,13,12,313,31312,502259,0,3,1,12,9,7,6,3,7,9,3,0,0,31,25,56,0,0,0,0,0,0,0.1111,0,0,0,0.0323,0,0.017900000000000003,4,14,56,1,2,28,1,56,1,56,-999,-999,-999,-999,-999,-999,-999,-999,-999,-999,0,1,0,NA,NA
1471,3,13,13,313,31313,501214,0,3,1,30,22,19,25,24,31,31,14,0,0,104,92,196,0.0333,0,0.1053,0.12000000000000001,0.0833,0.0645,0,0,0,0,0.048100000000000004,0.05430000000000001,0.051000000000000004,2,98,70,2.8,4,49,0,0,2,98,-999,-999,-999,-999,-999,-999,-999,-999,-999,-999,0,1,0,NA,NA
1472,3,13,14,313,31314,501818,0,3,1,39,18,39,34,46,29,30,20,0,0,154,101,255,0.0256,0.1111,0.051300000000000005,0,0,0,0.06670000000000001,0.05,0,0,0.0325,0.029699999999999997,0.0314,8,31.88,31,8.229999999999999,13,19.62,1,255,4,63.75,-999,-999,-999,-999,-999,-999,-999,-999,-999,-999,0,1,0,NA,NA
1473,3,13,14,313,31314,501820,0,3,1,22,13,27,18,14,12,15,12,0,0,78,55,133,0,0,0,0,0,0,0,0,0,0,0,0,0,2,66.5,4,33.25,3,44.33,1,133,3,44.33,-999,-999,-999,-999,-999,-999,-999,-999,-999,-999,0,1,0,NA,NA
1474,3,13,14,313,31314,501857,0,3,1,25,22,24,35,32,25,33,13,0,0,114,95,209,0.12000000000000001,0.0455,0,0.0286,0.0313,0.04,0,0.07690000000000001,0,0,0.0351,0.042100000000000005,0.0383,4,52.25,0,0,4,52.25,2,104.5,4,52.25,-999,-999,-999,-999,-999,-999,-999,-999,-999,-999,0,1,0,NA,NA
1475,3,13,15,313,31315,502149,0,3,1,19,17,37,25,35,24,27,17,0,0,118,83,201,0.1053,0.058800000000000005,0.05410000000000001,0,0,0.0417,0,0,0,0,0.0339,0.0241,0.0299,4,50.25,38,5.29,3,67,0,0,1,201,-999,-999,-999,-999,-999,-999,-999,-999,-999,-999,0,1,0,NA,NA
1476,3,13,15,313,31315,502150,0,3,1,11,2,12,4,10,3,10,9,0,0,43,18,61,0,0,0,0,0.1,0,0,0,0,0,0.0233,0,0.0164,4,15.25,0,0,4,15.25,0,0,1,61,-999,-999,-999,-999,-999,-999,-999,-999,-999,-999,0,1,0,NA,NA
1477,3,13,16,313,31316,501556,0,3,1,9,13,11,8,4,4,6,4,0,0,30,29,59,0,0.07690000000000001,0.0909,0.125,0,0,0.3333,0,0,0,0.1,0.06899999999999999,0.08470000000000001,1,59,30,1.97,1,59,0,0,1,59,-999,-999,-999,-999,-999,-999,-999,-999,-999,-999,0,1,0,NA,NA
1478,3,13,17,313,31317,501733,0,3,1,112,87,112,105,104,92,87,87,0,0,415,371,786,0,0,0,0,0,0,0,0,0,0,0,0,0,4,196.5,0,0,7,112.29,0,0,8,98.25,-999,-999,-999,-999,-999,-999,-999,-999,-999,-999,0,1,0,NA,NA
1479,3,13,17,313,31317,501817,0,3,1,12,13,22,24,14,17,32,23,0,0,80,77,157,0,0,0,0,0,0,0,0,0,0,0,0,0,2,78.5,0,0,2,78.5,9,17.439999999999998,3,52.33,-999,-999,-999,-999,-999,-999,-999,-999,-999,-999,0,1,0,NA,NA
1480,3,13,17,313,31317,502147,0,3,1,32,22,39,25,31,17,36,28,0,0,138,92,230,0,0,0,0,0,0,0,0,0,0,0,0,0,4,57.5,172,1.34,5,46,0,0,1,230,-999,-999,-999,-999,-999,-999,-999,-999,-999,-999,0,1,0,NA,NA
1481,3,13,17,313,31317,502148,0,3,1,12,6,20,13,14,22,17,17,0,0,63,58,121,0,0,0,0,0,0,0,0,0,0,0,0,0,4,30.25,29,4.17,4,30.25,0,0,1,121,-999,-999,-999,-999,-999,-999,-999,-999,-999,-999,0,1,0,NA,NA
1482,3,13,17,313,31317,502500,0,3,1,10,14,14,9,17,7,0,0,0,0,41,30,71,0,0.14290000000000003,0,0,0,0,0,0,0,0,0,0.06670000000000001,0.0282,4,17.75,172,0.41000000000000003,5,14.2,0,0,1,71,-999,-999,-999,-999,-999,-999,-999,-999,-999,-999,0,1,0,NA,NA
1483,3,13,18,313,31318,501826,0,3,1,20,13,27,26,21,15,16,13,0,0,84,67,151,0.05,0.07690000000000001,0.07410000000000001,0.0385,0.0952,0,0,0.07690000000000001,0,0,0.059500000000000004,0.0448,0.053000000000000005,3,50.33,0,0,3,50.33,0,0,3,50.33,-999,-999,-999,-999,-999,-999,-999,-999,-999,-999,0,1,0,NA,NA
1484,3,13,19,313,31319,306187,0,4,1,18,18,50,36,33,24,0,0,0,0,101,78,179,0.055600000000000004,0,0.04,0,0.0909,0.0417,0,0,0,0,0.0594,0.0128,0.0391,4,44.75,0,0,5,35.8,1,179,2,89.5,-999,-999,-999,-999,-999,-999,-999,-999,-999,-999,0,1,0,NA,NA
1485,3,13,19,313,31319,501821,0,3,1,23,10,17,21,22,7,17,15,0,0,79,53,132,0,0,0,0,0,0,0,0,0,0,0,0,0,3,44,0,0,3,44,0,0,3,44,-999,-999,-999,-999,-999,-999,-999,-999,-999,-999,0,1,0,NA,NA
1486,3,13,19,313,31319,501822,0,3,1,37,28,47,25,25,22,38,16,0,0,147,91,238,0.05410000000000001,0,0.08510000000000001,0,0.16,0.0455,0,0,0,0,0.068,0.011,0.0462,4,59.5,97,2.4499999999999997,5,47.6,0,0,4,59.5,-999,-999,-999,-999,-999,-999,-999,-999,-999,-999,0,1,0,NA,NA
1487,3,13,20,313,31320,501211,0,3,1,26,22,28,20,33,17,23,23,0,0,110,82,192,0,0,0,0,0,0,0,0,0,0,0,0,0,7,27.43,178,1.08,9,21.330000000000002,4,48,4,48,-999,-999,-999,-999,-999,-999,-999,-999,-999,-999,0,1,0,NA,NA
1488,3,13,20,313,31320,502146,0,3,1,17,18,20,30,18,18,29,19,0,0,84,85,169,0.11760000000000001,0.055600000000000004,0,0,0.1111,0.055600000000000004,0.06899999999999999,0,0,0,0.0714,0.0235,0.0473,4,42.25,191,0.88,6,28.17,0,0,2,84.5,-999,-999,-999,-999,-999,-999,-999,-999,-999,-999,0,1,0,NA,NA
1489,3,15,1,315,31501,306954,0,4,1,36,27,31,24,33,25,39,29,0,0,139,105,244,0,0,0.0645,0.125,0,0,0.051300000000000005,0,0,0,0.0288,0.0286,0.0287,4,61,283,0.8600000000000001,3,81.33,70,3.4899999999999998,2,122,-999,-999,-999,-999,-999,-999,-999,-999,-999,-999,0,1,0,NA,NA
1490,3,15,2,315,31502,305740,0,2,1,100,90,51,73,56,61,54,52,0,0,261,276,537,0.03,0.011099999999999999,0,0,0,0.0164,0,0,0,0,0.0115,0.0072,0.0093,11,47.33,326,1.6500000000000001,1.8900000000000001,284,0,0,10,53.7,-999,-999,-999,-999,-999,-999,-999,-999,-999,-999,0,1,0,NA,NA
1491,3,15,2,315,31502,306921,0,2,1,111,106,124,96,101,99,114,103,0,0,450,404,854,0.036,0.009399999999999999,0.0161,0.0104,0.029699999999999997,0.0202,0.026300000000000004,0.009699999999999999,0,0,0.0267,0.0124,0.0199,10,89.5,706,1.21,16.22,52.65,0,0,20,42.7,-999,-999,-999,-999,-999,-999,-999,-999,-999,-999,0,1,0,NA,NA
1492,3,15,3,315,31503,306951,0,2,1,19,13,20,26,13,23,17,9,0,0,69,71,140,0,0.07690000000000001,0,0.0385,0,0,0,0,0,0,0,0.0282,0.0143,7,20.88,383,0.37,5.87,23.86,33,4.24,2,70,-999,-999,-999,-999,-999,-999,-999,-999,-999,-999,0,1,0,NA,NA
1493,3,15,3,315,31503,306952,0,4,1,35,36,49,41,54,39,51,57,0,0,189,173,362,0,0,0,0,0,0,0.0392,0.0175,0,0,0.0106,0.0058000000000000005,0.0083,12,30.17,578,0.63,32,11.31,0,0,7,51.71,-999,-999,-999,-999,-999,-999,-999,-999,-999,-999,0,1,0,NA,NA
1494,3,15,4,315,31504,501827,0,1,1,27,17,8,18,16,15,13,11,0,0,64,61,125,0,0,0,0,0,0,0,0,0,0,0,0,0,7,19.130000000000003,325,0.38,36.760000000000005,3.4,23,5.430000000000001,3,41.67,-999,-999,-999,-999,-999,-999,-999,-999,-999,-999,0,1,0,NA,NA
1495,3,15,6,315,31506,306917,0,2,1,53,51,58,56,66,39,68,41,0,0,245,187,432,0.056600000000000004,0,0.06899999999999999,0,0.0758,0,0.0294,0.0488,0,0,0.057100000000000005,0.0107,0.037,12,37.36,313,1.3800000000000001,16.52,26.150000000000002,93,4.6499999999999995,9,48,-999,-999,-999,-999,-999,-999,-999,-999,-999,-999,0,1,0,NA,NA
1496,3,15,5,315,31505,306950,0,4,1,147,147,157,131,168,148,168,165,0,0,640,591,1231,0.0816,0.034,0.0955,0.0458,0.0476,0.020300000000000002,0.029799999999999997,0.0303,0,0,0.0625,0.032100000000000004,0.0479,19,64.79,1666,0.74,10,123.1,100,12.31,30,41.03,-999,-999,-999,-999,-999,-999,-999,-999,-999,-999,0,1,0,NA,NA
1497,3,19,1,319,31901,305958,0,4,1,21,9,19,24,18,10,17,11,0,0,75,54,129,0,0,0.05260000000000001,0,0.055600000000000004,0,0,0,0,0,0.0267,0,0.0155,4,32.25,91,1.42,3,43,30,4.3,2,64.5,-999,-999,-999,-999,-999,-999,-999,-999,-999,-999,0,1,0,NA,NA
1498,3,19,2,319,31902,501938,0,3,1,26,22,25,25,25,15,29,22,0,0,105,84,189,0,0.0455,0,0.04,0.04,0.06670000000000001,0,0,0,0,0.0095,0.035699999999999996,0.0212,12,15.75,0,0,15,12.6,9,21,2,94.5,-999,-999,-999,-999,-999,-999,-999,-999,-999,-999,0,1,0,NA,NA
1499,3,19,3,319,31903,307005,0,2,3,39,45,63,66,56,58,54,60,0,0,212,229,441,0.1282,0.08889999999999999,0.1905,0.10610000000000001,0.1607,0.12070000000000002,0.055600000000000004,0.11670000000000001,0,0,0.1368,0.1092,0.12240000000000001,21,20.93,356,1.24,22.64,19.479999999999997,75,5.88,11,40.09,-999,-999,-999,-999,-999,-999,-999,-999,-999,-999,0,1,0,NA,NA
1500,3,19,5,319,31905,306081,0,4,1,50,48,79,56,82,69,0,0,0,0,211,173,384,0,0,0,0,0,0,0,0,0,0,0,0,0,2,192,155,2.48,3,128,117,3.2800000000000002,7,54.86,-999,-999,-999,-999,-999,-999,-999,-999,-999,-999,0,1,0,NA,NA
1501,3,19,6,319,31906,501833,0,3,1,10,14,12,13,12,9,7,8,0,0,41,44,85,0,0,0,0,0,0.2222,0,0,0,0,0,0.0455,0.0235,15,5.67,234,0.36,18,4.72,47,1.81,1,85,-999,-999,-999,-999,-999,-999,-999,-999,-999,-999,0,1,0,NA,NA
1502,3,19,6,319,31906,501836,0,3,1,12,18,18,7,11,15,12,15,0,0,53,55,108,0,0,0,0,0,0,0,0,0,0,0,0,0,10,10.8,0,0,9,12,45,2.4,1,108,-999,-999,-999,-999,-999,-999,-999,-999,-999,-999,0,1,0,NA,NA
1503,3,19,6,319,31906,501837,0,3,1,22,9,19,10,13,11,34,14,0,0,88,44,132,0,0,0,0,0,0,0,0,0,0,0,0,0,13,10.15,230,0.5700000000000001,17,7.76,28,4.71,2,66,-999,-999,-999,-999,-999,-999,-999,-999,-999,-999,0,1,0,NA,NA
1504,3,19,6,319,31906,502183,0,3,1,42,37,38,25,18,18,0,0,0,0,98,80,178,0.0714,0.10810000000000002,0,0,0.055600000000000004,0.1111,0,0,0,0,0.0408,0.07500000000000001,0.0562,4,44.5,0,0,8,22.25,0,0,3,59.33,-999,-999,-999,-999,-999,-999,-999,-999,-999,-999,0,1,0,NA,NA
1505,3,19,8,319,31908,307008,0,2,1,19,22,20,19,16,24,19,23,0,0,74,88,162,0,0,0,0,0,0,0,0,0,0,0,0,0,8,19.64,187,0.8700000000000001,8.25,19.64,99,1.6400000000000001,3,54,-999,-999,-999,-999,-999,-999,-999,-999,-999,-999,0,1,0,NA,NA
1506,3,19,9,319,31909,501952,0,3,1,12,5,12,12,14,11,11,12,0,0,49,40,89,0.0833,0,0,0,0,0,0.0909,0,0,0,0.0408,0,0.0225,6,14.83,184,0.48000000000000004,11,8.09,30,2.9699999999999998,1,89,-999,-999,-999,-999,-999,-999,-999,-999,-999,-999,0,1,0,NA,NA
1507,3,19,9,319,31909,501831,0,3,1,19,24,24,34,15,23,29,20,0,0,87,101,188,0,0,0,0,0,0,0,0,0,0,0,0,0,13,14.46,171,1.1,15,12.53,64,2.94,3,62.67,-999,-999,-999,-999,-999,-999,-999,-999,-999,-999,0,1,0,NA,NA
1508,3,19,12,319,31912,501609,0,3,1,48,40,67,51,57,53,67,36,0,0,239,180,419,0.0208,0,0.0149,0.0196,0.0351,0,0.0448,0,0,0,0.0293,0.0056,0.0191,18,23.279999999999998,100,4.1899999999999995,40,10.48,0,0,8,52.379999999999995,-999,-999,-999,-999,-999,-999,-999,-999,-999,-999,0,1,0,NA,NA
1509,3,19,14,319,31914,500734,0,3,1,12,12,21,19,27,18,22,6,0,0,82,55,137,0,0.0833,0,0.05260000000000001,0,0.055600000000000004,0,0,0,0,0,0.05450000000000001,0.021900000000000003,7,19.57,313,0.44,12,11.42,42,3.2600000000000002,3,45.67,-999,-999,-999,-999,-999,-999,-999,-999,-999,-999,0,1,0,NA,NA
1510,3,19,15,319,31915,305973,0,4,1,45,49,39,37,58,44,0,0,0,0,142,130,272,0.022199999999999998,0,0,0,0.0172,0.022699999999999998,0,0,0,0,0.0141,0.0077,0.011,6,45.33,240,1.1300000000000001,6,45.33,20,13.6,2,136,-999,-999,-999,-999,-999,-999,-999,-999,-999,-999,0,1,0,NA,NA
1511,3,19,15,319,31915,502184,0,3,1,12,13,21,14,20,16,0,0,0,0,53,43,96,0,0,0,0,0,0,0,0,0,0,0,0,0,9,10.67,130,0.74,14,6.859999999999999,40,2.4,2,48,-999,-999,-999,-999,-999,-999,-999,-999,-999,-999,0,1,0,NA,NA
1512,3,21,1,321,32101,500513,0,1,1,39,54,38,32,58,56,56,48,0,0,191,190,381,0,0,0.026300000000000004,0,0.06899999999999999,0,0.017900000000000003,0.0208,0,0,0.0314,0.0053,0.018400000000000003,13,30,345,1.1,24.650000000000002,15.450000000000001,50,7.619999999999999,3,127,-999,-999,-999,-999,-999,-999,-999,-999,-999,-999,0,1,0,NA,NA
1513,3,21,1,321,32101,501186,0,3,1,11,9,12,11,12,15,11,6,0,0,46,41,87,0,0,0,0,0,0,0,0,0,0,0,0,0,5,17.4,174,0.5,10,8.7,1,87,1,87,-999,-999,-999,-999,-999,-999,-999,-999,-999,-999,0,1,0,NA,NA
1514,3,21,1,321,32101,501224,0,3,1,14,10,19,17,23,26,16,21,0,0,72,74,146,0,0,0.05260000000000001,0.058800000000000005,0,0.07690000000000001,0,0.0476,0,0,0.013900000000000001,0.05410000000000001,0.0342,13,11.229999999999999,39,3.74,9,16.22,1,146,3,48.67,-999,-999,-999,-999,-999,-999,-999,-999,-999,-999,0,1,0,NA,NA
1515,3,21,1,321,32101,500771,0,1,1,19,14,18,11,22,13,17,20,0,0,76,58,134,0.1053,0.0714,0,0,0.0455,0,0.11760000000000001,0,0,0,0.0658,0.0172,0.0448,6,21,319,0.42000000000000004,12.76,10.5,51,2.63,2,67,-999,-999,-999,-999,-999,-999,-999,-999,-999,-999,0,1,0,NA,NA
1516,3,21,1,321,32101,501533,0,3,1,5,10,12,16,9,13,10,8,0,0,36,47,83,0,0,0.0833,0,0,0,0.1,0,0,0,0.055600000000000004,0,0.0241,4,20.75,39,2.13,2,41.5,0,0,2,41.5,-999,-999,-999,-999,-999,-999,-999,-999,-999,-999,0,1,0,NA,NA
1517,3,21,1,321,32101,501607,0,3,1,12,19,13,13,13,27,13,8,0,0,51,67,118,0.0833,0.1053,0.15380000000000002,0.07690000000000001,0.15380000000000002,0.1481,0.15380000000000002,0,0,0,0.1373,0.10450000000000001,0.1186,3,39.33,52,2.27,3,39.33,2,59,2,59,-999,-999,-999,-999,-999,-999,-999,-999,-999,-999,0,1,0,NA,NA
1518,3,21,2,321,32102,501302,0,3,1,33,23,30,30,30,28,24,20,0,0,117,101,218,0.0303,0.043500000000000004,0.1,0.0333,0,0,0.0833,0,0,0,0.051300000000000005,0.019799999999999998,0.036699999999999997,5,43.6,106,2.06,5,43.6,74,2.9499999999999997,2,109,-999,-999,-999,-999,-999,-999,-999,-999,-999,-999,0,1,0,NA,NA
1519,3,21,3,321,32103,501606,0,3,1,38,22,39,35,21,36,27,26,0,0,125,119,244,0.15790000000000004,0.0455,0.0256,0.0286,0,0.0278,0,0.0385,0,0,0.056,0.033600000000000005,0.0451,3,81.33,185,1.32,6,40.67,51,4.78,2,122,-999,-999,-999,-999,-999,-999,-999,-999,-999,-999,0,1,0,NA,NA
1520,3,21,3,321,32103,502656,0,3,1,5,2,6,10,3,6,5,5,0,0,19,23,42,0,0,0.16670000000000001,0.1,0.3333,0,0,0,0,0,0.1053,0.043500000000000004,0.0714,3,14,72,0.58,0,0,0,0,1,42,-999,-999,-999,-999,-999,-999,-999,-999,-999,-999,0,1,0,NA,NA
1521,3,21,4,321,32104,305574,0,2,1,84,82,108,101,96,91,107,93,0,0,395,367,762,0.0476,0.0244,0.1296,0.029699999999999997,0.11460000000000001,0.054900000000000004,0.056100000000000004,0,0,0,0.0886,0.0272,0.05910000000000001,20,38.449999999999996,603,1.26,34.230000000000004,22.259999999999998,210,3.63,13,58.620000000000005,-999,-999,-999,-999,-999,-999,-999,-999,-999,-999,0,1,0,NA,NA
1522,3,21,4,321,32104,502108,0,3,1,117,108,143,116,120,101,79,54,0,0,459,379,838,0.0171,0.0093,0.13290000000000002,0.0603,0.10830000000000001,0.0495,0.15190000000000003,0.055600000000000004,0,0,0.10020000000000001,0.0422,0.07400000000000001,18,46.56,640,1.31,20,41.9,5,167.6,2,419,-999,-999,-999,-999,-999,-999,-999,-999,-999,-999,0,1,0,NA,NA
1523,3,21,4,321,32104,502185,0,1,1,7,15,9,8,12,11,7,13,0,0,35,47,82,0,0,0,0,0,0,0,0,0,0,0,0,0,5,16,74,1.1,10.25,8,0,0,1,82,-999,-999,-999,-999,-999,-999,-999,-999,-999,-999,0,1,0,NA,NA
1524,3,21,5,321,32105,307117,0,2,1,22,19,30,15,32,36,16,25,0,0,100,95,195,0.1818,0.05260000000000001,0.1,0.06670000000000001,0.0625,0.1111,0.125,0,0,0,0.11,0.0632,0.08720000000000001,7,29.25,150,1.3,6.67,29.25,1,195,4,48.75,-999,-999,-999,-999,-999,-999,-999,-999,-999,-999,0,1,0,NA,NA
1525,3,21,6,321,32106,501183,0,3,1,33,30,47,38,31,27,40,42,0,0,151,137,288,0.0606,0,0.0638,0.026300000000000004,0.1935,0.1111,0,0.0476,0,0,0.0728,0.043800000000000006,0.059000000000000004,6,48,573,0.5,28,10.29,66,4.359999999999999,6,48,-999,-999,-999,-999,-999,-999,-999,-999,-999,-999,0,1,0,NA,NA
1526,3,21,7,321,32107,501226,0,1,1,68,63,65,78,79,58,63,75,0,0,275,274,549,0,0,0.0615,0,0.0127,0,0.0476,0.013300000000000001,0,0,0.029099999999999997,0.0036,0.0164,27,20,532,1.03,18.3,30,174,3.16,12,45.75,-999,-999,-999,-999,-999,-999,-999,-999,-999,-999,0,1,0,NA,NA
1527,3,21,8,321,32108,500511,0,3,1,41,30,50,33,38,37,42,27,0,0,171,127,298,0.07320000000000002,0.06670000000000001,0.02,0.0303,0,0.027,0,0.037,0,0,0.0234,0.0394,0.030199999999999998,12,24.830000000000002,802,0.37,11,27.09,100,2.98,7,42.57,-999,-999,-999,-999,-999,-999,-999,-999,-999,-999,0,1,0,NA,NA
1528,3,21,8,321,32108,500770,0,3,1,78,74,102,79,76,69,88,79,0,0,344,301,645,0.07690000000000001,0.027,0.07840000000000001,0.0127,0.0658,0.08700000000000001,0.06820000000000001,0.050600000000000006,0,0,0.07270000000000001,0.0432,0.0589,9,71.66999999999999,1066,0.61,12,53.75,54,11.94,4,161.25,-999,-999,-999,-999,-999,-999,-999,-999,-999,-999,0,1,0,NA,NA
1529,3,1,1,301,30101,305554,0,4,1,223,152,210,196,221,176,232,263,0,0,886,787,1673,0.035899999999999994,0.013200000000000002,0.019,0.0051,0.049800000000000004,0.0284,0.0517,0.0304,0,0,0.0395,0.020300000000000002,0.0305,29,57.690000000000005,993,1.6800000000000002,30,55.77,293,5.71,26,64.35,-999,-999,-999,-999,-999,-999,-999,-999,-999,-999,0,1,0,NA,NA
1530,3,1,1,301,30101,307203,0,4,1,183,193,172,227,185,225,140,175,0,0,680,820,1500,0.021900000000000003,0.0155,0.0058000000000000005,0,0,0.0044,0,0,0,0,0.0074,0.0049,0.006,35,42.86,821,1.83,31,48.39,78,19.23,28,53.57,-999,-999,-999,-999,-999,-999,-999,-999,-999,-999,0,1,1,NA,NA
1531,3,1,1,301,30101,500766,0,3,1,11,16,11,9,9,13,9,6,0,0,40,44,84,0,0,0.0909,0.4444,0.2222,0,0,0,0,0,0.07500000000000001,0.0909,0.0833,4,21,174,0.48000000000000004,6,14,1,84,2,42,-999,-999,-999,-999,-999,-999,-999,-999,-999,-999,0,1,0,NA,NA
1532,3,6,1,306,30601,500475,0,3,1,116,92,95,107,110,112,94,82,0,0,415,393,808,0.0517,0.0978,0.1158,0.0467,0.0273,0.0625,0.042600000000000006,0.0244,0,0,0.057800000000000004,0.0585,0.0582,40,20.2,810,1,47,17.19,0,0,18,44.89,-999,-999,-999,-999,-999,-999,-999,-999,-999,-999,0,1,0,NA,NA
1533,3,6,1,306,30601,500477,0,3,1,186,146,197,180,199,187,208,238,0,0,790,751,1541,0.06989999999999999,0.041100000000000005,0.040600000000000004,0.0278,0.0402,0.037399999999999996,0.0529,0.033600000000000005,0,0,0.050600000000000006,0.034600000000000006,0.042800000000000005,20,77.05,800,1.93,12,128.42000000000002,98,15.719999999999999,33,46.7,-999,-999,-999,-999,-999,-999,-999,-999,-999,-999,0,1,0,NA,NA
1534,3,6,1,306,30601,500476,0,3,1,76,57,72,98,86,64,56,64,0,0,290,283,573,0.013200000000000002,0,0.0278,0.0102,0.0465,0.0313,0.0714,0.0313,0,0,0.037899999999999996,0.0177,0.0279,16,35.809999999999995,220,2.6,17,33.71,0,0,14,40.93,-999,-999,-999,-999,-999,-999,-999,-999,-999,-999,0,1,0,NA,NA
1535,3,6,1,306,30601,501637,0,3,1,33,32,35,46,43,28,28,25,0,0,139,131,270,0.0303,0.0625,0.1143,0.043500000000000004,0.093,0.035699999999999996,0.0714,0,0,0,0.0791,0.0382,0.059300000000000005,13,20.77,1148,0.24000000000000002,27,10,0,0,5,54,-999,-999,-999,-999,-999,-999,-999,-999,-999,-999,0,1,0,NA,NA
1536,3,14,1,314,31401,500135,0,3,1,26,11,27,24,27,12,16,21,0,0,96,68,164,0.0385,0,0.037,0.0417,0.037,0,0.1875,0,0,0,0.0625,0.0147,0.0427,8,20.5,118,1.3900000000000001,7,23.43,15,10.93,3,54.67,-999,-999,-999,-999,-999,-999,-999,-999,-999,-999,0,1,0,NA,NA
1537,3,8,1,308,30801,305697,0,2,1,118,126,119,98,142,138,138,119,7,7,524,488,1012,0.0678,0.023799999999999998,0.084,0.0204,0.0704,0.028999999999999998,0.0507,0.0252,0,0,0.0668,0.0246,0.0464,12,84.08,0,0,17.66,57.290000000000006,139,7.28,13,77.85,-999,-999,-999,-999,-999,-999,-999,-999,-999,-999,0,1,1,NA,NA
1538,3,8,1,308,30801,305991,0,4,1,50,37,53,48,47,49,42,39,0,0,192,173,365,0.1,0.027,0.11320000000000001,0.0208,0.021300000000000003,0.0204,0.0476,0,0,0,0.0729,0.017300000000000003,0.0466,29,12.59,216,1.6900000000000002,24,15.209999999999999,70,5.21,2,182.5,-999,-999,-999,-999,-999,-999,-999,-999,-999,-999,0,1,1,NA,NA
1539,3,8,1,308,30801,502220,0,3,1,52,42,59,31,49,42,0,0,0,0,160,115,275,0.09620000000000001,0,0,0.0645,0.0816,0.0476,0,0,0,0,0.0563,0.034800000000000005,0.0473,10,27.5,0,0,0,0,50,5.5,3,91.66999999999999,-999,-999,-999,-999,-999,-999,-999,-999,-999,-999,0,1,1,NA,NA
1540,3,8,1,308,30801,307514,0,4,1,100,108,109,80,115,109,105,85,0,0,429,382,811,0.01,0.018500000000000003,0.018300000000000004,0.0375,0.0261,0.0092,0.0286,0.0118,0,0,0.021,0.018300000000000004,0.0197,11,73.73,1169,0.69,26,31.19,102,7.95,12,67.58,-999,-999,-999,-999,-999,-999,-999,-999,-999,-999,0,1,1,NA,NA
1541,3,9,1,309,30901,500728,0,3,1,54,33,58,35,36,43,48,41,0,0,196,152,348,0.055600000000000004,0.0909,0.0345,0.08570000000000001,0.0278,0.06979999999999999,0.0625,0,0,0,0.045899999999999996,0.0592,0.0517,3,116,253,1.3800000000000001,13,26.77,32,10.88,5,69.6,-999,-999,-999,-999,-999,-999,-999,-999,-999,-999,0,1,0,NA,NA
1542,3,9,1,309,30901,500727,0,3,1,23,12,30,20,19,22,23,30,0,0,95,84,179,0.13040000000000002,0.0833,0.1333,0.1,0.05260000000000001,0.0455,0,0.0333,0,0,0.08420000000000001,0.059500000000000004,0.07260000000000001,5,35.8,164,1.09,6,29.830000000000002,30,5.970000000000001,3,59.67,-999,-999,-999,-999,-999,-999,-999,-999,-999,-999,0,1,0,NA,NA
1543,3,20,1,320,32001,501829,0,3,1,24,16,20,19,15,24,11,17,0,0,70,76,146,0,0,0,0,0,0,0,0,0,0,0,0,0,15,9.729999999999999,136,1.07,28,5.21,0,0,2,73,-999,-999,-999,-999,-999,-999,-999,-999,-999,-999,0,1,0,NA,NA
1544,3,11,1,311,31101,501231,0,3,1,91,102,141,129,146,147,151,142,0,0,529,520,1049,0.011,0.0196,0.021300000000000003,0.0233,0.0342,0.0272,0.033100000000000004,0.0141,0,0,0.026500000000000003,0.0212,0.023799999999999998,5,209.8,331,3.17,12,87.42,47,22.32,15,69.93,-999,-999,-999,-999,-999,-999,-999,-999,-999,-999,0,1,1,NA,NA
1545,3,12,1,312,31201,501138,0,3,1,270,256,274,265,199,231,256,253,0,0,999,1005,2004,0.037,0.011699999999999999,0.0073,0.0113,0.0101,0.013000000000000001,0.0078000000000000005,0,0,0,0.016,0.009,0.0125,14,143.14,339,5.91,8,250.5,673,2.98,21,95.43,-999,-999,-999,-999,-999,-999,-999,-999,-999,-999,0,1,1,NA,NA
1546,4,10,1,410,41001,300536,0,4,1,284,236,330,304,364,328,327,342,0,0,1305,1210,2515,0.035199999999999995,0.025400000000000002,0.0394,0.0164,0.022,0.0274,0.033600000000000005,0.026300000000000004,0,0,0.0322,0.024,0.0282,32,78.59,1329,1.8900000000000001,34,73.97,2311,1.09,9,279.44,-999,-999,-999,-999,-999,-999,-999,-999,-999,-999,0,1,1,NA,NA
1547,4,10,1,410,41001,305791,0,4,1,196,193,206,213,245,239,226,205,0,0,873,850,1723,0.0204,0.0104,0.009699999999999999,0.009399999999999999,0.0408,0.0084,0.0044,0.0098,0,0,0.0195,0.009399999999999999,0.0145,11,156.64,1424,1.21,32,53.839999999999996,3,574.3299999999999,6,287.17,-999,-999,-999,-999,-999,-999,-999,-999,-999,-999,0,1,1,NA,NA
1548,4,3,2,403,40302,501264,0,3,1,16,10,13,17,20,17,18,12,0,0,67,56,123,0,0,0.15380000000000002,0,0.05,0,0,0,0,0,0.0448,0,0.0244,4,30.75,100,1.23,3,41,132,0.93,2,61.5,-999,-999,-999,-999,-999,-999,-999,-999,-999,-999,0,1,0,NA,NA
1549,4,3,3,403,40303,501538,0,3,1,32,23,43,21,21,28,32,26,0,0,128,98,226,0,0,0,0,0,0,0.0313,0,0,0,0.0078000000000000005,0,0.0044,6,37.67,0,0,6,37.67,222,1.02,2,113,-999,-999,-999,-999,-999,-999,-999,-999,-999,-999,0,1,0,NA,NA
1550,4,3,4,403,40304,305596,0,4,1,30,34,37,26,34,35,33,34,0,0,134,129,263,0,0,0,0,0,0,0,0,0,0,0,0,0,8,32.879999999999995,350,0.75,9,29.22,6,43.83,5,52.6,-999,-999,-999,-999,-999,-999,-999,-999,-999,-999,0,1,0,NA,NA
1551,4,3,4,403,40304,502499,0,3,1,43,32,39,27,54,39,43,28,0,0,179,126,305,0.0233,0,0,0,0.018500000000000003,0.0256,0.0233,0,0,0,0.0168,0.0079,0.0131,17,17.939999999999998,240,1.27,37,8.239999999999998,13,23.459999999999997,5,61,-999,-999,-999,-999,-999,-999,-999,-999,-999,-999,0,1,0,NA,NA
1552,4,3,5,403,40305,501013,0,3,1,50,55,56,62,75,70,69,84,0,0,250,271,521,0.06,0.0182,0.035699999999999996,0,0.013300000000000001,0,0.058,0,0,0,0.04,0.0037,0.0211,10,52.1,242,2.15,9,57.89,57,9.139999999999999,6,86.83,-999,-999,-999,-999,-999,-999,-999,-999,-999,-999,0,1,0,NA,NA
1553,4,3,5,403,40305,501015,0,3,1,49,34,32,42,38,60,38,35,0,0,157,171,328,0.0816,0,0,0.023799999999999998,0.05260000000000001,0,0.026300000000000004,0.0286,0,0,0.0446,0.011699999999999999,0.0274,9,36.44,0,0,6,54.67,12,27.330000000000002,6,54.67,-999,-999,-999,-999,-999,-999,-999,-999,-999,-999,0,1,0,NA,NA
1554,4,3,5,403,40305,501542,0,3,1,9,13,12,9,14,13,19,17,0,0,54,52,106,0,0,0,0.1111,0.0714,0,0,0,0,0,0.018500000000000003,0.0192,0.018900000000000004,4,26.5,45,2.36,6,17.67,100,1.06,2,53,-999,-999,-999,-999,-999,-999,-999,-999,-999,-999,0,1,0,NA,NA
1555,4,3,6,403,40306,501011,0,3,2,13,20,28,22,36,34,34,22,0,0,111,98,209,0,0,0,0,0.0278,0,0.0294,0,0,0,0.018000000000000002,0,0.0096,5,41.8,417,0.5,24,8.709999999999999,0,0,2,104.5,-999,-999,-999,-999,-999,-999,-999,-999,-999,-999,0,1,0,NA,NA
1556,4,3,6,403,40306,501012,0,3,1,53,46,62,50,55,62,54,57,0,0,224,215,439,0.0377,0.0217,0.0161,0,0,0,0,0,0,0,0.0134,0.0047,0.009099999999999999,24,18.29,517,0.8500000000000001,27,16.259999999999998,0,0,5,87.8,-999,-999,-999,-999,-999,-999,-999,-999,-999,-999,0,1,0,NA,NA
1557,4,3,6,403,40306,501014,0,3,1,30,33,51,50,40,31,36,41,0,0,157,155,312,0.06670000000000001,0,0.0196,0.04,0.07500000000000001,0,0.0833,0.0244,0,0,0.057300000000000004,0.0194,0.0385,15,20.8,635,0.49,22,14.18,34,9.18,3,104,-999,-999,-999,-999,-999,-999,-999,-999,-999,-999,0,1,0,NA,NA
1558,4,3,7,403,40307,502223,0,3,1,42,35,28,37,0,0,0,0,0,0,70,72,142,0.023799999999999998,0,0.035699999999999996,0,0,0,0,0,0,0,0.0286,0,0.0141,4,35.5,89,1.6,4,35.5,3,47.33,2,71,-999,-999,-999,-999,-999,-999,-999,-999,-999,-999,0,1,0,NA,NA
1559,4,3,8,403,40308,305990,0,4,1,50,38,64,54,68,54,72,55,0,0,254,201,455,0.02,0,0.0156,0.037,0.0882,0,0.013900000000000001,0.0182,0,0,0.035399999999999994,0.0149,0.026400000000000003,9,50.56,361,1.26,12,37.92,37,12.3,1,455,-999,-999,-999,-999,-999,-999,-999,-999,-999,-999,0,1,0,NA,NA
1560,4,3,10,403,40310,502139,0,3,1,19,13,17,17,14,16,0,0,0,0,50,46,96,0,0,0,0,0,0,0,0,0,0,0,0,0,3,32,0,0,20,4.8,1,96,2,48,-999,-999,-999,-999,-999,-999,-999,-999,-999,-999,0,1,0,NA,NA
1561,4,3,11,403,40311,501569,0,3,1,51,38,49,32,42,32,37,33,0,0,179,135,314,0.0196,0.026300000000000004,0.0204,0,0.0476,0,0.027,0,0,0,0.0279,0.0074,0.0191,7,44.86,350,0.9,9,34.89,6,52.33,3,104.66999999999999,-999,-999,-999,-999,-999,-999,-999,-999,-999,-999,0,1,0,NA,NA
1562,4,3,12,403,40312,305472,0,2,1,28,31,37,35,30,37,35,33,0,0,130,136,266,0,0,0,0,0,0,0,0,0,0,0,0,0,9,30.09,227,1.1700000000000002,6.430000000000001,41.379999999999995,3,88.66999999999999,5,53.2,-999,-999,-999,-999,-999,-999,-999,-999,-999,-999,0,1,0,NA,NA
1563,4,3,13,403,40313,501541,0,1,1,19,24,22,12,29,28,31,21,0,0,101,85,186,0,0,0,0,0,0,0,0,0,0,0,0,0,6,29.88,4,47.8,3.11,59.75,204,0.91,3,62,-999,-999,-999,-999,-999,-999,-999,-999,-999,-999,0,1,0,NA,NA
1564,4,3,14,403,40314,501590,0,3,1,12,11,15,23,15,12,24,20,0,0,66,66,132,0,0.0909,0,0,0,0,0,0,0,0,0,0.0152,0.0076,4,33,133,0.99,6,22,4,33,2,66,-999,-999,-999,-999,-999,-999,-999,-999,-999,-999,0,1,0,NA,NA
1565,4,3,14,403,40314,502368,0,3,1,16,20,30,10,0,0,0,0,0,0,46,30,76,0,0,0,0,0,0,0,0,0,0,0,0,0,13,5.85,265,0.29000000000000004,18,4.22,2,38,1,76,-999,-999,-999,-999,-999,-999,-999,-999,-999,-999,0,1,0,NA,NA
1566,4,3,15,403,40315,305560,0,4,1,69,61,86,66,110,78,103,95,0,0,368,300,668,0,0,0.0233,0,0.0182,0,0.029099999999999997,0.0211,0,0,0.019,0.0067,0.013500000000000002,1,668,250,2.67,5,133.6,0,0,9,74.22,-999,-999,-999,-999,-999,-999,-999,-999,-999,-999,0,1,0,NA,NA
1567,4,3,1,403,40301,502341,0,3,1,25,27,18,10,0,0,0,0,0,0,43,37,80,0,0.037,0,0,0,0,0,0,0,0,0,0.027,0.0125,41,1.95,100,0.8,61,1.31,2,40,1,80,-999,-999,-999,-999,-999,-999,-999,-999,-999,-999,0,1,0,NA,NA
1568,4,3,12,403,40312,305730,0,4,1,24,25,32,27,27,27,19,21,0,0,102,100,202,0.0833,0,0,0,0.037,0,0.05260000000000001,0,0,0,0.0392,0,0.019799999999999998,4,50.5,0,0,5,40.4,4,50.5,2,101,-999,-999,-999,-999,-999,-999,-999,-999,-999,-999,0,1,0,NA,NA
1569,4,3,12,403,40312,305737,0,4,1,14,12,17,20,14,25,25,15,0,0,70,72,142,0,0,0,0,0,0,0.04,0,0,0,0.0143,0,0.007,4,35.5,36,3.94,5,28.4,0,0,2,71,-999,-999,-999,-999,-999,-999,-999,-999,-999,-999,0,1,0,NA,NA
1570,4,8,5,408,40805,501520,0,3,1,49,32,50,27,54,45,48,31,0,0,201,135,336,0.0204,0,0.02,0.037,0,0,0,0.0645,0,0,0.01,0.022199999999999998,0.0149,11,30.55,680,0.49,20,16.8,15,22.4,6,56,-999,-999,-999,-999,-999,-999,-999,-999,-999,-999,0,1,0,NA,NA
1571,4,8,9,408,40809,305487,0,4,1,287,264,317,320,340,324,312,282,0,0,1256,1190,2446,0.013900000000000001,0.022699999999999998,0.022099999999999998,0.0156,0.0529,0.034,0.016,0.0177,0,0,0.0271,0.022699999999999998,0.024900000000000002,17,143.88000000000002,844,2.9,21,116.48,83,29.47,24,101.92,-999,-999,-999,-999,-999,-999,-999,-999,-999,-999,0,1,1,NA,NA
1572,4,8,9,408,40809,307814,0,4,1,41,45,50,37,74,54,38,59,0,0,203,195,398,0.0976,0,0.06,0.05410000000000001,0.027,0.07410000000000001,0,0,0,0,0.0443,0.030799999999999998,0.0377,10,39.8,519,0.77,14,28.43,83,4.8,2,199,-999,-999,-999,-999,-999,-999,-999,-999,-999,-999,0,1,0,NA,NA
1573,4,8,9,408,40809,502616,0,3,1,236,196,0,0,0,0,0,0,0,0,236,196,432,0.0085,0.0102,0,0,0,0,0,0,0,0,0.0085,0.0102,0.0093,28,15.43,1900,0.23,21,20.57,8,54,6,72,-999,-999,-999,-999,-999,-999,-999,-999,-999,-999,0,1,1,NA,NA
1574,4,8,9,408,40809,301207,0,2,1,489,448,503,526,518,506,551,529,0,0,2061,2009,4070,0.0429,0.0446,0.0557,0.0342,0.05210000000000001,0.0217,0.050800000000000005,0.034,0,0,0.0505,0.0333,0.042,55,74.11999999999999,2659,1.53,78.98,51.53,92,44.24,96,42.4,-999,-999,-999,-999,-999,-999,-999,-999,-999,-999,0,1,1,NA,NA
1575,4,8,9,408,40809,307810,0,4,1,278,254,481,398,479,445,422,402,0,0,1660,1499,3159,0.0432,0.0276,0.0395,0.0201,0.0355,0.0225,0.05450000000000001,0.0597,0,0,0.042800000000000005,0.0327,0.038,15,210.6,900,3.51,13,243,8,394.88,34,92.91000000000001,-999,-999,-999,-999,-999,-999,-999,-999,-999,-999,0,1,1,NA,NA
1576,4,8,9,408,40809,502444,0,3,1,158,153,0,0,0,0,0,0,0,0,158,153,311,0.1013,0.0261,0,0,0,0,0,0,0,0,0.1013,0.0261,0.0643,16,19.439999999999998,1042,0.3,41,7.59,0,0,6,51.83,-999,-999,-999,-999,-999,-999,-999,-999,-999,-999,0,1,1,NA,NA
1577,4,8,12,408,40812,307813,0,2,1,417,391,422,436,412,406,360,352,0,0,1611,1585,3196,0.057600000000000005,0.0281,0.0403,0.032100000000000004,0.07770000000000002,0.0517,0.0306,0.036899999999999995,0,0,0.05210000000000001,0.0372,0.0447,35,92.57,2019,1.58,50.220000000000006,63.64,243,13.15,53,60.3,-999,-999,-999,-999,-999,-999,-999,-999,-999,-999,0,1,1,NA,NA
1578,4,8,13,408,40813,500871,0,3,1,66,59,75,70,73,74,68,72,0,0,282,275,557,0,0,0,0,0,0,0,0.0417,0,0,0,0.0109,0.0054,32,17.41,1116,0.5,45,12.38,22,25.32,12,46.42,-999,-999,-999,-999,-999,-999,-999,-999,-999,-999,0,1,0,NA,NA
1579,4,8,14,408,40814,306209,0,4,1,40,25,17,14,0,0,0,0,0,0,57,39,96,0,0,0.058800000000000005,0,0,0,0,0,0,0,0.0175,0,0.0104,2,48,122,0.7899999999999999,7,13.709999999999999,2,48,2,48,-999,-999,-999,-999,-999,-999,-999,-999,-999,-999,0,1,1,NA,NA
1580,4,8,15,408,40815,305870,0,4,1,71,76,96,88,119,80,110,79,0,0,396,323,719,0.0282,0,0.0417,0.0455,0.0168,0,0.036399999999999995,0,0,0,0.0303,0.0124,0.0223,13,55.309999999999995,813,0.88,7,102.71000000000001,52,13.83,14,51.36,-999,-999,-999,-999,-999,-999,-999,-999,-999,-999,0,1,1,NA,NA
1581,4,8,15,408,40815,307819,0,4,1,156,120,123,121,148,128,123,138,0,0,550,507,1057,0.032100000000000004,0.0083,0.0244,0.0165,0.020300000000000002,0.0156,0.0407,0.0217,0,0,0.029099999999999997,0.015799999999999998,0.022699999999999998,23,45.96,515,2.05,14,75.5,51,20.73,17,62.18,-999,-999,-999,-999,-999,-999,-999,-999,-999,-999,0,1,0,NA,NA
1582,4,13,1,413,41301,307924,0,2,1,47,40,58,50,64,47,61,38,0,0,230,175,405,0,0.025,0.0517,0.02,0.07810000000000002,0,0.0492,0,0,0,0.0478,0.011399999999999999,0.032100000000000004,12,33.53,330,1.23,22.03,18.39,47,8.62,10,40.5,-999,-999,-999,-999,-999,-999,-999,-999,-999,-999,0,1,0,NA,NA
1583,4,13,3,413,41303,342359,0,2,1,124,89,115,114,143,128,123,123,0,0,505,454,959,0.0081,0.0225,0.07830000000000001,0.026300000000000004,0.021,0.0234,0.065,0.0569,0,0,0.041600000000000005,0.033,0.0375,22,42.83,960,1,24.71,38.809999999999995,136,7.05,1,959,-999,-999,-999,-999,-999,-999,-999,-999,-999,-999,0,1,1,NA,NA
1584,4,13,6,413,41306,307933,0,2,1,61,65,83,67,74,75,76,71,0,0,294,278,572,0.0164,0.015399999999999999,0.012,0.0299,0.05410000000000001,0.013300000000000001,0,0.0141,0,0,0.0204,0.018000000000000002,0.0192,11,51.43,354,1.61,15.09,37.89,69,8.29,10,57.2,-999,-999,-999,-999,-999,-999,-999,-999,-999,-999,0,1,1,NA,NA
1585,4,13,6,413,41306,342353,0,2,1,66,69,66,39,78,75,125,88,0,0,335,271,606,0,0,0,0,0.0385,0.013300000000000001,0.008,0.011399999999999999,0,0,0.011899999999999999,0.0074,0.009899999999999999,3,207.5,1453,0.42000000000000004,16.79,36.09,1,606,5,121.2,-999,-999,-999,-999,-999,-999,-999,-999,-999,-999,0,1,1,NA,NA
1586,4,13,7,413,41307,307935,0,2,1,58,57,80,77,62,71,84,60,0,0,284,265,549,0.0517,0,0.025,0.026000000000000002,0.0323,0,0.0476,0.0167,0,0,0.0387,0.0113,0.025500000000000002,16,35.349999999999994,0,0,20.259999999999998,27.1,57,9.629999999999999,3,183,-999,-999,-999,-999,-999,-999,-999,-999,-999,-999,0,1,0,NA,NA
1587,4,13,5,413,41305,307920,0,2,1,52,45,56,40,56,64,47,34,0,0,211,183,394,0,0,0,0,0,0,0,0,0,0,0,0,0,14,28.37,351,1.12,13.89,28.37,16,24.630000000000003,6,65.66999999999999,-999,-999,-999,-999,-999,-999,-999,-999,-999,-999,0,1,0,NA,NA
1588,4,13,12,413,41312,342362,0,2,1,70,61,94,65,80,84,95,74,0,0,339,284,623,0.0143,0.0328,0.0638,0.030799999999999998,0.08750000000000001,0.011899999999999999,0.0316,0.0405,0,0,0.050100000000000006,0.0282,0.040100000000000004,21,29.479999999999997,1247,0.5,24.54,25.39,1,623,9,69.22,-999,-999,-999,-999,-999,-999,-999,-999,-999,-999,0,1,1,NA,NA
1589,4,13,13,413,41313,305632,0,4,1,17,20,23,26,31,17,35,29,0,0,106,92,198,0.058800000000000005,0,0,0,0,0,0,0,0,0,0.009399999999999999,0,0.0051,3,66,203,0.98,4,49.5,24,8.25,3,66,-999,-999,-999,-999,-999,-999,-999,-999,-999,-999,0,1,0,NA,NA
1590,4,16,1,416,41601,500866,0,3,1,6,2,10,13,2,7,9,6,0,0,27,28,55,0,0,0,0,0,0,0,0,0,0,0,0,0,4,13.75,0,0,2,27.5,0,0,1,55,-999,-999,-999,-999,-999,-999,-999,-999,-999,-999,0,1,0,NA,NA
1591,4,16,1,416,41601,501219,0,3,1,17,7,12,15,17,16,21,9,0,0,67,47,114,0,0,0,0,0,0,0,0,0,0,0,0,0,4,28.5,45,2.53,4,28.5,2,57,2,57,-999,-999,-999,-999,-999,-999,-999,-999,-999,-999,0,1,0,NA,NA
1592,4,16,3,416,41603,308018,0,4,1,18,8,13,11,15,12,16,7,0,0,62,38,100,0.055600000000000004,0,0.07690000000000001,0,0.06670000000000001,0.0833,0.125,0,0,0,0.0806,0.026300000000000004,0.06,5,20,103,0.97,2,50,16,6.25,2,50,-999,-999,-999,-999,-999,-999,-999,-999,-999,-999,0,1,0,NA,NA
1593,4,16,4,416,41604,501452,0,3,1,34,28,39,31,36,32,38,30,0,0,147,121,268,0.0882,0,0.07690000000000001,0,0.0278,0.0313,0.07890000000000001,0,0,0,0.068,0.0083,0.041,5,53.6,120,2.23,7,38.290000000000006,0,0,2,134,-999,-999,-999,-999,-999,-999,-999,-999,-999,-999,0,1,0,NA,NA
1594,4,16,6,416,41606,308040,0,2,1,82,65,94,69,112,89,99,76,0,0,387,299,686,0.0976,0.030799999999999998,0.1277,0.043500000000000004,0.0446,0.0337,0.0404,0.026300000000000004,0,0,0.07490000000000001,0.0334,0.0569,13,53.120000000000005,397,1.73,19.75,34.730000000000004,7,98,2,343,-999,-999,-999,-999,-999,-999,-999,-999,-999,-999,0,1,0,NA,NA
1595,4,16,8,416,41608,305767,0,4,1,36,32,48,44,55,55,78,83,0,0,217,214,431,0.0278,0,0,0,0.1091,0.0182,0.0385,0.012,0,0,0.0461,0.0093,0.0278,12,35.92,379,1.1400000000000001,8,53.879999999999995,1,431,2,215.5,-999,-999,-999,-999,-999,-999,-999,-999,-999,-999,0,1,0,NA,NA
1596,4,16,8,416,41608,501325,0,3,1,9,12,7,11,12,13,17,7,0,0,45,43,88,0,0,0,0,0,0,0,0,0,0,0,0,0,2,44,0,0,2,44,0,0,2,44,-999,-999,-999,-999,-999,-999,-999,-999,-999,-999,0,1,0,NA,NA
1597,4,16,9,416,41609,301362,0,2,1,34,30,45,21,25,23,32,21,0,0,136,95,231,0,0,0.044399999999999995,0,0.08,0,0.0938,0,0,0,0.051500000000000004,0,0.0303,7,33.2,121,1.91,10.44,22.130000000000003,51,4.53,4,57.75,-999,-999,-999,-999,-999,-999,-999,-999,-999,-999,0,1,0,NA,NA
1598,4,16,11,416,41611,308048,0,2,1,15,15,12,9,11,11,10,13,0,0,48,48,96,0,0,0,0,0,0,0,0,0,0,0,0,0,10,9.850000000000001,118,0.81,6,16,0,0,2,48,-999,-999,-999,-999,-999,-999,-999,-999,-999,-999,0,1,0,NA,NA
1599,4,16,11,416,41611,308042,0,2,1,24,28,42,23,33,31,37,29,0,0,136,111,247,0,0,0.0714,0.043500000000000004,0.0303,0.0968,0.05410000000000001,0,0,0,0.0441,0.036,0.0405,9,26.21,317,0.7799999999999999,9.42,26.21,0,0,5,49.4,-999,-999,-999,-999,-999,-999,-999,-999,-999,-999,0,1,0,NA,NA
1600,4,16,13,416,41613,308015,0,2,1,26,9,7,20,15,16,8,14,0,0,56,59,115,0.07690000000000001,0,0,0.05,0.1333,0,0.125,0,0,0,0.08929999999999999,0.016900000000000002,0.0522,6,19.38,119,0.97,7.42,15.5,4,28.75,2,57.5,-999,-999,-999,-999,-999,-999,-999,-999,-999,-999,0,1,0,NA,NA
1601,4,16,14,416,41614,501327,0,1,1,14,11,20,19,21,14,19,9,0,0,74,53,127,0.0714,0,0.05,0.05260000000000001,0,0,0,0,0,0,0.027,0.018900000000000004,0.0236,6,22.86,23,5.52,6.35,20,0,0,2,63.5,-999,-999,-999,-999,-999,-999,-999,-999,-999,-999,0,1,0,NA,NA
1602,4,16,15,416,41615,500862,0,1,1,71,62,71,47,60,61,60,58,0,0,262,228,490,0.1268,0.0806,0.042300000000000004,0.08510000000000001,0.0833,0.0492,0.1333,0.0345,0,0,0.0954,0.061399999999999996,0.0796,12,40.63,0,0,7.54,65,11,44.55,11,44.55,-999,-999,-999,-999,-999,-999,-999,-999,-999,-999,0,1,0,NA,NA
1603,4,16,17,416,41617,305524,0,4,1,14,15,23,21,23,22,27,17,0,0,87,75,162,0,0,0.043500000000000004,0,0.043500000000000004,0.0455,0.07410000000000001,0,0,0,0.046,0.013300000000000001,0.0309,2,81,0,0,3,54,0,0,4,40.5,-999,-999,-999,-999,-999,-999,-999,-999,-999,-999,0,1,0,NA,NA
1604,4,16,18,416,41618,501265,0,3,1,25,14,16,14,17,14,17,18,0,0,75,60,135,0.04,0,0.125,0,0.058800000000000005,0,0,0,0,0,0.05330000000000001,0,0.029599999999999998,4,33.75,162,0.8300000000000001,6,22.5,0,0,2,67.5,-999,-999,-999,-999,-999,-999,-999,-999,-999,-999,0,1,0,NA,NA
1605,4,16,19,416,41619,301314,0,2,1,62,56,49,50,59,52,76,49,0,0,246,207,453,0.0484,0.0714,0.0204,0.02,0.0339,0.0577,0.0658,0.0204,0,0,0.0447,0.043500000000000004,0.044199999999999996,16,29.08,382,1.1800000000000002,19.47,23.27,3,151,5,90.6,-999,-999,-999,-999,-999,-999,-999,-999,-999,-999,0,1,0,NA,NA
1606,4,16,20,416,41620,308026,0,2,1,50,41,51,55,51,58,48,47,0,0,200,201,401,0.1,0.0244,0.098,0.036399999999999995,0.07840000000000001,0.06899999999999999,0.0625,0,0,0,0.085,0.034800000000000005,0.0599,14,28.1,231,1.74,14.27,28.1,1,401,10,40.1,-999,-999,-999,-999,-999,-999,-999,-999,-999,-999,0,1,0,NA,NA
1607,4,16,22,416,41622,308046,0,2,1,42,22,37,24,27,29,32,36,0,0,138,111,249,0.0476,0.0455,0.10810000000000002,0.0417,0.07410000000000001,0,0.0938,0,0,0,0.07970000000000001,0.018000000000000002,0.0522,10,24.75,480,0.52,20.959999999999997,11.88,36,6.92,4,62.25,-999,-999,-999,-999,-999,-999,-999,-999,-999,-999,0,1,0,NA,NA
1608,4,16,24,416,41624,305598,0,4,1,83,69,113,93,106,91,86,76,0,0,388,329,717,0.1325,0.0145,0.044199999999999996,0.0108,0.028300000000000002,0.044,0.0349,0.013200000000000002,0,0,0.0567,0.021300000000000003,0.0404,6,119.5,344,2.08,7,102.43,3,239,12,59.75,-999,-999,-999,-999,-999,-999,-999,-999,-999,-999,0,1,0,NA,NA
1609,4,16,16,416,41616,308029,0,2,1,29,26,24,26,40,34,37,34,0,0,130,120,250,0.06899999999999999,0.0385,0.0417,0,0.025,0,0.0811,0,0,0,0.05380000000000001,0.0083,0.032,8,30.330000000000002,157,1.6,11.68,21.41,0,0,5,50,-999,-999,-999,-999,-999,-999,-999,-999,-999,-999,0,1,0,NA,NA
1610,4,17,9,417,41709,308139,0,4,1,207,171,232,203,215,176,220,204,0,0,874,754,1628,0.0145,0.0058000000000000005,0.0388,0.0148,0.0047,0,0.0455,0.0245,0,0,0.026300000000000004,0.011899999999999999,0.0197,11,148,450,3.62,4,407,0,0,32,50.879999999999995,-999,-999,-999,-999,-999,-999,-999,-999,-999,-999,0,1,1,NA,NA
1611,4,17,2,417,41702,304798,0,4,1,246,217,212,187,223,219,210,207,0,0,891,830,1721,0.0041,0.013800000000000002,0.009399999999999999,0.021400000000000002,0.026900000000000004,0.022799999999999997,0.0048000000000000004,0.009699999999999999,0,0,0.0112,0.016900000000000002,0.013900000000000001,36,47.809999999999995,800,2.15,36,47.809999999999995,0,0,19,90.58,-999,-999,-999,-999,-999,-999,-999,-999,-999,-999,0,1,1,NA,NA
1612,4,17,10,417,41710,308140,0,2,1,19,21,12,11,19,18,20,22,0,0,70,72,142,0.05260000000000001,0,0,0.0909,0,0.16670000000000001,0.05,0,0,0,0.0286,0.055600000000000004,0.042300000000000004,5,30.17,78,1.81,2.3499999999999996,60.33,15,9.47,3,47.33,-999,-999,-999,-999,-999,-999,-999,-999,-999,-999,0,1,0,NA,NA
1613,4,4,1,404,40401,305790,0,4,1,25,14,28,25,32,23,30,27,0,0,115,89,204,0.04,0,0,0,0.0625,0,0.0333,0,0,0,0.034800000000000005,0,0.0196,4,51,102,2,5,40.8,122,1.6700000000000002,1,204,-999,-999,-999,-999,-999,-999,-999,-999,-999,-999,0,1,0,NA,NA
1614,4,4,1,404,40401,305558,0,4,1,63,60,62,61,59,68,59,78,0,0,243,267,510,0.0317,0.0167,0.0323,0.0328,0.050800000000000005,0.0441,0.016900000000000002,0.0256,0,0,0.0329,0.03,0.0314,13,39.230000000000004,317,1.61,12,42.5,454,1.12,8,63.75,-999,-999,-999,-999,-999,-999,-999,-999,-999,-999,0,1,0,NA,NA
1615,4,4,1,404,40401,305699,0,4,1,16,18,18,17,14,24,13,19,0,0,61,78,139,0,0,0,0,0,0,0,0,0,0,0,0,0,7,19.86,120,1.1600000000000001,18,7.72,171,0.81,3,46.33,-999,-999,-999,-999,-999,-999,-999,-999,-999,-999,0,1,0,NA,NA
1616,4,14,1,414,41401,500781,0,3,1,213,207,241,194,234,228,222,231,0,0,910,860,1770,0.0235,0.033800000000000004,0.024900000000000002,0.0258,0.021400000000000002,0.0395,0.018000000000000002,0.013000000000000001,0,0,0.022,0.0279,0.024900000000000002,18,98.33,2354,0.75,26,68.08,1545,1.1500000000000001,10,177,-999,-999,-999,-999,-999,-999,-999,-999,-999,-999,0,1,1,NA,NA
1617,4,14,1,414,41401,305559,0,4,1,82,63,92,70,101,75,84,80,0,0,359,288,647,0.0488,0.0159,0.06520000000000001,0.0286,0.0792,0.0267,0.0476,0,0,0,0.0613,0.017400000000000002,0.0417,17,38.06,825,0.7799999999999999,20,32.349999999999994,666,0.97,8,80.88,-999,-999,-999,-999,-999,-999,-999,-999,-999,-999,0,1,0,NA,NA
1618,4,14,1,414,41401,500889,0,3,1,180,171,182,174,184,175,178,182,0,0,724,702,1426,0.0389,0.0175,0.0165,0.0115,0.0272,0,0.0281,0.0055,0,0,0.0276,0.0085,0.0182,34,41.94,471,3.03,39,36.56,31,46,14,101.86,-999,-999,-999,-999,-999,-999,-999,-999,-999,-999,0,1,0,NA,NA
1619,4,14,1,414,41401,501184,0,3,1,42,28,29,33,29,41,25,19,0,0,125,121,246,0,0,0,0,0,0,0,0,0,0,0,0,0,1,246,244,1.01,9,27.330000000000002,0,0,2,123,-999,-999,-999,-999,-999,-999,-999,-999,-999,-999,0,1,0,NA,NA
1620,4,7,1,407,40701,308703,0,4,3,159,167,163,188,205,177,203,169,0,0,730,701,1431,0.0629,0.0419,0.0798,0.0479,0.0585,0.050800000000000005,0.0887,0.07100000000000001,0,0,0.07260000000000001,0.05280000000000001,0.0629,18,79.5,845,1.6900000000000002,22,65.05,104,13.76,9,159,-999,-999,-999,-999,-999,-999,-999,-999,-999,-999,0,1,0,NA,NA
1621,4,1,1,401,40101,500391,0,3,1,20,13,11,14,9,22,23,12,0,0,63,61,124,0,0,0,0,0,0,0,0,0,0,0,0,0,5,24.8,270,0.46,7,17.71,156,0.7899999999999999,2,62,-999,-999,-999,-999,-999,-999,-999,-999,-999,-999,0,1,0,NA,NA
1622,4,1,1,401,40101,501119,0,3,1,12,14,27,15,19,22,16,11,0,0,74,62,136,0,0,0,0,0,0,0,0,0,0,0,0,0,6,22.67,562,0.24000000000000002,24,5.67,1,136,3,45.33,-999,-999,-999,-999,-999,-999,-999,-999,-999,-999,0,1,0,NA,NA
1623,4,20,1,420,42001,301225,0,4,3,444,389,496,459,546,500,520,476,0,0,2006,1824,3830,0.015799999999999998,0.028300000000000002,0.0242,0.0131,0.0366,0.022,0.015399999999999999,0.0042,0,0,0.0234,0.0164,0.0201,39,98.21000000000001,3000,1.28,25,153.2,41,93.41000000000001,93,41.18,-999,-999,-999,-999,-999,-999,-999,-999,-999,-999,0,1,1,NA,NA
1624,4,20,1,420,42001,342597,0,2,1,162,129,162,138,201,168,176,166,0,0,701,601,1302,0.0309,0.0078000000000000005,0,0,0.0299,0.011899999999999999,0.0057,0.012,0,0,0.0171,0.0083,0.0131,70,18.47,0,0,120.31,10.82,97,13.42,29,44.9,-999,-999,-999,-999,-999,-999,-999,-999,-999,-999,0,1,0,NA,NA
1625,4,22,1,422,42201,500496,0,1,1,37,35,50,38,40,39,60,29,2,0,189,141,330,0,0,0,0,0,0,0,0,0,0,0,0,0,5,65.16999999999999,0,0,5.06,65.16999999999999,0,0,5,66,-999,-999,-999,-999,-999,-999,-999,-999,-999,-999,0,1,1,NA,NA
1626,4,2,1,402,40201,301170,0,4,1,506,477,464,428,594,487,461,471,0,0,2025,1863,3888,0.059300000000000005,0.0419,0.08620000000000001,0.0607,0.06570000000000001,0.030799999999999998,0.0651,0.034,0,0,0.06860000000000001,0.0413,0.055600000000000004,46,84.52,1872,2.08,36,108,2144,1.81,75,51.839999999999996,-999,-999,-999,-999,-999,-999,-999,-999,-999,-999,0,1,1,NA,NA
1627,4,2,1,402,40201,305686,0,4,1,171,157,257,165,249,221,248,224,0,0,925,767,1692,0.0234,0.0064,0.042800000000000005,0.0303,0.0361,0.013600000000000001,0.0121,0.0268,0,0,0.029199999999999997,0.0196,0.0248,12,141,631,2.68,15,112.8,1985,0.8500000000000001,30,56.4,-999,-999,-999,-999,-999,-999,-999,-999,-999,-999,0,1,1,NA,NA
1628,4,2,1,402,40201,305688,0,4,1,209,205,217,200,266,270,219,245,0,0,911,920,1831,0.0335,0.0146,0,0,0.0038,0.022199999999999998,0.018300000000000004,0,0,0,0.013200000000000002,0.0098,0.0115,24,76.29,896,2.04,40,45.78,1549,1.1800000000000002,41,44.660000000000004,-999,-999,-999,-999,-999,-999,-999,-999,-999,-999,0,1,1,NA,NA
1629,4,2,1,402,40201,305689,0,4,1,110,86,98,105,109,101,117,125,0,0,434,417,851,0.05450000000000001,0.0814,0.09179999999999999,0.0952,0.055,0.0495,0.0855,0.056,0,0,0.0714,0.06949999999999999,0.07050000000000001,12,70.92,445,1.91,18,47.28,23,37,14,60.790000000000006,-999,-999,-999,-999,-999,-999,-999,-999,-999,-999,0,1,1,NA,NA
1630,4,2,1,402,40201,305685,0,4,1,323,293,328,329,323,331,339,345,0,0,1313,1298,2611,0.0372,0.0273,0.0427,0.0274,0.034100000000000005,0.0121,0.0236,0.0116,0,0,0.034300000000000004,0.0193,0.0268,30,87.03,1447,1.8,32,81.59,1944,1.34,36,72.53,-999,-999,-999,-999,-999,-999,-999,-999,-999,-999,0,1,1,NA,NA
1631,4,2,1,402,40201,305687,0,4,1,363,334,331,294,340,367,337,351,0,0,1371,1346,2717,0.0964,0.0838,0.07850000000000001,0.0408,0.0941,0.079,0.12170000000000002,0.0456,0,0,0.09770000000000001,0.0632,0.0806,24,113.21000000000001,903,3.01,14,194.07,2281,1.1900000000000002,48,56.6,-999,-999,-999,-999,-999,-999,-999,-999,-999,-999,0,1,1,NA,NA
1632,4,2,1,402,40201,307803,0,4,3,123,133,138,163,181,157,147,164,0,0,589,617,1206,0.0244,0.015,0.0217,0.018400000000000003,0.0276,0.0191,0.013600000000000001,0.018300000000000004,0,0,0.022099999999999998,0.0178,0.0199,35,34.46,1367,0.88,44,27.41,1562,0.77,30,40.2,-999,-999,-999,-999,-999,-999,-999,-999,-999,-999,0,1,0,NA,NA
1633,4,12,1,412,41201,307811,0,4,1,356,298,362,306,348,307,384,347,0,0,1450,1258,2708,0.0084,0.0168,0,0.0098,0.0115,0.0033,0,0,0,0,0.0048000000000000004,0.0072,0.0059,23,117.74000000000001,1430,1.8900000000000001,31,87.35,95,28.51,57,47.51,-999,-999,-999,-999,-999,-999,-999,-999,-999,-999,0,1,1,NA,NA
1634,4,12,1,412,41201,307821,0,4,1,543,466,616,561,568,547,584,533,0,0,2311,2107,4418,0.0534,0.03,0.030799999999999998,0.016,0.0405,0.0274,0.024,0.0281,0,0,0.0368,0.0252,0.0312,36,122.72,1368,3.23,12,368.17,12,368.17,64,69.03,-999,-999,-999,-999,-999,-999,-999,-999,-999,-999,0,1,1,NA,NA
1635,4,12,1,412,41201,501895,0,3,1,285,272,300,251,255,267,242,227,41,18,1123,1035,2158,0.0246,0.0147,0.0333,0.0279,0.0314,0.0187,0.028900000000000002,0.013200000000000002,0,0,0.0285,0.018400000000000003,0.0236,22,98.09,2435,0.89,49,44.04,0,0,20,107.9,-999,-999,-999,-999,-999,-999,-999,-999,-999,-999,0,1,1,NA,NA
1636,4,6,1,406,40601,306188,0,4,1,375,338,452,443,571,498,508,450,0,0,1906,1729,3635,0.0267,0.0207,0.0177,0.0068000000000000005,0.043800000000000006,0.0141,0.043300000000000005,0.022199999999999998,0,0,0.034100000000000005,0.0156,0.025300000000000003,15,242.33,1050,3.46,17,213.82000000000002,0,0,71,51.2,-999,-999,-999,-999,-999,-999,-999,-999,-999,-999,0,1,0,NA,NA
1637,4,6,1,406,40601,330524,0,4,1,132,100,128,117,132,107,132,119,0,0,524,443,967,0.0455,0.01,0.10160000000000001,0.0085,0.037899999999999996,0.056100000000000004,0.053000000000000005,0.07560000000000001,0,0,0.0592,0.0384,0.049600000000000005,12,80.58,444,2.18,16,60.44,71,13.62,21,46.05,-999,-999,-999,-999,-999,-999,-999,-999,-999,-999,0,1,0,NA,NA
1638,4,6,1,406,40601,301235,0,2,2,32,33,27,28,48,29,23,37,0,0,130,127,257,0.0313,0.0303,0.037,0,0.0417,0,0,0.027,0,0,0.030799999999999998,0.0157,0.0233,9,30.09,640,0.4,17.08,15.05,47,5.470000000000001,4,64.25,-999,-999,-999,-999,-999,-999,-999,-999,-999,-999,0,1,0,NA,NA
1639,4,11,1,411,41101,307801,0,4,1,290,267,286,285,345,321,287,353,11,3,1219,1229,2448,0.07590000000000001,0.0375,0.0245,0.0175,0.0377,0.0187,0.0314,0.0113,0,0.32999999999999996,0.041800000000000004,0.0212,0.0315,36,68,1117,2.19,27,90.66999999999999,180,13.6,15,163.2,-999,-999,-999,-999,-999,-999,-999,-999,-999,-999,0,1,1,NA,NA
1640,4,11,1,411,41101,307822,0,4,1,318,284,359,303,375,346,313,284,0,0,1365,1217,2582,0.0031,0,0.0028,0.013200000000000002,0.0053,0.0029,0.0032,0.0106,0,0,0.0037,0.0066,0.005,12,215.17,1074,2.4,19,135.89000000000001,166,15.55,60,43.03,-999,-999,-999,-999,-999,-999,-999,-999,-999,-999,0,1,1,NA,NA
1641,4,11,1,411,41101,307812,0,4,3,402,389,446,461,539,497,553,488,7,5,1947,1840,3787,0.017400000000000002,0.0103,0.017900000000000003,0.0195,0.0315,0.0121,0.0145,0.0143,0,0,0.0205,0.0141,0.017400000000000002,32,118.34,1806,2.1,20,189.35000000000002,160,23.67,79,47.94,-999,-999,-999,-999,-999,-999,-999,-999,-999,-999,0,1,1,NA,NA
1642,4,19,1,419,41901,307914,0,2,1,255,225,232,221,312,275,258,227,0,0,1057,948,2005,0.0039,0.0089,0.0345,0.0181,0.0288,0.0109,0.031,0.0088,0,0,0.0246,0.0116,0.018500000000000003,35,57.71,1097,1.83,64.4,31.130000000000003,628,3.19,9,222.78,-999,-999,-999,-999,-999,-999,-999,-999,-999,-999,0,1,1,NA,NA
1643,4,21,1,421,42101,306243,0,4,1,232,207,0,0,0,0,0,0,0,0,232,207,439,0.025900000000000003,0.009699999999999999,0,0,0,0,0,0,0,0,0.025900000000000003,0.009699999999999999,0.0182,8,54.879999999999995,463,0.9500000000000001,15,29.27,9,48.78,8,54.879999999999995,-999,-999,-999,-999,-999,-999,-999,-999,-999,-999,0,1,1,NA,NA
1644,16,2,2,1602,160202,301538,0,2,3,24,17,20,13,17,10,14,15,0,0,75,55,130,0.0417,0,0.15000000000000002,0.07690000000000001,0.058800000000000005,0,0.14290000000000003,0,0,0,0.0933,0.0182,0.0615,4,36,144,0.9,5.01,25.97,47,2.77,3,43.33,-999,-999,-999,-999,-999,-999,-999,-999,-999,-999,0,1,0,NA,NA
1645,16,4,1,1604,160401,309008,0,2,1,48,54,66,55,50,42,42,57,0,0,206,208,414,0.0833,0.055600000000000004,0.0303,0.0182,0.14,0.119,0.0714,0.0351,0,0,0.07770000000000002,0.0529,0.06520000000000001,15,28.32,477,0.8700000000000001,31.23,13.26,54,7.67,8,51.75,-999,-999,-999,-999,-999,-999,-999,-999,-999,-999,0,1,0,NA,NA
1646,16,4,1,1604,160401,309036,0,2,1,18,22,20,24,16,19,20,21,0,0,74,86,160,0.2222,0.0909,0,0.0417,0.0625,0,0,0.0476,0,0,0.06760000000000001,0.0465,0.0563,4,35.67,67,2.38,4.49,35.67,58,2.7600000000000002,1,160,-999,-999,-999,-999,-999,-999,-999,-999,-999,-999,0,1,0,NA,NA
1647,16,4,2,1604,160402,309020,0,2,2,13,21,8,16,10,13,13,11,0,0,44,61,105,0,0.0952,0,0,0.1,0.15380000000000002,0,0,0,0,0.022699999999999998,0.0656,0.0476,3,32.8,77,1.37,5.119999999999999,20.5,0,0,2,52.5,-999,-999,-999,-999,-999,-999,-999,-999,-999,-999,0,1,0,NA,NA
1648,16,4,3,1604,160403,305604,0,4,1,43,42,28,34,29,36,22,31,0,0,122,143,265,0.0465,0.023799999999999998,0.035699999999999996,0.0294,0.17240000000000003,0.13890000000000002,0.0909,0.0645,0,0,0.082,0.0629,0.07170000000000001,11,24.09,365,0.73,4,66.25,0,0,5,53,-999,-999,-999,-999,-999,-999,-999,-999,-999,-999,0,1,0,NA,NA
1649,16,4,3,1604,160403,305823,0,4,1,37,29,36,30,20,25,18,27,0,0,111,111,222,0.10810000000000002,0.0345,0,0,0.1,0,0.16670000000000001,0,0,0,0.0811,0.009,0.045,4,55.5,200,1.11,8,27.75,0,0,5,44.4,-999,-999,-999,-999,-999,-999,-999,-999,-999,-999,0,1,0,NA,NA
1650,16,4,4,1604,160404,305782,0,4,1,31,20,23,20,12,13,21,25,0,0,87,78,165,0.1613,0.2,0.17390000000000003,0.1,0.3333,0.15380000000000002,0,0.08,0,0,0.14940000000000003,0.1282,0.13940000000000002,5,33,150,1.1,8,20.630000000000003,3,55,3,55,-999,-999,-999,-999,-999,-999,-999,-999,-999,-999,0,1,0,NA,NA
1651,16,4,4,1604,160404,305820,0,4,1,15,14,22,20,14,20,18,25,0,0,69,79,148,0.4,0.0714,0.0909,0.05,0.0714,0,0.055600000000000004,0.04,0,0,0.14490000000000003,0.038,0.0878,1,148,105,1.41,2,74,2,74,3,49.33,-999,-999,-999,-999,-999,-999,-999,-999,-999,-999,0,1,0,NA,NA
1652,16,4,4,1604,160404,309034,0,2,1,10,5,12,14,2,6,14,12,0,0,38,37,75,0.2,0,0,0,0,0,0.14290000000000003,0.0833,0,0,0.1053,0.027,0.06670000000000001,3,24.4,42,1.79,2.46,30.5,0,0,1,75,-999,-999,-999,-999,-999,-999,-999,-999,-999,-999,0,1,0,NA,NA
1653,16,4,5,1604,160405,305968,0,4,1,23,22,13,26,10,18,11,11,0,0,57,77,134,0.08700000000000001,0,0,0,0.1,0.055600000000000004,0.3636,0.2727,0,0,0.1228,0.0519,0.0821,4,33.5,0,0,2,67,0,0,1,134,-999,-999,-999,-999,-999,-999,-999,-999,-999,-999,0,1,0,NA,NA
1654,16,4,5,1604,160405,309024,0,4,1,10,17,9,17,13,16,11,12,0,0,43,62,105,0,0.058800000000000005,0,0.058800000000000005,0,0,0,0,0,0,0,0.0323,0.019,5,21,70,1.5,6,17.5,99,1.06,1,105,-999,-999,-999,-999,-999,-999,-999,-999,-999,-999,0,1,0,NA,NA
1655,16,4,6,1604,160406,305781,0,4,1,26,19,14,23,29,14,14,22,0,0,83,78,161,0.1154,0,0,0,0,0,0,0,0,0,0.0361,0,0.018600000000000002,5,32.2,177,0.91,6,26.830000000000002,30,5.37,3,53.67,-999,-999,-999,-999,-999,-999,-999,-999,-999,-999,0,1,0,NA,NA
1656,16,4,6,1604,160406,305967,0,4,1,15,7,7,7,11,12,8,11,0,0,41,37,78,0,0,0,0,0,0,0.125,0,0,0,0.0244,0,0.0128,3,26,56,1.3900000000000001,8,9.75,0,0,1,78,-999,-999,-999,-999,-999,-999,-999,-999,-999,-999,0,1,0,NA,NA
1657,16,4,6,1604,160406,309003,0,4,1,15,7,27,11,12,16,19,16,0,0,73,50,123,0,0,0,0,0,0,0.05260000000000001,0,0,0,0.0137,0,0.0081,6,20.5,200,0.62,8,15.38,44,2.8,3,41,-999,-999,-999,-999,-999,-999,-999,-999,-999,-999,0,1,0,NA,NA
1658,16,4,6,1604,160406,309010,0,4,1,30,20,38,38,43,43,41,39,0,0,152,140,292,0.0333,0,0,0,0.0233,0,0.0488,0,0,0,0.026300000000000004,0,0.0137,12,24.330000000000002,292,1,12,24.330000000000002,29,10.07,4,73,-999,-999,-999,-999,-999,-999,-999,-999,-999,-999,0,1,0,NA,NA
1659,16,4,7,1604,160407,309026,0,2,1,30,23,38,26,33,26,27,26,0,0,128,101,229,0.0333,0,0.1053,0,0.0909,0.0385,0.07410000000000001,0.1154,0,0,0.07810000000000002,0.0396,0.0611,4,52.5,108,2.11,10.9,21,32,7.159999999999999,3,76.33,-999,-999,-999,-999,-999,-999,-999,-999,-999,-999,0,1,0,NA,NA
1660,16,4,8,1604,160408,301628,0,2,3,35,19,11,32,20,31,19,24,0,0,85,106,191,0.0286,0,0.0909,0,0,0,0,0.0417,0,0,0.0235,0.009399999999999999,0.0157,10,18.38,208,0.92,17.54,10.89,76,2.51,3,63.67,-999,-999,-999,-999,-999,-999,-999,-999,-999,-999,0,1,0,NA,NA
1661,16,4,8,1604,160408,309025,0,2,1,25,37,30,30,36,37,38,37,0,0,129,141,270,0,0,0.06670000000000001,0.0333,0.1111,0.05410000000000001,0,0,0,0,0.0465,0.021300000000000003,0.0333,11,23.93,305,0.89,16.55,16.32,100,2.7,1,270,-999,-999,-999,-999,-999,-999,-999,-999,-999,-999,0,1,0,NA,NA
1662,16,4,9,1604,160409,500637,0,3,1,46,25,47,42,39,40,26,27,0,0,158,134,292,0.06520000000000001,0.08,0.0638,0.023799999999999998,0.07690000000000001,0.07500000000000001,0.07690000000000001,0.07410000000000001,0,0,0.0696,0.0597,0.0651,7,41.71,287,1.02,7,41.71,7,41.71,5,58.4,-999,-999,-999,-999,-999,-999,-999,-999,-999,-999,0,1,0,NA,NA
1663,16,4,10,1604,160410,305783,0,2,1,21,19,29,31,27,16,36,21,0,0,113,87,200,0.0476,0,0.06899999999999999,0.0645,0.07410000000000001,0,0.0278,0.0476,0,0,0.05310000000000001,0.0345,0.045,1,134,82,2.44,4.48,44.67,0,0,3,66.66999999999999,-999,-999,-999,-999,-999,-999,-999,-999,-999,-999,0,1,0,NA,NA
1664,16,4,11,1604,160411,309012,0,4,1,41,49,37,42,47,48,53,40,0,0,178,179,357,0,0,0.05410000000000001,0.0476,0.021300000000000003,0,0,0.025,0,0,0.016900000000000002,0.0168,0.0168,9,39.67,245,1.46,13,27.459999999999997,0,0,7,51,-999,-999,-999,-999,-999,-999,-999,-999,-999,-999,0,1,0,NA,NA
1665,16,5,1,1605,160501,301674,0,2,3,75,83,62,85,61,73,82,88,0,0,280,329,609,0.0267,0.012,0.0806,0.0118,0.082,0.0137,0.0244,0.011399999999999999,0,0,0.05,0.0122,0.029599999999999998,18,33.15,377,1.62,13.61,44.75,0,0,10,60.9,-999,-999,-999,-999,-999,-999,-999,-999,-999,-999,0,1,0,NA,NA
1666,16,5,1,1605,160501,305474,0,4,1,15,10,5,13,16,10,11,12,0,0,47,45,92,0,0,0,0,0,0,0,0,0,0,0,0,0,1,92,100,0.92,2,46,0,0,1,92,-999,-999,-999,-999,-999,-999,-999,-999,-999,-999,0,1,0,NA,NA
1667,16,5,1,1605,160501,305530,0,4,1,15,22,17,13,14,28,13,12,0,0,59,75,134,0,0.0909,0,0.07690000000000001,0,0,0,0,0,0,0,0.04,0.0224,1,134,46,2.9099999999999997,1,134,3,44.67,3,44.67,-999,-999,-999,-999,-999,-999,-999,-999,-999,-999,0,1,0,NA,NA
1668,16,5,1,1605,160501,305623,0,4,1,20,9,10,19,12,11,7,7,0,0,49,46,95,0,0,0,0,0,0,0,0,0,0,0,0,0,1,95,46,2.07,2,47.5,0,0,2,47.5,-999,-999,-999,-999,-999,-999,-999,-999,-999,-999,0,1,0,NA,NA
1669,16,5,1,1605,160501,330504,0,4,1,14,17,20,32,20,30,20,29,0,0,74,108,182,0,0,0,0,0,0,0,0,0,0,0,0,0,3,60.67,126,1.44,6,30.330000000000002,0,0,1,182,-999,-999,-999,-999,-999,-999,-999,-999,-999,-999,0,1,0,NA,NA
1670,16,5,2,1605,160502,309133,0,4,1,38,36,28,29,28,38,44,22,0,0,138,125,263,0,0,0,0,0,0,0,0,0,0,0,0,0,10,26.3,300,0.88,13,20.23,0,0,6,43.83,-999,-999,-999,-999,-999,-999,-999,-999,-999,-999,0,1,0,NA,NA
1671,16,5,3,1605,160503,501204,0,3,1,25,31,33,35,32,22,23,28,0,0,113,116,229,0.04,0,0,0,0,0,0,0,0,0,0.0088,0,0.0044,6,38.17,80,2.86,4,57.25,20,11.450000000000001,4,57.25,-999,-999,-999,-999,-999,-999,-999,-999,-999,-999,0,1,0,NA,NA
1672,16,5,5,1605,160505,309132,0,4,1,10,16,14,21,21,14,18,11,0,0,63,62,125,0,0,0,0,0,0,0,0.0909,0,0,0,0.0161,0.008,4,31.25,152,0.8200000000000001,5,25,0,0,2,62.5,-999,-999,-999,-999,-999,-999,-999,-999,-999,-999,0,1,0,NA,NA
1673,16,5,7,1605,160507,305695,0,4,1,31,36,30,28,29,27,22,35,0,0,112,126,238,0.0323,0.0278,0.0333,0,0,0,0,0.0286,0,0,0.017900000000000003,0.0159,0.0168,7,34,282,0.8400000000000001,9,26.439999999999998,0,0,5,47.6,-999,-999,-999,-999,-999,-999,-999,-999,-999,-999,0,1,0,NA,NA
1674,16,5,6,1605,160506,305744,0,4,1,13,14,16,11,19,18,13,18,0,0,61,61,122,0,0,0.0625,0,0.05260000000000001,0,0.07690000000000001,0.1111,0,0,0.0492,0.0328,0.041,5,24.4,130,0.9400000000000001,8,15.25,39,3.13,2,61,-999,-999,-999,-999,-999,-999,-999,-999,-999,-999,0,1,0,NA,NA
1675,16,5,4,1605,160504,309135,0,4,1,23,12,14,17,23,17,23,10,0,0,83,56,139,0,0,0,0,0,0,0,0,0,0,0,0,0,4,34.75,210,0.6599999999999999,9,15.44,0,0,2,69.5,-999,-999,-999,-999,-999,-999,-999,-999,-999,-999,0,1,0,NA,NA
1676,16,5,3,1605,160503,309168,0,2,1,64,44,60,52,48,48,38,43,0,0,210,187,397,0.0469,0,0.11670000000000001,0.0192,0.0208,0,0,0.0233,0,0,0.0524,0.0107,0.0327,14,27.43,101,3.9499999999999997,11.03,36,0,0,3,132.33,-999,-999,-999,-999,-999,-999,-999,-999,-999,-999,0,1,0,NA,NA
1677,16,5,5,1605,160505,305625,0,4,1,10,10,17,6,12,10,14,17,0,0,53,43,96,0,0,0,0,0,0,0,0,0,0,0,0,0,4,24,83,1.1600000000000001,3,32,40,2.4,2,48,-999,-999,-999,-999,-999,-999,-999,-999,-999,-999,0,1,0,NA,NA
1678,16,7,1,1607,160701,302080,0,4,1,15,12,13,27,17,16,19,19,0,0,64,74,138,0,0,0,0,0.11760000000000001,0,0,0,0,0,0.0313,0,0.0145,5,27.6,120,1.1500000000000001,7,19.71,0,0,3,46,-999,-999,-999,-999,-999,-999,-999,-999,-999,-999,0,1,0,NA,NA
1679,16,7,4,1607,160704,309207,0,2,1,31,34,27,32,36,26,37,39,0,0,131,131,262,0,0,0,0,0,0,0,0,0,0,0,0,0,8,34.2,115,2.2800000000000002,3.06,85.5,100,2.62,1,262,-999,-999,-999,-999,-999,-999,-999,-999,-999,-999,0,1,1,NA,NA
1680,16,7,2,1607,160702,309206,0,4,1,4,3,12,8,10,6,6,2,0,0,32,19,51,0,0,0,0,0,0,0,0,0,0,0,0,0,5,10.2,60,0.8500000000000001,4,12.75,0,0,1,51,-999,-999,-999,-999,-999,-999,-999,-999,-999,-999,0,1,0,NA,NA
1681,16,7,6,1607,160706,305769,0,4,1,17,20,18,17,15,24,28,26,1,0,79,87,166,0,0,0,0,0,0,0,0,0,0,0,0,0,6,27.67,720,0.23,5,33.2,2,83,2,83,-999,-999,-999,-999,-999,-999,-999,-999,-999,-999,0,1,0,NA,NA
1682,16,7,8,1607,160708,305603,0,4,1,14,11,20,22,25,19,18,16,0,0,77,68,145,0.0714,0,0,0,0.08,0,0.055600000000000004,0.0625,0,0,0.0519,0.0147,0.0345,4,36.25,145,1,4,36.25,0,0,2,72.5,-999,-999,-999,-999,-999,-999,-999,-999,-999,-999,0,1,0,NA,NA
1683,16,6,1,1606,160601,330506,0,2,1,268,245,268,296,286,303,320,324,0,0,1142,1168,2310,0.0075,0.016300000000000002,0.0149,0.0101,0.0035,0.0066,0.0375,0.0123,0,0,0.0166,0.011099999999999999,0.013900000000000001,23,98.51,1594,1.45,19.84,116.42,55,42,3,770,-999,-999,-999,-999,-999,-999,-999,-999,-999,-999,0,1,1,NA,NA
1684,16,6,1,1606,160601,305541,0,4,1,19,19,27,23,25,11,19,16,0,0,90,69,159,0.15790000000000004,0.05260000000000001,0.07410000000000001,0.043500000000000004,0,0,0.05260000000000001,0.0625,0,0,0.06670000000000001,0.043500000000000004,0.056600000000000004,3,53,173,0.92,4,39.75,11,14.450000000000001,1,159,-999,-999,-999,-999,-999,-999,-999,-999,-999,-999,0,1,0,NA,NA
1686,6,1,1,601,60101,306059,0,4,1,30,11,22,15,17,18,17,11,0,0,86,55,141,0,0,0,0,0,0,0,0,0,0,0,0,0,7,20.14,141,1,5,28.2,1,141,1,141,-999,-999,-999,-999,-999,-999,-999,-999,-999,-999,0,1,0,NA,NA
1687,6,6,2,606,60602,500796,0,3,4,16,9,20,15,11,16,19,12,0,0,66,52,118,0,0,0,0,0,0,0,0,0,0,0,0,0,4,29.5,0,0,2,59,40,2.9499999999999997,2,59,-999,-999,-999,-999,-999,-999,-999,-999,-999,-999,0,1,0,NA,NA
1688,6,6,2,606,60602,501437,0,3,1,21,10,16,9,15,13,14,5,0,0,66,37,103,0,0,0,0,0,0,0.21430000000000002,0.2,0,0,0.0455,0.027,0.0388,4,25.75,270,0.38,8,12.88,0,0,2,51.5,-999,-999,-999,-999,-999,-999,-999,-999,-999,-999,0,1,0,NA,NA
1689,6,6,2,606,60602,501438,0,3,1,31,29,24,15,18,17,21,19,0,0,94,80,174,0,0,0,0,0,0,0,0,0,0,0,0,0,2,87,96,1.81,2,87,1,174,3,58,-999,-999,-999,-999,-999,-999,-999,-999,-999,-999,0,1,0,NA,NA
1690,6,9,25,609,60925,501463,0,1,1,21,28,43,32,52,33,29,33,0,0,145,126,271,0,0,0.0233,0,0.0577,0,0,0,0,0,0.0276,0,0.0148,1,319,0,0,0.8500000000000001,319,0,0,3,90.33,-999,-999,-999,-999,-999,-999,-999,-999,-999,-999,0,1,0,NA,NA
1691,6,9,26,609,60926,501460,0,3,1,14,12,18,14,27,15,16,19,0,0,75,60,135,0.14290000000000003,0.0833,0.1111,0,0.037,0,0.0625,0.05260000000000001,0,0,0.08,0.0333,0.059300000000000005,4,33.75,152,0.89,4,33.75,0,0,2,67.5,-999,-999,-999,-999,-999,-999,-999,-999,-999,-999,0,1,0,NA,NA
1692,6,9,24,609,60924,501456,0,3,1,16,4,5,7,14,8,12,4,0,0,47,23,70,0,0,0,0,0,0,0,0,0,0,0,0,0,1,70,50,1.4,1,70,0,0,1,70,-999,-999,-999,-999,-999,-999,-999,-999,-999,-999,0,1,0,NA,NA
1693,6,9,24,609,60924,501459,0,3,1,13,4,9,10,22,10,7,7,0,0,51,31,82,0.07690000000000001,0,0,0,0,0,0,0,0,0,0.0196,0,0.0122,2,41,0,0,0,0,0,0,1,82,-999,-999,-999,-999,-999,-999,-999,-999,-999,-999,0,1,0,NA,NA
1694,6,9,1,609,60901,501480,0,3,1,22,9,21,13,16,17,28,15,0,0,87,54,141,0,0,0,0,0,0,0,0,0,0,0,0,0,1,141,40,3.53,12,11.75,0,0,2,70.5,-999,-999,-999,-999,-999,-999,-999,-999,-999,-999,0,1,0,NA,NA
1695,6,9,1,609,60901,501481,0,3,1,36,13,31,19,18,14,20,17,0,0,105,63,168,0,0,0,0,0,0,0.05,0,0,0,0.0095,0,0.006,2,84,0,0,2,84,0,0,2,84,-999,-999,-999,-999,-999,-999,-999,-999,-999,-999,0,1,0,NA,NA
1696,6,9,2,609,60902,501475,0,3,1,11,12,15,7,17,9,17,5,0,0,60,33,93,0,0,0,0,0,0,0,0,0,0,0,0,0,2,46.5,0,0,4,23.25,0,0,2,46.5,-999,-999,-999,-999,-999,-999,-999,-999,-999,-999,0,1,0,NA,NA
1697,6,9,3,609,60903,501469,0,3,1,12,14,15,11,14,9,12,7,0,0,53,41,94,0,0,0,0,0,0,0.0833,0,0,0,0.018900000000000004,0,0.0106,2,47,40,2.3499999999999996,2,47,2,47,2,47,-999,-999,-999,-999,-999,-999,-999,-999,-999,-999,0,1,0,NA,NA
1698,6,9,4,609,60904,501476,0,3,1,20,16,18,19,13,13,14,19,0,0,65,67,132,0,0,0,0,0,0,0,0,0,0,0,0,0,4,33,0,0,3,44,0,0,2,66,-999,-999,-999,-999,-999,-999,-999,-999,-999,-999,0,1,0,NA,NA
1699,6,9,4,609,60904,501477,0,3,1,27,32,40,27,19,31,23,31,0,0,109,121,230,0,0,0,0,0.05260000000000001,0.0645,0,0,0,0,0.0092,0.0165,0.013000000000000001,2,115,70,3.29,10,23,0,0,4,57.5,-999,-999,-999,-999,-999,-999,-999,-999,-999,-999,0,1,0,NA,NA
1700,6,9,6,609,60906,501483,0,3,1,14,9,9,10,16,4,16,10,0,0,55,33,88,0,0,0.1111,0,0,0,0,0,0,0,0.0182,0,0.011399999999999999,3,29.330000000000002,0,0,2,44,3,29.330000000000002,2,44,-999,-999,-999,-999,-999,-999,-999,-999,-999,-999,0,1,0,NA,NA
1701,6,9,6,609,60906,501484,0,3,1,18,5,25,8,19,15,19,14,0,0,81,42,123,0.055600000000000004,0,0.12000000000000001,0.125,0,0.1333,0.21050000000000002,0,0,0,0.0988,0.0714,0.0894,2,61.5,0,0,5,24.6,2,61.5,2,61.5,-999,-999,-999,-999,-999,-999,-999,-999,-999,-999,0,1,0,NA,NA
1702,6,9,8,609,60908,501246,0,3,1,27,22,27,28,20,32,16,30,0,0,90,112,202,0,0,0,0,0,0,0,0,0,0,0,0,0,3,67.33,0,0,2,101,0,0,5,40.4,-999,-999,-999,-999,-999,-999,-999,-999,-999,-999,0,1,0,NA,NA
1703,6,9,8,609,60908,311019,0,2,3,52,42,54,37,45,36,48,50,0,0,199,165,364,0.0192,0,0.018500000000000003,0,0.1111,0.0278,0.0208,0,0,0,0.0402,0.0061,0.0247,5,76.29,109,3.34,9.54,38.14,53,6.87,3,121.33,-999,-999,-999,-999,-999,-999,-999,-999,-999,-999,0,1,0,NA,NA
1704,6,9,9,609,60909,311009,0,2,3,80,76,97,77,101,108,76,84,0,0,354,345,699,0.0375,0,0.0309,0.013000000000000001,0.0594,0,0.026300000000000004,0.011899999999999999,0,0,0.0395,0.0058000000000000005,0.0229,19,36.660000000000004,644,1.08,30.91,22.62,33,21.18,9,77.66999999999999,-999,-999,-999,-999,-999,-999,-999,-999,-999,-999,0,1,0,NA,NA
1705,6,9,10,609,60910,501803,0,3,1,26,21,31,38,24,27,49,32,0,0,130,118,248,0,0.0476,0,0,0.0417,0,0.0204,0,0,0,0.015399999999999999,0.0085,0.0121,15,16.53,540,0.46,19,13.05,0,0,2,124,-999,-999,-999,-999,-999,-999,-999,-999,-999,-999,0,1,0,NA,NA
1706,6,9,11,609,60911,501478,0,3,1,12,9,19,17,13,8,15,10,0,0,59,44,103,0,0,0,0,0,0,0,0,0,0,0,0,0,4,25.75,0,0,2,51.5,2,51.5,2,51.5,-999,-999,-999,-999,-999,-999,-999,-999,-999,-999,0,1,0,NA,NA
1707,6,9,14,609,60914,501443,0,3,1,19,21,12,15,19,16,23,14,0,0,73,66,139,0,0,0.0833,0,0,0,0,0,0,0,0.0137,0,0.0072,1,139,0,0,1,139,0,0,3,46.33,-999,-999,-999,-999,-999,-999,-999,-999,-999,-999,0,1,0,NA,NA
1708,6,9,17,609,60917,501244,0,3,1,36,19,19,29,25,22,36,18,0,0,116,88,204,0,0,0,0,0,0,0,0,0,0,0,0,0,3,68,95,2.15,2,102,1,204,4,51,-999,-999,-999,-999,-999,-999,-999,-999,-999,-999,0,1,0,NA,NA
1709,6,9,17,609,60917,501468,0,3,1,36,33,48,33,32,31,45,43,0,0,161,140,301,0.25,0.0606,0.10420000000000001,0.0606,0.21880000000000002,0.0645,0.1111,0.0465,0,0,0.1615,0.057100000000000005,0.113,2,150.5,87,3.46,2,150.5,0,0,2,150.5,-999,-999,-999,-999,-999,-999,-999,-999,-999,-999,0,1,0,NA,NA
1710,6,9,18,609,60918,501471,0,3,1,16,12,10,19,14,10,19,10,0,0,59,51,110,0,0,0,0,0,0,0,0,0,0,0,0,0,3,36.67,116,0.9500000000000001,2,55,0,0,2,55,-999,-999,-999,-999,-999,-999,-999,-999,-999,-999,0,1,0,NA,NA
1711,6,9,18,609,60918,501472,0,3,1,60,50,71,50,74,66,72,51,0,0,277,217,494,0,0,0.0141,0.02,0.0946,0.0152,0,0.0392,0,0,0.028900000000000002,0.018400000000000003,0.024300000000000002,2,247,46,10.739999999999998,8,61.75,0,0,6,82.33,-999,-999,-999,-999,-999,-999,-999,-999,-999,-999,0,1,0,NA,NA
1712,6,9,18,609,60918,501249,0,3,1,20,18,25,22,36,28,29,19,0,0,110,87,197,0,0,0,0,0.055600000000000004,0,0,0,0,0,0.0182,0,0.0102,2,98.5,0,0,0,0,0,0,4,49.25,-999,-999,-999,-999,-999,-999,-999,-999,-999,-999,0,1,0,NA,NA
1713,6,9,23,609,60923,501498,0,3,1,19,18,31,24,19,8,17,11,0,0,86,61,147,0,0,0,0,0,0,0,0,0,0,0,0,0,1,147,0,0,1,147,1,147,3,49,-999,-999,-999,-999,-999,-999,-999,-999,-999,-999,0,1,0,NA,NA
1714,6,9,23,609,60923,501499,0,3,1,16,8,30,13,16,11,14,11,0,0,76,43,119,0.0625,0,0,0,0,0,0,0,0,0,0.013200000000000002,0,0.0084,4,29.75,0,0,4,29.75,0,0,2,59.5,-999,-999,-999,-999,-999,-999,-999,-999,-999,-999,0,1,0,NA,NA
1715,6,13,1,613,61301,305806,0,2,2,27,17,28,31,27,19,30,27,0,0,112,94,206,0,0,0.035699999999999996,0,0,0,0.06670000000000001,0,0,0,0.0268,0,0.0146,7,29,255,0.81,12.79,16.110000000000003,6,34.33,4,51.5,-999,-999,-999,-999,-999,-999,-999,-999,-999,-999,0,1,0,NA,NA
1716,6,13,1,613,61301,305807,0,4,2,26,26,28,26,25,30,21,28,0,0,100,110,210,0,0,0,0,0,0.0333,0,0,0,0,0,0.009099999999999999,0.0048000000000000004,6,35,130,1.62,7,30,40,5.25,4,52.5,-999,-999,-999,-999,-999,-999,-999,-999,-999,-999,0,1,0,NA,NA
1717,6,13,1,613,61301,305805,0,4,2,45,36,26,36,36,46,29,27,0,0,136,145,281,0.15560000000000002,0.055600000000000004,0.1923,0.1111,0.2222,0,0.17240000000000003,0.037,0,0,0.1838,0.0483,0.1139,8,35.13,150,1.87,35,8.03,0,0,5,56.2,-999,-999,-999,-999,-999,-999,-999,-999,-999,-999,0,1,0,NA,NA
1718,6,13,1,613,61301,501440,0,3,1,17,5,9,10,12,12,10,3,0,0,48,30,78,0,0,0.1111,0,0.3333,0,0.1,0,0,0,0.125,0,0.07690000000000001,2,39,0,0,2,39,0,0,1,78,-999,-999,-999,-999,-999,-999,-999,-999,-999,-999,0,1,0,NA,NA
1719,6,13,2,613,61302,302643,0,2,3,21,21,17,15,22,18,14,10,0,0,74,64,138,0,0,0,0,0.0455,0,0,0.1,0,0,0.013500000000000002,0.0156,0.0145,4,31.67,0,0,6.54,21.110000000000003,1,138,3,46,-999,-999,-999,-999,-999,-999,-999,-999,-999,-999,0,1,0,NA,NA
1720,6,13,2,613,61302,305796,0,2,2,18,22,16,14,18,19,17,21,0,0,69,76,145,0,0,0,0,0.055600000000000004,0.15790000000000004,0.11760000000000001,0,0,0,0.043500000000000004,0.0395,0.0414,1,103.5,60,2.44,4.2,34.5,0,0,3,48.33,-999,-999,-999,-999,-999,-999,-999,-999,-999,-999,0,1,0,NA,NA
1721,6,13,2,613,61302,305809,0,4,2,19,22,21,28,18,16,24,29,0,0,82,95,177,0.05260000000000001,0,0,0,0,0,0,0,0,0,0.0122,0,0.0056,4,44.25,0,0,2,88.5,0,0,3,59,-999,-999,-999,-999,-999,-999,-999,-999,-999,-999,0,1,0,NA,NA
1722,6,13,3,613,61303,502113,0,3,1,48,76,71,76,69,84,69,81,0,0,257,317,574,0.0833,0,0.0704,0.013200000000000002,0.043500000000000004,0.035699999999999996,0.13040000000000002,0.0864,0,0,0.08170000000000001,0.0347,0.0557,24,23.919999999999998,190,3.02,31,18.52,0,0,1,574,-999,-999,-999,-999,-999,-999,-999,-999,-999,-999,0,1,0,NA,NA
1723,6,3,1,603,60301,302710,0,2,3,72,63,102,71,94,92,94,77,0,0,362,303,665,0.013900000000000001,0,0.0098,0.0141,0.0319,0.043500000000000004,0.021300000000000003,0,0,0,0.0193,0.0165,0.018000000000000002,23,29.37,731,0.91,42.27,15.729999999999999,71,9.370000000000001,2,332.5,-999,-999,-999,-999,-999,-999,-999,-999,-999,-999,0,1,0,NA,NA
1724,6,3,1,603,60301,305477,0,4,1,118,99,172,128,171,142,159,112,0,0,620,481,1101,0.016900000000000002,0,0.07560000000000001,0.0234,0,0,0.018900000000000004,0.035699999999999996,0,0,0.028999999999999998,0.0146,0.022699999999999998,12,91.75,430,2.56,25,44.04,84,13.11,25,44.04,-999,-999,-999,-999,-999,-999,-999,-999,-999,-999,0,1,1,NA,NA
1725,6,3,1,603,60301,302713,0,2,3,37,40,47,38,52,54,48,49,0,0,184,181,365,0,0,0,0,0,0,0,0,0,0,0,0,0,18,20.8,368,0.99,24.57,14.860000000000001,16,22.810000000000002,3,121.66999999999999,-999,-999,-999,-999,-999,-999,-999,-999,-999,-999,0,1,0,NA,NA
1726,6,3,1,603,60301,302707,0,2,3,33,36,52,42,40,40,46,34,0,0,171,152,323,0,0,0,0,0,0,0,0,0,0,0,0,0,13,24.64,203,1.59,16.85,19.17,96,3.36,4,80.75,-999,-999,-999,-999,-999,-999,-999,-999,-999,-999,0,1,0,NA,NA
1727,6,4,1,604,60401,305798,0,4,1,25,30,41,27,40,43,47,20,0,0,153,120,273,0,0,0,0,0,0,0,0,0,0,0,0,0,9,30.330000000000002,0,0,8,34.13,7,39,4,68.25,-999,-999,-999,-999,-999,-999,-999,-999,-999,-999,0,1,0,NA,NA
1728,6,5,1,605,60501,311401,0,2,3,47,47,65,55,72,56,51,46,0,0,235,204,439,0,0,0,0,0,0,0,0,0,0,0,0,0,11,40.43,268,1.6400000000000001,11.629999999999999,37.730000000000004,26,16.88,9,48.78,-999,-999,-999,-999,-999,-999,-999,-999,-999,-999,0,1,0,NA,NA
1729,6,12,1,612,61201,305933,0,4,1,18,13,41,37,47,26,0,0,0,0,106,76,182,0,0,0,0,0,0,0,0,0,0,0,0,0,4,45.5,0,0,3,60.67,202,0.9,2,91,-999,-999,-999,-999,-999,-999,-999,-999,-999,-999,0,1,0,NA,NA
1730,6,15,1,615,61501,501335,0,3,1,87,72,105,103,86,67,85,93,0,0,363,335,698,0,0,0,0,0,0,0,0,0,0,0,0,0,12,58.17,334,2.09,8,87.25,0,0,7,99.71000000000001,-999,-999,-999,-999,-999,-999,-999,-999,-999,-999,0,1,1,NA,NA
1731,6,15,1,615,61501,501338,0,1,1,23,21,29,28,31,32,40,26,0,0,123,107,230,0,0,0,0,0.0323,0,0,0,0,0,0.0081,0,0.0043,2,143,0,0,0.8,286,0,0,5,46,-999,-999,-999,-999,-999,-999,-999,-999,-999,-999,0,1,1,NA,NA
1732,6,15,1,615,61501,501339,0,3,1,24,21,25,16,10,14,13,13,0,0,72,64,136,0,0,0,0,0,0,0,0,0,0,0,0,0,4,34,20,6.8,2,68,0,0,2,68,-999,-999,-999,-999,-999,-999,-999,-999,-999,-999,0,1,0,NA,NA
1733,6,15,1,615,61501,501356,0,3,1,27,12,25,9,32,19,29,21,0,0,113,61,174,0,0,0,0,0,0,0.06899999999999999,0,0,0,0.0177,0,0.0115,1,174,0,0,3,58,0,0,3,58,-999,-999,-999,-999,-999,-999,-999,-999,-999,-999,0,1,0,NA,NA
1734,6,16,1,616,61601,311802,0,2,1,26,17,38,22,39,29,47,27,0,0,150,95,245,0,0,0,0,0.0256,0.1034,0.042600000000000006,0.037,0,0,0.02,0.042100000000000005,0.0286,16,14.870000000000001,861,0.28,24.36,10.06,59,4.1499999999999995,3,81.66999999999999,-999,-999,-999,-999,-999,-999,-999,-999,-999,-999,0,1,0,NA,NA
1735,6,16,1,616,61601,311803,0,2,1,30,28,43,37,44,40,32,36,0,0,149,141,290,0.06670000000000001,0,0.0233,0.027,0.0909,0.07500000000000001,0.0938,0,0,0,0.0671,0.0284,0.0483,16,18.67,618,0.47000000000000003,7.119999999999999,40.730000000000004,50,5.8,7,41.43,-999,-999,-999,-999,-999,-999,-999,-999,-999,-999,0,1,0,NA,NA
1736,6,16,1,616,61601,305800,0,2,1,47,42,58,46,57,46,52,40,0,0,214,174,388,0.021300000000000003,0.0476,0.0345,0.0217,0.0175,0.0217,0.0192,0.07500000000000001,0,0,0.0234,0.0402,0.0309,11,33.75,418,0.93,12.93,30,107,3.63,7,55.43,-999,-999,-999,-999,-999,-999,-999,-999,-999,-999,0,1,0,NA,NA
1737,6,16,1,616,61601,305537,0,4,1,17,14,19,11,22,21,20,16,0,0,78,62,140,0.058800000000000005,0.0714,0.05260000000000001,0,0.0909,0,0.05,0,0,0,0.0641,0.0161,0.0429,4,35,141,0.99,6,23.330000000000002,51,2.75,2,70,-999,-999,-999,-999,-999,-999,-999,-999,-999,-999,0,1,0,NA,NA
1738,6,17,1,617,61701,502283,0,3,1,30,32,32,28,30,29,28,17,0,0,120,106,226,0,0.0313,0.0938,0,0,0,0,0.058800000000000005,0,0,0.025,0.018900000000000004,0.022099999999999998,15,15.07,210,1.08,6,37.67,0,0,3,75.33,-999,-999,-999,-999,-999,-999,-999,-999,-999,-999,0,1,0,NA,NA
1739,6,17,1,617,61701,502281,0,3,1,52,56,39,34,23,33,21,32,0,0,135,155,290,0.07690000000000001,0,0,0.0882,0.13040000000000002,0.0606,0.0476,0.0625,0,0,0.059300000000000005,0.0452,0.0517,20,14.5,382,0.76,23,12.61,1,290,2,145,-999,-999,-999,-999,-999,-999,-999,-999,-999,-999,0,1,0,NA,NA
1740,6,17,1,617,61701,502282,0,3,1,22,21,17,16,20,16,0,0,0,0,59,53,112,0.0455,0,0.058800000000000005,0,0.1,0,0,0,0,0,0.0678,0,0.035699999999999996,11,10.18,375,0.3,17,6.59,0,0,1,112,-999,-999,-999,-999,-999,-999,-999,-999,-999,-999,0,1,0,NA,NA
1741,6,11,1,611,61101,305892,0,4,2,22,17,14,23,25,34,22,19,0,0,83,93,176,0,0,0,0,0,0,0,0,0,0,0,0,0,3,58.67,0,0,7,25.14,0,0,1,176,-999,-999,-999,-999,-999,-999,-999,-999,-999,-999,0,1,0,NA,NA
1742,6,14,1,614,61401,501112,0,3,2,33,27,29,28,14,34,34,26,0,0,110,115,225,0,0,0,0,0,0,0,0,0,0,0,0,0,6,37.5,53,4.25,8,28.130000000000003,0,0,5,45,-999,-999,-999,-999,-999,-999,-999,-999,-999,-999,0,1,0,NA,NA
1743,6,14,1,614,61401,502593,0,3,1,16,11,21,11,0,0,0,0,0,0,37,22,59,0,0,0,0,0,0,0,0,0,0,0,0,0,2,29.5,16,3.69,0,0,0,0,1,59,-999,-999,-999,-999,-999,-999,-999,-999,-999,-999,0,1,0,NA,NA
1744,6,14,1,614,61401,502596,0,3,1,15,16,22,17,0,0,0,0,0,0,37,33,70,0,0,0,0,0,0,0,0,0,0,0,0,0,2,35,6,11.67,2,35,0,0,1,70,-999,-999,-999,-999,-999,-999,-999,-999,-999,-999,0,1,0,NA,NA
1745,6,7,1,607,60701,302628,0,2,1,39,24,36,28,33,35,35,42,0,0,143,129,272,0,0,0,0,0,0,0,0,0,0,0,0,0,9,30.150000000000002,550,0.49,8.33,32.67,82,3.32,4,68,-999,-999,-999,-999,-999,-999,-999,-999,-999,-999,0,1,0,NA,NA
1746,6,7,1,607,60701,311106,0,2,1,29,29,34,34,30,36,34,20,0,0,127,119,246,0,0,0.058800000000000005,0.0294,0,0.0278,0.0882,0,0,0,0.0394,0.0168,0.0285,9,27.57,159,1.54,10.2,24.130000000000003,0,0,5,49.2,-999,-999,-999,-999,-999,-999,-999,-999,-999,-999,0,1,0,NA,NA
1747,6,7,1,607,60701,325601,0,2,1,17,19,18,19,24,22,34,29,0,0,93,89,182,0.058800000000000005,0,0,0.05260000000000001,0.125,0,0.0294,0,0,0,0.05380000000000001,0.0112,0.033,7,27.1,147,1.24,4.03,45.17,0,0,3,60.67,-999,-999,-999,-999,-999,-999,-999,-999,-999,-999,0,1,0,NA,NA
1748,6,7,1,607,60701,325604,0,2,1,25,21,19,27,24,18,27,17,0,0,95,83,178,0,0,0.05260000000000001,0.037,0,0,0.07410000000000001,0,0,0,0.0316,0.012,0.0225,4,44.17,54,3.3099999999999996,5.37,33.13,50,3.56,4,44.5,-999,-999,-999,-999,-999,-999,-999,-999,-999,-999,0,1,0,NA,NA
1749,6,7,1,607,60701,302596,0,2,1,34,36,29,21,28,31,31,25,0,0,122,113,235,0.0882,0,0.06899999999999999,0,0,0,0,0,0,0,0.041,0,0.021300000000000003,8,28.82,117,2.01,8.9,26.419999999999998,0,0,3,78.33,-999,-999,-999,-999,-999,-999,-999,-999,-999,-999,0,1,0,NA,NA
1750,6,7,1,607,60701,325602,0,2,1,28,12,33,27,28,20,24,31,0,0,113,90,203,0.10710000000000001,0,0.0909,0,0.0714,0.1,0.125,0.0323,0,0,0.0973,0.0333,0.06899999999999999,8,24.91,233,0.8700000000000001,11.11,18.27,4,50.75,4,50.75,-999,-999,-999,-999,-999,-999,-999,-999,-999,-999,0,1,0,NA,NA
1751,6,7,1,607,60701,325603,0,2,1,43,35,21,22,34,36,25,32,0,0,123,125,248,0.06979999999999999,0.0286,0.0952,0,0.0882,0,0.08,0,0,0,0.0813,0.008,0.044399999999999995,7,35.78,193,1.29,8.47,29.27,0,0,4,62,-999,-999,-999,-999,-999,-999,-999,-999,-999,-999,0,1,0,NA,NA
1752,6,7,1,607,60701,501334,0,1,1,28,21,24,23,18,9,15,32,0,0,85,85,170,0.14290000000000003,0,0.0417,0,0.055600000000000004,0.2222,0,0,0,0,0.07060000000000001,0.0235,0.0471,3,66.33,0,0,3.42,49.75,1,170,3,56.67,-999,-999,-999,-999,-999,-999,-999,-999,-999,-999,0,1,0,NA,NA
1753,7,3,1,703,70301,312360,0,2,1,25,21,28,40,35,29,33,29,0,0,121,119,240,0.04,0,0.10710000000000001,0,0.0286,0.0345,0.0303,0,0,0,0.049600000000000005,0.0084,0.029199999999999997,11,21.38,274,0.88,13.33,18,84,2.86,4,60,-999,-999,-999,-999,-999,-999,-999,-999,-999,-999,0,1,0,NA,NA
1754,7,3,1,703,70301,501635,0,3,1,34,24,30,33,23,33,27,28,0,0,114,118,232,0.058800000000000005,0,0,0.0303,0.043500000000000004,0.0606,0,0,0,0,0.026300000000000004,0.025400000000000002,0.025900000000000003,2,116,0,0,0,0,1,232,2,116,-999,-999,-999,-999,-999,-999,-999,-999,-999,-999,0,1,0,1754,0
1755,7,3,1,703,70301,501734,0,3,1,31,14,29,21,39,23,26,27,0,0,125,85,210,0,0,0,0,0.0256,0,0,0,0,0,0.008,0,0.0048000000000000004,1,210,0,0,2,105,0,0,5,42,-999,-999,-999,-999,-999,-999,-999,-999,-999,-999,0,1,0,NA,NA
1756,7,3,2,703,70302,305710,0,4,1,39,31,50,43,40,36,43,46,0,0,172,156,328,0,0,0,0,0.025,0.0278,0,0,0,0,0.0058000000000000005,0.0064,0.0061,3,109.33,326,1.01,4,82,4,82,4,82,-999,-999,-999,-999,-999,-999,-999,-999,-999,-999,0,1,0,1756,1
1757,7,3,3,703,70303,305581,0,2,1,13,17,20,19,16,20,25,17,0,0,74,73,147,0,0,0,0,0,0,0,0,0,0,0,0,0,3,51.5,61,2.42,4.28,34.33,0,0,1,147,-999,-999,-999,-999,-999,-999,-999,-999,-999,-999,0,1,0,1757,1
1758,7,3,4,703,70304,305722,0,2,1,33,21,22,28,31,21,32,23,0,0,118,93,211,0,0,0,0,0,0,0,0,0,0,0,0,0,2,124,0,0,1.7,124,0,0,5,42.2,-999,-999,-999,-999,-999,-999,-999,-999,-999,-999,0,1,0,1758,0
1759,7,3,4,703,70304,312355,0,2,1,15,17,27,22,28,29,23,17,0,0,93,85,178,0,0.058800000000000005,0.07410000000000001,0,0,0,0.043500000000000004,0,0,0,0.0323,0.0118,0.0225,6,29.67,93,1.91,5.33,33.379999999999995,2,89,2,89,-999,-999,-999,-999,-999,-999,-999,-999,-999,-999,0,1,0,1759,1
1760,7,3,5,703,70305,500208,0,1,1,4,8,9,4,17,5,11,6,0,0,41,23,64,0,0,0,0,0,0,0,0,0,0,0,0,0,5,13,63,1.01,0.7,91,3,21.330000000000002,1,64,-999,-999,-999,-999,-999,-999,-999,-999,-999,-999,0,1,0,1760,0
1761,7,3,7,703,70307,312310,0,2,1,20,16,24,19,16,24,24,24,0,0,84,83,167,0,0,0.125,0,0.125,0,0.125,0,0,0,0.0952,0,0.0479,4,46,48,3.4499999999999997,3.63,46,5,33.4,3,55.67,-999,-999,-999,-999,-999,-999,-999,-999,-999,-999,0,1,0,NA,NA
1762,7,3,8,703,70308,305761,0,4,1,23,20,21,19,26,29,31,22,0,0,101,90,191,0,0,0.0476,0,0,0.0345,0,0,0,0,0.009899999999999999,0.011099999999999999,0.0105,6,31.830000000000002,0,0,3,63.67,1,191,1,191,-999,-999,-999,-999,-999,-999,-999,-999,-999,-999,0,1,0,NA,NA
1763,7,3,8,703,70308,312330,0,2,1,25,29,43,46,57,52,54,65,0,0,179,192,371,0,0,0,0,0,0,0,0,0,0,0,0,0,6,59.67,276,1.34,2.7600000000000002,134.25,35,10.6,7,53,-999,-999,-999,-999,-999,-999,-999,-999,-999,-999,0,1,0,1763,1
1764,7,3,9,703,70309,303130,0,2,1,55,61,110,85,98,84,94,98,0,0,357,328,685,0.036399999999999995,0.0328,0.009099999999999999,0,0.0612,0.035699999999999996,0.042600000000000006,0.0204,0,0,0.036399999999999995,0.021300000000000003,0.029199999999999997,1,1111,432,1.59,3.11,220.09,0,0,15,45.67,-999,-999,-999,-999,-999,-999,-999,-999,-999,-999,0,1,0,1764,1
1765,7,3,9,703,70309,312354,0,2,1,4,13,12,8,9,12,12,18,0,0,37,51,88,0,0,0,0,0,0,0,0,0,0,0,0,0,2,52.67,100,0.88,2.23,39.5,15,5.87,1,88,-999,-999,-999,-999,-999,-999,-999,-999,-999,-999,0,1,0,1765,1
1766,7,5,1,705,70501,302922,0,2,3,107,105,105,101,115,132,104,110,0,0,431,448,879,0.1121,0.0476,0.0952,0.019799999999999998,0.1043,0.0152,0.048100000000000004,0.0273,0,0,0.0905,0.0268,0.058,16,53.68,697,1.26,33.4,26.310000000000002,61,14.41,1,879,-999,-999,-999,-999,-999,-999,-999,-999,-999,-999,0,1,0,NA,NA
1767,7,5,4,705,70504,312414,0,2,1,43,35,49,57,74,47,57,44,0,0,223,183,406,0.1163,0,0.0816,0,0.0946,0.042600000000000006,0.05260000000000001,0.0455,0,0,0.08520000000000001,0.021900000000000003,0.0567,11,35.63,505,0.8,7.84,51.82,0,0,1,406,-999,-999,-999,-999,-999,-999,-999,-999,-999,-999,0,1,0,NA,NA
1768,7,5,6,705,70506,305725,0,2,1,16,14,20,20,23,26,21,21,0,0,80,81,161,0.0625,0,0.05,0,0.08700000000000001,0.0385,0,0,0,0,0.05,0.0123,0.0311,4,42.33,241,0.6699999999999999,1.9,84.66999999999999,5,32.2,2,80.5,-999,-999,-999,-999,-999,-999,-999,-999,-999,-999,0,1,0,NA,NA
1769,7,5,6,705,70506,500671,0,1,1,23,5,30,13,23,22,14,14,0,0,90,54,144,0.17390000000000003,0,0.1,0,0.17390000000000003,0,0.0714,0.0714,0,0,0.1333,0.018500000000000003,0.09029999999999999,10,14.639999999999999,93,1.55,8.43,17.08,50,2.88,3,48,-999,-999,-999,-999,-999,-999,-999,-999,-999,-999,0,1,0,1769,0
1770,7,5,6,705,70506,312415,0,2,1,20,19,21,16,20,18,20,23,0,0,81,76,157,0.1,0,0,0,0,0.055600000000000004,0.1,0,0,0,0.0494,0.013200000000000002,0.0318,4,35.14,191,0.8200000000000001,3.8299999999999996,41,84,1.87,3,52.33,-999,-999,-999,-999,-999,-999,-999,-999,-999,-999,0,1,0,NA,NA
1771,7,5,7,705,70507,500421,0,1,1,54,42,62,65,53,47,53,56,0,0,222,210,432,0,0,0.0323,0,0,0,0.07550000000000001,0.017900000000000003,0,0,0.027,0.0048000000000000004,0.0162,8,54.64,232,1.86,6.470000000000001,66.78,0,0,6,72,-999,-999,-999,-999,-999,-999,-999,-999,-999,-999,0,1,0,1771,0
1772,7,5,8,705,70508,500487,0,3,1,17,15,30,23,36,21,44,30,0,0,127,89,216,0.11760000000000001,0,0,0,0.055600000000000004,0.0476,0.06820000000000001,0.0333,0,0,0.0551,0.0225,0.0417,10,21.6,0,0,0,0,0,0,2,108,-999,-999,-999,-999,-999,-999,-999,-999,-999,-999,0,1,0,NA,NA
1773,7,5,10,705,70510,500042,0,1,1,74,77,162,179,152,165,161,176,0,0,549,597,1146,0.0405,0.013000000000000001,0.0123,0,0.0066,0.0061,0.018600000000000002,0.0057,0,0,0.0164,0.005,0.0105,23,49.27,566,2.03,28.29,40.51,25,45.839999999999996,25,45.839999999999996,-999,-999,-999,-999,-999,-999,-999,-999,-999,-999,0,1,0,NA,NA
1774,7,5,11,705,70511,500655,0,1,1,35,27,65,55,62,40,49,47,0,0,211,169,380,0,0,0,0,0,0,0,0,0,0,0,0,0,19,20.18,231,1.6400000000000001,24.82,15.31,0,0,7,54.290000000000006,-999,-999,-999,-999,-999,-999,-999,-999,-999,-999,0,1,0,NA,NA
1775,7,5,12,705,70512,302992,0,2,1,44,30,38,43,37,46,51,48,0,0,170,167,337,0.022699999999999998,0,0,0.0233,0,0,0.0392,0,0,0,0.0176,0.006,0.011899999999999999,5,66.16999999999999,212,1.59,5.94,56.71,0,0,1,337,-999,-999,-999,-999,-999,-999,-999,-999,-999,-999,0,1,0,NA,NA
1776,7,5,12,705,70512,303011,0,2,3,15,19,18,18,35,30,28,20,0,0,96,87,183,0.1333,0,0.1111,0,0.08570000000000001,0,0.0714,0.05,0,0,0.0938,0.0115,0.05460000000000001,7,25.7,506,0.36,13.53,13.53,2,91.5,1,183,-999,-999,-999,-999,-999,-999,-999,-999,-999,-999,0,1,0,1776,0
1777,7,5,12,705,70512,303158,0,4,1,78,68,86,87,95,101,95,83,0,0,354,339,693,0,0.0147,0.0116,0.023,0.05260000000000001,0.019799999999999998,0.0316,0.012,0,0,0.025400000000000002,0.0177,0.0216,8,86.63,309,2.24,11,63,21,33,12,57.75,-999,-999,-999,-999,-999,-999,-999,-999,-999,-999,0,1,1,NA,NA
1778,7,5,15,705,70515,303164,0,2,1,33,17,27,24,28,32,19,24,0,0,107,97,204,0.12120000000000002,0,0,0,0.035699999999999996,0,0.05260000000000001,0,0,0,0.056100000000000004,0,0.0294,9,22.459999999999997,213,0.96,4.1899999999999995,48.67,0,0,2,102,-999,-999,-999,-999,-999,-999,-999,-999,-999,-999,0,1,0,NA,NA
1779,7,5,16,705,70516,302941,0,2,3,141,155,165,166,176,156,185,170,0,0,667,647,1314,0.0284,0,0,0.006,0.0398,0.0128,0.05410000000000001,0.0176,0,0,0.0315,0.0093,0.0205,30,43.260000000000005,785,1.6700000000000002,23.110000000000003,56.86,21,62.57,1,1314,-999,-999,-999,-999,-999,-999,-999,-999,-999,-999,0,1,0,NA,NA
1780,7,5,17,705,70517,500894,0,3,1,46,48,53,41,46,49,54,46,0,0,199,184,383,0,0,0.056600000000000004,0.0488,0.0217,0.0408,0,0,0,0,0.0201,0.0217,0.020900000000000002,33,11.61,589,0.65,56,6.84,20,19.150000000000002,4,95.75,-999,-999,-999,-999,-999,-999,-999,-999,-999,-999,0,1,0,1780,0
1781,7,5,18,705,70518,312481,0,2,1,102,78,87,88,110,77,91,84,0,0,390,327,717,0.0098,0,0.0115,0,0.0182,0,0.022,0,0,0,0.015399999999999999,0,0.0084,17,42.05,479,1.5,24.72,29,0,0,3,239,-999,-999,-999,-999,-999,-999,-999,-999,-999,-999,0,1,0,1781,0
1782,7,5,20,705,70520,312462,0,2,1,13,12,9,12,15,13,13,8,0,0,50,45,95,0,0,0,0,0,0,0,0,0,0,0,0,0,2,48,92,1.03,2.64,36,20,4.75,2,47.5,-999,-999,-999,-999,-999,-999,-999,-999,-999,-999,0,1,0,1782,0
1783,7,5,20,705,70520,502119,0,3,1,10,6,12,11,14,7,0,0,0,0,36,24,60,0,0,0.16670000000000001,0,0,0,0,0,0,0,0.055600000000000004,0,0.0333,14,4.29,230,0.26,17,3.53,0,0,1,60,-999,-999,-999,-999,-999,-999,-999,-999,-999,-999,0,1,0,NA,NA
1784,7,5,21,705,70521,500660,0,1,1,32,14,20,25,27,37,31,36,0,0,110,112,222,0.0313,0,0.05,0.04,0.037,0,0,0.055600000000000004,0,0,0.0273,0.0268,0.027,5,45.43,63,3.53,0,0,46,4.83,5,44.4,-999,-999,-999,-999,-999,-999,-999,-999,-999,-999,0,1,0,NA,NA
1785,7,5,21,705,70521,500768,0,3,1,31,22,41,39,44,27,29,32,0,0,145,120,265,0,0,0.0488,0.0256,0,0,0,0.0313,0,0,0.013800000000000002,0.0167,0.015099999999999999,19,13.950000000000001,600,0.44,26,10.19,0,0,3,88.33,-999,-999,-999,-999,-999,-999,-999,-999,-999,-999,0,1,0,1785,0
1786,7,5,21,705,70521,501217,0,3,1,31,16,26,25,17,19,22,17,0,0,96,77,173,0.0323,0,0.07690000000000001,0,0,0,0.0455,0.058800000000000005,0,0,0.0417,0.013000000000000001,0.028900000000000002,15,11.53,496,0.35,13,13.31,0,0,3,57.67,-999,-999,-999,-999,-999,-999,-999,-999,-999,-999,0,1,0,NA,NA
1787,7,5,22,705,70522,312419,0,2,1,127,119,148,146,181,158,168,164,0,0,624,587,1211,0.0551,0,0.05410000000000001,0.041100000000000005,0.0276,0,0.10710000000000001,0.0061,0,0,0.060899999999999996,0.011899999999999999,0.0372,13,95.57,258,4.6899999999999995,11.77,102.92,42,28.830000000000002,26,46.58,-999,-999,-999,-999,-999,-999,-999,-999,-999,-999,0,1,0,NA,NA
1788,7,5,22,705,70522,312450,0,2,1,32,33,53,38,66,47,44,51,0,0,195,169,364,0.0625,0,0.018900000000000004,0.05260000000000001,0,0,0,0.0196,0,0,0.015399999999999999,0.0178,0.0165,4,82,178,2.05,4.44,82,105,3.4699999999999998,3,121.33,-999,-999,-999,-999,-999,-999,-999,-999,-999,-999,0,1,0,1788,0
1789,7,5,22,705,70522,502122,0,3,1,19,21,30,42,36,39,0,0,0,0,85,102,187,0,0,0.0333,0,0,0,0,0,0,0,0.0118,0,0.0053,13,14.38,183,1.02,17,11,0,0,2,93.5,-999,-999,-999,-999,-999,-999,-999,-999,-999,-999,0,1,0,NA,NA
1790,7,5,22,705,70522,501351,0,1,1,27,33,40,36,42,32,39,37,0,0,148,138,286,0,0,0.07500000000000001,0,0.023799999999999998,0,0.051300000000000005,0,0,0,0.0405,0,0.021,13,22.330000000000002,213,1.34,9.25,30.919999999999998,4,71.5,5,57.2,-999,-999,-999,-999,-999,-999,-999,-999,-999,-999,0,1,0,1790,0
1791,7,5,22,705,70522,501915,0,3,1,19,13,5,14,7,15,9,8,0,0,40,50,90,0.05260000000000001,0,0.2,0,0,0,0.2222,0,0,0,0.1,0,0.044399999999999995,7,12.860000000000001,92,0.98,0,0,6,15,2,45,-999,-999,-999,-999,-999,-999,-999,-999,-999,-999,0,1,0,NA,NA
1792,7,5,23,705,70523,303074,0,2,3,23,10,29,22,27,30,18,24,0,0,97,86,183,0,0,0,0.0455,0,0,0,0,0,0,0,0.0116,0.0055,7,25,225,0.81,6.71,27.27,0,0,4,45.75,-999,-999,-999,-999,-999,-999,-999,-999,-999,-999,0,1,0,NA,NA
1793,7,5,24,705,70524,303009,0,2,3,39,32,56,50,43,34,56,56,0,0,194,172,366,0,0,0.035699999999999996,0.02,0.1163,0.0882,0.05360000000000001,0,0,0,0.051500000000000004,0.0233,0.0383,15,25,335,1.09,18.130000000000003,20.19,8,45.75,6,61,-999,-999,-999,-999,-999,-999,-999,-999,-999,-999,0,1,0,NA,NA
1794,7,5,24,705,70524,501353,0,3,1,13,10,12,14,13,13,12,11,0,0,50,48,98,0,0,0,0,0,0,0,0,0,0,0,0,0,7,14,129,0.76,0,0,0,0,2,49,-999,-999,-999,-999,-999,-999,-999,-999,-999,-999,0,1,0,NA,NA
1795,7,5,25,705,70525,306000,0,4,1,16,13,12,17,0,0,0,0,0,0,28,30,58,0,0,0,0,0,0,0,0,0,0,0,0,0,7,8.29,106,0.55,9,6.44,10,5.8,1,58,-999,-999,-999,-999,-999,-999,-999,-999,-999,-999,0,1,0,1795,0
1796,7,5,25,705,70525,312401,0,2,1,71,49,55,48,68,57,42,50,0,0,236,204,440,0.0282,0.0204,0.0182,0.0208,0.0294,0,0.119,0,0,0,0.0424,0.0098,0.0273,8,56.230000000000004,218,2.02,8.43,52.21,21,20.95,10,44,-999,-999,-999,-999,-999,-999,-999,-999,-999,-999,0,1,0,1796,0
1797,7,5,25,705,70525,500663,0,1,1,18,12,12,14,10,9,16,11,0,0,56,46,102,0.055600000000000004,0,0,0,0,0,0,0,0,0,0.017900000000000003,0,0.0098,4,25,68,1.5,1.36,75,0,0,1,102,-999,-999,-999,-999,-999,-999,-999,-999,-999,-999,0,1,0,NA,NA
1798,7,5,25,705,70525,501267,0,3,1,17,8,18,19,11,12,17,19,0,0,63,58,121,0,0,0,0,0,0,0.058800000000000005,0,0,0,0.0159,0,0.0083,14,8.639999999999999,348,0.35,14,8.639999999999999,0,0,2,60.5,-999,-999,-999,-999,-999,-999,-999,-999,-999,-999,0,1,0,1798,0
1799,7,5,25,705,70525,501575,0,3,1,15,11,17,14,27,13,16,14,0,0,75,52,127,0,0,0,0,0,0,0,0,0,0,0,0,0,18,7.06,278,0.46,20,6.35,0,0,1,127,-999,-999,-999,-999,-999,-999,-999,-999,-999,-999,0,1,0,NA,NA
1800,7,5,25,705,70525,501576,0,3,1,11,9,14,11,17,9,17,9,0,0,59,38,97,0,0,0,0,0,0,0.058800000000000005,0,0,0,0.016900000000000002,0,0.0103,10,9.7,120,0.81,5,19.4,0,0,1,97,-999,-999,-999,-999,-999,-999,-999,-999,-999,-999,0,1,0,NA,NA
1801,7,5,25,705,70525,501732,0,3,1,20,15,26,19,29,12,24,17,0,0,99,63,162,0,0,0,0,0.0345,0.0833,0.0833,0,0,0,0.0303,0.0159,0.0247,14,11.57,388,0.42000000000000004,13,12.46,0,0,1,162,-999,-999,-999,-999,-999,-999,-999,-999,-999,-999,0,1,0,NA,NA
1802,7,5,27,705,70527,303046,0,2,1,48,36,62,49,55,52,66,43,0,0,231,180,411,0.0833,0,0.0161,0.0204,0.07270000000000001,0.0192,0.0303,0,0,0,0.0476,0.011099999999999999,0.0316,14,28.89,198,2.08,17.39,23.64,18,22.830000000000002,1,411,-999,-999,-999,-999,-999,-999,-999,-999,-999,-999,0,1,0,1802,0
1803,7,5,27,705,70527,500219,0,1,1,55,34,51,38,51,44,57,53,0,0,214,169,383,0,0,0.058800000000000005,0.026300000000000004,0.058800000000000005,0,0.0351,0.0377,0,0,0.037399999999999996,0.0178,0.0287,10,38.07,306,1.25,11.5,33.309999999999995,46,8.33,6,63.83,-999,-999,-999,-999,-999,-999,-999,-999,-999,-999,0,1,0,NA,NA
1804,7,5,27,705,70527,501669,0,3,1,34,29,37,34,53,36,66,46,0,0,190,145,335,0.058800000000000005,0.0345,0.0811,0.0294,0.018900000000000004,0.0278,0.0152,0.043500000000000004,0,0,0.0368,0.0345,0.0358,11,30.45,40,8.38,35,9.57,0,0,4,83.75,-999,-999,-999,-999,-999,-999,-999,-999,-999,-999,0,1,0,NA,NA
1805,7,5,27,705,70527,501670,0,3,1,46,31,34,48,60,44,42,48,0,0,182,171,353,0,0,0,0,0.0167,0.022699999999999998,0,0,0,0,0.0055,0.0058000000000000005,0.0057,6,58.83,0,0,6,58.83,0,0,2,176.5,-999,-999,-999,-999,-999,-999,-999,-999,-999,-999,0,1,0,NA,NA
1806,7,5,27,705,70527,500220,0,1,1,28,25,22,22,29,25,31,28,0,0,110,100,210,0,0,0,0,0,0,0.0323,0,0,0,0.009099999999999999,0,0.0048000000000000004,4,47.67,147,1.43,2.94,71.5,44,4.7700000000000005,2,105,-999,-999,-999,-999,-999,-999,-999,-999,-999,-999,0,1,0,NA,NA
1807,7,5,27,705,70527,500221,0,1,1,16,10,19,25,20,21,11,12,0,0,66,68,134,0,0.1,0.1053,0,0.05,0.0476,0,0,0,0,0.0455,0.0294,0.0373,14,9.9,178,0.75,17.6,7.619999999999999,16,8.38,3,44.67,-999,-999,-999,-999,-999,-999,-999,-999,-999,-999,0,1,0,1807,0
1808,7,5,27,705,70527,500665,0,1,1,32,33,32,52,33,49,57,52,0,0,154,186,340,0.0625,0.0303,0.0938,0.07690000000000001,0.0303,0.0204,0.1053,0.0192,0,0,0.07790000000000001,0.0376,0.0559,8,43.17,171,1.99,7.22,47.09,6,56.67,6,56.67,-999,-999,-999,-999,-999,-999,-999,-999,-999,-999,0,1,0,1808,0
1809,7,5,27,705,70527,500920,0,1,1,13,17,15,20,11,19,26,12,0,0,65,68,133,0,0,0,0,0,0,0.0385,0,0,0,0.015399999999999999,0,0.0075,8,16.17,249,0.53,11.65,11.41,0,0,2,66.5,-999,-999,-999,-999,-999,-999,-999,-999,-999,-999,0,1,0,NA,NA
1810,7,5,28,705,70528,500667,0,1,1,16,20,37,27,34,35,22,23,0,0,109,105,214,0,0,0.10810000000000002,0,0.058800000000000005,0,0.0455,0.043500000000000004,0,0,0.06420000000000001,0.0095,0.037399999999999996,7,31.1,0,0,5.5,38.879999999999995,28,7.64,5,42.8,-999,-999,-999,-999,-999,-999,-999,-999,-999,-999,0,1,0,1810,0
1811,7,5,29,705,70529,302974,0,2,1,36,15,34,49,32,37,46,46,0,0,148,147,295,0.055600000000000004,0,0,0,0.0313,0,0.043500000000000004,0,0,0,0.033800000000000004,0,0.016900000000000002,10,29.130000000000003,308,0.96,8.860000000000001,33.290000000000006,32,9.219999999999999,1,295,-999,-999,-999,-999,-999,-999,-999,-999,-999,-999,0,1,0,NA,NA
1812,7,5,29,705,70529,305755,0,4,1,68,54,60,53,69,76,58,74,0,0,255,257,512,0.0882,0.018500000000000003,0.06670000000000001,0,0.07250000000000001,0.0658,0,0.027,0,0,0.058800000000000005,0.0311,0.044899999999999995,5,102.4,197,2.6,5,102.4,20,25.6,8,64,-999,-999,-999,-999,-999,-999,-999,-999,-999,-999,0,1,0,1812,0
1813,7,5,30,705,70530,312408,0,2,1,23,34,30,28,37,36,37,25,0,0,127,123,250,0,0,0,0,0.05410000000000001,0.055600000000000004,0,0,0,0,0.0157,0.016300000000000002,0.016,5,46.379999999999995,175,1.43,6.06,41.220000000000006,0,0,2,125,-999,-999,-999,-999,-999,-999,-999,-999,-999,-999,0,1,0,1813,0
1814,7,5,31,705,70531,306084,0,4,1,15,6,12,13,0,0,0,0,0,0,27,19,46,0.1333,0,0,0,0,0,0,0,0,0,0.07410000000000001,0,0.043500000000000004,1,46,0,0,0,0,20,2.3,1,46,-999,-999,-999,-999,-999,-999,-999,-999,-999,-999,0,1,0,NA,NA
1815,7,5,32,705,70532,312451,0,2,1,34,20,33,28,43,37,41,42,0,0,151,127,278,0.0294,0,0.0606,0,0.0233,0.027,0,0,0,0,0.026500000000000003,0.0079,0.018000000000000002,7,40.8,168,1.6500000000000001,6.81,40.8,0,0,4,69.5,-999,-999,-999,-999,-999,-999,-999,-999,-999,-999,0,1,0,1815,0
1816,7,5,32,705,70532,501625,0,3,1,13,12,15,8,9,12,10,6,0,0,47,38,85,0,0.0833,0.06670000000000001,0.125,0,0,0,0,0,0,0.021300000000000003,0.05260000000000001,0.0353,2,42.5,0,0,0,0,4,21.25,2,42.5,-999,-999,-999,-999,-999,-999,-999,-999,-999,-999,0,1,0,NA,NA
1817,7,6,1,706,70601,303136,0,2,2,26,27,34,39,44,34,47,39,0,0,151,139,290,0.0385,0.07410000000000001,0.058800000000000005,0.0256,0.06820000000000001,0,0,0.0256,0,0,0.0397,0.0288,0.0345,12,24,321,0.9,10.66,27.2,51,5.6899999999999995,5,58,-999,-999,-999,-999,-999,-999,-999,-999,-999,-999,0,1,0,1817,0
1818,7,6,1,706,70601,303139,0,2,1,229,189,281,248,333,304,347,296,0,0,1190,1037,2227,0.06989999999999999,0.026500000000000003,0.0391,0.0403,0.039,0.036199999999999996,0.0403,0.020300000000000002,0,0,0.045399999999999996,0.0309,0.0386,24,93.7,655,3.4,30.9,72.08,134,16.62,54,41.24,-999,-999,-999,-999,-999,-999,-999,-999,-999,-999,0,1,0,NA,NA
1819,7,6,1,706,70601,312503,0,2,1,72,56,71,56,91,52,67,58,0,0,301,222,523,0.055600000000000004,0,0.11270000000000001,0.035699999999999996,0.0659,0,0.0299,0.0345,0,0,0.0664,0.018000000000000002,0.045899999999999996,12,43.06,358,1.46,20.72,25.24,0,0,3,174.33,-999,-999,-999,-999,-999,-999,-999,-999,-999,-999,0,1,1,NA,NA
1820,7,6,1,706,70601,500228,0,3,1,31,33,41,30,36,28,44,36,0,0,152,127,279,0.0323,0,0,0.0333,0.055600000000000004,0.035699999999999996,0.022699999999999998,0.0278,0,0,0.026300000000000004,0.0236,0.0251,15,18.6,300,0.93,2,139.5,0,0,2,139.5,-999,-999,-999,-999,-999,-999,-999,-999,-999,-999,0,1,0,NA,NA
1821,7,6,1,706,70601,500224,0,1,1,29,34,27,38,35,23,23,40,0,0,114,135,249,0,0,0,0,0,0,0.043500000000000004,0,0,0,0.0088,0,0.004,7,36.1,103,2.4099999999999997,2.7600000000000002,90.25,3,83,5,49.8,-999,-999,-999,-999,-999,-999,-999,-999,-999,-999,0,1,1,NA,NA
1822,7,6,1,706,70601,500229,0,1,1,27,25,21,16,28,30,24,28,0,0,100,99,199,0,0.04,0,0,0,0,0,0,0,0,0,0.0101,0.005,4,46.17,72,2.77,1.44,138.5,24,8.29,2,99.5,-999,-999,-999,-999,-999,-999,-999,-999,-999,-999,0,1,1,NA,NA
1823,7,6,1,706,70601,312506,0,2,1,295,313,364,335,367,347,379,359,0,0,1405,1354,2759,0.0373,0.0128,0.060399999999999995,0.0388,0.0218,0.025900000000000003,0.0317,0.0195,0,0,0.0377,0.0244,0.0312,49,56.27,2411,1.1400000000000001,56.39,48.93,91,30.32,18,153.28,-999,-999,-999,-999,-999,-999,-999,-999,-999,-999,0,1,1,NA,NA
1824,7,6,1,706,70601,500670,0,1,1,43,46,47,46,46,58,54,55,0,0,190,205,395,0.1163,0.043500000000000004,0,0,0,0,0,0.0182,0,0,0.026300000000000004,0.0146,0.020300000000000002,10,38.6,119,3.3099999999999996,17.06,23.16,47,8.4,8,49.379999999999995,-999,-999,-999,-999,-999,-999,-999,-999,-999,-999,0,1,1,NA,NA
1825,7,6,1,706,70601,312509,0,2,1,23,18,14,18,34,22,24,15,0,0,95,73,168,0.13040000000000002,0,0,0,0.058800000000000005,0,0.0417,0,0,0,0.0632,0,0.035699999999999996,5,31.25,108,1.56,6.05,27.779999999999998,37,4.54,2,84,-999,-999,-999,-999,-999,-999,-999,-999,-999,-999,0,1,1,NA,NA
1826,7,9,1,709,70901,312601,0,2,1,80,81,117,81,110,95,90,102,0,0,397,359,756,0.05,0.0494,0.0256,0.0247,0.1,0.07370000000000002,0.055600000000000004,0.0294,0,0,0.0579,0.0446,0.05160000000000001,8,100,348,2.17,13.229999999999999,57.14,0,0,15,50.4,-999,-999,-999,-999,-999,-999,-999,-999,-999,-999,0,1,0,NA,NA
1827,7,9,1,709,70901,303170,0,4,1,24,15,34,33,36,28,28,25,0,0,122,101,223,0.0417,0,0.0294,0.0303,0.055600000000000004,0,0.0714,0,0,0,0.0492,0.009899999999999999,0.0314,7,31.86,261,0.8500000000000001,12,18.58,0,0,3,74.33,-999,-999,-999,-999,-999,-999,-999,-999,-999,-999,0,1,0,1827,0
1828,7,11,1,711,71101,303190,0,2,3,18,15,23,31,30,23,30,25,0,0,101,94,195,0,0,0,0,0,0,0,0,0,0,0,0,0,5,42.8,137,1.43,7.29,26.75,135,1.44,2,97.5,-999,-999,-999,-999,-999,-999,-999,-999,-999,-999,0,1,1,NA,NA
1829,7,11,1,711,71101,303191,0,4,3,28,27,26,29,35,42,32,43,0,0,121,141,262,0,0,0,0,0.0286,0,0,0.0233,0,0,0.0083,0.0071,0.0076,4,65.5,186,1.41,7,37.43,21,12.48,1,262,-999,-999,-999,-999,-999,-999,-999,-999,-999,-999,0,1,0,NA,NA
1830,7,11,1,711,71101,303186,0,4,3,78,47,56,60,61,65,56,58,0,0,251,230,481,0,0,0,0,0.0164,0,0,0,0,0,0.004,0,0.0021,11,43.730000000000004,367,1.31,14,34.36,206,2.3299999999999996,11,43.730000000000004,-999,-999,-999,-999,-999,-999,-999,-999,-999,-999,0,1,0,1830,0
1831,7,13,1,713,71301,303267,0,2,3,100,94,121,92,103,117,92,94,0,0,416,397,813,0.13,0.0319,0.0826,0.043500000000000004,0.1262,0.051300000000000005,0.05430000000000001,0.053200000000000004,0,0,0.09860000000000001,0.0453,0.07260000000000001,19,41.96,751,1.08,17.14,47.43,5,162.6,19,42.790000000000006,-999,-999,-999,-999,-999,-999,-999,-999,-999,-999,0,1,0,NA,NA
1832,7,13,2,713,71302,303257,0,2,3,86,68,57,76,56,58,51,62,0,0,250,264,514,0.10470000000000002,0.0147,0.07020000000000001,0.0395,0.10710000000000001,0,0.058800000000000005,0.0161,0,0,0.088,0.018900000000000004,0.052500000000000005,15,33.349999999999994,556,0.92,6.03,85.22,0,0,6,85.66999999999999,-999,-999,-999,-999,-999,-999,-999,-999,-999,-999,0,1,0,NA,NA
1833,7,13,3,713,71303,303246,0,2,3,62,59,46,52,59,63,53,67,0,0,220,241,461,0.0806,0.050800000000000005,0.08700000000000001,0.0385,0.10170000000000001,0.0476,0.0377,0.0896,0,0,0.07730000000000001,0.058100000000000006,0.06720000000000001,14,32,982,0.47000000000000003,7.2,64,46,10.02,1,461,-999,-999,-999,-999,-999,-999,-999,-999,-999,-999,0,1,0,1833,0
1834,7,13,6,713,71306,312901,0,2,3,22,19,17,23,24,20,27,21,0,0,90,83,173,0.13640000000000002,0,0,0.043500000000000004,0.0417,0,0,0,0,0,0.044399999999999995,0.012,0.028900000000000002,6,26.67,343,0.5,12.25,14.12,48,3.6,1,173,-999,-999,-999,-999,-999,-999,-999,-999,-999,-999,0,1,0,NA,NA
1835,7,13,6,713,71306,312953,0,2,1,8,10,18,15,24,21,18,21,0,0,68,67,135,0.25,0.1,0.2222,0,0.2917,0.2857,0.1111,0.0952,0,0,0.2206,0.1343,0.1778,2,58.4,87,1.55,0.46,292,7,19.29,2,67.5,-999,-999,-999,-999,-999,-999,-999,-999,-999,-999,0,1,0,1835,0
1836,7,13,5,713,71305,303264,0,2,1,61,52,47,53,58,56,62,49,0,0,228,210,438,0.14750000000000002,0,0.1277,0.0377,0.1034,0.05360000000000001,0.0968,0.0816,0,0,0.11839999999999999,0.0429,0.08220000000000001,15,29.330000000000002,658,0.6699999999999999,9.239999999999998,47.379999999999995,0,0,2,219,-999,-999,-999,-999,-999,-999,-999,-999,-999,-999,0,1,0,NA,NA
1837,7,13,3,713,71303,303248,0,2,3,66,57,55,60,56,65,61,51,0,0,238,233,471,0.10610000000000001,0.0175,0.036399999999999995,0.05,0.10710000000000001,0.0462,0.0492,0.07840000000000001,0,0,0.07560000000000001,0.0472,0.0616,11,41.94,215,2.19,9.83,47.93,24,19.630000000000003,10,47.1,-999,-999,-999,-999,-999,-999,-999,-999,-999,-999,0,1,0,NA,NA
1838,7,14,1,714,71401,501427,0,3,1,32,36,35,28,40,28,51,47,0,0,158,139,297,0.0313,0.0278,0,0,0.025,0,0.0196,0,0,0,0.019,0.0072,0.013500000000000002,5,59.4,0,0,7,42.43,2,148.5,2,148.5,-999,-999,-999,-999,-999,-999,-999,-999,-999,-999,0,1,0,NA,NA
1839,7,14,2,714,71402,501429,0,1,1,35,23,44,30,44,40,45,25,0,0,168,118,286,0.0286,0,0,0,0.0455,0.025,0.022199999999999998,0,0,0,0.023799999999999998,0.0085,0.0175,2,156,0,0,1.83,156,0,0,4,71.5,-999,-999,-999,-999,-999,-999,-999,-999,-999,-999,0,1,0,1839,0
1840,7,1,1,701,70101,303219,0,2,2,62,57,70,59,54,51,51,73,0,0,237,240,477,0,0,0,0,0,0,0,0,0,0,0,0,0,16,29,463,1.03,14.47,32.949999999999996,3,159,1,477,-999,-999,-999,-999,-999,-999,-999,-999,-999,-999,0,1,0,1840,0
1841,7,8,1,708,70801,305917,0,4,1,17,15,16,9,12,11,19,11,0,0,64,46,110,0,0,0,0,0,0,0,0,0,0,0,0,0,3,36.67,152,0.72,3,36.67,40,2.75,2,55,-999,-999,-999,-999,-999,-999,-999,-999,-999,-999,0,1,0,1841,0
1842,7,8,1,708,70801,500445,0,3,1,12,12,24,5,19,18,22,16,0,0,77,51,128,0,0,0,0,0,0,0,0,0,0,0,0,0,2,64,89,1.44,0,0,0,0,2,64,-999,-999,-999,-999,-999,-999,-999,-999,-999,-999,0,1,0,NA,NA
1843,7,8,1,708,70801,500744,0,3,1,17,15,25,22,19,19,23,20,0,0,84,76,160,0,0,0,0,0,0.05260000000000001,0,0,0,0,0,0.013200000000000002,0.0063,2,80,159,1.01,2,80,0,0,3,53.33,-999,-999,-999,-999,-999,-999,-999,-999,-999,-999,0,1,0,1843,0
1844,7,8,1,708,70801,501305,0,3,1,17,12,22,14,12,11,18,20,0,0,69,57,126,0,0,0,0,0,0,0,0,0,0,0,0,0,2,63,133,0.9500000000000001,6,21,0,0,1,126,-999,-999,-999,-999,-999,-999,-999,-999,-999,-999,0,1,0,1844,0
1845,7,8,1,708,70801,500472,0,3,1,15,11,29,34,26,34,41,22,0,0,111,101,212,0,0,0,0,0,0,0,0,0,0,0,0,0,2,106,130,1.6300000000000001,0,0,7,30.29,3,70.66999999999999,-999,-999,-999,-999,-999,-999,-999,-999,-999,-999,0,1,0,NA,NA
1846,7,8,1,708,70801,500786,0,3,1,9,9,20,12,15,14,9,11,0,0,53,46,99,0,0,0,0,0,0,0,0,0,0,0,0,0,4,24.75,134,0.74,6,16.5,0,0,2,49.5,-999,-999,-999,-999,-999,-999,-999,-999,-999,-999,0,1,0,NA,NA
1847,7,8,1,708,70801,500784,0,3,1,11,6,8,12,15,15,8,10,0,0,42,43,85,0,0,0,0,0,0,0,0,0,0,0,0,0,1,85,94,0.9,1,85,7,12.139999999999999,2,42.5,-999,-999,-999,-999,-999,-999,-999,-999,-999,-999,0,1,0,1847,0
1848,7,8,1,708,70801,500787,0,1,1,22,17,27,28,27,27,17,20,0,0,93,92,185,0,0,0,0,0,0,0,0,0,0,0,0,0,3,64.25,110,1.6800000000000002,2.88,64.25,16,11.56,4,46.25,-999,-999,-999,-999,-999,-999,-999,-999,-999,-999,0,1,0,1848,0
1849,7,8,1,708,70801,500447,0,3,1,22,33,26,24,29,21,35,22,0,0,112,100,212,0,0.0303,0,0,0.0345,0,0,0,0,0,0.0089,0.01,0.009399999999999999,2,106,110,1.93,4,53,0,0,2,106,-999,-999,-999,-999,-999,-999,-999,-999,-999,-999,0,1,0,1849,0
1850,7,8,1,708,70801,500782,0,3,1,94,101,102,114,105,121,119,129,0,0,420,465,885,0,0,0,0,0,0,0,0,0,0,0,0,0,20,44.25,418,2.12,13,68.08,22,40.230000000000004,11,80.45,-999,-999,-999,-999,-999,-999,-999,-999,-999,-999,0,1,0,1850,0
1851,7,8,1,708,70801,500875,0,1,1,14,11,19,9,14,11,10,7,0,0,57,38,95,0,0,0,0,0.0714,0,0,0,0,0,0.0175,0,0.0105,3,33.5,0,0,1.42,67,6,15.83,2,47.5,-999,-999,-999,-999,-999,-999,-999,-999,-999,-999,0,1,0,NA,NA
1852,7,17,1,717,71701,312911,0,2,3,59,41,22,24,26,37,22,34,0,0,129,136,265,0.1864,0,0.1818,0.0417,0.1154,0,0,0.0294,0,0,0.1395,0.0147,0.07550000000000001,8,33.1,240,1.1,4,66.2,0,0,3,88.33,-999,-999,-999,-999,-999,-999,-999,-999,-999,-999,0,1,0,NA,NA
1853,7,10,1,710,71001,305713,0,2,1,20,33,11,18,19,26,14,24,0,0,64,101,165,0.15000000000000002,0.0606,0.1818,0.1111,0.21050000000000002,0.0385,0,0.0417,0,0,0.1406,0.0594,0.0909,2,92.5,48,3.4299999999999997,3.57,46.25,5,33,3,55,-999,-999,-999,-999,-999,-999,-999,-999,-999,-999,0,1,0,1853,0
1854,7,10,1,710,71001,312910,0,2,1,75,62,48,59,61,77,56,70,0,0,240,268,508,0.1733,0.0161,0.125,0.0678,0.0328,0.0519,0,0.0429,0,0,0.08750000000000001,0.0448,0.065,8,62.08,189,2.69,7.5,67.73,0,0,9,56.44,-999,-999,-999,-999,-999,-999,-999,-999,-999,-999,0,1,0,1854,0
1855,7,10,1,710,71001,324801,0,2,1,37,37,29,40,46,43,34,38,0,0,146,158,304,0.1351,0,0.0345,0.025,0.06520000000000001,0.0233,0.0294,0.026300000000000004,0,0,0.0685,0.019,0.042800000000000005,1,224,77,3.9299999999999997,2.71,112,7,43.43,7,43.43,-999,-999,-999,-999,-999,-999,-999,-999,-999,-999,0,1,0,NA,NA
1856,7,10,2,710,71002,312960,0,2,1,42,50,31,22,22,39,33,44,0,0,128,155,283,0.0714,0.06,0,0.0455,0.1818,0.0256,0.0909,0.022699999999999998,0,0,0.07810000000000002,0.0387,0.0565,11,26.29,323,0.88,26.919999999999998,10.51,33,8.58,7,40.43,-999,-999,-999,-999,-999,-999,-999,-999,-999,-999,0,1,0,1856,0
1857,7,4,1,704,70401,303082,0,2,1,56,43,44,53,60,46,60,60,0,0,220,202,422,0,0,0,0,0,0,0,0,0,0,0,0,0,11,39.2,359,1.1800000000000002,21.53,19.6,0,0,5,84.4,-999,-999,-999,-999,-999,-999,-999,-999,-999,-999,0,1,0,NA,NA
1858,7,4,1,704,70401,324901,0,2,1,95,78,137,110,115,106,107,95,0,0,454,389,843,0,0,0,0.009099999999999999,0,0,0.0093,0,0,0,0.0022,0.0026,0.0024000000000000002,8,102.5,488,1.73,18.919999999999998,44.57,71,11.870000000000001,6,140.5,-999,-999,-999,-999,-999,-999,-999,-999,-999,-999,0,1,1,NA,NA
1859,7,4,1,704,70401,324903,0,2,1,9,12,13,19,17,10,16,15,0,0,55,56,111,0.1111,0,0.07690000000000001,0.05260000000000001,0.058800000000000005,0,0,0,0,0,0.05450000000000001,0.017900000000000003,0.036,4,26,78,1.42,2.13,52,63,1.76,1,111,-999,-999,-999,-999,-999,-999,-999,-999,-999,-999,0,1,0,1859,0
1860,7,2,1,702,70201,302933,0,2,1,27,21,33,38,34,21,43,31,0,0,137,111,248,0,0,0,0,0,0,0,0,0,0,0,0,0,8,29.75,231,1.08,11.81,21,3,82.66999999999999,4,62,-999,-999,-999,-999,-999,-999,-999,-999,-999,-999,0,1,0,NA,NA
1861,7,7,1,707,70701,303002,0,2,1,44,41,60,37,61,60,49,50,0,0,214,188,402,0.1136,0.0488,0.0167,0,0.0492,0.0167,0.0612,0.02,0,0,0.056100000000000004,0.021300000000000003,0.0398,10,39.06,206,1.95,11.58,34.720000000000006,0,0,7,57.43,-999,-999,-999,-999,-999,-999,-999,-999,-999,-999,0,1,0,NA,NA
1862,7,7,1,707,70701,312435,0,2,1,23,14,19,18,29,23,24,26,0,0,95,81,176,0,0,0,0,0,0,0,0,0,0,0,0,0,5,36.86,0,0,4.78,36.86,0,0,2,88,-999,-999,-999,-999,-999,-999,-999,-999,-999,-999,0,1,0,1862,0
1863,7,7,1,707,70701,325303,0,2,1,33,29,54,50,45,49,43,40,0,0,175,168,343,0.0606,0,0,0,0,0,0,0,0,0,0.011399999999999999,0,0.0058000000000000005,9,38.46,467,0.73,6.17,55.56,0,0,2,171.5,-999,-999,-999,-999,-999,-999,-999,-999,-999,-999,0,1,0,1863,0
1864,7,7,1,707,70701,303120,0,2,1,63,68,107,86,80,99,88,86,0,0,338,339,677,0.0952,0.0294,0.028,0.0349,0.08750000000000001,0.0303,0.022699999999999998,0.0116,0,0,0.05330000000000001,0.026500000000000003,0.0399,19,36.27,414,1.6300000000000001,17.23,39.290000000000006,0,0,15,45.13,-999,-999,-999,-999,-999,-999,-999,-999,-999,-999,0,1,0,NA,NA
1865,7,7,1,707,70701,325304,0,2,1,36,41,27,29,29,32,19,11,0,0,111,113,224,0,0,0,0,0,0,0,0,0,0,0,0,0,8,29.2,226,0.99,4.6,48.67,1,224,2,112,-999,-999,-999,-999,-999,-999,-999,-999,-999,-999,0,1,0,NA,NA
1866,8,2,1,802,80201,500411,0,3,1,10,13,10,12,21,12,14,20,0,0,55,57,112,0,0,0,0,0,0,0,0,0,0,0,0,0,18,6.22,50,2.24,22,5.09,2,56,2,56,-999,-999,-999,-999,-999,-999,-999,-999,-999,-999,0,1,0,NA,NA
1867,8,6,1,806,80601,305495,0,4,1,28,16,42,29,21,28,35,22,0,0,126,95,221,0,0,0,0,0,0,0,0,0,0,0,0,0,6,36.83,46,4.8,8,27.630000000000003,22,10.05,4,55.25,-999,-999,-999,-999,-999,-999,-999,-999,-999,-999,0,1,0,NA,NA
1868,8,6,2,806,80602,306183,0,4,1,40,29,12,11,0,0,0,0,0,0,52,40,92,0,0,0,0,0,0,0,0,0,0,0,0,0,3,30.67,100,0.92,4,23,0,0,2,46,-999,-999,-999,-999,-999,-999,-999,-999,-999,-999,0,1,0,NA,NA
1869,8,6,4,806,80604,303367,0,2,1,74,84,103,59,76,66,80,69,0,0,333,278,611,0,0,0,0,0,0,0.025,0,0,0,0.006,0,0.0033,16,39,435,1.4,13.93,43.879999999999995,1,611,15,40.730000000000004,-999,-999,-999,-999,-999,-999,-999,-999,-999,-999,0,1,0,NA,NA
1870,8,6,5,806,80605,305646,0,4,1,37,27,34,27,37,25,61,46,0,0,169,125,294,0,0,0.0294,0.037,0.05410000000000001,0,0,0.0217,0,0,0.0178,0.016,0.017,4,73.5,99,2.9699999999999998,0,0,31,9.48,5,58.8,-999,-999,-999,-999,-999,-999,-999,-999,-999,-999,0,1,0,NA,NA
1871,8,6,6,806,80606,305816,0,4,1,34,34,37,23,35,43,33,39,0,0,139,139,278,0,0,0,0,0,0,0,0,0,0,0,0,0,6,46.33,252,1.1,8,34.75,9,30.89,3,92.66999999999999,-999,-999,-999,-999,-999,-999,-999,-999,-999,-999,0,1,0,NA,NA
1872,8,6,7,806,80607,313318,0,4,3,33,43,38,35,29,32,37,38,0,0,137,148,285,0,0,0,0,0,0,0,0,0,0,0,0,0,10,28.5,299,0.9500000000000001,13,21.919999999999998,16,17.810000000000002,4,71.25,-999,-999,-999,-999,-999,-999,-999,-999,-999,-999,0,1,0,NA,NA
1873,8,6,9,806,80609,313337,0,2,1,15,19,21,22,29,21,25,28,0,0,90,90,180,0,0,0,0,0,0,0,0,0,0,0,0,0,5,36.290000000000006,265,0.6799999999999999,4.96,36.290000000000006,78,2.3099999999999996,4,45,-999,-999,-999,-999,-999,-999,-999,-999,-999,-999,0,1,0,NA,NA
1874,8,6,10,806,80610,306182,0,4,1,6,14,10,13,18,14,12,14,0,0,46,55,101,0.3333,0.14290000000000003,0,0,0,0,0,0,0,0,0.043500000000000004,0.036399999999999995,0.0396,4,25.25,105,0.96,5,20.2,0,0,1,101,-999,-999,-999,-999,-999,-999,-999,-999,-999,-999,0,1,0,NA,NA
1875,8,6,11,806,80611,306180,0,4,1,16,10,23,8,13,9,24,15,0,0,76,42,118,0,0,0,0,0,0,0,0,0,0,0,0,0,2,59,63,1.87,2,59,0,0,2,59,-999,-999,-999,-999,-999,-999,-999,-999,-999,-999,0,1,0,NA,NA
1876,8,5,1,805,80501,500809,0,3,1,26,20,33,15,16,19,14,22,0,0,89,76,165,0.0385,0,0.0303,0,0.0625,0,0.0714,0,0,0,0.044899999999999995,0,0.0242,2,82.5,98,1.6800000000000002,7,23.57,0,0,1,165,-999,-999,-999,-999,-999,-999,-999,-999,-999,-999,0,1,0,NA,NA
1877,8,8,1,808,80801,306024,0,4,1,21,24,14,16,22,17,13,16,0,0,70,73,143,0.0952,0,0.21430000000000002,0.0625,0.0909,0.058800000000000005,0,0,0,0,0.1,0.0274,0.0629,3,47.67,160,0.89,4,35.75,8,17.88,1,143,-999,-999,-999,-999,-999,-999,-999,-999,-999,-999,0,1,0,NA,NA
1878,8,8,2,808,80802,313617,0,2,1,30,32,31,23,24,33,30,25,0,0,115,113,228,0.2,0.0625,0.0323,0,0.0417,0.0303,0.0333,0.04,0,0,0.07830000000000001,0.035399999999999994,0.057,9,24.08,291,0.7799999999999999,9.47,24.08,62,3.68,2,114,-999,-999,-999,-999,-999,-999,-999,-999,-999,-999,0,1,0,NA,NA
1879,8,8,3,808,80803,303557,0,2,1,78,55,73,62,101,58,86,70,0,0,338,245,583,0.0256,0,0,0,0.029699999999999997,0.0517,0,0,0,0,0.0148,0.0122,0.0137,9,65.63,139,4.2,3.8899999999999997,150,0,0,4,145.75,-999,-999,-999,-999,-999,-999,-999,-999,-999,-999,0,1,0,NA,NA
1880,8,8,4,808,80804,313623,0,2,1,34,26,34,32,36,37,51,35,0,0,155,130,285,0.0294,0,0.0294,0,0.0278,0,0.0392,0,0,0,0.0323,0,0.0175,8,37.42,229,1.25,9.52,29.93,4,71.25,5,57,-999,-999,-999,-999,-999,-999,-999,-999,-999,-999,0,1,0,NA,NA
1881,8,10,4,810,81004,502429,0,3,1,21,16,22,23,17,30,22,19,0,0,82,88,170,0,0,0,0,0,0,0,0,0,0,0,0,0,8,21.25,155,1.1,11,15.450000000000001,3,56.67,4,42.5,-999,-999,-999,-999,-999,-999,-999,-999,-999,-999,0,1,0,NA,NA
1882,8,10,8,810,81008,502304,0,3,1,11,15,15,9,0,0,0,0,0,0,26,24,50,0,0,0,0,0,0,0,0,0,0,0,0,0,2,25,50,1,0,0,0,0,1,50,-999,-999,-999,-999,-999,-999,-999,-999,-999,-999,0,1,0,NA,NA
1883,8,10,10,810,81010,502432,0,1,1,23,20,26,25,23,20,18,17,0,0,90,82,172,0.043500000000000004,0,0,0,0.043500000000000004,0,0.1111,0,0,0,0.044399999999999995,0,0.0233,6,31,207,0.8300000000000001,6.94,24.8,25,6.88,4,43,-999,-999,-999,-999,-999,-999,-999,-999,-999,-999,0,1,0,NA,NA
1884,8,10,12,810,81012,313729,0,4,1,59,39,61,29,44,48,66,28,0,0,230,144,374,0,0,0,0,0,0,0,0,0,0,0,0,0,3,124.66999999999999,40,9.350000000000001,3,124.66999999999999,10,37.4,9,41.56,-999,-999,-999,-999,-999,-999,-999,-999,-999,-999,0,1,0,NA,NA
1885,8,10,13,810,81013,313718,0,2,1,11,18,17,8,14,8,15,11,0,0,57,45,102,0.0909,0.1111,0.058800000000000005,0,0.14290000000000003,0,0,0.1818,0,0,0.07020000000000001,0.08889999999999999,0.07840000000000001,5,20.86,68,1.49,14.67,6.95,43,2.3699999999999997,1,102,-999,-999,-999,-999,-999,-999,-999,-999,-999,-999,0,1,0,NA,NA
1886,8,10,5,810,81005,501359,0,3,1,9,11,10,11,10,10,14,18,0,0,43,50,93,0,0,0,0,0,0,0,0,0,0,0,0,0,3,31,158,0.59,6,15.5,20,4.6499999999999995,2,46.5,-999,-999,-999,-999,-999,-999,-999,-999,-999,-999,0,1,0,NA,NA
1887,8,10,5,810,81005,502433,0,1,1,35,25,31,22,21,23,23,28,0,0,110,98,208,0,0,0,0,0.0476,0,0,0,0,0,0.009099999999999999,0,0.0048000000000000004,7,29.89,540,0.39,3.8699999999999997,53.8,51,4.08,3,69.33,-999,-999,-999,-999,-999,-999,-999,-999,-999,-999,0,1,0,NA,NA
1888,8,10,5,810,81005,502434,0,3,1,25,18,23,16,26,21,23,9,0,0,97,64,161,0,0,0,0,0.1154,0,0,0,0,0,0.0309,0,0.018600000000000002,7,23,130,1.24,11,14.639999999999999,35,4.6,3,53.67,-999,-999,-999,-999,-999,-999,-999,-999,-999,-999,0,1,0,NA,NA
1889,8,10,14,810,81014,313721,0,2,1,31,25,23,25,25,30,21,35,0,0,100,115,215,0,0,0,0,0,0,0,0,0,0,0,0,0,7,28.919999999999998,342,0.63,8.05,26.69,0,0,5,43,-999,-999,-999,-999,-999,-999,-999,-999,-999,-999,0,1,0,NA,NA
1890,8,10,14,810,81014,501931,0,3,1,18,13,20,5,16,9,8,12,0,0,62,39,101,0.1111,0,0,0,0,0,0,0,0,0,0.0323,0,0.019799999999999998,4,25.25,174,0.58,10,10.1,0,0,2,50.5,-999,-999,-999,-999,-999,-999,-999,-999,-999,-999,0,1,0,NA,NA
1891,8,3,1,803,80301,502375,0,1,1,6,10,12,12,8,10,5,9,0,0,31,41,72,0,0,0,0,0,0,0,0,0,0,0,0,0,2,29,73,0.99,3.9699999999999998,18.130000000000003,0,0,1,72,-999,-999,-999,-999,-999,-999,-999,-999,-999,-999,0,1,0,NA,NA
1892,8,3,1,803,80301,502298,0,3,1,15,29,18,12,0,0,0,0,0,0,33,41,74,0,0,0,0,0,0,0,0,0,0,0,0,0,1,74,0,0,0,0,1,74,1,74,-999,-999,-999,-999,-999,-999,-999,-999,-999,-999,0,1,0,NA,NA
1893,8,3,1,803,80301,500748,0,3,1,14,20,20,15,24,25,28,15,0,0,86,75,161,0,0,0.05,0.06670000000000001,0,0,0,0,0,0,0.0116,0.013300000000000001,0.0124,3,53.67,65,2.48,5,32.2,76,2.12,2,80.5,-999,-999,-999,-999,-999,-999,-999,-999,-999,-999,0,1,0,NA,NA
1894,8,3,1,803,80301,500749,0,3,1,13,17,16,10,11,7,12,15,0,0,52,49,101,0,0,0,0,0,0,0,0,0,0,0,0,0,1,101,220,0.46,5,20.2,0,0,1,101,-999,-999,-999,-999,-999,-999,-999,-999,-999,-999,0,1,0,NA,NA
1895,8,3,1,803,80301,313811,0,2,1,39,43,41,37,49,41,56,48,0,0,185,169,354,0.07690000000000001,0.0233,0.0244,0.027,0.0204,0.0244,0.10710000000000001,0.0833,0,0,0.059500000000000004,0.0414,0.050800000000000005,12,30.06,627,0.56,11.78,30.06,58,6.1,6,59,-999,-999,-999,-999,-999,-999,-999,-999,-999,-999,0,1,0,NA,NA
1896,8,9,1,809,80901,313905,0,2,1,1,7,9,7,15,11,28,17,0,0,53,42,95,0,0,0,0.14290000000000003,0.2,0.0909,0.035699999999999996,0.058800000000000005,0,0,0.07550000000000001,0.0714,0.07370000000000002,3,30.45,69,1.37,2.84,33.5,2,47.5,1,95,-999,-999,-999,-999,-999,-999,-999,-999,-999,-999,0,1,0,NA,NA
1897,8,9,1,809,80901,501940,0,3,1,34,32,61,39,48,43,40,35,0,0,183,149,332,0,0,0,0,0,0,0,0.0286,0,0,0,0.0067,0.003,8,41.5,0,0,11,30.18,0,0,6,55.33,-999,-999,-999,-999,-999,-999,-999,-999,-999,-999,0,1,0,NA,NA
1898,8,9,1,809,80901,502291,0,3,1,34,22,50,34,22,18,0,0,0,0,106,74,180,0,0,0,0,0,0,0,0,0,0,0,0,0,2,90,150,1.2,2,90,0,0,1,180,-999,-999,-999,-999,-999,-999,-999,-999,-999,-999,0,1,0,NA,NA
1899,8,9,1,809,80901,502293,0,3,1,19,19,27,20,27,26,0,0,0,0,73,65,138,0,0,0,0,0,0,0,0,0,0,0,0,0,4,34.5,287,0.48000000000000004,3,46,0,0,3,46,-999,-999,-999,-999,-999,-999,-999,-999,-999,-999,0,1,0,NA,NA
1900,8,9,1,809,80901,313902,0,2,1,39,31,58,52,52,42,51,51,0,0,200,176,376,0,0,0,0,0,0,0,0,0,0,0,0,0,13,30,549,0.69,7.659999999999999,49.09,105,3.58,4,94,-999,-999,-999,-999,-999,-999,-999,-999,-999,-999,0,1,0,NA,NA
1901,8,9,1,809,80901,501364,0,3,1,19,15,17,18,15,29,22,27,0,0,73,89,162,0,0,0,0,0,0,0,0,0,0,0,0,0,8,20.25,169,0.96,5,32.4,6,27,2,81,-999,-999,-999,-999,-999,-999,-999,-999,-999,-999,0,1,0,NA,NA
1902,8,9,1,809,80901,502294,0,3,1,14,11,25,16,19,14,0,0,0,0,58,41,99,0,0,0,0,0,0,0,0,0,0,0,0,0,2,49.5,35,2.8299999999999996,0,0,0,0,1,99,-999,-999,-999,-999,-999,-999,-999,-999,-999,-999,0,1,0,NA,NA
1903,8,9,1,809,80901,313906,0,2,1,31,30,34,32,25,28,21,29,0,0,111,119,230,0,0,0,0,0,0,0,0,0,0,0,0,0,8,28.36,233,0.99,9.58,24,145,1.59,1,230,-999,-999,-999,-999,-999,-999,-999,-999,-999,-999,0,1,0,NA,NA
1904,8,9,1,809,80901,501363,0,3,1,46,30,44,50,31,29,48,36,0,0,169,145,314,0,0,0,0,0,0,0,0,0,0,0,0,0,8,39.25,190,1.6500000000000001,4,78.5,0,0,4,78.5,-999,-999,-999,-999,-999,-999,-999,-999,-999,-999,0,1,0,NA,NA
1905,8,9,1,809,80901,502295,0,3,1,22,15,17,17,9,9,0,0,0,0,48,41,89,0,0,0,0,0,0,0,0,0,0,0,0,0,2,44.5,68,1.31,1,89,0,0,1,89,-999,-999,-999,-999,-999,-999,-999,-999,-999,-999,0,1,0,NA,NA
1906,8,12,1,812,81201,500489,0,3,1,73,52,95,48,83,53,56,57,0,0,307,210,517,0.041100000000000005,0,0,0.0208,0,0,0,0,0,0,0.0098,0.0048000000000000004,0.0077,12,43.08,552,0.9400000000000001,15,34.47,141,3.67,9,57.44,-999,-999,-999,-999,-999,-999,-999,-999,-999,-999,0,1,0,NA,NA
1907,8,12,1,812,81201,500892,0,1,1,68,58,74,61,62,62,45,53,0,0,249,234,483,0.0294,0.0172,0.10810000000000002,0.0492,0.1129,0.0968,0.1111,0.056600000000000004,0,0,0.08839999999999999,0.055600000000000004,0.07250000000000001,33,14.56,802,0.6,35.6,13.57,0,0,9,53.67,-999,-999,-999,-999,-999,-999,-999,-999,-999,-999,0,1,1,NA,NA
1908,8,7,1,807,80701,501050,0,3,1,16,11,4,17,16,19,9,18,0,0,45,65,110,0,0,0,0,0,0,0,0,0,0,0,0,0,3,36.67,65,1.6900000000000002,3,36.67,77,1.43,1,110,-999,-999,-999,-999,-999,-999,-999,-999,-999,-999,0,1,0,NA,NA
1909,8,7,1,807,80701,501051,0,3,1,21,12,25,10,19,14,11,20,0,0,76,56,132,0,0,0,0,0,0,0,0,0,0,0,0,0,1,132,0,0,1,132,37,3.57,1,132,-999,-999,-999,-999,-999,-999,-999,-999,-999,-999,0,1,0,NA,NA
1910,8,1,1,801,80101,327501,0,2,1,42,31,30,30,37,26,36,41,0,0,145,128,273,0.023799999999999998,0.0323,0.0333,0,0.1351,0,0.0278,0.0488,0,0,0.0552,0.0234,0.0403,5,54.14,360,0.76,7.92,34.449999999999996,7,39,1,273,-999,-999,-999,-999,-999,-999,-999,-999,-999,-999,0,1,0,NA,NA
1911,9,6,2,906,90602,502662,0,3,1,9,9,7,7,3,8,0,0,0,0,19,24,43,0,0,0,0,0,0,0,0,0,0,0,0,0,2,21.5,0,0,12,3.58,0,0,1,43,-999,-999,-999,-999,-999,-999,-999,-999,-999,-999,0,1,0,NA,NA
1912,9,6,3,906,90603,303687,0,2,3,27,25,30,33,31,28,27,35,0,0,115,121,236,0.1481,0,0.0333,0.0606,0.0968,0,0.1111,0,0,0,0.09570000000000001,0.0165,0.0551,6,36.67,86,2.75,4.29,55,0,0,2,118,-999,-999,-999,-999,-999,-999,-999,-999,-999,-999,0,1,0,NA,NA
1913,9,6,4,906,90604,305998,0,4,1,42,34,38,34,32,31,41,37,0,0,153,136,289,0.023799999999999998,0,0.1053,0,0.0313,0,0.0488,0,0,0,0.052300000000000006,0,0.0277,5,57.8,278,1.04,4,72.25,0,0,7,41.290000000000006,-999,-999,-999,-999,-999,-999,-999,-999,-999,-999,0,1,0,NA,NA
1914,9,6,5,906,90605,502330,0,3,1,22,14,16,20,0,0,0,0,0,0,38,34,72,0,0,0,0,0,0,0,0,0,0,0,0,0,1,72,42,1.71,6,12,1,72,1,72,-999,-999,-999,-999,-999,-999,-999,-999,-999,-999,0,1,0,NA,NA
1915,9,6,6,906,90606,303701,0,2,1,17,29,24,22,20,28,30,28,0,0,91,107,198,0.058800000000000005,0.06899999999999999,0.0417,0,0.1,0,0.06670000000000001,0,0,0,0.0659,0.0187,0.0404,8,25.91,226,0.88,4.859999999999999,40.71,3,66,4,49.5,-999,-999,-999,-999,-999,-999,-999,-999,-999,-999,0,1,0,NA,NA
1916,9,6,7,906,90607,314128,0,2,1,25,15,16,18,21,18,30,18,0,0,92,69,161,0,0,0,0,0,0,0,0,0,0,0,0,0,2,95,68,2.38,1.6900000000000002,95,0,0,4,40.25,-999,-999,-999,-999,-999,-999,-999,-999,-999,-999,0,1,0,NA,NA
1917,9,6,1,906,90601,303673,0,2,1,35,26,40,31,27,17,32,37,0,0,134,111,245,0.057100000000000005,0,0,0,0.07410000000000001,0,0.15630000000000002,0.027,0,0,0.06720000000000001,0.009,0.0408,5,47.63,99,2.4699999999999998,6.430000000000001,38.1,0,0,1,245,-999,-999,-999,-999,-999,-999,-999,-999,-999,-999,0,1,0,NA,NA
1918,9,6,9,906,90609,502313,0,3,1,8,15,12,10,12,3,10,9,0,0,42,37,79,0,0,0,0,0,0,0,0,0,0,0,0,0,2,39.5,0,0,7,11.29,0,0,1,79,-999,-999,-999,-999,-999,-999,-999,-999,-999,-999,0,1,0,NA,NA
1919,9,6,9,906,90609,314103,0,2,3,54,56,53,44,33,35,49,60,0,0,189,195,384,0.055600000000000004,0.05360000000000001,0.018900000000000004,0,0,0.08570000000000001,0.0204,0.0167,0,0,0.026500000000000003,0.035899999999999994,0.0313,12,33,635,0.61,21.82,17.6,50,7.68,3,128,-999,-999,-999,-999,-999,-999,-999,-999,-999,-999,0,1,0,NA,NA
1920,9,6,8,906,90608,314105,0,2,3,35,43,32,30,53,47,38,30,0,0,158,150,308,0.0286,0.0233,0.0625,0,0.0943,0.042600000000000006,0.026300000000000004,0.0333,0,0,0.057,0.0267,0.0422,7,42.8,28,10.97,13.67,22.53,49,6.29,4,77,-999,-999,-999,-999,-999,-999,-999,-999,-999,-999,0,1,0,NA,NA
1921,9,6,8,906,90608,314110,0,2,3,41,39,47,41,31,36,40,41,0,0,159,157,316,0.0488,0.0256,0.021300000000000003,0.0244,0.0968,0.0278,0.05,0.0488,0,0,0.050300000000000004,0.0318,0.041100000000000005,10,32.5,267,1.1800000000000002,17.830000000000002,17.73,53,5.96,3,105.33,-999,-999,-999,-999,-999,-999,-999,-999,-999,-999,0,1,0,NA,NA
1922,9,6,10,906,90610,303722,0,4,1,28,32,34,24,31,30,31,21,0,0,124,107,231,0.14290000000000003,0.0625,0,0.0417,0.1613,0.06670000000000001,0.0323,0,0,0,0.0806,0.0467,0.0649,12,19.25,312,0.74,11,21,9,25.67,5,46.2,-999,-999,-999,-999,-999,-999,-999,-999,-999,-999,0,1,0,NA,NA
1923,9,6,11,906,90611,314126,0,2,1,54,49,57,52,39,54,44,49,0,0,194,204,398,0.055600000000000004,0.0612,0.07020000000000001,0.0385,0.10260000000000001,0.018500000000000003,0.13640000000000002,0.0816,0,0,0.08760000000000001,0.049,0.0678,12,32.24,149,2.67,8.719999999999999,45.67,0,0,8,49.75,-999,-999,-999,-999,-999,-999,-999,-999,-999,-999,0,1,0,NA,NA
1924,9,6,12,906,90612,305977,0,2,1,37,28,22,18,13,15,30,18,0,0,102,79,181,0.10810000000000002,0.10710000000000001,0,0.055600000000000004,0,0.1333,0.1,0.055600000000000004,0,0,0.06860000000000001,0.0886,0.07730000000000001,3,56,59,3.05,1.08,168,0,0,1,181,-999,-999,-999,-999,-999,-999,-999,-999,-999,-999,0,1,0,NA,NA
1925,9,6,13,906,90613,501730,0,3,1,41,34,19,27,31,18,9,23,0,0,100,102,202,0,0,0,0,0.0323,0.1111,0,0,0,0,0.01,0.0196,0.0149,11,18.36,303,0.6699999999999999,31,6.52,0,0,1,202,-999,-999,-999,-999,-999,-999,-999,-999,-999,-999,0,1,0,NA,NA
1926,9,6,14,906,90614,502229,0,1,1,27,35,38,32,38,40,28,29,0,0,131,136,267,0.07410000000000001,0.0286,0.05260000000000001,0.0938,0.07890000000000001,0.05,0.0714,0,0,0,0.06870000000000001,0.0441,0.0562,5,49.17,0,0,5.430000000000001,49.17,8,33.379999999999995,5,53.4,-999,-999,-999,-999,-999,-999,-999,-999,-999,-999,0,1,0,NA,NA
1927,9,6,15,906,90615,305999,0,4,1,18,20,17,25,24,19,15,17,0,0,74,81,155,0.1111,0,0.11760000000000001,0,0.375,0,0.2667,0.058800000000000005,0,0,0.22970000000000002,0.0123,0.11610000000000001,4,38.75,160,0.97,12,12.92,0,0,1,155,-999,-999,-999,-999,-999,-999,-999,-999,-999,-999,0,1,0,NA,NA
1928,9,6,15,906,90615,502230,0,3,1,21,16,26,15,10,9,0,0,0,0,57,40,97,0,0,0,0,0,0,0,0,0,0,0,0,0,11,8.82,360,0.27,13,7.46,1,97,1,97,-999,-999,-999,-999,-999,-999,-999,-999,-999,-999,0,1,0,NA,NA
1929,9,6,15,906,90615,502232,0,3,1,14,13,19,10,10,12,0,0,0,0,43,35,78,0,0,0,0,0,0,0,0,0,0,0,0,0,32,2.44,50,1.56,18,4.33,0,0,1,78,-999,-999,-999,-999,-999,-999,-999,-999,-999,-999,0,1,0,NA,NA
1930,9,6,15,906,90615,502418,0,3,1,12,11,14,15,15,11,0,0,0,0,41,37,78,0.0833,0,0,0,0,0,0,0,0,0,0.0244,0,0.0128,3,26,239,0.32999999999999996,16,4.88,0,0,1,78,-999,-999,-999,-999,-999,-999,-999,-999,-999,-999,0,1,0,NA,NA
1931,9,7,1,907,90701,314210,0,4,1,24,24,32,20,23,23,15,29,0,0,94,96,190,0.0833,0,0.0313,0,0.08700000000000001,0,0,0,0,0,0.053200000000000004,0,0.026300000000000004,7,27.14,243,0.7799999999999999,7,27.14,11,17.27,2,95,-999,-999,-999,-999,-999,-999,-999,-999,-999,-999,0,1,0,NA,NA
1932,9,7,3,907,90703,314234,0,2,2,76,76,56,69,52,63,52,46,0,0,236,254,490,0.15790000000000004,0.0658,0.0714,0.028999999999999998,0.0192,0.0476,0.1154,0,0,0,0.0975,0.0394,0.0673,5,90.86,220,2.22,1.54,318,102,4.8,7,70,-999,-999,-999,-999,-999,-999,-999,-999,-999,-999,0,1,0,NA,NA
1933,9,7,4,907,90704,502450,0,3,1,29,17,0,0,0,0,0,0,0,0,29,17,46,0.06899999999999999,0.058800000000000005,0,0,0,0,0,0,0,0,0.06899999999999999,0.058800000000000005,0.06520000000000001,11,4.18,261,0.18,22,2.09,1,46,1,46,-999,-999,-999,-999,-999,-999,-999,-999,-999,-999,0,1,0,NA,NA
1934,9,7,5,907,90705,345844,0,2,1,21,23,44,35,38,34,33,24,0,0,136,116,252,0.0952,0.043500000000000004,0.022699999999999998,0,0.1053,0.058800000000000005,0.0606,0.0417,0,0,0.06620000000000001,0.0345,0.05160000000000001,10,24.19,193,1.31,20.19,12.48,0,0,6,42,-999,-999,-999,-999,-999,-999,-999,-999,-999,-999,0,1,0,NA,NA
1935,9,7,5,907,90705,303762,0,4,1,18,20,24,18,12,16,15,19,0,0,69,73,142,0,0.1,0,0,0,0.0625,0,0,0,0,0,0.041100000000000005,0.0211,4,35.5,120,1.1800000000000002,7,20.29,4,35.5,1,142,-999,-999,-999,-999,-999,-999,-999,-999,-999,-999,0,1,0,NA,NA
1936,9,7,7,907,90707,314233,0,2,1,41,32,35,43,36,30,48,39,0,0,160,144,304,0.07320000000000002,0,0,0,0.0833,0,0.10420000000000001,0,0,0,0.0688,0,0.036199999999999996,4,76.2,180,1.6900000000000002,2.3899999999999997,127,0,0,3,101.33,-999,-999,-999,-999,-999,-999,-999,-999,-999,-999,0,1,0,NA,NA
1937,9,7,8,907,90708,502337,0,3,1,35,28,20,21,13,27,11,8,0,0,79,84,163,0.2,0.14290000000000003,0.05,0.0476,0,0,0.2727,0.125,0,0,0.13920000000000002,0.0714,0.1043,13,12.54,75,2.17,13,12.54,0,0,1,163,-999,-999,-999,-999,-999,-999,-999,-999,-999,-999,0,1,0,NA,NA
1938,9,7,9,907,90709,314223,0,2,3,45,37,26,32,39,34,50,48,0,0,160,151,311,0.044399999999999995,0,0,0,0.0256,0,0.06,0,0,0,0.0375,0,0.0193,9,35.82,237,1.31,8.68,35.82,0,0,1,311,-999,-999,-999,-999,-999,-999,-999,-999,-999,-999,0,1,0,NA,NA
1939,9,8,2,908,90802,305909,0,4,1,8,12,13,18,13,12,7,12,0,0,41,54,95,0,0,0,0,0,0,0,0,0,0,0,0,0,4,23.75,105,0.9,2,47.5,0,0,1,95,-999,-999,-999,-999,-999,-999,-999,-999,-999,-999,0,1,0,NA,NA
1940,9,1,1,901,90101,501787,0,3,1,27,8,11,11,22,20,19,6,0,0,79,45,124,0,0,0.0909,0,0,0.05,0.05260000000000001,0,0,0,0.025300000000000003,0.022199999999999998,0.0242,1,124,60,2.07,1,124,0,0,3,41.33,-999,-999,-999,-999,-999,-999,-999,-999,-999,-999,0,1,0,NA,NA
1941,9,2,1,902,90201,501114,0,3,1,30,35,51,42,38,39,27,40,0,0,146,156,302,0.0333,0,0.0196,0.023799999999999998,0.026300000000000004,0.10260000000000001,0,0,0,0,0.0205,0.032100000000000004,0.026500000000000003,30,10.07,432,0.7,37,8.16,9,33.56,6,50.33,-999,-999,-999,-999,-999,-999,-999,-999,-999,-999,0,1,0,NA,NA
1942,9,3,1,903,90301,305549,0,2,1,20,22,21,17,12,14,14,16,0,0,67,69,136,0,0,0,0.058800000000000005,0,0,0,0,0,0,0,0.0145,0.0074,3,47.5,618,0.22,5.73,23.75,51,2.67,1,136,-999,-999,-999,-999,-999,-999,-999,-999,-999,-999,0,1,0,NA,NA
1943,9,4,1,904,90401,501955,0,3,1,10,8,20,9,6,6,7,3,0,0,43,26,69,0,0,0,0,0,0,0,0,0,0,0,0,0,6,11.5,249,0.28,0,0,0,0,1,69,-999,-999,-999,-999,-999,-999,-999,-999,-999,-999,0,1,0,NA,NA
1944,9,5,1,905,90501,314802,0,2,1,59,62,41,50,23,49,25,54,0,0,148,215,363,0.1356,0.0806,0,0.02,0,0.0408,0.04,0.055600000000000004,0,0,0.0608,0.0512,0.0551,9,41.67,283,1.28,5.08,71.43,92,3.9499999999999997,4,90.75,-999,-999,-999,-999,-999,-999,-999,-999,-999,-999,0,1,0,NA,NA
1945,9,5,1,905,90501,501887,0,1,1,72,69,54,68,74,75,76,83,0,0,276,295,571,0.055600000000000004,0,0.037,0.0294,0.0405,0.0267,0.0658,0.012,0,0,0.0507,0.016900000000000002,0.0333,33,17.34,955,0.6,18.2,31.38,0,0,10,57.1,-999,-999,-999,-999,-999,-999,-999,-999,-999,-999,0,1,0,NA,NA
1946,9,5,1,905,90501,502255,0,3,1,53,33,66,44,50,43,41,44,0,0,210,164,374,0,0,0,0,0,0,0,0,0,0,0,0,0,16,23.38,305,1.23,15,24.93,0,0,2,187,-999,-999,-999,-999,-999,-999,-999,-999,-999,-999,0,1,0,NA,NA
1947,9,5,1,905,90501,305645,0,2,1,28,22,21,24,20,25,21,22,0,0,90,93,183,0,0,0,0,0,0,0,0,0,0,0,0,0,4,42,87,2.1,3.4899999999999998,52.5,34,5.38,2,91.5,-999,-999,-999,-999,-999,-999,-999,-999,-999,-999,0,1,0,NA,NA
1948,9,5,1,905,90501,502326,0,3,1,81,73,128,91,81,92,83,80,0,0,373,336,709,0,0,0,0,0,0,0,0,0,0,0,0,0,65,10.91,1034,0.69,52,13.629999999999999,1,709,13,54.54,-999,-999,-999,-999,-999,-999,-999,-999,-999,-999,0,1,0,NA,NA
1949,9,5,1,905,90501,305996,0,4,1,179,197,170,178,186,174,171,162,0,0,706,711,1417,0,0,0,0,0,0,0,0,0,0,0,0,0,1,1417,0,0,8,177.13,0,0,28,50.61,-999,-999,-999,-999,-999,-999,-999,-999,-999,-999,0,1,0,NA,NA
1950,10,6,1,1006,100601,325504,0,2,1,89,92,76,74,63,79,51,59,0,0,279,304,583,0.12360000000000002,0.032600000000000004,0.0921,0.05410000000000001,0.14290000000000003,0.0886,0.098,0.08470000000000001,0,0,0.11470000000000001,0.0625,0.08750000000000001,16,36.82,390,1.49,7.92,73.64,51,11.43,3,194.33,-999,-999,-999,-999,-999,-999,-999,-999,-999,-999,0,1,1,NA,NA
1951,10,6,1,1006,100601,501579,0,1,1,11,13,13,12,12,12,13,11,0,0,49,48,97,0,0,0.07690000000000001,0,0,0,0,0,0,0,0.0204,0,0.0103,2,44,0,0,2.2,44,3,32.33,2,48.5,-999,-999,-999,-999,-999,-999,-999,-999,-999,-999,0,1,0,NA,NA
1952,10,6,1,1006,100601,325503,0,2,1,10,11,12,20,20,19,15,14,0,0,57,64,121,0.1,0,0.25,0,0.2,0.05260000000000001,0.06670000000000001,0,0,0,0.15790000000000004,0.0156,0.0826,7,16.5,122,0.99,7.33,16.5,1,121,3,40.33,-999,-999,-999,-999,-999,-999,-999,-999,-999,-999,0,1,0,NA,NA
1953,10,6,1,1006,100601,325501,0,2,1,26,19,32,25,26,15,20,20,0,0,104,79,183,0.1923,0.05260000000000001,0.15630000000000002,0.08,0.1154,0,0.05,0.1,0,0,0.1346,0.0633,0.1038,8,23.919999999999998,32,5.74,8.29,22.08,4,45.75,3,61,-999,-999,-999,-999,-999,-999,-999,-999,-999,-999,0,1,0,NA,NA
1954,10,6,1,1006,100601,314920,0,2,1,39,27,19,31,28,32,23,26,0,0,109,116,225,0.07690000000000001,0.037,0.05260000000000001,0.0645,0.035699999999999996,0.0625,0.043500000000000004,0,0,0,0.055,0.043100000000000006,0.0489,8,28.18,0,0,1.45,155,23,9.78,1,225,-999,-999,-999,-999,-999,-999,-999,-999,-999,-999,0,1,0,NA,NA
1955,10,1,2,1001,100102,501152,0,3,1,38,42,54,45,50,51,41,45,0,0,183,183,366,0,0.023799999999999998,0,0,0.02,0,0.0244,0.022199999999999998,0,0,0.0109,0.0109,0.0109,5,73.2,350,1.05,5,73.2,0,0,5,73.2,-999,-999,-999,-999,-999,-999,-999,-999,-999,-999,0,1,0,NA,NA
1956,10,1,3,1001,100103,305732,0,4,1,43,38,29,35,8,13,27,20,0,0,107,106,213,0,0,0,0,0,0,0,0,0,0,0,0,0,3,71,0,0,5,42.6,40,5.33,5,42.6,-999,-999,-999,-999,-999,-999,-999,-999,-999,-999,0,1,0,NA,NA
1957,10,1,4,1001,100104,501163,0,3,1,29,20,22,29,24,27,14,18,0,0,89,94,183,0,0,0,0,0.0833,0,0.2857,0.055600000000000004,0,0,0.0674,0.0106,0.0383,5,36.6,169,1.08,5,36.6,0,0,2,91.5,-999,-999,-999,-999,-999,-999,-999,-999,-999,-999,0,1,0,NA,NA
1958,10,1,5,1001,100105,314910,0,2,1,35,54,41,50,46,47,44,59,0,0,166,210,376,0.08570000000000001,0,0.07320000000000002,0.1,0.043500000000000004,0.08510000000000001,0.1136,0.016900000000000002,0,0,0.07830000000000001,0.0476,0.0612,12,30.89,352,1.07,12.17,30.89,85,4.42,6,62.67,-999,-999,-999,-999,-999,-999,-999,-999,-999,-999,0,1,0,NA,NA
1959,10,1,7,1001,100107,501643,0,3,1,3,24,12,15,13,19,9,21,0,0,37,79,116,0.3333,0.0833,0,0,0.15380000000000002,0.21050000000000002,0,0.0476,0,0,0.0811,0.0886,0.08620000000000001,5,23.2,0,0,9,12.89,4,29,2,58,-999,-999,-999,-999,-999,-999,-999,-999,-999,-999,0,1,0,NA,NA
1960,10,1,7,1001,100107,501644,0,3,1,25,14,14,20,12,20,19,16,0,0,70,70,140,0.08,0,0.14290000000000003,0,0.16670000000000001,0.05,0.15790000000000004,0,0,0,0.1286,0.0143,0.0714,4,35,0,0,6,23.330000000000002,0,0,2,70,-999,-999,-999,-999,-999,-999,-999,-999,-999,-999,0,1,0,NA,NA
1961,10,1,7,1001,100107,501913,0,3,1,10,10,7,9,17,7,8,12,0,0,42,38,80,0,0.1,0,0,0,0,0,0.16670000000000001,0,0,0,0.07890000000000001,0.0375,3,26.67,127,0.63,3,26.67,1,80,1,80,-999,-999,-999,-999,-999,-999,-999,-999,-999,-999,0,1,0,NA,NA
1962,10,1,8,1001,100108,314926,0,2,3,97,82,98,85,75,80,89,80,0,0,359,327,686,0.0619,0.0366,0.051000000000000004,0.0353,0.05330000000000001,0.05,0.0562,0.025,0,0,0.0557,0.036699999999999997,0.0466,17,39.41,447,1.54,53.8,12.75,10,68.6,17,40.349999999999994,-999,-999,-999,-999,-999,-999,-999,-999,-999,-999,0,1,0,NA,NA
1963,10,1,9,1001,100109,306044,0,2,1,145,129,111,123,102,111,67,75,0,0,425,438,863,0.0621,0.0853,0.045,0.016300000000000002,0.10780000000000001,0.05410000000000001,0.1791,0.08,0,0,0.08710000000000001,0.057100000000000005,0.0718,4,208.8,0,0,7.44,116,38,22.71,17,50.760000000000005,-999,-999,-999,-999,-999,-999,-999,-999,-999,-999,0,1,0,NA,NA
1964,10,1,1,1001,100101,501653,0,1,1,88,98,65,74,35,61,40,45,0,0,228,278,506,0.0909,0.0102,0.015399999999999999,0.013500000000000002,0,0.0164,0.07500000000000001,0.044399999999999995,0,0,0.05260000000000001,0.018000000000000002,0.033600000000000005,3,193,0,0,2.62,193,0,0,11,46,-999,-999,-999,-999,-999,-999,-999,-999,-999,-999,0,1,0,NA,NA
1965,10,1,10,1001,100110,314939,0,4,3,33,24,18,31,20,19,7,12,0,0,78,86,164,0,0.0417,0,0,0.05,0,0,0,0,0,0.0128,0.0116,0.0122,6,27.330000000000002,276,0.59,13,12.62,38,4.319999999999999,1,164,-999,-999,-999,-999,-999,-999,-999,-999,-999,-999,0,1,0,NA,NA
1966,10,1,11,1001,100111,305736,0,4,1,34,35,30,43,34,38,28,37,0,0,126,153,279,0,0,0,0,0,0,0,0,0,0,0,0,0,9,31,50,5.58,4,69.75,38,7.34,4,69.75,-999,-999,-999,-999,-999,-999,-999,-999,-999,-999,0,1,0,NA,NA
1967,10,1,11,1001,100111,501742,0,3,1,9,7,12,11,8,11,10,11,0,0,39,40,79,0.2222,0,0.0833,0,0,0,0.3,0,0,0,0.15380000000000002,0,0.07590000000000001,2,39.5,0,0,4,19.75,2,39.5,1,79,-999,-999,-999,-999,-999,-999,-999,-999,-999,-999,0,1,0,NA,NA
1968,10,1,11,1001,100111,501892,0,3,1,14,25,15,15,18,14,21,22,0,0,68,76,144,0,0,0,0,0,0,0,0,0,0,0,0,0,4,36,80,1.8,8,18,1,144,2,72,-999,-999,-999,-999,-999,-999,-999,-999,-999,-999,0,1,0,NA,NA
1969,10,1,12,1001,100112,501648,0,3,1,20,18,24,22,19,23,13,24,0,0,76,87,163,0.1,0,0.16670000000000001,0.0455,0.05260000000000001,0.13040000000000002,0,0,0,0,0.0921,0.046,0.0675,3,54.33,90,1.81,3,54.33,0,0,4,40.75,-999,-999,-999,-999,-999,-999,-999,-999,-999,-999,0,1,0,NA,NA
1970,10,1,12,1001,100112,501674,0,3,1,34,28,29,31,30,34,18,21,0,0,111,114,225,0,0,0.06899999999999999,0,0,0,0,0,0,0,0.018000000000000002,0,0.0089,3,75,163,1.3800000000000001,5,45,40,5.63,5,45,-999,-999,-999,-999,-999,-999,-999,-999,-999,-999,0,1,0,NA,NA
1971,10,1,12,1001,100112,502166,0,3,1,30,27,36,27,27,24,0,0,0,0,93,78,171,0,0,0,0,0,0,0,0,0,0,0,0,0,4,42.75,50,3.42,4,42.75,0,0,4,42.75,-999,-999,-999,-999,-999,-999,-999,-999,-999,-999,0,1,0,NA,NA
1972,10,1,14,1001,100114,501891,0,3,1,18,21,12,11,7,10,9,27,0,0,46,69,115,0,0,0,0,0,0,0,0,0,0,0,0,0,4,28.75,100,1.1500000000000001,6,19.17,0,0,2,57.5,-999,-999,-999,-999,-999,-999,-999,-999,-999,-999,0,1,0,NA,NA
1973,10,1,6,1001,100106,314927,0,2,1,63,34,47,47,50,51,36,58,0,0,196,190,386,0.0317,0.11760000000000001,0.042600000000000006,0,0.16,0.0196,0.1111,0.0345,0,0,0.0816,0.0368,0.05960000000000001,13,29.47,1583,0.24000000000000002,25.5,15.139999999999999,163,2.3699999999999997,8,48.25,-999,-999,-999,-999,-999,-999,-999,-999,-999,-999,0,1,0,NA,NA
1974,10,1,7,1001,100107,502543,0,3,1,23,29,0,0,0,0,0,0,0,0,23,29,52,0.08700000000000001,0.1034,0,0,0,0,0,0,0,0,0.08700000000000001,0.1034,0.09620000000000001,4,13,161,0.32,5,10.4,0,0,1,52,-999,-999,-999,-999,-999,-999,-999,-999,-999,-999,0,1,0,NA,NA
1975,10,1,11,1001,100111,306099,0,4,1,27,25,28,17,19,17,6,4,0,0,80,63,143,0.037,0,0,0,0,0.058800000000000005,0,0,0,0,0.0125,0.0159,0.014,2,71.5,0,0,4,35.75,0,0,1,143,-999,-999,-999,-999,-999,-999,-999,-999,-999,-999,0,1,0,NA,NA
1976,10,1,11,1001,100111,501151,0,3,1,94,100,98,81,90,69,80,71,0,0,362,321,683,0.08510000000000001,0.01,0.0816,0.0247,0.044399999999999995,0.043500000000000004,0.025,0.0282,0,0,0.0608,0.024900000000000002,0.0439,14,48.790000000000006,432,1.58,16,42.690000000000005,0,0,7,97.57,-999,-999,-999,-999,-999,-999,-999,-999,-999,-999,0,1,0,NA,NA
1977,10,1,11,1001,100111,502161,0,3,1,47,24,21,34,19,31,0,0,0,0,87,89,176,0,0,0,0,0.05260000000000001,0.0968,0,0,0,0,0.0115,0.0337,0.022699999999999998,2,88,90,1.96,4,44,0,0,3,58.67,-999,-999,-999,-999,-999,-999,-999,-999,-999,-999,0,1,0,NA,NA
1978,10,1,11,1001,100111,502366,0,3,1,14,16,12,16,15,18,12,6,0,0,53,56,109,0,0.0625,0.0833,0,0.06670000000000001,0,0.0833,0,0,0,0.056600000000000004,0.017900000000000003,0.036699999999999997,2,54.5,0,0,4,27.25,0,0,2,54.5,-999,-999,-999,-999,-999,-999,-999,-999,-999,-999,0,1,0,NA,NA
1979,10,1,13,1001,100113,306036,0,4,1,64,70,33,47,22,23,14,14,0,0,133,154,287,0.1875,0.057100000000000005,0.0606,0.17020000000000002,0.0455,0.08700000000000001,0.0714,0,0,0,0.1203,0.0909,0.10450000000000001,3,95.66999999999999,0,0,1,287,0,0,6,47.83,-999,-999,-999,-999,-999,-999,-999,-999,-999,-999,0,1,0,NA,NA
1980,10,5,1,1005,100501,501369,0,1,1,36,31,35,40,49,46,44,39,0,0,164,156,320,0,0,0,0,0,0,0,0,0,0,0,0,0,8,41.3,246,1.3,8.52,37.55,0,0,6,53.33,-999,-999,-999,-999,-999,-999,-999,-999,-999,-999,0,1,0,NA,NA
1981,10,5,3,1005,100503,501398,0,3,1,16,10,18,5,5,12,5,9,0,0,44,36,80,0,0,0,0,0,0,0,0,0,0,0,0,0,5,16,30,2.67,8,10,0,0,1,80,-999,-999,-999,-999,-999,-999,-999,-999,-999,-999,0,1,0,NA,NA
1982,10,5,7,1005,100507,500690,0,1,1,150,195,126,150,115,180,111,171,0,0,502,696,1198,0.0467,0.0103,0.15080000000000002,0.0333,0,0.0167,0.045,0.0058000000000000005,0,0,0.0618,0.015799999999999998,0.0351,29,40.63,687,1.74,24.45,49,58,20.66,25,47.92,-999,-999,-999,-999,-999,-999,-999,-999,-999,-999,0,1,0,NA,NA
1983,10,5,6,1005,100506,304023,0,2,1,129,171,129,144,135,149,126,145,0,0,519,609,1128,0,0,0,0,0,0,0,0,0,0,0,0,0,33,34.67,540,2.09,40,28.2,74,15.239999999999998,26,43.379999999999995,-999,-999,-999,-999,-999,-999,-999,-999,-999,-999,0,1,0,NA,NA
1984,10,5,5,1005,100505,304016,0,2,1,15,14,11,7,12,6,7,11,0,0,45,38,83,0,0,0,0,0,0,0,0,0,0,0,0,0,3,27.67,13,6.64,2,41.5,0,0,2,41.5,-999,-999,-999,-999,-999,-999,-999,-999,-999,-999,0,1,0,NA,NA
1985,10,5,8,1005,100508,501394,0,3,1,23,30,29,34,25,27,20,23,0,0,97,114,211,0,0,0,0,0,0,0,0,0,0,0,0,0,2,105.5,22,9.59,0,0,0,0,5,42.2,-999,-999,-999,-999,-999,-999,-999,-999,-999,-999,0,1,0,NA,NA
1986,10,7,2,1007,100702,305578,0,2,1,35,28,28,27,29,20,33,20,0,0,125,95,220,0,0,0.1786,0,0.0345,0.05,0.0303,0,0,0,0.056,0.0105,0.036399999999999995,6,39.379999999999995,140,1.58,9.78,22.5,15,14.67,2,110,-999,-999,-999,-999,-999,-999,-999,-999,-999,-999,0,1,0,NA,NA
1987,10,7,2,1007,100702,501885,0,1,1,37,36,48,40,39,38,34,52,0,0,158,166,324,0.05410000000000001,0.0278,0.1458,0,0.1282,0.026300000000000004,0.0882,0.0385,0,0,0.10760000000000002,0.0241,0.0648,5,60.13,941,0.33999999999999997,1.35,240.5,0,0,7,46.290000000000006,-999,-999,-999,-999,-999,-999,-999,-999,-999,-999,0,1,0,NA,NA
1988,10,7,4,1007,100704,305723,0,4,1,43,50,47,45,60,62,39,44,0,0,189,201,390,0.0233,0,0.08510000000000001,0.022199999999999998,0.0333,0.0161,0,0.0455,0,0,0.037,0.0199,0.0282,11,35.449999999999996,674,0.58,12,32.5,45,8.67,9,43.33,-999,-999,-999,-999,-999,-999,-999,-999,-999,-999,0,1,0,NA,NA
1989,10,7,4,1007,100704,501864,0,3,1,4,6,5,5,13,5,5,6,0,0,27,22,49,0,0,0,0.2,0.07690000000000001,0.2,0.2,0,0,0,0.07410000000000001,0.0909,0.0816,1,49,51,0.96,0,0,1,49,1,49,-999,-999,-999,-999,-999,-999,-999,-999,-999,-999,0,1,0,NA,NA
1990,10,7,6,1007,100706,501236,0,1,1,24,22,31,22,37,23,29,30,0,0,121,97,218,0.0833,0,0.0968,0,0.10810000000000002,0.043500000000000004,0.06899999999999999,0.06670000000000001,0,0,0.0909,0.0309,0.06420000000000001,3,74.5,37,5.96,2.9299999999999997,74.5,0,0,1,218,-999,-999,-999,-999,-999,-999,-999,-999,-999,-999,0,1,0,NA,NA
1991,10,7,6,1007,100706,501869,0,3,1,3,6,8,3,6,7,9,6,0,0,26,22,48,0,0,0,0,0,0,0,0,0,0,0,0,0,3,16,48,1,0,0,1,48,1,48,-999,-999,-999,-999,-999,-999,-999,-999,-999,-999,0,1,0,NA,NA
1992,10,7,8,1007,100708,501874,0,3,1,9,8,7,8,8,6,10,5,0,0,34,27,61,0,0,0,0,0,0,0,0,0,0,0,0,0,1,61,0,0,0,0,0,0,1,61,-999,-999,-999,-999,-999,-999,-999,-999,-999,-999,0,1,0,NA,NA
1993,10,7,9,1007,100709,501875,0,3,1,15,13,15,18,18,14,14,14,0,0,62,59,121,0,0,0,0,0,0,0,0,0,0,0,0,0,4,30.25,448,0.27,6,20.17,32,3.7800000000000002,1,121,-999,-999,-999,-999,-999,-999,-999,-999,-999,-999,0,1,0,NA,NA
1994,10,8,6,1008,100806,500519,0,3,1,11,22,20,12,27,15,20,20,0,0,78,69,147,0.0909,0,0.05,0,0.1481,0,0,0,0,0,0.07690000000000001,0,0.0408,2,73.5,0,0,2,73.5,0,0,3,49,-999,-999,-999,-999,-999,-999,-999,-999,-999,-999,0,1,0,NA,NA
1995,10,8,6,1008,100806,500526,0,3,1,26,13,22,11,18,16,10,8,0,0,76,48,124,0.1154,0.07690000000000001,0,0,0.055600000000000004,0.125,0.2,0,0,0,0.07890000000000001,0.0625,0.07260000000000001,4,31,0,0,3,41.33,0,0,3,41.33,-999,-999,-999,-999,-999,-999,-999,-999,-999,-999,0,1,0,NA,NA
1996,10,8,7,1008,100807,501250,0,3,1,58,52,57,67,44,48,64,48,0,0,223,215,438,0,0,0,0,0,0,0,0,0,0,0,0,0,7,62.57,352,1.24,6,73,0,0,2,219,-999,-999,-999,-999,-999,-999,-999,-999,-999,-999,0,1,0,NA,NA
1997,10,8,7,1008,100807,501253,0,3,1,22,13,16,28,15,30,23,30,0,0,76,101,177,0.0909,0,0.125,0.035699999999999996,0.06670000000000001,0.0333,0.08700000000000001,0.06670000000000001,0,0,0.0921,0.0396,0.0621,6,29.5,255,0.69,4,44.25,1,177,4,44.25,-999,-999,-999,-999,-999,-999,-999,-999,-999,-999,0,1,0,NA,NA
1998,10,8,10,1008,100810,501158,0,3,1,25,33,22,31,28,28,22,26,0,0,97,118,215,0,0,0,0,0,0,0,0,0,0,0,0,0,4,53.75,90,2.3899999999999997,12,17.919999999999998,0,0,5,43,-999,-999,-999,-999,-999,-999,-999,-999,-999,-999,0,1,0,NA,NA
1999,10,8,11,1008,100811,502217,0,3,1,15,8,14,5,10,8,0,0,0,0,39,21,60,0,0,0,0,0,0,0,0,0,0,0,0,0,2,30,50,1.2,0,0,0,0,1,60,-999,-999,-999,-999,-999,-999,-999,-999,-999,-999,0,1,0,NA,NA
2000,10,8,12,1008,100812,501322,0,3,1,14,14,16,11,13,18,13,8,0,0,56,51,107,0,0.0714,0.125,0,0,0,0,0,0,0,0.035699999999999996,0.0196,0.028,4,26.75,106,1.01,4,26.75,0,0,1,107,-999,-999,-999,-999,-999,-999,-999,-999,-999,-999,0,1,0,NA,NA
2001,10,8,13,1008,100813,500998,0,3,1,14,13,12,9,21,12,13,11,0,0,60,45,105,0,0,0,0,0,0,0,0,0,0,0,0,0,8,13.129999999999999,0,0,10,10.5,0,0,2,52.5,-999,-999,-999,-999,-999,-999,-999,-999,-999,-999,0,1,0,NA,NA
2002,10,8,9,1008,100809,501045,0,3,1,30,21,29,29,27,17,17,18,0,0,103,85,188,0,0,0,0,0,0,0.058800000000000005,0,0,0,0.009699999999999999,0,0.0053,6,31.330000000000002,70,2.69,6,31.330000000000002,0,0,4,47,-999,-999,-999,-999,-999,-999,-999,-999,-999,-999,0,1,0,NA,NA
2003,10,2,1,1002,100201,315408,0,2,1,20,20,16,30,25,28,21,14,0,0,82,92,174,0.05,0,0,0,0,0,0.0476,0,0,0,0.0244,0,0.0115,13,13.88,147,1.1800000000000002,21.95,7.930000000000001,20,8.7,1,174,-999,-999,-999,-999,-999,-999,-999,-999,-999,-999,0,1,0,NA,NA
2004,10,2,1,1002,100201,315411,0,2,1,232,213,230,184,236,236,224,205,0,0,922,838,1760,0.0603,0.0141,0.0478,0.016300000000000002,0.029699999999999997,0.0551,0.05360000000000001,0.039,0,0,0.0477,0.0322,0.0403,43,40.47,410,4.29,50.99,34.51,2,880,15,117.33,-999,-999,-999,-999,-999,-999,-999,-999,-999,-999,0,1,0,NA,NA
2005,10,2,1,1002,100201,304108,0,2,1,365,330,432,394,479,452,479,483,10,2,1765,1661,3426,0.063,0.0182,0.0347,0.020300000000000002,0.0376,0.024300000000000002,0.0313,0.0311,0.2,0,0.0414,0.0241,0.033,59,57.790000000000006,1110,3.09,51.68,66.29,88,38.93,63,54.379999999999995,-999,-999,-999,-999,-999,-999,-999,-999,-999,-999,0,1,1,NA,NA
2006,10,2,1,1002,100201,304110,0,2,1,250,221,228,260,225,232,203,202,0,0,906,915,1821,0.064,0.0317,0.061399999999999996,0.042300000000000004,0.07560000000000001,0.043100000000000006,0.0394,0.0149,0,0,0.0607,0.0339,0.0472,47,38.790000000000006,1126,1.62,60.03,30.330000000000002,143,12.729999999999999,21,86.71000000000001,-999,-999,-999,-999,-999,-999,-999,-999,-999,-999,0,1,1,NA,NA
2007,10,2,1,1002,100201,502015,0,1,1,8,10,2,7,1,3,7,5,0,0,18,25,43,0,0,0,0,0,0,0,0,0,0,0,0,0,5,8.5,164,0.26,6.75,6.38,0,0,1,43,-999,-999,-999,-999,-999,-999,-999,-999,-999,-999,0,1,0,NA,NA
2008,10,4,1,1004,100401,304149,0,2,1,165,165,184,154,164,189,194,196,0,0,707,704,1411,0.05450000000000001,0.0303,0.0272,0.0325,0.054900000000000004,0.0159,0.0464,0.025500000000000002,0,0,0.0453,0.0256,0.035399999999999994,35,39.91,905,1.56,43.21,32.65,69,20.45,33,42.760000000000005,-999,-999,-999,-999,-999,-999,-999,-999,-999,-999,0,1,0,NA,NA
2009,10,4,1,1004,100401,304155,0,2,1,69,67,61,72,53,63,46,60,0,0,229,262,491,0,0,0,0,0,0,0,0,0,0,0,0,0,11,45.6,158,3.11,16.51,29.74,44,11.16,11,44.64,-999,-999,-999,-999,-999,-999,-999,-999,-999,-999,0,1,0,NA,NA
2010,10,4,1,1004,100401,500698,0,1,1,27,14,26,25,39,31,25,26,0,0,117,96,213,0,0,0,0,0,0,0,0,0,0,0,0,0,5,42.33,91,2.3499999999999996,8.39,25.4,54,3.94,1,213,-999,-999,-999,-999,-999,-999,-999,-999,-999,-999,0,1,0,NA,NA
2011,10,11,1,1011,101101,501036,0,1,1,13,10,18,13,29,15,19,22,0,0,79,60,139,0,0.1,0,0,0,0,0.1053,0,0,0,0.025300000000000003,0.0167,0.0216,5,27.71,368,0.38,10.75,12.93,0,0,2,69.5,-999,-999,-999,-999,-999,-999,-999,-999,-999,-999,0,1,0,NA,NA
2012,10,11,1,1011,101101,500750,0,1,1,22,15,22,16,22,12,28,19,0,0,94,62,156,0.0455,0,0.0455,0,0.0455,0,0.10710000000000001,0,0,0,0.0638,0,0.0385,7,21.09,250,0.62,14.12,11.05,0,0,3,52,-999,-999,-999,-999,-999,-999,-999,-999,-999,-999,0,1,0,NA,NA
2013,10,11,1,1011,101101,500752,0,1,1,24,23,22,20,25,30,16,25,0,0,87,98,185,0,0.043500000000000004,0.0455,0.05,0.08,0.0333,0.0625,0.04,0,0,0.046,0.0408,0.0432,8,22.419999999999998,160,1.1600000000000001,8.25,22.419999999999998,24,7.71,4,46.25,-999,-999,-999,-999,-999,-999,-999,-999,-999,-999,0,1,0,NA,NA
2014,10,11,1,1011,101101,501029,0,1,1,21,11,13,21,11,12,12,12,0,0,57,56,113,0.0952,0,0,0,0,0,0,0,0,0,0.0351,0,0.0177,3,32.6,96,1.1700000000000002,2.08,54.33,10,11.3,2,56.5,-999,-999,-999,-999,-999,-999,-999,-999,-999,-999,0,1,0,NA,NA
2015,10,12,1,1012,101201,323802,0,2,1,43,41,59,50,63,53,54,43,0,0,219,187,406,0.0233,0.0244,0.016900000000000002,0.02,0.0317,0.0377,0.037,0.0233,0,0,0.0274,0.0267,0.0271,14,29.41,430,0.9400000000000001,15.06,26.959999999999997,64,6.34,6,67.66999999999999,-999,-999,-999,-999,-999,-999,-999,-999,-999,-999,0,1,0,NA,NA
2016,10,12,1,1012,101201,502354,0,3,1,25,34,31,34,0,0,0,0,0,0,56,68,124,0.04,0,0.0645,0,0,0,0,0,0,0,0.05360000000000001,0,0.0242,1,124,0,0,2,62,0,0,2,62,-999,-999,-999,-999,-999,-999,-999,-999,-999,-999,0,1,0,NA,NA
2017,10,12,1,1012,101201,323801,0,2,1,70,86,81,86,95,135,103,121,0,0,349,428,777,0,0,0,0,0.0211,0.0074,0,0.0083,0,0,0.0057,0.0047,0.0051,16,47.92,664,1.1700000000000002,15.57,49.92,150,5.18,10,77.7,-999,-999,-999,-999,-999,-999,-999,-999,-999,-999,0,1,0,NA,NA
2018,10,3,1,1003,100301,304768,0,2,1,31,20,27,31,25,21,19,15,0,0,102,87,189,0,0,0,0,0,0,0,0,0,0,0,0,0,8,25,442,0.43000000000000005,15.88,11.9,1,189,3,63,-999,-999,-999,-999,-999,-999,-999,-999,-999,-999,0,1,0,NA,NA
2019,10,3,1,1003,100301,304787,0,2,1,79,69,99,99,88,104,90,108,0,0,356,380,736,0,0,0,0,0.0568,0,0.022199999999999998,0.0093,0,0,0.0197,0.0026,0.0109,10,75.83,87,8.5,12.129999999999999,60.67,51,14.43,14,52.57,-999,-999,-999,-999,-999,-999,-999,-999,-999,-999,0,1,1,NA,NA
2020,10,3,1,1003,100301,305683,0,2,1,20,19,18,15,20,22,22,14,0,0,80,70,150,0,0,0,0,0,0,0,0,0,0,0,0,0,1,115,135,1.11,3.2600000000000002,46,4,37.5,3,50,-999,-999,-999,-999,-999,-999,-999,-999,-999,-999,0,1,0,NA,NA
2021,11,2,2,1102,110202,305774,0,4,1,18,19,41,22,26,33,32,16,0,0,117,90,207,0,0.1053,0,0.0455,0,0,0.0313,0,0,0,0.0085,0.0333,0.0193,4,51.75,463,0.45,7,29.57,0,0,3,69,-999,-999,-999,-999,-999,-999,-999,-999,-999,-999,0,1,0,NA,NA
2022,11,2,2,1102,110202,305775,0,2,1,27,26,15,31,19,25,23,19,0,0,84,101,185,0.1111,0,0.2,0.129,0.21050000000000002,0.16,0.13040000000000002,0.05260000000000001,0,0,0.15480000000000002,0.0891,0.11889999999999999,5,36.57,179,1.04,5.06,36.57,36,5.14,3,61.67,-999,-999,-999,-999,-999,-999,-999,-999,-999,-999,0,1,0,NA,NA
2023,11,2,2,1102,110202,306038,0,4,1,11,12,13,20,11,8,7,12,0,0,42,52,94,0,0,0.07690000000000001,0,0,0,0.14290000000000003,0,0,0,0.0476,0,0.021300000000000003,6,15.67,89,1.06,2,47,15,6.2700000000000005,1,94,-999,-999,-999,-999,-999,-999,-999,-999,-999,-999,0,1,0,2023,0
2024,11,2,2,1102,110202,501770,0,3,1,12,5,27,17,13,17,17,12,0,0,69,51,120,0,0.2,0,0,0.07690000000000001,0,0.058800000000000005,0,0,0,0.028999999999999998,0.0196,0.025,2,60,80,1.5,4,30,30,4,1,120,-999,-999,-999,-999,-999,-999,-999,-999,-999,-999,0,1,0,NA,NA
2025,11,2,2,1102,110202,502197,0,3,1,15,14,13,12,17,16,0,0,0,0,45,42,87,0,0,0.2308,0,0.058800000000000005,0,0,0,0,0,0.08889999999999999,0,0.046,1,87,22,3.9499999999999997,1,87,14,6.21,2,43.5,-999,-999,-999,-999,-999,-999,-999,-999,-999,-999,0,1,0,NA,NA
2026,11,2,3,1102,110203,305772,0,4,1,8,3,12,8,8,6,11,13,0,0,39,30,69,0,0,0,0,0,0,0,0,0,0,0,0,0,4,17.25,21,3.29,2,34.5,20,3.4499999999999997,1,69,-999,-999,-999,-999,-999,-999,-999,-999,-999,-999,0,1,0,NA,NA
2027,11,2,4,1102,110204,305778,0,4,1,17,11,12,15,21,10,20,11,0,0,70,47,117,0.058800000000000005,0,0.0833,0,0.0476,0,0.1,0,0,0,0.0714,0,0.0427,3,39,164,0.71,8,14.629999999999999,30,3.9,1,117,-999,-999,-999,-999,-999,-999,-999,-999,-999,-999,0,1,0,NA,NA
2028,11,2,4,1102,110204,501769,0,3,1,18,5,8,17,10,13,9,14,0,0,45,49,94,0,0,0,0,0.1,0,0,0,0,0,0.022199999999999998,0,0.0106,4,23.5,0,0,0,0,20,4.7,2,47,-999,-999,-999,-999,-999,-999,-999,-999,-999,-999,0,1,0,NA,NA
2029,11,2,4,1102,110204,501774,0,3,1,26,14,21,23,16,19,17,11,0,0,80,67,147,0.1154,0,0,0,0,0.1053,0.058800000000000005,0,0,0,0.05,0.0299,0.0408,1,147,28,5.25,1,147,25,5.88,2,73.5,-999,-999,-999,-999,-999,-999,-999,-999,-999,-999,0,1,0,NA,NA
2030,11,2,6,1102,110206,300667,0,2,1,36,26,36,32,28,34,31,30,0,0,131,122,253,0.25,0,0,0,0.14290000000000003,0.058800000000000005,0.0968,0,0,0,0.12210000000000001,0.0164,0.07110000000000001,4,65.6,186,1.36,4.63,54.67,82,3.09,6,42.17,-999,-999,-999,-999,-999,-999,-999,-999,-999,-999,0,1,0,NA,NA
2031,11,2,6,1102,110206,501778,0,3,1,11,9,6,9,12,3,6,1,0,0,35,22,57,0,0,0,0,0,0,0,0,0,0,0,0,0,4,14.25,81,0.7,0,0,25,2.2800000000000002,1,57,-999,-999,-999,-999,-999,-999,-999,-999,-999,-999,0,1,0,NA,NA
2032,11,2,7,1102,110207,501365,0,3,1,28,21,31,28,30,20,27,22,0,0,116,91,207,0,0,0,0,0,0,0,0,0,0,0,0,0,3,69,0,0,6,34.5,50,4.14,4,51.75,-999,-999,-999,-999,-999,-999,-999,-999,-999,-999,0,1,0,NA,NA
2033,11,2,8,1102,110208,305773,0,4,1,13,10,15,11,10,7,10,17,0,0,48,45,93,0.07690000000000001,0,0,0,0,0,0,0.058800000000000005,0,0,0.0208,0.022199999999999998,0.021500000000000002,1,93,94,0.99,3,31,0,0,2,46.5,-999,-999,-999,-999,-999,-999,-999,-999,-999,-999,0,1,0,NA,NA
2034,11,3,4,1103,110304,341449,0,2,1,25,8,19,11,30,19,44,10,0,0,118,48,166,0,0,0,0,0,0,0,0,0,0,0,0,0,6,29,640,0.26,6.44,25.779999999999998,23,7.22,2,83,-999,-999,-999,-999,-999,-999,-999,-999,-999,-999,0,1,0,NA,NA
2035,11,3,1,1103,110301,501077,0,1,1,37,29,50,42,47,46,46,38,2,2,182,157,339,0,0,0,0,0,0,0,0,0,0,0,0,0,2,141,80,4.23,0.8,423,0,0,7,48.43,-999,-999,-999,-999,-999,-999,-999,-999,-999,-999,0,1,0,NA,NA
2036,11,3,1,1103,110301,502244,0,3,1,22,19,32,26,23,29,15,13,0,0,92,87,179,0.0455,0,0,0,0.08700000000000001,0.0345,0,0,0,0,0.032600000000000004,0.0115,0.0223,2,89.5,90,1.99,2,89.5,18,9.94,1,179,-999,-999,-999,-999,-999,-999,-999,-999,-999,-999,0,1,0,NA,NA
2037,11,3,2,1103,110302,501766,0,1,1,14,11,21,16,11,16,11,12,0,0,57,55,112,0.0714,0,0,0,0,0,0,0,0,0,0.0175,0,0.0089,2,72.5,49,2.27,3.09,36.25,23,4.87,2,56,-999,-999,-999,-999,-999,-999,-999,-999,-999,-999,0,1,0,NA,NA
2038,11,3,3,1103,110303,305844,0,4,1,28,20,24,31,30,29,33,31,0,0,115,111,226,0,0,0,0,0,0,0,0,0,0,0,0,0,4,56.5,200,1.1300000000000001,3,75.33,21,10.76,3,75.33,-999,-999,-999,-999,-999,-999,-999,-999,-999,-999,0,1,0,2038,0
2039,11,3,5,1103,110305,501076,0,3,1,5,4,8,10,11,7,2,7,0,0,26,28,54,0,0.25,0.125,0,0,0,0,0,0,0,0.0385,0.035699999999999996,0.037,3,18,52,1.04,2,27,22,2.4499999999999997,1,54,-999,-999,-999,-999,-999,-999,-999,-999,-999,-999,0,1,0,2039,0
2040,11,3,5,1103,110305,501763,0,3,1,20,20,9,21,12,17,10,10,0,0,51,68,119,0,0,0,0,0,0,0,0,0,0,0,0,0,1,119,0,0,0,0,0,0,1,119,-999,-999,-999,-999,-999,-999,-999,-999,-999,-999,0,1,0,2040,0
2041,11,3,6,1103,110306,501074,0,1,2,24,26,28,28,20,19,14,18,0,0,86,91,177,0,0,0,0,0,0,0,0,0,0,0,0,0,7,26.779999999999998,92,1.93,11.75,15.06,6,29.5,3,59,-999,-999,-999,-999,-999,-999,-999,-999,-999,-999,0,1,0,2041,0
2042,11,4,2,1104,110402,305509,0,2,1,43,41,54,53,78,65,54,53,0,0,229,212,441,0.06979999999999999,0,0,0,0,0,0.0926,0.0377,0,0,0.0349,0.009399999999999999,0.022699999999999998,9,46.5,0,0,4.74,93,21,21,11,40.09,-999,-999,-999,-999,-999,-999,-999,-999,-999,-999,0,1,0,NA,NA
2043,11,6,8,1106,110608,305517,0,4,1,23,25,19,25,23,27,20,18,0,0,85,95,180,0.08700000000000001,0,0.2632,0.08,0.043500000000000004,0,0,0,0,0,0.0941,0.0211,0.055600000000000004,4,45,100,1.8,4,45,0,0,3,60,-999,-999,-999,-999,-999,-999,-999,-999,-999,-999,0,1,0,2043,0
2044,11,6,6,1106,110606,306086,0,4,1,9,11,12,11,0,0,0,0,0,0,21,22,43,0,0,0,0,0,0,0,0,0,0,0,0,0,4,10.75,33,1.3,16,2.69,0,0,1,43,-999,-999,-999,-999,-999,-999,-999,-999,-999,-999,0,1,0,2044,0
2045,11,1,1,1101,110101,305498,0,2,1,25,18,20,16,30,37,42,28,0,0,117,99,216,0,0,0,0,0,0,0,0,0,0,0,0,0,6,33.63,145,1.49,8.03,26.9,20,10.8,4,54,-999,-999,-999,-999,-999,-999,-999,-999,-999,-999,0,1,0,2045,0
2046,11,1,1,1101,110101,316205,0,2,1,54,54,63,74,42,61,48,48,0,0,207,237,444,0,0,0,0,0,0,0,0,0,0,0,0,0,11,40.14,332,1.34,22.12,20.07,82,5.41,7,63.43,-999,-999,-999,-999,-999,-999,-999,-999,-999,-999,0,1,0,NA,NA
2047,11,1,1,1101,110101,304351,0,2,2,34,29,40,50,51,35,37,42,0,0,162,156,318,0,0,0,0,0,0,0,0,0,0,0,0,0,11,29.330000000000002,658,0.48000000000000004,26.74,11.89,100,3.18,1,318,-999,-999,-999,-999,-999,-999,-999,-999,-999,-999,0,1,0,NA,NA
2048,11,1,1,1101,110101,305669,0,4,1,15,9,15,22,16,20,20,18,0,0,66,69,135,0,0,0,0,0,0,0,0,0,0,0,0,0,4,33.75,200,0.6799999999999999,24,5.63,0,0,2,67.5,-999,-999,-999,-999,-999,-999,-999,-999,-999,-999,0,1,0,2048,0
2049,11,1,1,1101,110101,501405,0,3,1,30,15,23,31,28,20,19,19,0,0,100,85,185,0.0333,0,0,0,0,0,0.1053,0.1053,0,0,0.03,0.0235,0.027,5,37,220,0.8400000000000001,7,26.43,0,0,3,61.67,-999,-999,-999,-999,-999,-999,-999,-999,-999,-999,0,1,0,2049,0
2050,11,1,1,1101,110101,305504,0,2,1,92,83,114,103,114,113,111,95,0,0,431,394,825,0,0,0,0,0,0,0,0,0,0,0,0,0,13,65.44000000000001,587,1.41,5.52,149.57,46,17.93,14,58.93,-999,-999,-999,-999,-999,-999,-999,-999,-999,-999,0,1,1,NA,NA
2051,11,1,1,1101,110101,501065,0,3,1,63,55,58,49,63,55,39,56,0,0,223,215,438,0.127,0.0182,0.0517,0,0.0794,0.05450000000000001,0.07690000000000001,0.017900000000000003,0,0,0.08520000000000001,0.0233,0.05480000000000001,9,48.67,409,1.07,20,21.9,0,0,9,48.67,-999,-999,-999,-999,-999,-999,-999,-999,-999,-999,0,1,0,2051,0
2052,11,1,1,1101,110101,502020,0,3,1,32,34,33,27,42,44,36,28,0,0,143,133,276,0.0938,0,0.0606,0,0.023799999999999998,0.0455,0,0.035699999999999996,0,0,0.042,0.0226,0.032600000000000004,1,276,50,5.52,2,138,0,0,1,276,-999,-999,-999,-999,-999,-999,-999,-999,-999,-999,0,1,0,NA,NA
2053,11,1,1,1101,110101,305505,0,2,1,15,11,27,16,19,32,25,20,0,0,86,79,165,0,0,0.037,0.0625,0.05260000000000001,0.0313,0,0,0,0,0.0233,0.025300000000000003,0.0242,3,58,185,0.89,2.84,58,5,33,2,82.5,-999,-999,-999,-999,-999,-999,-999,-999,-999,-999,0,1,0,NA,NA
2054,11,1,1,1101,110101,305884,0,4,1,45,28,61,48,51,43,31,46,1,1,189,166,355,0,0.035699999999999996,0.0328,0.0208,0.0392,0,0,0,0,0,0.0212,0.012,0.016900000000000002,8,44.379999999999995,344,1.03,20,17.75,0,0,1,355,-999,-999,-999,-999,-999,-999,-999,-999,-999,-999,0,1,0,2054,0
2055,11,1,1,1101,110101,305500,0,4,1,10,11,20,13,12,11,12,7,0,0,54,42,96,0,0.0909,0.05,0,0,0,0,0.14290000000000003,0,0,0.018500000000000003,0.0476,0.0313,4,24,85,1.1300000000000001,14,6.859999999999999,3,32,2,48,-999,-999,-999,-999,-999,-999,-999,-999,-999,-999,0,1,0,2055,1
2056,11,1,1,1101,110101,501064,0,3,1,17,9,19,10,13,13,9,13,0,0,58,45,103,0,0,0,0,0,0,0,0,0,0,0,0,0,4,25.75,120,0.8600000000000001,2,51.5,0,0,2,51.5,-999,-999,-999,-999,-999,-999,-999,-999,-999,-999,0,1,0,NA,NA
2057,11,1,1,1101,110101,501071,0,3,1,10,9,14,16,13,10,10,7,0,0,47,42,89,0.1,0,0.14290000000000003,0.0625,0,0,0.1,0,0,0,0.08510000000000001,0.023799999999999998,0.0562,2,44.5,60,1.48,3,29.67,0,0,2,44.5,-999,-999,-999,-999,-999,-999,-999,-999,-999,-999,0,1,0,2057,0
2058,11,1,1,1101,110101,301716,0,2,1,42,35,25,28,34,26,30,28,0,0,131,117,248,0.0476,0.0286,0.04,0.035699999999999996,0.058800000000000005,0,0,0.035699999999999996,0,0,0.0382,0.0256,0.0323,5,45.879999999999995,225,1.1,4.73,52.43,2,124,6,41.33,-999,-999,-999,-999,-999,-999,-999,-999,-999,-999,0,1,0,NA,NA
2059,11,1,1,1101,110101,305655,0,4,1,5,10,14,11,8,11,4,13,0,0,31,45,76,0,0,0,0,0,0,0,0,0,0,0,0,0,1,76,103,0.74,1,76,0,0,1,76,-999,-999,-999,-999,-999,-999,-999,-999,-999,-999,0,1,0,2059,1
2060,11,1,1,1101,110101,305657,0,2,1,18,19,31,24,22,17,14,14,0,0,85,74,159,0.2222,0,0.0968,0.0417,0.1818,0,0.0714,0,0,0,0.14120000000000002,0.013500000000000002,0.0818,4,38,136,1.1700000000000002,5.02,31.67,2,79.5,2,79.5,-999,-999,-999,-999,-999,-999,-999,-999,-999,-999,0,1,0,NA,NA
2061,11,1,1,1101,110101,305660,0,4,1,21,25,16,22,25,18,14,16,0,0,76,81,157,0,0,0,0,0,0,0,0,0,0,0,0,0,4,39.25,199,0.7899999999999999,4,39.25,0,0,3,52.33,-999,-999,-999,-999,-999,-999,-999,-999,-999,-999,0,1,0,2061,0
2062,11,1,1,1101,110101,305661,0,2,1,17,12,20,19,6,11,5,8,0,0,48,50,98,0,0,0,0,0,0,0,0,0,0,0,0,0,4,23.830000000000002,171,0.5700000000000001,12.34,7.94,2,49,2,49,-999,-999,-999,-999,-999,-999,-999,-999,-999,-999,0,1,0,NA,NA
2063,11,1,1,1101,110101,305662,0,4,1,28,26,22,18,15,22,13,16,0,0,78,82,160,0.035699999999999996,0,0.0909,0.055600000000000004,0.06670000000000001,0.0455,0.15380000000000002,0,0,0,0.07690000000000001,0.0244,0.05,4,40,126,1.27,14,11.43,1,160,3,53.33,-999,-999,-999,-999,-999,-999,-999,-999,-999,-999,0,1,0,2063,0
2064,11,1,1,1101,110101,305664,0,4,1,14,16,13,6,16,20,13,9,0,0,56,51,107,0,0,0.07690000000000001,0,0,0,0,0,0,0,0.017900000000000003,0,0.0093,2,53.5,72,1.49,2,53.5,0,0,1,107,-999,-999,-999,-999,-999,-999,-999,-999,-999,-999,0,1,0,NA,NA
2065,11,1,1,1101,110101,305665,0,4,1,7,14,11,16,13,16,10,5,0,0,41,51,92,0,0,0,0,0,0,0,0,0,0,0,0,0,2,46,100,0.92,2,46,0,0,1,92,-999,-999,-999,-999,-999,-999,-999,-999,-999,-999,0,1,0,2065,0
2066,11,1,1,1101,110101,305889,0,2,1,25,23,26,17,28,23,16,8,0,0,95,71,166,0,0,0,0,0,0,0,0,0,0,0,0,0,4,44,66,2.51,3.77,44,0,0,1,166,-999,-999,-999,-999,-999,-999,-999,-999,-999,-999,0,1,0,2066,0
2067,11,1,1,1101,110101,300557,0,2,1,168,146,197,235,248,202,164,157,2,1,779,741,1520,0,0,0,0,0,0,0,0,0,0,0,0,0,20,74.88,309,4.92,32.99,46.08,95,16,26,58.46,-999,-999,-999,-999,-999,-999,-999,-999,-999,-999,0,1,1,NA,NA
2068,11,1,1,1101,110101,305667,0,4,1,35,40,56,35,45,43,40,31,0,0,176,149,325,0.057100000000000005,0.05,0,0.0286,0,0,0.05,0.0323,0,0,0.022699999999999998,0.0268,0.0246,3,108.33,350,0.93,2,162.5,12,27.08,7,46.43,-999,-999,-999,-999,-999,-999,-999,-999,-999,-999,0,1,0,NA,NA
2069,11,1,1,1101,110101,501406,0,3,1,27,23,48,36,24,30,26,31,0,0,125,120,245,0,0,0.0208,0.0278,0.0417,0,0,0,0,0,0.016,0.0083,0.0122,6,40.83,189,1.3,14,17.5,4,61.25,6,40.83,-999,-999,-999,-999,-999,-999,-999,-999,-999,-999,0,1,0,NA,NA
2070,11,1,1,1101,110101,305506,0,4,1,8,14,8,8,12,12,7,12,0,0,35,46,81,0,0,0,0,0,0,0,0,0,0,0,0,0,4,20.25,60,1.35,3,27,3,27,2,40.5,-999,-999,-999,-999,-999,-999,-999,-999,-999,-999,0,1,0,2070,0
2071,11,1,1,1101,110101,305590,0,2,1,21,24,22,23,16,25,17,27,0,0,76,99,175,0,0,0,0,0,0,0,0,0,0,0,0,0,5,37.67,179,0.98,6.1899999999999995,28.25,2,87.5,2,87.5,-999,-999,-999,-999,-999,-999,-999,-999,-999,-999,0,1,0,NA,NA
2072,11,1,1,1101,110101,305649,0,2,1,13,19,17,19,14,22,15,12,0,0,59,72,131,0,0,0,0,0,0,0,0,0,0,0,0,0,4,33.5,76,1.73,3.2600000000000002,40.2,2,65.5,2,65.5,-999,-999,-999,-999,-999,-999,-999,-999,-999,-999,0,1,0,NA,NA
2073,11,1,1,1101,110101,305651,0,4,1,16,14,24,13,25,22,19,8,0,0,84,57,141,0,0,0,0,0,0,0,0,0,0,0,0,0,3,47,380,0.37,11,12.82,2,70.5,1,141,-999,-999,-999,-999,-999,-999,-999,-999,-999,-999,0,1,0,2073,0
2074,11,1,1,1101,110101,501404,0,3,1,15,13,5,14,19,15,14,14,0,0,53,56,109,0,0,0,0,0,0,0,0,0,0,0,0,0,5,21.8,200,0.55,9,12.11,0,0,2,54.5,-999,-999,-999,-999,-999,-999,-999,-999,-999,-999,0,1,0,2074,0
2075,11,1,1,1101,110101,502021,0,3,1,19,20,27,24,19,19,12,11,0,0,77,74,151,0,0,0,0,0,0,0,0,0,0,0,0,0,4,37.75,0,0,1,151,0,0,3,50.33,-999,-999,-999,-999,-999,-999,-999,-999,-999,-999,0,1,0,NA,NA
2076,11,1,1,1101,110101,502186,0,3,1,7,5,6,12,7,12,4,3,0,0,24,32,56,0.14290000000000003,0.2,0,0,0,0,0,0,0,0,0.0417,0.0313,0.035699999999999996,4,14,40,1.4,11,5.09,0,0,1,56,-999,-999,-999,-999,-999,-999,-999,-999,-999,-999,0,1,0,2076,0
2077,11,1,1,1101,110101,501066,0,3,1,11,16,7,17,19,17,16,7,0,0,53,57,110,0,0,0,0,0,0,0,0,0,0,0,0,0,2,55,112,0.98,1,110,0,0,1,110,-999,-999,-999,-999,-999,-999,-999,-999,-999,-999,0,1,0,NA,NA
2078,11,1,1,1101,110101,501067,0,3,1,73,82,112,104,102,83,67,97,1,0,355,366,721,0,0,0,0,0,0,0,0,0,0,0,0,0,2,360.5,80,9.01,2,360.5,0,0,9,80.11,-999,-999,-999,-999,-999,-999,-999,-999,-999,-999,0,1,1,NA,NA
2079,11,1,1,1101,110101,501408,0,3,1,33,21,40,31,37,33,23,36,0,0,133,121,254,0,0,0.025,0,0,0,0,0,0,0,0.0075,0,0.0039,2,127,289,0.88,4,63.5,0,0,4,63.5,-999,-999,-999,-999,-999,-999,-999,-999,-999,-999,0,1,0,NA,NA
2080,11,1,1,1101,110101,305507,0,2,1,68,68,87,93,89,68,67,69,0,0,311,298,609,0.0294,0,0.0115,0.021500000000000002,0.0112,0,0.0299,0.043500000000000004,0,0,0.0193,0.0168,0.0181,17,35.190000000000005,1191,0.51,59.33,10.26,40,15.229999999999999,8,76.13,-999,-999,-999,-999,-999,-999,-999,-999,-999,-999,0,1,0,NA,NA
2081,11,1,1,1101,110101,305641,0,2,1,72,45,64,40,55,68,65,60,0,0,256,213,469,0.0278,0,0.0313,0,0,0.0147,0,0,0,0,0.0156,0.0047,0.0107,4,121.2,494,0.9500000000000001,26.310000000000002,17.82,0,0,11,42.64,-999,-999,-999,-999,-999,-999,-999,-999,-999,-999,0,1,1,NA,NA
2082,11,1,1,1101,110101,305890,0,4,1,33,18,36,23,40,25,29,37,0,0,138,103,241,0,0,0.0278,0,0.025,0,0,0,0,0,0.0145,0,0.0083,3,80.33,144,1.6700000000000002,9,26.779999999999998,9,26.779999999999998,1,241,-999,-999,-999,-999,-999,-999,-999,-999,-999,-999,0,1,1,NA,NA
2083,11,1,1,1101,110101,305499,0,4,1,93,84,90,88,88,81,93,88,0,0,364,341,705,0,0,0,0,0.011399999999999999,0,0,0.011399999999999999,0,0,0.0027,0.0029,0.0028,2,352.5,200,3.53,2,352.5,59,11.950000000000001,8,88.13,-999,-999,-999,-999,-999,-999,-999,-999,-999,-999,0,1,1,NA,NA
2084,11,1,1,1101,110101,305666,0,4,1,66,62,97,79,93,81,69,90,0,0,325,312,637,0.0152,0.0161,0,0,0.0108,0.0247,0.058,0,0,0,0.018500000000000003,0.0096,0.0141,6,106.16999999999999,663,0.96,8,79.63,46,13.850000000000001,13,49,-999,-999,-999,-999,-999,-999,-999,-999,-999,-999,0,1,0,NA,NA
2085,11,7,1,1107,110701,316302,0,2,1,106,87,146,99,133,114,100,119,0,0,485,419,904,0,0,0.0274,0.0101,0.0075,0,0.02,0,0,0,0.0144,0.0024000000000000002,0.0088,21,43.17,343,2.63,30.02,30.12,31,29.16,17,53.18,-999,-999,-999,-999,-999,-999,-999,-999,-999,-999,0,1,0,NA,NA
2086,11,7,1,1107,110701,316303,0,4,1,26,28,26,30,25,25,32,22,0,0,109,105,214,0,0,0,0,0,0,0,0,0,0,0,0,0,8,26.75,259,0.8300000000000001,18,11.89,57,3.75,4,53.5,-999,-999,-999,-999,-999,-999,-999,-999,-999,-999,0,1,0,2086,0
2087,11,7,1,1107,110701,316301,0,4,1,86,62,88,89,78,90,72,83,0,0,324,324,648,0,0,0,0,0,0,0,0,0,0,0,0,0,13,49.849999999999994,350,1.85,11,58.91,208,3.12,11,58.91,-999,-999,-999,-999,-999,-999,-999,-999,-999,-999,0,1,0,2087,0
2088,11,7,1,1107,110701,316304,0,2,1,32,37,37,41,38,37,31,36,0,0,138,151,289,0.125,0.027,0.1622,0.07320000000000002,0.05260000000000001,0,0,0,0,0,0.08700000000000001,0.026500000000000003,0.0554,8,35.9,126,2.3,1.61,179.5,113,2.56,6,48.17,-999,-999,-999,-999,-999,-999,-999,-999,-999,-999,0,1,0,2088,0
2089,11,10,1,1110,111001,305681,0,2,1,105,89,93,90,85,89,90,61,0,0,373,329,702,0.0095,0,0,0,0,0,0,0,0,0,0.0027,0,0.0014,20,35.71,374,1.8800000000000001,29.02,24.19,0,0,15,46.8,-999,-999,-999,-999,-999,-999,-999,-999,-999,-999,0,1,0,2089,0
2090,11,10,1,1110,111001,305843,0,4,1,22,19,27,22,25,24,22,21,0,0,96,86,182,0,0,0.1111,0,0,0,0,0,0,0,0.0313,0,0.0165,5,36.4,282,0.65,6,30.330000000000002,2,91,4,45.5,-999,-999,-999,-999,-999,-999,-999,-999,-999,-999,0,1,0,2090,0
2091,11,10,1,1110,111001,305965,0,4,1,46,25,34,24,24,22,33,22,0,0,137,93,230,0,0,0,0,0,0,0,0,0,0,0,0,0,10,23,257,0.89,17,13.53,0,0,1,230,-999,-999,-999,-999,-999,-999,-999,-999,-999,-999,0,1,0,2091,0
2092,11,10,1,1110,111001,316405,0,2,1,45,41,48,66,76,69,64,62,0,0,233,238,471,0,0,0,0,0.026300000000000004,0.028999999999999998,0,0.0323,0,0,0.0086,0.0168,0.0127,12,38.13,391,1.2,19.759999999999998,23.830000000000002,0,0,8,58.879999999999995,-999,-999,-999,-999,-999,-999,-999,-999,-999,-999,0,1,0,2092,0
2093,11,10,1,1110,111001,304409,0,2,2,52,60,52,37,50,54,45,46,0,0,199,197,396,0,0,0,0,0,0,0,0,0,0,0,0,0,12,33.63,668,0.59,21.35,18.55,84,4.71,9,44,-999,-999,-999,-999,-999,-999,-999,-999,-999,-999,0,1,0,2093,0
2094,11,10,1,1110,111001,316404,0,2,1,28,35,38,22,38,24,21,27,0,0,125,108,233,0,0,0,0,0,0,0,0,0,0,0,0,0,6,37.44,214,1.09,6.22,37.44,0,0,5,46.6,-999,-999,-999,-999,-999,-999,-999,-999,-999,-999,0,1,0,2094,0
2095,11,10,1,1110,111001,501903,0,3,1,25,20,24,21,16,13,22,11,0,0,87,65,152,0,0,0,0,0,0,0,0,0,0,0,0,0,3,50.67,30,5.07,3,50.67,0,0,1,152,-999,-999,-999,-999,-999,-999,-999,-999,-999,-999,0,1,0,2095,1
2096,11,8,1,1108,110801,305846,0,4,1,11,15,18,21,14,16,15,12,0,0,58,64,122,0,0,0,0,0,0,0,0,0,0,0,0,0,1,122,60,2.03,2,61,0,0,2,61,-999,-999,-999,-999,-999,-999,-999,-999,-999,-999,0,1,0,NA,NA
2097,11,9,1,1109,110901,305680,0,2,1,131,94,143,116,124,129,113,128,0,0,511,467,978,0.0992,0.0638,0.021,0.0603,0.0484,0.0078000000000000005,0.0708,0.0156,0,0,0.0587,0.034300000000000004,0.047,18,53.96,315,3.1,10.239999999999998,95.46000000000001,54,18.110000000000003,11,88.91000000000001,-999,-999,-999,-999,-999,-999,-999,-999,-999,-999,0,1,1,NA,NA
2098,11,9,1,1109,110901,501086,0,3,1,9,12,9,14,20,13,7,6,0,0,45,45,90,0,0,0,0,0,0,0,0,0,0,0,0,0,11,8.18,130,0.69,15,6,21,4.29,2,45,-999,-999,-999,-999,-999,-999,-999,-999,-999,-999,0,1,0,NA,NA
2099,11,9,1,1109,110901,306039,0,2,1,17,9,16,9,8,16,7,11,0,0,48,45,93,0.11760000000000001,0,0.125,0,0,0.0625,0,0,0,0,0.0833,0.022199999999999998,0.05380000000000001,1,70.5,0,0,1.32,70.5,19,4.89,1,93,-999,-999,-999,-999,-999,-999,-999,-999,-999,-999,0,1,0,NA,NA
2100,11,5,3,1105,110503,305847,0,4,1,33,24,14,30,34,44,22,31,0,0,103,129,232,0,0,0,0,0,0,0.0909,0,0,0,0.0194,0,0.0086,2,116,102,2.27,3,77.33,9,25.779999999999998,4,58,-999,-999,-999,-999,-999,-999,-999,-999,-999,-999,0,1,0,2100,0
2101,11,5,3,1105,110503,305677,0,2,1,39,29,25,34,30,23,33,25,0,0,127,111,238,0,0,0,0,0,0,0,0,0,0,0,0,0,1,181,110,2.15,4.6,51.71,20,11.9,5,47.6,-999,-999,-999,-999,-999,-999,-999,-999,-999,-999,0,1,0,2101,0
2102,11,5,3,1105,110503,305674,0,2,1,13,12,14,15,9,8,5,11,0,0,41,46,87,0,0,0,0,0,0,0,0,0,0,0,0,0,2,56,58,1.49,3.11,28,23,3.7800000000000002,2,43.5,-999,-999,-999,-999,-999,-999,-999,-999,-999,-999,0,1,0,NA,NA
2103,11,5,3,1105,110503,305849,0,4,1,18,22,19,14,19,11,13,14,0,0,69,61,130,0,0,0,0,0.05260000000000001,0,0,0,0,0,0.0145,0,0.0077,9,14.44,100,1.3,6,21.67,0,0,3,43.33,-999,-999,-999,-999,-999,-999,-999,-999,-999,-999,0,1,0,2103,1
2104,11,5,3,1105,110503,305850,0,4,1,11,21,7,26,13,14,13,16,0,0,44,77,121,0,0,0,0,0,0,0,0,0,0,0,0,0,1,121,0,0,6,20.17,0,0,3,40.33,-999,-999,-999,-999,-999,-999,-999,-999,-999,-999,0,1,0,2104,0
2105,12,4,1,1204,120401,305826,0,4,1,45,46,41,38,28,32,22,26,0,0,136,142,278,0.022199999999999998,0,0.0244,0.026300000000000004,0.035699999999999996,0.0625,0.0455,0.0385,0,0,0.0294,0.0282,0.0288,2,139,0,0,7,39.71,0,0,4,69.5,-999,-999,-999,-999,-999,-999,-999,-999,-999,-999,0,1,0,NA,NA
2106,12,4,2,1204,120402,305841,0,4,1,25,13,15,20,22,15,25,23,0,0,87,71,158,0,0,0,0,0,0,0,0,0,0,0,0,0,5,31.6,26,6.08,2,79,47,3.36,3,52.67,-999,-999,-999,-999,-999,-999,-999,-999,-999,-999,0,1,0,NA,NA
2107,12,4,3,1204,120403,304416,0,2,2,13,19,15,18,21,13,19,20,0,0,68,70,138,0,0.05260000000000001,0,0,0,0,0,0,0,0,0,0.0143,0.0072,5,27.6,470,0.29000000000000004,28,4.930000000000001,57,2.42,1,138,-999,-999,-999,-999,-999,-999,-999,-999,-999,-999,0,1,0,NA,NA
2108,12,4,4,1204,120404,305937,0,4,1,7,13,10,18,11,11,5,6,0,0,33,48,81,0.14290000000000003,0.07690000000000001,0,0,0,0.0909,0,0,0,0,0.0303,0.0417,0.037,2,40.5,50,1.62,8,10.129999999999999,0,0,2,40.5,-999,-999,-999,-999,-999,-999,-999,-999,-999,-999,0,1,0,NA,NA
2109,12,4,4,1204,120404,316515,0,4,1,41,25,28,24,20,23,9,18,0,0,98,90,188,0.0488,0.04,0.035699999999999996,0.0417,0.05,0,0,0,0,0,0.0408,0.022199999999999998,0.0319,5,37.6,285,0.6599999999999999,12,15.67,5,37.6,1,188,-999,-999,-999,-999,-999,-999,-999,-999,-999,-999,0,1,0,NA,NA
2110,12,4,5,1204,120405,305984,0,4,1,23,37,23,24,13,37,16,25,0,0,75,123,198,0,0,0,0,0,0,0,0,0,0,0,0,0,2,99,80,2.48,4,49.5,0,0,1,198,-999,-999,-999,-999,-999,-999,-999,-999,-999,-999,0,1,0,NA,NA
2111,12,4,8,1204,120408,316505,0,2,1,28,25,27,31,36,24,33,28,0,0,124,108,232,0.035699999999999996,0,0,0.0323,0,0.0417,0.0303,0,0,0,0.0161,0.018500000000000003,0.0172,2,150,155,1.5,1.55,150,64,3.63,5,46.4,-999,-999,-999,-999,-999,-999,-999,-999,-999,-999,0,1,0,NA,NA
2112,12,4,9,1204,120409,316528,0,4,2,19,12,27,18,20,22,19,21,0,0,85,73,158,0,0,0,0,0,0.0455,0,0,0,0,0,0.0137,0.0063,5,31.6,20,7.9,3,52.67,0,0,2,79,-999,-999,-999,-999,-999,-999,-999,-999,-999,-999,0,1,0,NA,NA
2113,12,4,9,1204,120409,316519,0,2,1,23,20,24,20,25,27,18,25,0,0,90,92,182,0,0,0,0,0,0,0.055600000000000004,0,0,0,0.011099999999999999,0,0.0055,4,41.71,228,0.8,16.21,11.229999999999999,0,0,3,60.67,-999,-999,-999,-999,-999,-999,-999,-999,-999,-999,0,1,0,NA,NA
2114,12,4,9,1204,120409,316530,0,4,1,17,15,20,10,20,12,19,10,0,0,76,47,123,0,0,0,0,0,0,0,0,0,0,0,0,0,2,61.5,50,2.46,4,30.75,6,20.5,2,61.5,-999,-999,-999,-999,-999,-999,-999,-999,-999,-999,0,1,0,NA,NA
2115,12,4,10,1204,120410,305951,0,4,1,15,14,22,17,9,15,21,15,0,0,67,61,128,0,0,0,0,0,0,0,0,0,0,0,0,0,2,64,50,2.56,4,32,2,64,2,64,-999,-999,-999,-999,-999,-999,-999,-999,-999,-999,0,1,0,NA,NA
2116,12,4,10,1204,120410,316506,0,4,1,18,21,38,17,27,21,19,22,0,0,102,81,183,0.16670000000000001,0,0.07890000000000001,0.058800000000000005,0.037,0.0476,0,0,0,0,0.06860000000000001,0.0247,0.0492,4,45.75,162,1.1300000000000001,5,36.6,0,0,4,45.75,-999,-999,-999,-999,-999,-999,-999,-999,-999,-999,0,1,0,NA,NA
2117,12,4,11,1204,120411,305795,0,4,1,37,25,35,34,28,27,30,32,0,0,130,118,248,0.027,0,0,0,0,0,0,0.0625,0,0,0.0077,0.016900000000000002,0.0121,4,62,230,1.08,3,82.66999999999999,0,0,5,49.6,-999,-999,-999,-999,-999,-999,-999,-999,-999,-999,0,1,0,NA,NA
2118,12,4,7,1204,120407,303889,0,4,1,22,17,19,16,29,24,15,19,0,0,85,76,161,0,0,0.05260000000000001,0,0.0345,0,0,0,0,0,0.0235,0,0.0124,4,40.25,161,1,3,53.67,4,40.25,4,40.25,-999,-999,-999,-999,-999,-999,-999,-999,-999,-999,0,1,0,NA,NA
2119,12,4,7,1204,120407,316508,0,4,1,17,14,24,16,20,15,28,10,0,0,89,55,144,0,0,0,0,0,0,0,0,0,0,0,0,0,7,20.57,142,1.01,5,28.8,2,72,3,48,-999,-999,-999,-999,-999,-999,-999,-999,-999,-999,0,1,0,NA,NA
2120,12,4,7,1204,120407,305557,0,4,1,22,24,30,21,36,23,61,35,0,0,149,103,252,0,0,0,0,0,0,0,0,0,0,0,0,0,5,50.4,92,2.74,5,50.4,49,5.14,3,84,-999,-999,-999,-999,-999,-999,-999,-999,-999,-999,0,1,0,NA,NA
2121,12,4,12,1204,120412,304497,0,4,1,12,12,13,16,18,9,8,17,0,0,51,54,105,0.0833,0,0.15380000000000002,0.0625,0.055600000000000004,0,0,0,0,0,0.07840000000000001,0.018500000000000003,0.0476,4,26.25,108,0.97,0,0,46,2.2800000000000002,2,52.5,-999,-999,-999,-999,-999,-999,-999,-999,-999,-999,0,1,0,NA,NA
2122,12,4,13,1204,120413,316529,0,4,1,34,27,30,41,27,28,23,26,0,0,114,122,236,0.0882,0.037,0.06670000000000001,0.0488,0.07410000000000001,0.0714,0.043500000000000004,0,0,0,0.07020000000000001,0.041,0.0551,6,39.33,236,1,4,59,4,59,2,118,-999,-999,-999,-999,-999,-999,-999,-999,-999,-999,0,1,0,NA,NA
2123,12,4,4,1204,120404,305940,0,4,1,15,19,11,10,10,9,10,12,0,0,46,50,96,0.06670000000000001,0,0.1818,0,0,0.2222,0.1,0,0,0,0.08700000000000001,0.04,0.0625,2,48,107,0.9,10,9.6,0,0,2,48,-999,-999,-999,-999,-999,-999,-999,-999,-999,-999,0,1,0,NA,NA
2124,12,4,1,1204,120401,502207,0,3,1,31,17,22,23,17,8,0,0,0,0,70,48,118,0,0,0,0,0.058800000000000005,0,0,0,0,0,0.0143,0,0.0085,8,14.75,122,0.97,16,7.38,0,0,1,118,-999,-999,-999,-999,-999,-999,-999,-999,-999,-999,0,1,0,NA,NA
2125,12,4,12,1204,120412,305950,0,4,1,13,13,19,22,14,21,8,12,0,0,54,68,122,0,0,0,0,0,0,0,0,0,0,0,0,0,3,40.67,0,0,2,61,1,122,2,61,-999,-999,-999,-999,-999,-999,-999,-999,-999,-999,0,1,0,NA,NA
2126,12,5,4,1205,120504,316605,0,2,2,55,59,30,31,43,31,19,30,0,0,147,151,298,0.036399999999999995,0.016900000000000002,0,0,0,0,0.05260000000000001,0,0,0,0.0204,0.0066,0.0134,12,25.330000000000002,0,0,18.19,16.38,96,3.1,5,59.6,-999,-999,-999,-999,-999,-999,-999,-999,-999,-999,0,1,0,NA,NA
2127,12,6,1,1206,120601,316721,0,2,1,41,34,44,41,20,21,22,34,0,0,127,130,257,0,0,0,0,0,0,0,0,0,0,0,0,0,7,38.44,105,2.44,2.9699999999999998,86.5,15,17.130000000000003,5,51.4,-999,-999,-999,-999,-999,-999,-999,-999,-999,-999,0,1,0,NA,NA
2128,12,6,1,1206,120601,316718,0,2,1,59,52,61,67,65,65,58,68,0,0,243,252,495,0.050800000000000005,0,0.0328,0.0597,0.015399999999999999,0.0462,0,0.0147,0,0,0.0247,0.0317,0.028300000000000002,12,41.720000000000006,422,1.1700000000000002,16.479999999999997,30.04,136,3.64,4,123.75,-999,-999,-999,-999,-999,-999,-999,-999,-999,-999,0,1,0,NA,NA
2129,12,6,1,1206,120601,316722,0,2,1,27,24,47,31,38,30,36,34,0,0,148,119,267,0,0,0,0,0,0,0.0833,0,0,0,0.020300000000000002,0,0.0112,9,31.330000000000002,258,1.03,18.459999999999997,14.46,14,19.07,6,44.5,-999,-999,-999,-999,-999,-999,-999,-999,-999,-999,0,1,0,NA,NA
2130,12,6,1,1206,120601,316723,0,2,3,40,30,45,37,55,46,45,44,0,0,185,157,342,0,0,0,0,0.0182,0.0217,0.022199999999999998,0,0,0,0.0108,0.0064,0.0088,10,35.92,315,1.09,10.25,33.36,0,0,1,342,-999,-999,-999,-999,-999,-999,-999,-999,-999,-999,0,1,0,NA,NA
2131,12,6,2,1206,120602,316725,0,2,1,40,34,30,38,44,45,39,51,0,0,153,168,321,0,0,0,0,0,0,0,0,0,0,0,0,0,10,33.47,301,1.07,9.59,33.47,69,4.6499999999999995,4,80.25,-999,-999,-999,-999,-999,-999,-999,-999,-999,-999,0,1,0,NA,NA
2132,12,6,2,1206,120602,501845,0,3,1,34,46,35,28,32,33,17,26,0,0,118,133,251,0,0,0,0,0,0,0,0,0,0,0,0,0,2,125.5,52,4.83,2,125.5,0,0,4,62.75,-999,-999,-999,-999,-999,-999,-999,-999,-999,-999,0,1,0,NA,NA
2133,12,6,3,1206,120603,316724,0,2,3,53,50,57,29,62,42,60,47,0,0,232,168,400,0.11320000000000001,0,0.07020000000000001,0,0.0484,0.023799999999999998,0.0333,0.042600000000000006,0,0,0.06470000000000001,0.017900000000000003,0.045,11,35.690000000000005,350,1.1400000000000001,14.01,28.55,0,0,3,133.33,-999,-999,-999,-999,-999,-999,-999,-999,-999,-999,0,1,0,NA,NA
2134,12,6,4,1206,120604,502160,0,3,1,21,15,21,17,21,12,20,10,0,0,83,54,137,0,0,0,0.058800000000000005,0,0,0,0,0,0,0,0.018500000000000003,0.0073,10,13.7,308,0.44,15,9.129999999999999,0,0,1,137,-999,-999,-999,-999,-999,-999,-999,-999,-999,-999,0,1,0,NA,NA
2135,12,6,4,1206,120604,501847,0,3,1,39,35,40,34,41,24,36,31,0,0,156,124,280,0,0,0,0,0,0,0,0,0,0,0,0,0,4,70,0,0,8,35,0,0,3,93.33,-999,-999,-999,-999,-999,-999,-999,-999,-999,-999,0,1,0,NA,NA
2136,12,6,5,1206,120605,501232,0,1,1,16,20,16,8,16,19,17,13,0,0,65,60,125,0,0,0,0,0,0,0.058800000000000005,0,0,0,0.015399999999999999,0,0.008,1,91.5,53,2.3499999999999996,2.73,45.75,0,0,1,125,-999,-999,-999,-999,-999,-999,-999,-999,-999,-999,0,1,0,NA,NA
2137,12,6,5,1206,120605,316710,0,2,2,73,55,74,55,73,61,60,73,0,0,280,244,524,0.0685,0,0.05410000000000001,0.0182,0.0137,0.0328,0.1,0,0,0,0.057100000000000005,0.0123,0.0363,13,39.260000000000005,384,1.36,4.92,106.57,101,5.1899999999999995,13,40.309999999999995,-999,-999,-999,-999,-999,-999,-999,-999,-999,-999,0,1,0,NA,NA
2138,12,6,5,1206,120605,501988,0,3,1,26,24,18,28,22,21,21,17,0,0,87,90,177,0,0,0,0,0,0,0,0,0,0,0,0,0,5,35.4,0,0,0,0,189,0.9400000000000001,4,44.25,-999,-999,-999,-999,-999,-999,-999,-999,-999,-999,0,1,0,NA,NA
2139,12,6,6,1206,120606,316719,0,2,1,41,40,38,38,27,40,34,42,0,0,140,160,300,0,0,0,0,0,0,0,0,0,0,0,0,0,11,27.4,321,0.93,15.33,19.57,59,5.08,6,50,-999,-999,-999,-999,-999,-999,-999,-999,-999,-999,0,1,0,NA,NA
2140,12,6,6,1206,120606,316720,0,2,1,35,28,25,31,46,33,43,37,0,0,149,129,278,0.0286,0,0.04,0.0323,0.08700000000000001,0.0606,0.1395,0.05410000000000001,0,0,0.0805,0.0388,0.0612,10,27.93,295,0.9400000000000001,15.639999999999999,17.77,137,2.03,2,139,-999,-999,-999,-999,-999,-999,-999,-999,-999,-999,0,1,0,NA,NA
2141,12,6,6,1206,120606,316727,0,2,3,38,17,31,30,24,24,20,27,0,0,113,98,211,0,0,0,0,0,0,0,0,0,0,0,0,0,9,22.77,257,0.8200000000000001,8.55,24.67,48,4.4,2,105.5,-999,-999,-999,-999,-999,-999,-999,-999,-999,-999,0,1,0,NA,NA
2142,12,6,6,1206,120606,501632,0,3,1,12,9,21,18,22,10,9,19,0,0,64,56,120,0.0833,0,0,0,0.0455,0,0,0,0,0,0.0313,0,0.0167,4,30,653,0.18,4,30,0,0,1,120,-999,-999,-999,-999,-999,-999,-999,-999,-999,-999,0,1,0,NA,NA
2143,12,6,7,1206,120607,316726,0,4,3,10,6,11,8,10,7,10,12,0,0,41,33,74,0,0,0,0,0,0,0,0,0,0,0,0,0,4,18.5,78,0.9500000000000001,8,9.25,4,18.5,1,74,-999,-999,-999,-999,-999,-999,-999,-999,-999,-999,0,1,0,NA,NA
2144,12,6,8,1206,120608,316717,0,2,1,50,55,55,58,59,48,51,57,0,0,215,218,433,0,0,0.1636,0,0,0,0.07840000000000001,0.05260000000000001,0,0,0.0605,0.013800000000000002,0.037,13,32.760000000000005,449,0.96,4.41,98.29,0,0,3,144.33,-999,-999,-999,-999,-999,-999,-999,-999,-999,-999,0,1,0,NA,NA
2145,12,6,8,1206,120608,304562,0,2,1,28,30,26,34,28,27,43,32,0,0,125,123,248,0,0,0,0,0,0,0,0,0,0,0,0,0,12,21.56,311,0.8,9.59,25.87,53,4.68,1,248,-999,-999,-999,-999,-999,-999,-999,-999,-999,-999,0,1,0,NA,NA
2146,12,6,8,1206,120608,304563,0,2,1,32,24,34,32,29,32,34,37,0,0,129,125,254,0,0,0.0294,0,0.06899999999999999,0,0,0,0,0,0.0233,0,0.0118,12,21.38,240,1.06,31.110000000000003,8.16,1,254,3,84.66999999999999,-999,-999,-999,-999,-999,-999,-999,-999,-999,-999,0,1,0,NA,NA
2147,12,6,8,1206,120608,304564,0,2,1,49,38,47,47,53,45,39,48,0,0,188,178,366,0,0,0.042600000000000006,0,0.056600000000000004,0.022199999999999998,0.2051,0,0,0,0.0691,0.0056,0.0383,14,25.57,375,0.98,12.950000000000001,28.259999999999998,8,45.75,3,122,-999,-999,-999,-999,-999,-999,-999,-999,-999,-999,0,1,0,NA,NA
2148,12,6,2,1206,120602,316709,0,2,1,78,66,61,59,80,48,61,51,0,0,280,224,504,0.16670000000000001,0.0909,0.1311,0.0678,0.1,0.0625,0.082,0.07840000000000001,0,0,0.12140000000000001,0.07590000000000001,0.10120000000000001,9,55.92,159,3.17,9.01,55.92,77,6.55,9,56,-999,-999,-999,-999,-999,-999,-999,-999,-999,-999,0,1,0,NA,NA
2149,12,6,6,1206,120606,502408,0,3,1,20,31,22,18,20,22,0,0,0,0,62,71,133,0,0,0,0,0,0,0,0,0,0,0,0,0,2,66.5,0,0,0,0,0,0,3,44.33,-999,-999,-999,-999,-999,-999,-999,-999,-999,-999,0,1,0,NA,NA
2150,12,6,6,1206,120606,502563,0,3,1,12,7,4,6,9,5,5,4,0,0,30,22,52,0,0,0,0,0,0,0,0,0,0,0,0,0,6,8.67,160,0.32999999999999996,14,3.71,0,0,1,52,-999,-999,-999,-999,-999,-999,-999,-999,-999,-999,0,1,0,NA,NA
2151,12,7,1,1207,120701,304582,0,2,3,32,29,51,32,41,40,36,26,0,0,160,127,287,0.0313,0,0.07840000000000001,0.0625,0.07320000000000002,0.025,0.0278,0.07690000000000001,0,0,0.0563,0.0394,0.0488,10,29.77,255,1.1300000000000001,14.09,20.37,99,2.9,2,143.5,-999,-999,-999,-999,-999,-999,-999,-999,-999,-999,0,1,0,NA,NA
2152,12,7,2,1207,120702,500760,0,3,1,52,45,38,43,34,34,34,28,0,0,158,150,308,0.1346,0,0.1842,0.0233,0.29410000000000003,0.11760000000000001,0.2353,0.0714,0,0,0.2025,0.0467,0.1266,2,154,0,0,2,154,0,0,7,44,-999,-999,-999,-999,-999,-999,-999,-999,-999,-999,0,1,0,NA,NA
2153,12,7,2,1207,120702,316806,0,4,3,11,18,21,30,11,19,13,11,0,0,56,78,134,0.0909,0.1111,0.2381,0.06670000000000001,0,0,0,0,0,0,0.10710000000000001,0.051300000000000005,0.07460000000000001,4,33.5,246,0.54,6,22.330000000000002,50,2.68,2,67,-999,-999,-999,-999,-999,-999,-999,-999,-999,-999,0,1,0,NA,NA
2154,12,7,4,1207,120704,316801,0,2,1,15,15,19,17,25,23,20,14,0,0,79,69,148,0,0,0,0,0,0,0,0,0,0,0,0,0,5,29.71,70,2.1,7.119999999999999,20.8,52,2.8499999999999996,3,49.33,-999,-999,-999,-999,-999,-999,-999,-999,-999,-999,0,1,0,NA,NA
2155,12,7,5,1207,120705,316808,0,2,1,29,20,34,22,12,13,16,19,0,0,91,74,165,0,0,0,0,0,0,0,0,0,0,0,0,0,3,52.5,94,1.75,2.36,70,12,13.75,4,41.25,-999,-999,-999,-999,-999,-999,-999,-999,-999,-999,0,1,0,NA,NA
2156,12,7,11,1207,120711,304600,0,2,3,12,23,21,23,15,20,21,18,0,0,69,84,153,0,0,0.14290000000000003,0.043500000000000004,0,0,0.0476,0,0,0,0.058,0.011899999999999999,0.0327,5,32.5,0,0,4.71,32.5,106,1.44,1,153,-999,-999,-999,-999,-999,-999,-999,-999,-999,-999,0,1,0,NA,NA
2157,12,7,6,1207,120706,304598,0,2,1,74,93,65,59,61,70,48,76,0,0,248,298,546,0.05410000000000001,0.021500000000000002,0.10770000000000002,0.050800000000000005,0.0984,0.0286,0.1875,0.013200000000000002,0,0,0.1048,0.0268,0.0623,12,45.82,280,1.95,9.81,55.64,0,0,13,42,-999,-999,-999,-999,-999,-999,-999,-999,-999,-999,0,1,0,NA,NA
2158,12,7,6,1207,120706,500767,0,3,1,23,26,14,31,24,29,25,27,0,0,86,113,199,0,0,0,0,0.0833,0,0,0,0,0,0.0233,0,0.0101,1,199,0,0,0,0,0,0,4,49.75,-999,-999,-999,-999,-999,-999,-999,-999,-999,-999,0,1,0,NA,NA
2159,12,7,7,1207,120707,316804,0,2,3,40,60,28,54,55,42,34,38,0,0,157,194,351,0.17500000000000002,0.05,0.0714,0.07410000000000001,0.05450000000000001,0.0714,0.0294,0.07890000000000001,0,0,0.0828,0.067,0.07410000000000001,11,30.73,233,1.51,9.139999999999999,38.42,0,0,2,175.5,-999,-999,-999,-999,-999,-999,-999,-999,-999,-999,0,1,0,NA,NA
2160,12,7,9,1207,120709,304611,0,2,1,53,40,46,47,41,41,43,45,0,0,183,173,356,0.1887,0.07500000000000001,0.08700000000000001,0.0638,0.0976,0.07320000000000002,0,0,0,0,0.0984,0.052000000000000005,0.0758,15,23.630000000000003,562,0.63,21.979999999999997,16.2,0,0,5,71.2,-999,-999,-999,-999,-999,-999,-999,-999,-999,-999,0,1,0,NA,NA
2161,12,7,9,1207,120709,304612,0,2,3,45,35,34,40,37,47,41,53,0,0,157,175,332,0,0,0,0,0,0,0,0,0,0,0,0,0,9,37.309999999999995,168,1.98,8.209999999999999,40.42,0,0,2,166,-999,-999,-999,-999,-999,-999,-999,-999,-999,-999,0,1,0,NA,NA
2162,12,7,10,1207,120710,304618,0,2,1,58,42,71,51,49,40,51,44,0,0,229,177,406,0,0,0,0,0,0,0,0,0,0,0,0,0,9,45.08,385,1.05,17.32,23.439999999999998,50,8.12,7,58,-999,-999,-999,-999,-999,-999,-999,-999,-999,-999,0,1,0,NA,NA
2163,12,7,8,1207,120708,500434,0,1,1,29,27,42,26,33,26,37,22,0,0,141,101,242,0.06899999999999999,0.07410000000000001,0.119,0.15380000000000002,0.0909,0.07690000000000001,0.05410000000000001,0,0,0,0.08510000000000001,0.0792,0.0826,1,173.5,0,0,1.3900000000000001,173.5,0,0,5,48.4,-999,-999,-999,-999,-999,-999,-999,-999,-999,-999,0,1,0,NA,NA
2164,12,7,3,1207,120703,316805,0,2,1,21,20,18,12,23,23,17,24,0,0,79,79,158,0,0,0,0,0,0,0,0,0,0,0,0,0,6,24.55,243,0.65,2.9299999999999997,54,0,0,3,52.67,-999,-999,-999,-999,-999,-999,-999,-999,-999,-999,0,1,0,NA,NA
2165,12,1,1,1201,120101,304654,0,2,1,43,49,40,47,47,53,37,50,0,0,167,199,366,0,0,0,0,0,0,0,0,0,0,0,0,0,15,24,471,0.7799999999999999,23.279999999999998,15.719999999999999,0,0,3,122,-999,-999,-999,-999,-999,-999,-999,-999,-999,-999,0,1,0,NA,NA
2166,12,1,1,1201,120101,304651,0,2,1,31,25,46,33,32,34,42,31,0,0,151,123,274,0,0,0,0,0,0,0,0,0,0,0,0,0,9,30.419999999999998,311,0.88,11.26,24.330000000000002,64,4.28,5,54.8,-999,-999,-999,-999,-999,-999,-999,-999,-999,-999,0,1,0,NA,NA
2167,12,1,1,1201,120101,304652,0,2,1,17,5,18,18,23,23,20,23,0,0,78,69,147,0,0,0,0,0,0,0.1,0.043500000000000004,0,0,0.0256,0.0145,0.0204,8,18.330000000000002,267,0.55,6.68,22,35,4.2,3,49,-999,-999,-999,-999,-999,-999,-999,-999,-999,-999,0,1,0,NA,NA
2168,12,1,1,1201,120101,304646,0,2,1,132,131,186,160,150,163,186,155,0,0,654,609,1263,0,0,0.0161,0,0,0,0,0,0,0,0.0046,0,0.0024000000000000002,12,105.47,846,1.49,30.88,40.9,62,20.37,5,252.6,-999,-999,-999,-999,-999,-999,-999,-999,-999,-999,0,1,0,NA,NA
2169,12,1,1,1201,120101,317002,0,2,1,30,21,29,35,29,24,23,27,0,0,111,107,218,0,0,0,0,0,0,0,0,0,0,0,0,0,7,29.1,293,0.74,20.23,10.78,59,3.69,3,72.66999999999999,-999,-999,-999,-999,-999,-999,-999,-999,-999,-999,0,1,0,NA,NA
2170,12,1,1,1201,120101,317004,0,2,1,28,30,25,27,34,21,24,24,0,0,111,102,213,0,0,0,0,0,0,0,0,0,0,0,0,0,10,21.77,266,0.8,11.29,18.87,135,1.58,1,213,-999,-999,-999,-999,-999,-999,-999,-999,-999,-999,0,1,0,NA,NA
2171,12,2,1,1202,120201,305749,0,2,1,34,29,42,47,59,44,56,35,0,0,191,155,346,0,0,0,0.021300000000000003,0,0.022699999999999998,0.017900000000000003,0,0,0,0.0052,0.0129,0.0087,8,44.44,82,4.21,12.98,26.67,0,0,7,49.43,-999,-999,-999,-999,-999,-999,-999,-999,-999,-999,0,1,0,NA,NA
2172,12,3,1,1203,120301,306088,0,2,1,50,52,46,54,54,61,48,52,0,0,198,219,417,0,0,0,0,0,0,0,0,0,0,0,0,0,10,41.7,400,1.04,19,21.95,0,0,1,417,-999,-999,-999,-999,-999,-999,-999,-999,-999,-999,0,1,0,NA,NA
2173,12,3,1,1203,120301,317203,0,2,2,74,55,76,63,83,50,51,53,0,0,284,221,505,0.013500000000000002,0.0182,0.013200000000000002,0.0317,0.0602,0.02,0,0,0,0,0.0246,0.0181,0.0218,10,50.43,383,1.32,12.88,39.220000000000006,133,3.8,11,45.91,-999,-999,-999,-999,-999,-999,-999,-999,-999,-999,0,1,0,NA,NA
2174,12,8,1,1208,120801,326102,0,2,1,63,39,65,43,35,55,64,66,0,0,227,203,430,0,0,0,0,0,0,0,0,0,0,0,0,0,8,52.5,0,0,16.330000000000002,26.330000000000002,30,14.33,3,143.33,-999,-999,-999,-999,-999,-999,-999,-999,-999,-999,0,1,0,NA,NA
2175,12,8,1,1208,120801,502107,0,3,1,40,34,45,37,38,29,0,0,0,0,123,100,223,0,0,0,0.027,0.05260000000000001,0.0345,0,0,0,0,0.016300000000000002,0.02,0.017900000000000003,6,37.17,0,0,15,14.870000000000001,46,4.85,1,223,-999,-999,-999,-999,-999,-999,-999,-999,-999,-999,0,1,0,NA,NA
2176,12,8,1,1208,120801,326101,0,2,1,44,36,47,33,37,36,41,38,0,0,169,143,312,0,0.0278,0.0638,0,0.027,0,0.0244,0,0,0,0.029599999999999998,0.007,0.0192,8,39,240,1.3,10.4,30,62,5.03,6,52,-999,-999,-999,-999,-999,-999,-999,-999,-999,-999,0,1,0,NA,NA
2177,13,2,1,1302,130201,306087,0,4,1,28,36,31,34,0,0,0,0,0,0,59,70,129,0,0,0,0,0,0,0,0,0,0,0,0,0,3,43,65,1.98,7,18.43,0,0,3,43,-999,-999,-999,-999,-999,-999,-999,-999,-999,-999,0,1,0,NA,NA
2178,13,2,2,1302,130202,501285,0,3,1,8,12,11,13,20,9,6,7,0,0,45,41,86,0,0,0,0,0,0,0,0,0,0,0,0,0,4,21.5,0,0,1,86,0,0,2,43,-999,-999,-999,-999,-999,-999,-999,-999,-999,-999,0,1,0,NA,NA
2179,13,2,2,1302,130202,501294,0,3,1,8,11,12,9,13,5,14,14,0,0,47,39,86,0,0,0,0,0,0,0,0,0,0,0,0,0,1,86,0,0,1,86,0,0,2,43,-999,-999,-999,-999,-999,-999,-999,-999,-999,-999,0,1,0,NA,NA
2180,13,2,3,1302,130203,306093,0,4,1,21,27,21,15,25,18,20,14,0,0,87,74,161,0,0,0,0,0.04,0.055600000000000004,0,0.0714,0,0,0.0115,0.027,0.018600000000000002,1,161,85,1.8900000000000001,2,80.5,0,0,2,80.5,-999,-999,-999,-999,-999,-999,-999,-999,-999,-999,0,1,0,NA,NA
2181,13,2,4,1302,130204,501126,0,3,1,11,18,13,21,16,10,14,12,0,0,54,61,115,0,0,0.15380000000000002,0,0,0,0,0,0,0,0.037,0,0.017400000000000002,14,8.209999999999999,136,0.8500000000000001,15,7.67,0,0,1,115,-999,-999,-999,-999,-999,-999,-999,-999,-999,-999,0,1,0,NA,NA
2182,13,2,4,1302,130204,501681,0,3,1,36,43,34,44,38,39,36,34,0,0,144,160,304,0,0,0,0,0,0,0.0278,0.0294,0,0,0.0069,0.0063,0.0066,5,60.8,213,1.43,12,25.330000000000002,0,0,6,50.67,-999,-999,-999,-999,-999,-999,-999,-999,-999,-999,0,1,0,NA,NA
2183,13,2,5,1302,130205,305764,0,4,1,13,26,40,43,35,33,24,25,0,0,112,127,239,0,0,0,0,0,0,0,0,0,0,0,0,0,5,47.8,208,1.1500000000000001,6,39.83,15,15.93,2,119.5,-999,-999,-999,-999,-999,-999,-999,-999,-999,-999,0,1,0,NA,NA
2184,13,2,5,1302,130205,501288,0,3,1,19,15,27,19,22,16,19,13,0,0,87,63,150,0,0,0,0,0.0909,0,0.21050000000000002,0,0,0,0.06899999999999999,0,0.04,4,37.5,0,0,7,21.43,0,0,1,150,-999,-999,-999,-999,-999,-999,-999,-999,-999,-999,0,1,0,NA,NA
2185,13,2,7,1302,130207,317432,0,2,1,40,39,42,37,42,34,28,40,0,0,152,150,302,0.025,0,0.0952,0,0.023799999999999998,0.0294,0,0,0,0,0.0395,0.0067,0.0232,8,35.82,146,2.07,10.729999999999999,28.14,0,0,5,60.4,-999,-999,-999,-999,-999,-999,-999,-999,-999,-999,0,1,0,NA,NA
2186,13,2,6,1302,130206,501289,0,3,1,3,13,13,17,23,12,4,11,0,0,43,53,96,0,0,0,0,0,0,0,0,0,0,0,0,0,2,48,80,1.2,0,0,0,0,1,96,-999,-999,-999,-999,-999,-999,-999,-999,-999,-999,0,1,0,NA,NA
2187,13,2,4,1302,130204,304745,0,2,1,57,60,63,84,76,76,79,58,0,0,275,278,553,0,0,0,0,0,0,0,0,0,0,0,0,0,17,33.220000000000006,397,1.3900000000000001,34.74,15.92,15,36.87,13,42.54,-999,-999,-999,-999,-999,-999,-999,-999,-999,-999,0,1,0,NA,NA
2188,13,5,1,1305,130501,304761,0,2,1,48,33,45,46,50,64,41,40,0,0,184,183,367,0.0625,0.0606,0,0.0217,0.02,0.07810000000000002,0,0.025,0,0,0.0217,0.0492,0.035399999999999994,6,65.5,431,0.8500000000000001,37.120000000000005,9.89,0,0,5,73.4,-999,-999,-999,-999,-999,-999,-999,-999,-999,-999,0,1,0,NA,NA
2189,13,5,1,1305,130501,305836,0,2,1,19,20,17,17,21,18,20,23,0,0,77,78,155,0,0,0.058800000000000005,0.058800000000000005,0.0476,0,0.1,0,0,0,0.0519,0.0128,0.0323,7,21.27,210,0.74,13.91,11.139999999999999,44,3.52,3,51.67,-999,-999,-999,-999,-999,-999,-999,-999,-999,-999,0,1,0,NA,NA
2190,13,5,1,1305,130501,305839,0,2,1,16,26,35,24,25,16,20,23,0,0,96,89,185,0,0,0,0,0.04,0,0.05,0.043500000000000004,0,0,0.0208,0.0112,0.0162,6,32.71,140,1.32,7.2700000000000005,25.439999999999998,0,0,2,92.5,-999,-999,-999,-999,-999,-999,-999,-999,-999,-999,0,1,0,NA,NA
2191,13,5,1,1305,130501,304772,0,2,1,104,97,97,113,117,109,133,104,0,0,451,423,874,0.048100000000000004,0.0206,0.0309,0.0177,0.0256,0.018300000000000004,0.05260000000000001,0.0385,0,0,0.0399,0.0236,0.032,30,29.4,1374,0.64,45.64,19.150000000000002,47,18.6,15,58.27,-999,-999,-999,-999,-999,-999,-999,-999,-999,-999,0,1,0,NA,NA
2192,13,5,1,1305,130501,317501,0,2,1,32,32,28,37,36,23,36,31,0,0,132,123,255,0.0313,0,0,0,0.1111,0,0.055600000000000004,0.0968,0,0,0.053000000000000005,0.0244,0.0392,7,35.78,165,1.55,8.709999999999999,29.27,90,2.8299999999999996,2,127.5,-999,-999,-999,-999,-999,-999,-999,-999,-999,-999,0,1,0,NA,NA
2193,13,5,1,1305,130501,317508,0,2,1,22,21,37,35,28,36,32,30,0,0,119,122,241,0.0909,0,0.027,0.057100000000000005,0.0714,0.0278,0.125,0.0333,0,0,0.07560000000000001,0.0328,0.053900000000000003,13,18.39,306,0.7899999999999999,18.2,13.239999999999998,98,2.46,3,80.33,-999,-999,-999,-999,-999,-999,-999,-999,-999,-999,0,1,0,NA,NA
2194,13,5,1,1305,130501,317510,0,2,1,50,25,34,34,40,31,37,37,0,0,161,127,288,0.02,0,0,0,0,0,0,0.027,0,0,0.0062,0.0079,0.0069,12,24.06,195,1.48,18.310000000000002,15.729999999999999,97,2.9699999999999998,6,48,-999,-999,-999,-999,-999,-999,-999,-999,-999,-999,0,1,0,NA,NA
2195,13,7,1,1307,130701,317602,0,2,3,19,19,16,21,13,16,28,20,0,0,76,76,152,0.05260000000000001,0,0,0,0,0,0.0714,0,0,0,0.0395,0,0.0197,7,21.2,348,0.44,13.62,11.16,0,0,2,76,-999,-999,-999,-999,-999,-999,-999,-999,-999,-999,0,1,0,NA,NA
2196,13,9,1,1309,130901,317806,0,2,3,27,20,23,23,27,25,29,29,0,0,106,97,203,0.1111,0,0,0,0.07410000000000001,0,0,0.06899999999999999,0,0,0.0472,0.0206,0.0345,11,18.279999999999998,305,0.6699999999999999,24.06,8.44,25,8.12,1,203,-999,-999,-999,-999,-999,-999,-999,-999,-999,-999,0,1,0,NA,NA
2197,13,9,3,1309,130903,317810,0,2,1,26,25,21,22,22,16,25,14,0,0,94,77,171,0,0,0,0,0,0,0,0,0,0,0,0,0,5,34.86,70,2.44,4.2,40.67,19,9,1,171,-999,-999,-999,-999,-999,-999,-999,-999,-999,-999,0,1,0,NA,NA
2198,13,10,3,1310,131003,304921,0,2,1,14,21,17,24,20,14,18,17,0,0,69,76,145,0,0,0.11760000000000001,0,0,0,0,0,0,0,0.028999999999999998,0,0.013800000000000002,6,22.330000000000002,147,0.99,16.59,8.739999999999998,62,2.34,3,48.33,-999,-999,-999,-999,-999,-999,-999,-999,-999,-999,0,1,0,NA,NA
2199,13,10,3,1310,131003,317910,0,2,1,17,15,18,33,23,32,25,23,0,0,83,103,186,0,0,0,0,0,0,0,0,0,0,0,0,0,10,18.38,211,0.88,16.34,11.38,32,5.81,4,46.5,-999,-999,-999,-999,-999,-999,-999,-999,-999,-999,0,1,0,NA,NA
2200,13,10,5,1310,131005,502466,0,3,1,14,14,20,20,14,17,0,0,0,0,48,51,99,0.0714,0,0.05,0.05,0.0714,0,0,0,0,0,0.0625,0.0196,0.0404,1,99,0,0,1,99,0,0,2,49.5,-999,-999,-999,-999,-999,-999,-999,-999,-999,-999,0,1,0,NA,NA
2201,13,10,6,1310,131006,317906,0,2,1,57,53,54,54,44,53,53,69,0,0,208,229,437,0.07020000000000001,0.07550000000000001,0,0.018500000000000003,0.0455,0.018900000000000004,0,0,0,0,0.0288,0.0262,0.0275,15,29.95,376,1.1600000000000001,28.419999999999998,15.38,100,4.37,10,43.7,-999,-999,-999,-999,-999,-999,-999,-999,-999,-999,0,1,0,NA,NA
2202,13,10,7,1310,131007,304906,0,2,1,41,65,39,53,32,58,33,51,0,0,145,227,372,0.07320000000000002,0.030799999999999998,0.07690000000000001,0.0377,0,0.0172,0.0303,0.07840000000000001,0,0,0.0483,0.0396,0.043000000000000003,8,45.730000000000004,259,1.44,7.4,50.3,91,4.09,4,93,-999,-999,-999,-999,-999,-999,-999,-999,-999,-999,0,1,0,NA,NA
2203,13,10,1,1310,131001,317921,0,2,1,44,38,39,46,58,47,41,36,0,0,182,167,349,0.06820000000000001,0,0,0.0217,0.0172,0,0.0488,0,0,0,0.033,0.006,0.0201,9,38.33,549,0.64,12.139999999999999,28.75,46,7.59,6,58.17,-999,-999,-999,-999,-999,-999,-999,-999,-999,-999,0,1,0,NA,NA
2204,13,10,7,1310,131007,501272,0,3,1,7,12,12,9,12,13,4,4,0,0,35,38,73,0,0.0833,0,0,0,0.15380000000000002,0.25,0,0,0,0.0286,0.07890000000000001,0.05480000000000001,4,18.25,40,1.83,3,24.330000000000002,0,0,1,73,-999,-999,-999,-999,-999,-999,-999,-999,-999,-999,0,1,0,NA,NA
2205,13,4,1,1304,130401,322506,0,2,2,16,7,14,12,13,13,15,11,0,0,58,43,101,0,0,0,0,0,0,0,0,0,0,0,0,0,5,20.5,166,0.61,5.75,17.57,42,2.4,1,101,-999,-999,-999,-999,-999,-999,-999,-999,-999,-999,0,1,0,NA,NA
2206,13,4,1,1304,130401,322508,0,4,3,10,8,17,14,11,16,15,19,0,0,53,57,110,0,0,0,0,0,0,0,0,0,0,0,0,0,4,27.5,89,1.24,2,55,28,3.9299999999999997,1,110,-999,-999,-999,-999,-999,-999,-999,-999,-999,-999,0,1,0,NA,NA
2207,13,4,1,1304,130401,322507,0,2,2,20,14,9,13,8,15,15,10,0,0,52,52,104,0,0,0,0.07690000000000001,0,0,0.06670000000000001,0,0,0,0.0192,0.0192,0.0192,4,25,87,1.1900000000000002,5.819999999999999,17.86,80,1.3,1,104,-999,-999,-999,-999,-999,-999,-999,-999,-999,-999,0,1,0,NA,NA
2208,13,6,1,1306,130601,317802,0,2,1,50,35,39,40,40,32,37,28,0,0,166,135,301,0.06,0.057100000000000005,0,0,0.05,0,0.0811,0.0714,0,0,0.0482,0.029599999999999998,0.0399,11,26.59,131,2.29,17.310000000000002,17.38,110,2.74,3,100.33,-999,-999,-999,-999,-999,-999,-999,-999,-999,-999,0,1,0,NA,NA
2209,13,6,2,1306,130602,304827,0,2,1,17,10,9,11,12,14,14,12,0,0,52,47,99,0,0,0,0,0,0,0,0,0,0,0,0,0,5,19.43,102,0.97,1.46,68,49,2.02,2,49.5,-999,-999,-999,-999,-999,-999,-999,-999,-999,-999,0,1,0,NA,NA
2210,13,3,1,1303,130301,317420,0,2,1,40,39,35,45,17,33,38,39,0,0,130,156,286,0.025,0,0.0286,0,0,0.0303,0,0,0,0,0.015399999999999999,0.0064,0.0105,6,47,256,1.12,6.85,41.78,5,57.2,4,71.5,-999,-999,-999,-999,-999,-999,-999,-999,-999,-999,0,1,0,NA,NA
2211,13,3,1,1303,130301,304729,0,2,1,17,14,23,28,23,25,25,33,0,0,88,100,188,0.058800000000000005,0,0,0,0.043500000000000004,0,0,0,0,0,0.022699999999999998,0,0.0106,7,28.3,289,0.65,8.639999999999999,21.77,15,12.53,3,62.67,-999,-999,-999,-999,-999,-999,-999,-999,-999,-999,0,1,0,NA,NA
2212,14,1,1,1401,140101,501342,0,3,1,28,13,12,16,12,24,24,19,0,0,76,72,148,0,0,0,0,0.0833,0,0.0833,0.05260000000000001,0,0,0.0395,0.013900000000000001,0.027,2,74,0,0,2,74,22,6.73,2,74,-999,-999,-999,-999,-999,-999,-999,-999,-999,-999,0,1,0,NA,NA
2213,14,1,3,1401,140103,501343,0,3,1,17,16,18,9,19,20,17,11,0,0,71,56,127,0.11760000000000001,0,0.1111,0,0.15790000000000004,0,0.058800000000000005,0,0,0,0.11270000000000001,0,0.063,6,21.17,32,3.9699999999999998,12,10.58,0,0,3,42.33,-999,-999,-999,-999,-999,-999,-999,-999,-999,-999,0,1,0,NA,NA
2214,14,1,4,1401,140104,500518,0,1,1,32,30,29,30,21,19,25,23,0,0,107,102,209,0,0,0,0,0,0,0,0,0,0,0,0,0,4,48.5,247,0.8500000000000001,7.9,26.45,40,5.23,5,41.8,-999,-999,-999,-999,-999,-999,-999,-999,-999,-999,0,1,0,NA,NA
2215,14,3,1,1403,140301,305936,0,4,1,46,52,51,39,48,45,47,43,0,0,192,179,371,0,0,0,0,0,0,0,0,0,0,0,0,0,10,37.1,400,0.93,10,37.1,3,123.66999999999999,1,371,-999,-999,-999,-999,-999,-999,-999,-999,-999,-999,0,1,0,NA,NA
2216,14,3,2,1403,140302,305174,0,2,2,11,17,18,19,18,20,11,27,0,0,58,83,141,0.0909,0,0.27780000000000005,0,0.16670000000000001,0,0,0,0,0,0.15520000000000003,0,0.0638,2,61.33,107,1.31,2.3,61.33,21,6.71,3,47,-999,-999,-999,-999,-999,-999,-999,-999,-999,-999,0,1,0,NA,NA
2217,14,3,3,1403,140303,306047,0,4,1,18,17,30,26,24,26,26,23,0,0,98,92,190,0.16670000000000001,0,0.1,0.07690000000000001,0.125,0,0.1154,0,0,0,0.12240000000000001,0.0217,0.07370000000000002,8,23.75,180,1.06,22,8.639999999999999,7,27.14,2,95,-999,-999,-999,-999,-999,-999,-999,-999,-999,-999,0,1,0,NA,NA
2218,14,4,1,1404,140401,305542,0,2,1,37,28,47,29,39,41,34,31,0,0,157,129,286,0.05410000000000001,0.035699999999999996,0.08510000000000001,0,0.0256,0,0.0294,0.0323,0,0,0.051000000000000004,0.0155,0.034999999999999996,3,111.25,81,3.53,2.57,111.25,59,4.85,2,143,-999,-999,-999,-999,-999,-999,-999,-999,-999,-999,0,1,0,NA,NA
2219,14,5,1,1405,140501,502380,0,3,1,23,12,14,12,0,0,0,0,0,0,37,24,61,0,0,0,0,0,0,0,0,0,0,0,0,0,15,4.07,0,0,10,6.1,0,0,1,61,-999,-999,-999,-999,-999,-999,-999,-999,-999,-999,0,1,0,NA,NA
2220,14,5,1,1405,140501,501971,0,3,1,8,7,9,16,16,15,13,9,0,0,46,47,93,0,0,0,0,0,0,0,0,0,0,0,0,0,11,8.450000000000001,97,0.96,8,11.629999999999999,0,0,2,46.5,-999,-999,-999,-999,-999,-999,-999,-999,-999,-999,0,1,0,NA,NA
2221,14,5,1,1405,140501,502124,0,3,1,15,21,22,16,13,16,0,0,0,0,50,53,103,0,0,0,0,0,0,0,0,0,0,0,0,0,10,10.3,110,0.9400000000000001,9,11.44,0,0,2,51.5,-999,-999,-999,-999,-999,-999,-999,-999,-999,-999,0,1,0,NA,NA
2222,15,10,1,1510,151001,300133,0,4,1,63,66,58,46,47,64,88,66,0,0,256,242,498,0,0,0,0,0,0,0,0,0,0,0,0,0,9,55.33,0,0,16,31.130000000000003,95,5.24,12,41.5,-999,-999,-999,-999,-999,-999,-999,-999,-999,-999,0,1,1,NA,NA
2223,15,14,1,1514,151401,305743,0,2,1,210,190,210,185,191,181,193,194,0,0,804,750,1554,0,0,0.0286,0.0054,0,0.011,0.0104,0,0,0,0.01,0.004,0.0071,42,36.64,1118,1.3900000000000001,57.839999999999996,26.87,1926,0.81,12,129.5,-999,-999,-999,-999,-999,-999,-999,-999,-999,-999,0,1,0,NA,NA
2224,15,14,1,1514,151401,360867,0,2,1,224,179,227,214,241,186,158,162,0,0,850,741,1591,0.0089,0.0223,0.0396,0.0093,0.028999999999999998,0.0323,0.019,0.0123,0,0,0.0247,0.018900000000000004,0.022,25,62.48,1350,1.1800000000000002,27.01,58.91,0,0,15,106.07,-999,-999,-999,-999,-999,-999,-999,-999,-999,-999,0,1,1,NA,NA
2225,15,1,1,1501,150101,319707,0,2,1,417,450,447,524,475,535,510,559,0,0,1849,2068,3917,0.0048000000000000004,0.0067,0.0045000000000000005,0.0019,0.0021,0.0019,0.002,0.0072,0,0,0.0032,0.0044,0.0038,34,115.42,1597,2.4499999999999997,52.879999999999995,74.07,40,97.93,81,48.36,-999,-999,-999,-999,-999,-999,-999,-999,-999,-999,0,1,1,NA,NA
2226,15,1,1,1501,150101,319702,0,4,1,325,260,364,339,340,313,344,356,0,0,1373,1268,2641,0.043100000000000006,0.042300000000000004,0.0412,0.0413,0.06470000000000001,0.0288,0.029099999999999997,0.016900000000000002,0,0,0.044399999999999995,0.0315,0.0382,24,110.04,1342,1.97,28,94.32,51,51.78,58,45.53,-999,-999,-999,-999,-999,-999,-999,-999,-999,-999,0,1,1,NA,NA
2227,15,1,1,1501,150101,319709,0,4,1,82,80,89,108,96,101,103,101,0,0,370,390,760,0.0244,0,0.0225,0.018500000000000003,0.0313,0.009899999999999999,0,0,0,0,0.018900000000000004,0.0077,0.013200000000000002,14,54.290000000000006,716,1.06,9,84.44000000000001,0,0,11,69.09,-999,-999,-999,-999,-999,-999,-999,-999,-999,-999,0,1,1,NA,NA
2228,15,11,1,1511,151101,305425,0,4,2,218,210,219,200,194,212,190,200,0,0,821,822,1643,0,0,0,0,0,0,0,0,0,0,0,0,0,23,71.43,0,0,24,68.46000000000001,686,2.4,41,40.07,-999,-999,-999,-999,-999,-999,-999,-999,-999,-999,0,1,1,NA,NA
2229,15,3,1,1503,150301,320307,0,2,1,159,130,146,142,146,151,149,159,0,0,600,582,1182,0.0377,0.0231,0.0342,0.035199999999999995,0.05480000000000001,0.0397,0.0067,0.0126,0,0,0.0333,0.0275,0.0305,21,55.13,880,1.34,24.12,49,273,4.33,17,69.53,-999,-999,-999,-999,-999,-999,-999,-999,-999,-999,0,1,1,NA,NA
2230,15,3,1,1503,150301,320301,0,4,1,130,121,156,140,161,127,145,155,0,0,592,543,1135,0.0692,0,0.0128,0.0071,0.0062,0,0,0,0,0,0.020300000000000002,0.0018,0.0115,17,66.76,608,1.87,20,56.75,49,23.16,1,1135,-999,-999,-999,-999,-999,-999,-999,-999,-999,-999,0,1,1,NA,NA
2231,15,15,2,1515,151502,501953,0,3,1,223,206,230,161,251,238,225,216,0,0,929,821,1750,0.0314,0.0194,0.0522,0.018600000000000002,0.07570000000000002,0.042,0.013300000000000001,0.0093,0,0,0.0441,0.0231,0.034300000000000004,16,109.38,1015,1.72,10,175,31,56.449999999999996,15,116.66999999999999,-999,-999,-999,-999,-999,-999,-999,-999,-999,-999,0,1,1,NA,NA
2232,15,15,2,1515,151502,502057,0,3,2,210,174,236,194,214,210,0,0,0,0,660,578,1238,0.0143,0.0172,0.0212,0,0.0047,0,0,0,0,0,0.013600000000000001,0.0052,0.009699999999999999,8,154.75,530,2.34,14,88.43,24,51.58,13,95.23,-999,-999,-999,-999,-999,-999,-999,-999,-999,-999,0,1,1,NA,NA
2233,15,15,2,1515,151502,500341,0,3,3,227,188,193,186,226,208,202,177,0,0,848,759,1607,0,0,0,0,0,0,0,0,0,0,0,0,0,12,133.92000000000002,1418,1.1300000000000001,6,267.83,0,0,10,160.7,-999,-999,-999,-999,-999,-999,-999,-999,-999,-999,0,1,1,NA,NA
2234,15,15,2,1515,151502,501954,0,3,1,143,115,110,133,106,112,102,98,0,0,461,458,919,0.007,0,0,0,0,0,0,0,0,0,0.0022,0,0.0011,14,65.64,541,1.7,9,102.11,131,7.02,4,229.75,-999,-999,-999,-999,-999,-999,-999,-999,-999,-999,0,1,1,NA,NA
2235,15,9,1,1509,150901,320704,0,2,1,593,489,625,584,732,780,660,710,0,0,2610,2563,5173,0,0,0,0,0,0,0,0,0,0,0,0,0,59,87.17999999999999,1609,3.21,126.76,40.809999999999995,20,258.65000000000003,102,50.720000000000006,-999,-999,-999,-999,-999,-999,-999,-999,-999,-999,0,1,1,NA,NA
2236,13,1,1,1301,130101,500049,0,1,1,29,32,39,39,36,22,34,24,0,0,138,117,255,0,0,0,0,0,0,0.0294,0,0,0,0.0072,0,0.0039,6,39.5,145,2,6,39.5,0,-999,0,-999,-999,-999,-999,-999,-999,-999,-999,-999,-999,-999,0,0,1,NA,NA
2237,13,5,1,1305,130501,501570,0,3,1,78,84,138,116,85,101,96,79,0,0,397,380,777,0,0,0,0,0,0,0.0104,0,0,0,0.0025,0,0.0013,-999,-999,225,3,0,-999,0,-999,0,-999,-999,-999,-999,-999,-999,-999,-999,-999,-999,-999,0,0,1,NA,NA
2238,13,5,1,1305,130501,501521,0,3,1,38,31,101,89,39,43,46,52,0,0,224,215,439,0,0.0323,0.0495,0.0337,0.0256,0.0233,0.10870000000000002,0.07690000000000001,0,0,0.049100000000000005,0.0419,0.0456,5,87.8,-999,0,5,87.8,0,-999,0,-999,-999,-999,-999,-999,-999,-999,-999,-999,-999,-999,0,0,1,NA,NA
2239,13,5,1,1305,130501,501784,0,3,1,36,34,32,41,48,44,39,47,0,0,155,166,321,0.0278,0.0294,0,0.0488,0.0208,0,0,0.042600000000000006,0,0,0.0129,0.0301,0.0218,-999,-999,-999,0,0,-999,0,-999,0,-999,-999,-999,-999,-999,-999,-999,-999,-999,-999,-999,0,0,1,NA,NA
2240,13,5,1,1305,130501,501519,0,3,1,49,33,51,38,47,38,46,49,0,0,193,158,351,0.0408,0,0.0392,0.026300000000000004,0.0638,0.026300000000000004,0.08700000000000001,0.0408,0,0,0.057,0.025300000000000003,0.0427,-999,-999,-999,0,0,-999,0,-999,15,23.4,-999,-999,-999,-999,-999,-999,-999,-999,-999,-999,0,0,1,NA,NA
2241,13,1,2,1301,130102,304691,1,2,2,118,133,174,142,169,161,196,187,0,0,657,623,1280,0.025400000000000002,0,0,0.0141,0.029599999999999998,0.0248,0.0102,0.0053,0,0,0.0152,0.0112,0.013300000000000001,36,35.52,742,2,39,32.7,0,-999,68,18.82,-999,-999,-999,-999,-999,-999,-999,-999,-999,-999,0,0,1,NA,NA
2242,13,1,3,1301,130103,304673,1,2,2,154,139,144,141,131,156,166,122,0,0,595,558,1153,0,0,0,0,0,0.0064,0,0,0,0,0,0.0018,9.000000000000001e-4,29,39.28,643,2,31,36.879999999999995,0,-999,65,17.74,-999,-999,-999,-999,-999,-999,-999,-999,-999,-999,0,0,1,NA,NA
2243,13,5,1,1305,130501,304764,1,2,1,77,61,75,65,62,55,58,59,0,0,272,240,512,0,0,0,0,0,0.0182,0,0,0,0,0,0.0042,0.002,15,33.17,576,1,27,19.08,0,-999,24,21.330000000000002,-999,-999,-999,-999,-999,-999,-999,-999,-999,-999,0,0,1,NA,NA
2244,13,10,8,1310,131008,500584,0,1,1,18,25,24,24,29,22,23,12,0,0,94,83,177,0.1111,0.04,0,0,0.0345,0,0.043500000000000004,0,0,0,0.042600000000000006,0.012,0.0282,7,26.75,264,1,9,19.45,15,11.8,0,-999,-999,-999,-999,-999,-999,-999,-999,-999,-999,-999,0,0,1,NA,NA
2245,13,5,1,1305,130501,501571,0,3,1,86,64,75,85,66,64,80,68,0,0,307,281,588,0,0,0,0,0.0303,0.0156,0.0375,0.0441,0,0,0.016300000000000002,0.0142,0.0153,-999,-999,-999,0,0,-999,46,12.782608699999999,17,34.59,-999,-999,-999,-999,-999,-999,-999,-999,-999,-999,0,0,1,NA,NA
2246,13,5,1,1305,130501,501551,0,1,1,39,42,46,31,51,50,44,52,0,0,180,175,355,0.051300000000000005,0.023799999999999998,0.0217,0.0645,0.0196,0,0.1136,0.0385,0,0,0.05,0.0286,0.0394,4,96.6,123,3,4,96.6,49,7.244897958999999,0,-999,-999,-999,-999,-999,-999,-999,-999,-999,-999,-999,0,0,1,NA,NA
2247,13,1,1,1301,130101,304674,0,2,2,112,111,109,128,122,123,126,119,0,0,469,481,950,0.0268,0.027,0,0,0.041,0,0.055600000000000004,0.0168,0,0,0.032,0.0104,0.0211,30,31.810000000000002,779,1,82,11.57,2,475,153,6.21,-999,-999,-999,-999,-999,-999,-999,-999,-999,-999,0,0,1,NA,NA
2248,13,5,1,1305,130501,304756,1,2,1,552,597,511,602,711,915,754,840,0,0,2528,2954,5482,0.0109,0.0034000000000000002,0.0137,0.005,0.0197,0.0077,0.0172,0.0083,0,0,0.015799999999999998,0.0064,0.0108,98,56.08,-999,2,113,48.730000000000004,173,31.687861270000003,343,15.98,-999,-999,-999,-999,-999,-999,-999,-999,-999,-999,0,0,1,NA,NA
2249,13,5,1,1305,130501,304762,1,2,1,247,231,219,217,204,222,183,174,0,0,853,844,1697,0.0567,0.026000000000000002,0.041100000000000005,0.018400000000000003,0.049,0.013500000000000002,0.0328,0.0172,0,0,0.0457,0.019,0.0324,57,29.86,-999,1,76,22.19,147,11.544217689999998,90,18.86,-999,-999,-999,-999,-999,-999,-999,-999,-999,-999,0,0,1,NA,NA
2250,13,5,1,1305,130501,304771,0,2,2,168,148,173,171,159,171,157,170,0,0,657,660,1317,0.006,0,0.0058000000000000005,0,0.0063,0,0.0127,0.0118,0,0,0.0076,0.003,0.0053,36,36.98,-999,1,55,23.77,53,24.8490566,89,14.8,-999,-999,-999,-999,-999,-999,-999,-999,-999,-999,0,0,1,NA,NA
2251,13,8,1,1308,130801,317706,0,2,1,20,9,17,11,15,21,25,15,0,0,77,56,133,0,0,0,0,0,0,0,0,0,0,0,0,0,4,31.5,141,1,4,37.8,126,1.055555556,5,26.6,-999,-999,-999,-999,-999,-999,-999,-999,-999,-999,0,0,1,NA,NA
2252,13,9,2,1309,130902,304847,1,2,1,434,421,439,430,499,485,491,519,0,0,1863,1855,3718,0,0.0024000000000000002,0.0046,0,0.002,0.0021,0.002,0.0019,0,0,0.0021,0.0015999999999999999,0.0019,73,51.08,-999,2,80,46.67,362,10.27071823,152,24.459999999999997,-999,-999,-999,-999,-999,-999,-999,-999,-999,-999,0,0,1,NA,NA
2253,13,10,2,1310,131002,304873,0,2,1,152,153,178,159,184,187,167,187,0,0,681,686,1367,0.026300000000000004,0.0196,0.0674,0.0377,0.0815,0.021400000000000002,0.012,0,0,0,0.0485,0.019,0.0337,28,49.309999999999995,894,2,33,41.09,110,12.427272729999999,41,33.339999999999996,-999,-999,-999,-999,-999,-999,-999,-999,-999,-999,0,0,1,NA,NA
2254,13,10,4,1310,131004,304859,0,2,1,121,93,115,102,116,123,126,131,0,0,478,449,927,0.0165,0.0108,0.0522,0.0196,0.0086,0.0325,0.0079,0,0,0,0.020900000000000002,0.0156,0.018300000000000004,14,67.26,554,2,17,55.25,90,10.3,52,17.830000000000002,-999,-999,-999,-999,-999,-999,-999,-999,-999,-999,0,0,1,NA,NA
2255,13,10,4,1310,131004,304915,1,2,1,87,88,77,84,106,99,107,77,0,0,377,348,725,0.046,0.011399999999999999,0.0519,0.023799999999999998,0.0472,0.0101,0.0093,0.013000000000000001,0,0,0.0371,0.0144,0.0262,14,52.1,620,1,17,42.08,188,3.8563829789999993,35,20.71,-999,-999,-999,-999,-999,-999,-999,-999,-999,-999,0,0,1,NA,NA
2256,13,4,1,1304,130401,304917,1,2,1,165,124,155,167,167,194,170,168,0,0,657,653,1310,0.0424,0.0242,0.0258,0.012,0.0299,0.0155,0.0412,0.011899999999999999,0,0,0.034999999999999996,0.0153,0.0252,41,31.650000000000002,-999,1,25,51.54,92,14.23913043,103,12.719999999999999,-999,-999,-999,-999,-999,-999,-999,-999,-999,-999,0,0,1,NA,NA
2257,13,3,1,1303,130301,304707,1,2,1,631,642,701,731,659,726,671,717,2,3,2664,2819,5483,0.0317,0.0093,0.0271,0.0137,0.0197,0.0055,0.020900000000000002,0.0084,0,0,0.0248,0.0092,0.0168,133,41.27,-999,1,130,42.09,50,109.66,243,22.56,-999,-999,-999,-999,-999,-999,-999,-999,-999,-999,0,0,1,NA,NA
2258,13,11,1,1311,131101,304892,1,2,1,350,347,367,416,417,477,374,441,0,0,1508,1681,3189,0.011399999999999999,0.0058000000000000005,0.0191,0.0168,0.0456,0.021,0.021400000000000002,0.0045000000000000005,0,0,0.0252,0.0125,0.018500000000000003,62,51.290000000000006,-999,1,77,41.309999999999995,72,44.29166667,156,20.439999999999998,-999,-999,-999,-999,-999,-999,-999,-999,-999,-999,0,0,1,NA,NA
2259,16,2,1,1602,160201,301554,1,2,1,428,377,455,409,434,448,451,452,6,6,1774,1692,3466,0.0304,0.018600000000000002,0.0462,0.0122,0.057600000000000005,0.0112,0.026600000000000002,0.011099999999999999,0,0,0.04,0.013000000000000001,0.0268,75,46.05,-999,1,81,42.59,313,11.073482430000002,155,22.36,-999,-999,-999,-999,-999,-999,-999,-999,-999,-999,0,0,1,NA,NA
2260,16,2,2,1602,160202,301535,1,2,2,111,136,147,118,132,112,144,146,0,0,534,512,1046,0.05410000000000001,0.022099999999999998,0.0748,0.016900000000000002,0.0152,0.0089,0.013900000000000001,0,0,0,0.0393,0.011699999999999999,0.0258,20,51.36,815,1,22,47.93,112,9.339285714,56,18.68,-999,-999,-999,-999,-999,-999,-999,-999,-999,-999,0,0,1,NA,NA
2261,16,4,4,1604,160404,301620,1,2,1,120,170,132,146,113,125,117,148,0,0,482,589,1071,0.0417,0.0235,0.037899999999999996,0.0137,0.044199999999999996,0.04,0.059800000000000006,0.020300000000000002,0,0,0.0456,0.023799999999999998,0.033600000000000005,26,41.86,582,2,25,42.879999999999995,40,26.775,60,17.85,-999,-999,-999,-999,-999,-999,-999,-999,-999,-999,0,0,1,NA,NA
2262,16,4,7,1604,160407,301644,0,2,2,186,174,202,170,211,244,206,226,0,0,805,814,1619,0.0323,0.0115,0,0.0059,0.0095,0.0082,0.0194,0.0044,0,0,0.0149,0.0074,0.011099999999999999,28,58.08,-999,1,36,44.67,88,18.397727269999997,88,18.4,-999,-999,-999,-999,-999,-999,-999,-999,-999,-999,0,0,1,NA,NA
2263,16,7,4,1607,160704,301768,0,2,1,111,114,143,116,133,150,158,156,0,0,545,536,1081,0.018000000000000002,0.0088,0,0.0086,0.015,0.0067,0.0316,0.0064,0,0,0.0165,0.0075,0.012,34,31.58,-999,0,39,27.439999999999998,148,7.304054053999999,55,19.650000000000002,-999,-999,-999,-999,-999,-999,-999,-999,-999,-999,0,0,1,NA,NA
2264,16,7,3,1607,160703,301765,1,2,1,137,152,197,169,198,186,219,203,15,10,766,720,1486,0.0073,0,0.0102,0.0059,0,0.0054,0,0,0,0,0.0039,0.0028,0.0034000000000000002,29,51.94,-999,1,51,29.41,76,19.552631579999996,100,14.860000000000001,-999,-999,-999,-999,-999,-999,-999,-999,-999,-999,0,0,1,NA,NA
2265,16,7,5,1607,160705,301769,1,2,1,201,192,228,213,253,225,251,246,6,8,939,884,1823,0.01,0,0.0044,0,0.004,0,0.004,0.0041,0,0,0.0053,0.0011,0.0033,34,52.87,-999,1,68,26.93,201,9.069651741,76,23.99,-999,-999,-999,-999,-999,-999,-999,-999,-999,-999,0,0,1,NA,NA
2266,16,6,1,1606,160601,301793,1,2,2,322,313,354,344,372,341,348,357,0,0,1396,1355,2751,0.059000000000000004,0.0288,0.050800000000000005,0.0233,0.0323,0.026400000000000003,0.0402,0.0196,0,0,0.0451,0.0244,0.0349,37,74.39,-999,2,32,86.79,227,12.118942729999999,84,32.75,-999,-999,-999,-999,-999,-999,-999,-999,-999,-999,0,0,1,NA,NA
2267,16,1,1,1601,160101,301800,1,2,2,527,539,574,591,641,668,674,678,0,0,2416,2476,4892,0.0095,0.0093,0.007,0.0017000000000000001,0.0047,0.003,0.0045000000000000005,0.0074,0,0,0.0062,0.0053,0.0057,89,54.75,-999,1,102,48.120000000000005,151,32.39735099000001,200,24.459999999999997,-999,-999,-999,-999,-999,-999,-999,-999,-999,-999,0,0,1,NA,NA
2268,15,15,2,1515,151502,500340,0,1,2,318,314,384,275,380,334,360,336,0,0,1442,1259,2701,0,0,0,0,0,0,0,0,0,0,0,0,0,25,109.24000000000001,-999,2,9,288,0,-999,99,27.279999999999998,-999,-999,-999,-999,-999,-999,-999,-999,-999,-999,0,0,1,NA,NA
2269,15,5,1,1505,150501,501208,0,3,1,55,50,56,52,51,30,53,50,0,0,215,182,397,0.036399999999999995,0.02,0,0.0192,0.0196,0,0,0.06,0,0,0.014,0.0275,0.0202,9,44.11,360,1,10,39.7,0,-999,21,18.9,-999,-999,-999,-999,-999,-999,-999,-999,-999,-999,0,0,1,NA,NA
2270,15,14,1,1514,151401,305343,0,2,1,325,344,332,350,417,437,441,440,0,0,1515,1571,3086,0.0031,0.0029,0.006,0.0057,0,0.0023,0,0.0045000000000000005,0,0,0.002,0.0038,0.0029,47,65.4,-999,2,27,116.03,0,-999,146,21.14,-999,-999,-999,-999,-999,-999,-999,-999,-999,-999,0,0,1,NA,NA
2271,15,14,1,1514,151401,305358,0,2,1,201,197,294,243,350,332,340,323,0,0,1185,1095,2280,0.005,0.0051,0.017,0.0123,0.011399999999999999,0.006,0.0176,0.0062,0,0,0.013500000000000002,0.0073,0.0105,69,33.04,-999,1,70,32.39,0,-999,229,9.96,-999,-999,-999,-999,-999,-999,-999,-999,-999,-999,0,0,1,NA,NA
2272,15,1,1,1501,150101,319705,0,2,1,182,156,170,206,180,136,189,193,0,0,721,691,1412,0,0,0,0,0,0,0,0,0,0,0,0,0,15,94.61,622,2,19,74.04,0,-999,67,21.07,-999,-999,-999,-999,-999,-999,-999,-999,-999,-999,0,0,1,NA,NA
2273,15,6,1,1506,150601,305393,1,2,1,246,239,305,285,307,266,289,310,0,0,1147,1100,2247,0.0041,0,0,0,0.0033,0,0.0069,0.0129,0,0,0.0035,0.0036,0.0036,45,50.09,-999,2,53,42.61,0,-999,116,19.37,-999,-999,-999,-999,-999,-999,-999,-999,-999,-999,0,0,1,NA,NA
2274,15,16,1,1516,151601,305438,0,2,1,477,454,497,497,460,494,510,519,0,0,1944,1964,3908,0.0356,0.0176,0.0624,0.0282,0.0457,0.0223,0.025500000000000002,0.017300000000000003,0,0,0.0422,0.021400000000000002,0.0317,46,85.08,-999,2,41,95.53,0,-999,118,33.120000000000005,-999,-999,-999,-999,-999,-999,-999,-999,-999,-999,0,0,1,2274,0
2275,15,14,1,1514,151401,305325,0,4,1,134,115,155,131,150,140,183,158,0,0,622,544,1166,0,0.0087,0.0258,0.0076,0,0.0071,0.0109,0.019,0,0,0.0096,0.011,0.0103,14,83.29,600,2,28,41.64,0,-999,50,23.32,-999,-999,-999,-999,-999,-999,-999,-999,-999,-999,0,0,1,NA,NA
2276,15,14,1,1514,151401,305357,0,4,1,62,53,95,72,84,67,82,71,0,0,323,263,586,0.0323,0.018900000000000004,0,0,0,0.0149,0.0488,0.0563,0,0,0.018600000000000002,0.022799999999999997,0.0205,8,73.25,390,2,3,195.33,0,-999,31,18.9,-999,-999,-999,-999,-999,-999,-999,-999,-999,-999,0,0,1,NA,NA
2277,15,1,1,1501,150101,305382,0,4,1,652,680,821,720,789,764,832,816,0,0,3094,2980,6074,0.0475,0.0206,0.05480000000000001,0.0306,0.0646,0.0393,0.0337,0.0306,0,0,0.050100000000000006,0.0305,0.0405,60,101.23,-999,2,9,674.89,0,-999,248,24.49,-999,-999,-999,-999,-999,-999,-999,-999,-999,-999,0,0,1,NA,NA
2278,15,3,1,1503,150301,305435,0,4,1,203,170,194,237,196,197,214,234,0,0,807,838,1645,0,0,0,0,0,0,0,0,0,0,0,0,0,25,65.8,996,2,22,74.77,0,-999,105,15.67,-999,-999,-999,-999,-999,-999,-999,-999,-999,-999,0,0,1,2278,0
2279,15,1,1,1501,150101,500330,0,1,1,127,143,138,113,146,156,149,156,0,0,560,568,1128,0,0,0,0,0,0,0,0,0,0,0,0,0,25,45.17,-999,1,7,150.56,17,66.35294117999999,51,22.12,-999,-999,-999,-999,-999,-999,-999,-999,-999,-999,0,0,1,NA,NA
2280,15,15,2,1515,151502,500565,0,3,1,387,352,484,440,515,433,424,411,0,0,1810,1636,3446,0,0,0,0,0,0,0,0,0,0,0,0,0,52,66.27,-999,3,54,63.809999999999995,52,66.26923077000001,137,25.150000000000002,-999,-999,-999,-999,-999,-999,-999,-999,-999,-999,0,0,1,2280,1
2281,15,7,8,1507,150708,500569,0,1,1,145,108,136,141,122,147,148,144,0,0,551,540,1091,0.0897,0.0463,0.0294,0.0284,0.0574,0.054400000000000004,0.0473,0.0208,0,0,0.0563,0.037,0.0467,33,32.620000000000005,-999,1,45,24.459999999999997,19,57.421052630000005,60,18.18,-999,-999,-999,-999,-999,-999,-999,-999,-999,-999,0,0,1,NA,NA
2282,15,6,1,1506,150601,500051,0,1,1,178,167,278,245,152,219,237,223,0,0,845,854,1699,0,0,0,0,0.0066,0.0046,0.0084,0.017900000000000003,0,0,0.0036,0.0059,0.0047,31,55.4,699,2,26,64.38,50,33.98,78,21.779999999999998,-999,-999,-999,-999,-999,-999,-999,-999,-999,-999,0,0,1,NA,NA
2283,15,6,1,1506,150601,500336,0,1,1,174,196,208,198,176,208,184,175,0,0,742,777,1519,0,0,0,0,0,0,0,0,0,0,0,0,0,32,47.260000000000005,-999,1,43,35.65,57,26.649122809999998,56,27.130000000000003,-999,-999,-999,-999,-999,-999,-999,-999,-999,-999,0,0,1,NA,NA
2284,15,9,1,1509,150901,500438,0,1,1,322,320,241,186,281,251,253,274,0,0,1097,1031,2128,0,0,0,0,0,0,0,0,0,0,0,0,0,39,54.39,698,3,35,61.02,94,22.63829787,76,28,-999,-999,-999,-999,-999,-999,-999,-999,-999,-999,0,0,1,NA,NA
2285,15,6,1,1506,150601,500331,0,1,1,137,121,183,142,192,147,192,175,0,0,704,585,1289,0.021900000000000003,0.0083,0.0109,0.007,0.0208,0.013600000000000001,0.06770000000000001,0.011399999999999999,0,0,0.0313,0.0103,0.0217,31,41.68,-999,0,12,105.6,53,24.320754720000004,53,24.32,-999,-999,-999,-999,-999,-999,-999,-999,-999,-999,0,0,1,NA,NA
2286,15,15,2,1515,151502,500342,0,3,1,191,208,196,200,219,207,209,214,0,0,815,829,1644,0.0105,0.0096,0,0,0.018300000000000004,0.0193,0.0048000000000000004,0.014,0,0,0.0086,0.0109,0.009699999999999999,21,78.29,-999,1,26,63.230000000000004,118,13.93220339,47,34.98,-999,-999,-999,-999,-999,-999,-999,-999,-999,-999,0,0,1,NA,NA
2287,15,6,1,1506,150601,500335,0,1,1,100,98,142,131,144,112,144,125,0,0,530,466,996,0,0,0.0211,0.0076,0.0069,0.0089,0.013900000000000001,0,0,0,0.0113,0.0043,0.008,18,54.230000000000004,793,1,8,132.56,103,9.669902913000001,34,29.29,-999,-999,-999,-999,-999,-999,-999,-999,-999,-999,0,0,1,NA,NA
2288,15,6,1,1506,150601,500332,0,1,1,194,173,248,212,246,223,299,241,0,0,987,849,1836,0.0052,0,0,0,0,0,0,0,0,0,0.001,0,5e-4,30,60.449999999999996,933,2,7,266,339,5.415929204,77,23.84,-999,-999,-999,-999,-999,-999,-999,-999,-999,-999,0,0,1,2288,0
2289,15,5,1,1505,150501,500337,0,3,1,253,227,204,192,205,228,239,260,0,0,901,907,1808,0.0237,0.0176,0.0147,0,0.0585,0.0175,0.0335,0.026900000000000004,0,0,0.0322,0.0165,0.024300000000000002,19,95.16,40,45,50,36.160000000000004,510,3.5450980389999995,64,28.25,-999,-999,-999,-999,-999,-999,-999,-999,-999,-999,0,0,1,NA,NA
2290,15,5,1,1505,150501,500339,0,3,1,164,179,178,187,177,217,188,198,0,0,707,781,1488,0.0122,0.0112,0.0056,0.0107,0.016900000000000002,0.018400000000000003,0,0.0051,0,0,0.0085,0.0115,0.0101,9,165.33,-999,1,16,93,431,3.4524361949999993,47,31.66,-999,-999,-999,-999,-999,-999,-999,-999,-999,-999,0,0,1,2290,0
2291,15,7,10,1507,150710,500567,0,1,1,371,369,409,352,373,369,356,367,0,0,1509,1457,2966,0.0377,0.0081,0.0293,0.0199,0.0161,0.0054,0.014,0.0218,0,0,0.0245,0.0137,0.0192,66,44.690000000000005,-999,1,43,68.98,1162,2.5524956969999995,141,21.04,-999,-999,-999,-999,-999,-999,-999,-999,-999,-999,0,0,1,NA,NA
2292,15,7,10,1507,150710,500566,0,1,1,442,381,461,411,432,451,436,396,0,0,1771,1639,3410,0.0339,0.0157,0.0108,0.0049,0.0301,0.0177,0.039,0.058100000000000006,0,0,0.0282,0.023799999999999998,0.0261,70,48.6,-999,2,104,32.91,1419,2.4031007750000004,177,19.27,-999,-999,-999,-999,-999,-999,-999,-999,-999,-999,0,0,1,2292,0
2293,15,5,1,1505,150501,500338,0,3,1,63,48,59,41,64,60,72,61,0,0,258,210,468,0,0,0,0,0,0,0,0,0,0,0,0,0,5,93.6,256,2,5,93.6,224,2.089285714,25,18.72,-999,-999,-999,-999,-999,-999,-999,-999,-999,-999,0,0,1,NA,NA
2294,15,2,1,1502,150201,305423,1,2,1,238,210,363,314,334,312,417,353,0,0,1352,1189,2541,0.033600000000000005,0.019,0.013800000000000002,0.0096,0.0329,0.016,0.012,0.028300000000000002,0,0,0.021400000000000002,0.018500000000000003,0.0201,51,50.17,-999,2,37,68.66,164,15.49390244,124,20.49,-999,-999,-999,-999,-999,-999,-999,-999,-999,-999,0,0,1,NA,NA
2295,15,10,1,1510,151001,305453,1,2,1,438,398,343,411,461,429,464,471,0,0,1706,1709,3415,0,0,0,0,0,0,0,0,0,0,0,0,0,23,151.14,-999,3,19,176.33,302,11.30794702,154,22.18,-999,-999,-999,-999,-999,-999,-999,-999,-999,-999,0,0,1,2295,0
2296,15,10,1,1510,151001,305454,0,2,1,54,75,89,65,87,88,89,96,0,0,319,324,643,0,0,0,0,0,0,0,0,0,0,0,0,0,16,41.48,814,1,24,26.67,147,4.37414966,45,14.29,-999,-999,-999,-999,-999,-999,-999,-999,-999,-999,0,0,1,2296,0
2297,15,10,1,1510,151001,305456,0,2,1,453,417,420,387,497,465,498,465,0,0,1868,1734,3602,0,0,0,0,0,0,0,0,0,0,0,0,0,40,90.98,-999,3,40,90.98,1254,2.872408292999999,161,22.37,-999,-999,-999,-999,-999,-999,-999,-999,-999,-999,0,0,1,NA,NA
2298,15,10,1,1510,151001,305455,0,2,1,207,133,167,195,175,182,180,189,0,0,729,699,1428,0,0,0,0,0,0,0,0,0,0,0,0,0,17,85.55,628,2,19,74.39,169,8.449704142,49,29.14,-999,-999,-999,-999,-999,-999,-999,-999,-999,-999,0,0,1,NA,NA
2299,15,10,1,1510,151001,305457,0,2,1,159,157,160,144,157,151,215,187,0,0,691,639,1330,0,0,0,0,0,0,0,0,0,0,0,0,0,19,68.24000000000001,-999,1,39,34.120000000000005,76,17.5,55,24.18,-999,-999,-999,-999,-999,-999,-999,-999,-999,-999,0,0,1,NA,NA
2300,15,10,1,1510,151001,305458,0,2,1,246,220,282,224,335,303,336,337,0,0,1199,1084,2283,0,0,0,0,0,0,0,0,0,0,0,0,0,22,101.61,-999,2,50,45.89,131,17.42748092,102,22.38,-999,-999,-999,-999,-999,-999,-999,-999,-999,-999,0,0,1,NA,NA
2301,15,7,2,1507,150702,305311,1,2,1,130,137,174,160,183,192,180,209,0,0,667,698,1365,0,0,0.0057,0.0063,0,0,0.0056,0,0,0,0.003,0.0014,0.0022,32,42.82,-999,1,15,92.78,829,1.6465621230000003,83,16.45,-999,-999,-999,-999,-999,-999,-999,-999,-999,-999,0,0,1,2301,0
2302,15,7,10,1507,150710,305298,1,2,1,572,700,548,676,540,656,492,566,0,0,2152,2598,4750,0.0175,0.0057,0.0146,0.0104,0.018500000000000003,0.0152,0.0081,0.0088,0,0,0.0149,0.01,0.0122,116,41.04,-999,1,191,24.86,4292,1.106710158,252,18.85,-999,-999,-999,-999,-999,-999,-999,-999,-999,-999,0,0,1,NA,NA
2303,15,7,10,1507,150710,305288,1,2,1,313,303,357,345,354,369,344,343,0,0,1368,1360,2728,0.0096,0,0.0252,0.0087,0.0085,0.0027,0.020300000000000002,0.011699999999999999,0,0,0.0161,0.0059,0.011,63,43.39,-999,2,14,192.56,223,12.233183859999999,160,17.05,-999,-999,-999,-999,-999,-999,-999,-999,-999,-999,0,0,1,2303,0
2304,15,7,10,1507,150710,305291,1,2,1,727,665,710,688,679,684,641,670,0,0,2757,2707,5464,0.013800000000000002,0.009,0.009899999999999999,0.0102,0.0044,0.0029,0.0172,0.0134,0,0,0.0112,0.0089,0.0101,103,53.290000000000006,-999,3,55,99.47,409,13.359413200000002,243,22.49,-999,-999,-999,-999,-999,-999,-999,-999,-999,-999,0,0,1,NA,NA
2305,15,7,10,1507,150710,305296,1,2,1,137,126,168,153,184,142,197,184,0,0,686,605,1291,0.021900000000000003,0.0079,0.011899999999999999,0,0.0054,0.007,0.0102,0,0,0,0.011699999999999999,0.0033,0.0077,23,55.839999999999996,544,2,36,35.839999999999996,914,1.4124726479999998,88,14.67,-999,-999,-999,-999,-999,-999,-999,-999,-999,-999,0,0,1,NA,NA
2306,15,7,9,1507,150709,305299,1,2,1,160,134,183,163,202,190,227,210,0,0,772,697,1469,0,0,0,0,0,0,0,0,0,0,0,0,0,33,44.849999999999994,767,2,46,31.71,85,17.282352939999996,88,16.69,-999,-999,-999,-999,-999,-999,-999,-999,-999,-999,0,0,1,NA,NA
2307,15,7,9,1507,150709,305300,0,2,1,557,523,526,570,530,544,458,459,0,0,2071,2096,4167,0.0323,0.0287,0.0285,0.0316,0.049100000000000005,0.0129,0.0131,0.0087,0,0,0.0314,0.021,0.0262,78,53.48,-999,1,58,72.16,75,55.56,177,23.54,-999,-999,-999,-999,-999,-999,-999,-999,-999,-999,0,0,1,NA,NA
2308,15,7,9,1507,150709,305302,0,2,1,588,633,603,559,557,616,586,627,0,0,2334,2435,4769,0,0.0032,0.0033,0.0089,0.0054,0.0032,0.022199999999999998,0.008,0,0,0.0077,0.0057,0.0067,83,57.67,-999,2,96,49.63,1896,2.5152953589999996,195,24.459999999999997,-999,-999,-999,-999,-999,-999,-999,-999,-999,-999,0,0,1,2308,1
2309,15,7,3,1507,150703,305318,1,2,1,414,405,507,405,428,458,361,461,0,0,1710,1729,3439,0.016900000000000002,0.0049,0.0178,0.009899999999999999,0.0187,0.0197,0.013900000000000001,0.0108,0,0,0.017,0.0116,0.0142,71,48.47,-999,1,99,34.67,1026,3.351851852,193,17.82,-999,-999,-999,-999,-999,-999,-999,-999,-999,-999,0,0,1,NA,NA
2310,15,7,1,1507,150701,305309,1,2,1,505,453,523,529,554,569,533,589,0,0,2115,2140,4255,0.0218,0.011,0.0096,0.0113,0.0036,0.0018,0,0.0034000000000000002,0,0,0.0085,0.006500000000000001,0.0075,101,42.2,-999,1,47,90.43,2441,1.7431380579999998,228,18.66,-999,-999,-999,-999,-999,-999,-999,-999,-999,-999,0,0,1,NA,NA
2311,15,7,4,1507,150704,319401,0,2,1,459,456,489,482,504,465,444,500,0,0,1896,1903,3799,0.0109,0.0066,0,0,0.009899999999999999,0,0.0023,0.008,0,0,0.0058000000000000005,0.0037,0.0047,45,85.14999999999999,-999,3,51,73.8,104,36.52884615,147,25.84,-999,-999,-999,-999,-999,-999,-999,-999,-999,-999,0,0,1,NA,NA
2312,15,7,8,1507,150708,305313,1,2,1,297,269,331,293,354,295,269,295,0,0,1251,1152,2403,0.0337,0.018600000000000002,0.009099999999999999,0.0137,0.0113,0.0034000000000000002,0.0409,0.0068000000000000005,0,0,0.0224,0.0104,0.0166,54,44.71,-999,1,37,64.14999999999999,331,7.259818731,128,18.77,-999,-999,-999,-999,-999,-999,-999,-999,-999,-999,0,0,1,2312,0
2313,15,7,3,1507,150703,305310,1,2,1,123,107,91,93,97,112,162,158,0,0,473,470,943,0,0,0.011,0.0108,0,0,0,0,0,0,0.0021,0.0021,0.0021,36,26.36,-999,1,32,29.74,757,1.2457067369999997,66,14.29,-999,-999,-999,-999,-999,-999,-999,-999,-999,-999,0,0,1,2313,1
2314,15,7,8,1507,150708,305316,1,2,1,330,345,322,355,369,374,439,406,0,0,1460,1480,2940,0.0121,0.0145,0.0373,0.0085,0.016300000000000002,0.0107,0.0319,0.0345,0,0,0.0247,0.0176,0.0211,86,34.05,-999,1,102,28.939999999999998,471,6.242038216999999,153,19.22,-999,-999,-999,-999,-999,-999,-999,-999,-999,-999,0,0,1,NA,NA
2315,15,7,5,1507,150705,305319,1,2,1,214,219,243,238,307,219,279,243,0,0,1043,919,1962,0.0187,0.0046,0.0247,0.0294,0.0489,0.05480000000000001,0.0358,0.0329,0,0,0.033600000000000005,0.0305,0.032100000000000004,60,32.58,-999,1,21,95.23,243,8.074074074,120,16.35,-999,-999,-999,-999,-999,-999,-999,-999,-999,-999,0,0,1,NA,NA
2316,15,14,1,1514,151401,305326,0,2,1,368,349,406,399,450,392,401,433,0,0,1625,1573,3198,0.0027,0,0.0172,0.0125,0.0067,0.0026,0.005,0.0046,0,0,0.008,0.0051,0.0066,61,52.46,-999,2,82,39.06,195,16.4,146,21.9,-999,-999,-999,-999,-999,-999,-999,-999,-999,-999,0,0,1,NA,NA
2317,15,14,1,1514,151401,305327,0,2,1,558,571,611,650,607,707,701,784,0,0,2477,2712,5189,0.0108,0.0088,0,0,0,0.0071,0.0043,0.0064,0,0,0.0036,0.0055,0.0046,115,45.03,-999,1,104,50.03,1390,3.733093525,235,22.08,-999,-999,-999,-999,-999,-999,-999,-999,-999,-999,0,0,1,NA,NA
2318,15,14,1,1514,151401,305333,0,2,1,146,168,185,201,224,245,223,227,0,0,778,841,1619,0.0068000000000000005,0.006,0.0108,0.0299,0.0089,0.016300000000000002,0.017900000000000003,0.0088,0,0,0.0116,0.0155,0.013600000000000001,36,45.06,-999,1,28,57.24,484,3.3450413219999997,114,14.2,-999,-999,-999,-999,-999,-999,-999,-999,-999,-999,0,0,1,NA,NA
2319,15,14,1,1514,151401,305335,1,2,1,416,390,485,464,496,475,466,474,0,0,1863,1803,3666,0,0,0.0021,0.0022,0.006,0.0042,0.0064,0.0063,0,0,0.0038,0.0033,0.0035,47,77.55,-999,2,23,159.94,280,13.09285714,136,26.959999999999997,-999,-999,-999,-999,-999,-999,-999,-999,-999,-999,0,0,1,NA,NA
2320,15,14,1,1514,151401,305341,0,2,1,711,679,935,915,909,994,1002,981,0,0,3557,3569,7126,0.0127,0.013300000000000001,0.020300000000000002,0.012,0.037399999999999996,0.0141,0.016,0.013300000000000001,0,0,0.021900000000000003,0.013200000000000002,0.0175,66,107.28,-999,3,89,79.63,6775,1.0518081179999998,311,22.91,-999,-999,-999,-999,-999,-999,-999,-999,-999,-999,0,0,1,2320,0
2321,15,14,1,1514,151401,305340,0,2,1,605,575,801,722,859,836,715,737,0,0,2980,2870,5850,0.0066,0.0017000000000000001,0.0125,0.009699999999999999,0.0081,0.0012000000000000001,0.015399999999999999,0.0109,0,0,0.0107,0.0059,0.0084,61,95.48,-999,2,42,137.70999999999998,3491,1.675737611,213,27.459999999999997,-999,-999,-999,-999,-999,-999,-999,-999,-999,-999,0,0,1,2321,0
2322,15,14,1,1514,151401,305342,0,2,1,473,428,492,434,537,488,473,462,0,0,1975,1812,3787,0,0,0,0,0,0,0,0,0,0,0,0,0,35,108.2,-999,2,32,118.34,2823,1.341480694,157,24.12,-999,-999,-999,-999,-999,-999,-999,-999,-999,-999,0,0,1,NA,NA
2323,15,14,1,1514,151401,319504,0,2,1,348,332,396,399,421,415,436,415,0,0,1601,1561,3162,0.0115,0.006,0.0025,0.0075,0.023799999999999998,0.0217,0.0482,0.016900000000000002,0,0,0.0225,0.013500000000000002,0.018000000000000002,44,71.86,-999,2,38,83.21000000000001,687,4.602620087,152,20.8,-999,-999,-999,-999,-999,-999,-999,-999,-999,-999,0,0,1,NA,NA
2324,15,14,1,1514,151401,305336,0,2,1,325,334,384,437,546,528,536,557,0,0,1791,1856,3647,0.0123,0.006,0.0208,0.011399999999999999,0.018300000000000004,0.0095,0.0261,0.009,0,0,0.0201,0.0092,0.0145,58,63.260000000000005,-999,2,32,115.02,184,19.82065217,225,16.21,-999,-999,-999,-999,-999,-999,-999,-999,-999,-999,0,0,1,NA,NA
2325,15,14,1,1514,151401,305339,1,2,1,376,317,459,424,462,495,489,462,0,0,1786,1698,3484,0.0027,0,0.017400000000000002,0.0047,0.017300000000000003,0.0101,0.0143,0.006500000000000001,0,0,0.0134,0.0059,0.0098,48,72.02,835,4,52,66.48,2869,1.214360404,193,18.05,-999,-999,-999,-999,-999,-999,-999,-999,-999,-999,0,0,1,NA,NA
2326,15,14,1,1514,151401,305330,1,2,1,1624,1628,1850,1756,1977,1825,1800,1807,0,0,7251,7016,14267,0.011099999999999999,0.0049,0.007,0.0046,0.0121,0.006,0.013900000000000001,0.0072,0,0,0.011,0.0057,0.0084,106,134.12,-999,2,66,217.3,15986,0.89246841,532,26.82,-999,-999,-999,-999,-999,-999,-999,-999,-999,-999,0,0,1,NA,NA
2327,15,14,1,1514,151401,305331,0,2,1,776,708,857,772,925,899,917,948,0,0,3475,3327,6802,0.0361,0.025400000000000002,0.0245,0.0324,0.034600000000000006,0.0245,0.0447,0.02,0,0,0.0351,0.0252,0.0303,101,67.63,-999,1,128,53.03,193,35.24352332000001,336,20.24,-999,-999,-999,-999,-999,-999,-999,-999,-999,-999,0,0,1,NA,NA
2328,15,14,1,1514,151401,319501,0,2,1,559,482,574,527,593,515,598,583,0,0,2324,2107,4431,0.0089,0.0187,0.0279,0.0095,0.013500000000000002,0.011699999999999999,0.0167,0.0137,0,0,0.0168,0.013300000000000001,0.015099999999999999,55,80.86,-999,2,70,62.89,2431,1.8227067049999999,146,30.35,-999,-999,-999,-999,-999,-999,-999,-999,-999,-999,0,0,1,NA,NA
2329,15,14,1,1514,151401,319505,1,2,1,667,594,674,616,690,687,722,665,0,0,2753,2562,5315,0.0015,0.0051,0.003,0.006500000000000001,0.0014,0,0.0042,0.0015,0,0,0.0025,0.0031,0.0028,57,93.86,-999,2,65,82.27,4542,1.1701893440000002,192,27.68,-999,-999,-999,-999,-999,-999,-999,-999,-999,-999,0,0,1,NA,NA
2330,15,14,1,1514,151401,305345,1,2,1,280,251,285,261,360,304,329,294,0,0,1254,1110,2364,0.0107,0.004,0.0035,0.0038,0.0056,0.009899999999999999,0.0061,0.0034000000000000002,0,0,0.0064,0.0054,0.0059,30,78.16999999999999,-999,2,24,100.5,2901,0.8148914170000002,94,25.150000000000002,-999,-999,-999,-999,-999,-999,-999,-999,-999,-999,0,0,1,NA,NA
2331,15,14,1,1514,151401,305352,0,2,1,144,135,159,113,129,139,151,153,0,0,583,540,1123,0.013900000000000001,0,0,0,0.0078000000000000005,0,0,0,0,0,0.0051,0,0.0027,35,32.14,-999,1,24,46.83,10,112.3,81,13.860000000000001,-999,-999,-999,-999,-999,-999,-999,-999,-999,-999,0,0,1,NA,NA
2332,15,14,1,1514,151401,305353,0,2,1,258,210,295,276,329,279,258,257,0,0,1140,1022,2162,0.0078000000000000005,0,0,0,0,0.0072,0.0039,0.0078000000000000005,0,0,0.0026,0.0039,0.0032,25,85.5,-999,2,33,65.77,138,15.666666670000001,78,27.72,-999,-999,-999,-999,-999,-999,-999,-999,-999,-999,0,0,1,2332,0
2333,15,14,1,1514,151401,305355,0,2,1,344,328,462,422,568,516,407,391,0,0,1781,1657,3438,0.0116,0,0.0087,0,0,0.013600000000000001,0.0025,0.0026,0,0,0.0051,0.0048000000000000004,0.0049,66,52.36,-999,3,35,99.36,160,21.487499999999997,145,23.71,-999,-999,-999,-999,-999,-999,-999,-999,-999,-999,0,0,1,NA,NA
2334,15,12,1,1512,151201,305363,1,2,2,167,145,198,160,203,180,176,178,0,0,744,663,1407,0,0,0,0.0063,0,0,0.0057,0,0,0,0.0013,0.0015,0.0014,31,45.6,539,3,54,26.150000000000002,221,6.366515836999998,64,21.979999999999997,-999,-999,-999,-999,-999,-999,-999,-999,-999,-999,0,0,1,NA,NA
2335,15,12,1,1512,151201,305364,0,2,3,223,224,251,236,267,231,277,239,0,0,1018,930,1948,0,0.0045000000000000005,0.008,0,0.0037,0.013000000000000001,0.0036,0.0042,0,0,0.0039,0.0054,0.0046,22,88.77,616,3,32,60.52,136,14.32352941,62,31.419999999999998,-999,-999,-999,-999,-999,-999,-999,-999,-999,-999,0,0,1,NA,NA
2336,15,12,1,1512,151201,319601,1,2,1,254,226,292,240,284,273,296,290,0,0,1126,1029,2155,0,0,0,0.0083,0.0035,0.0037,0.0068000000000000005,0.0069,0,0,0.0027,0.0049,0.0037,41,52.13,-999,2,56,38.809999999999995,100,21.55,107,20.14,-999,-999,-999,-999,-999,-999,-999,-999,-999,-999,0,0,1,NA,NA
2337,15,12,1,1512,151201,305370,1,2,1,231,237,267,237,309,313,319,343,14,4,1140,1134,2274,0.0087,0,0,0.0042,0,0.0032,0,0.0087,0,0,0.0018,0.0044,0.0031,58,38.9,-999,2,65,34.91,101,22.51485149000001,142,16.01,-999,-999,-999,-999,-999,-999,-999,-999,-999,-999,0,0,1,NA,NA
2338,15,12,1,1512,151201,319604,0,2,1,184,171,184,167,208,202,207,207,0,0,783,747,1530,0,0,0,0,0,0,0,0,0,0,0,0,0,20,78.42,415,4,40,38.41,153,10,66,23.18,-999,-999,-999,-999,-999,-999,-999,-999,-999,-999,0,0,1,2338,0
2339,15,12,1,1512,151201,305367,1,2,1,484,479,515,498,580,543,551,477,0,0,2130,1997,4127,0.0041,0.0042,0.0175,0.0181,0.0155,0.0147,0.0236,0.0294,0,0,0.0155,0.0165,0.016,62,66.7,-999,3,69,60.17,211,19.559241710000002,154,26.8,-999,-999,-999,-999,-999,-999,-999,-999,-999,-999,0,0,1,2339,0
2340,15,12,1,1512,151201,305368,1,2,1,553,558,581,550,650,562,651,605,0,0,2435,2275,4710,0.0235,0.009,0.018900000000000004,0.02,0.043100000000000006,0.0196,0.0261,0.0149,0,0,0.028300000000000002,0.015799999999999998,0.0223,55,85.96000000000001,-999,2,46,101.93,170,27.70588235,179,26.310000000000002,-999,-999,-999,-999,-999,-999,-999,-999,-999,-999,0,0,1,NA,NA
2341,15,1,1,1501,150101,305391,1,2,1,284,265,364,332,426,346,460,385,0,0,1534,1328,2862,0,0,0,0,0,0,0,0,0,0,0,0,0,110,26.06,-999,1,34,83.81,69,41.47826087,187,15.3,-999,-999,-999,-999,-999,-999,-999,-999,-999,-999,0,0,1,NA,NA
2342,15,1,1,1501,150101,305388,1,2,1,849,858,1214,1047,1113,998,1040,999,0,0,4216,3902,8118,0.0012000000000000001,0.0023,0,0,0,0,0,0,0,0,2e-4,5e-4,4e-4,153,53.15,-999,2,148,54.730000000000004,58,139.9655172,340,23.88,-999,-999,-999,-999,-999,-999,-999,-999,-999,-999,0,0,1,NA,NA
2343,15,1,1,1501,150101,305383,1,2,2,387,325,442,412,388,391,416,419,0,0,1633,1547,3180,0,0,0,0.0024000000000000002,0,0,0,0,0,0,0,6.000000000000001e-4,3.0000000000000003e-4,32,99.38,-999,0,33,96.36,101,31.485148509999995,145,21.93,-999,-999,-999,-999,-999,-999,-999,-999,-999,-999,0,0,1,NA,NA
2344,15,1,1,1501,150101,305376,0,2,1,402,404,408,397,480,418,466,459,0,0,1756,1678,3434,0,0,0,0,0,0,0,0,0,0,0,0,0,57,60.27,-999,2,68,50.55,54,63.59259259000001,168,20.439999999999998,-999,-999,-999,-999,-999,-999,-999,-999,-999,-999,0,0,1,2344,1
2345,15,1,1,1501,150101,319708,0,2,1,122,115,133,127,143,115,128,122,0,0,526,479,1005,0,0,0,0.0079,0,0,0,0,0,0,0,0.0021,0.001,20,49.160000000000004,543,2,12,87.39,1247,0.8059342420000001,33,30.45,-999,-999,-999,-999,-999,-999,-999,-999,-999,-999,0,0,1,NA,NA
2346,15,1,1,1501,150101,305381,1,2,1,731,686,841,758,740,754,836,784,0,0,3148,2982,6130,0.0192,0.011699999999999999,0.0333,0.018500000000000003,0.0284,0.0199,0.0096,0.0051,0,0,0.0226,0.0137,0.018300000000000004,73,84.29,-999,2,66,93.28,27,227.03703700000003,312,19.650000000000002,-999,-999,-999,-999,-999,-999,-999,-999,-999,-999,0,0,1,NA,NA
2347,15,1,1,1501,150101,305378,0,2,1,99,111,96,97,109,147,124,138,0,0,428,493,921,0.0202,0,0,0,0,0,0,0,0,0,0.0047,0,0.0022,15,61.790000000000006,603,2,19,47.839999999999996,40,23.025,38,24.24,-999,-999,-999,-999,-999,-999,-999,-999,-999,-999,0,0,1,NA,NA
2348,15,1,1,1501,150101,305379,0,2,1,354,356,392,431,315,389,406,459,0,0,1467,1635,3102,0,0,0,0,0,0,0,0,0,0,0,0,0,56,55.39,-999,1,27,114.89,109,28.458715599999998,161,19.27,-999,-999,-999,-999,-999,-999,-999,-999,-999,-999,0,0,1,NA,NA
2349,15,1,1,1501,150101,305380,0,2,1,735,714,853,746,870,871,788,871,0,0,3246,3202,6448,0.0095,0.0084,0.0246,0.022799999999999997,0.013800000000000002,0.0172,0.0241,0.0172,0,0,0.0182,0.0166,0.017400000000000002,96,67.28,-999,1,44,147.72,28,230.2857143,278,23.19,-999,-999,-999,-999,-999,-999,-999,-999,-999,-999,0,0,1,NA,NA
2350,15,1,1,1501,150101,305372,0,2,1,361,278,389,401,507,443,492,435,0,0,1749,1557,3306,0.011099999999999999,0,0,0,0.0039,0.0045000000000000005,0.0122,0.0023,0,0,0.0069,0.0019,0.0045000000000000005,71,46.56,-999,1,3,-999,238,13.890756300000001,157,21.06,-999,-999,-999,-999,-999,-999,-999,-999,-999,-999,0,0,1,NA,NA
2351,15,1,1,1501,150101,305385,0,2,1,275,249,341,297,397,393,347,314,0,0,1360,1253,2613,0.036399999999999995,0.008,0.026400000000000003,0.0067,0.015099999999999999,0.0127,0.0058000000000000005,0.0287,0,0,0.0199,0.0144,0.0172,24,108.7,923,3,40,65.22,227,11.511013219999999,125,20.9,-999,-999,-999,-999,-999,-999,-999,-999,-999,-999,0,0,1,NA,NA
2352,15,4,1,1504,150401,305406,1,2,1,333,315,277,283,358,393,316,353,0,0,1284,1344,2628,0.027,0.0127,0.0325,0.0353,0.0447,0.028,0.034800000000000005,0.025500000000000002,0,0,0.034999999999999996,0.025300000000000003,0.0301,66,40.08,-999,2,126,20.88,281,9.352313167,183,14.360000000000001,-999,-999,-999,-999,-999,-999,-999,-999,-999,-999,0,0,1,NA,NA
2353,15,13,1,1513,151301,305417,1,2,1,487,470,583,514,613,601,566,584,0,0,2249,2169,4418,0.0103,0.0064,0.0069,0.0039,0.0082,0.005,0.0035,0.012,0,0,0.0071,0.0069,0.007,68,64.54,-999,2,58,76.35,2475,1.785050505,166,26.610000000000003,-999,-999,-999,-999,-999,-999,-999,-999,-999,-999,0,0,1,NA,NA
2354,15,13,1,1513,151301,305419,1,2,1,265,240,285,271,395,287,346,353,0,0,1291,1151,2442,0,0,0,0,0,0,0,0,0,0,0,0,0,49,49.790000000000006,-999,1,44,55.65,2626,0.9299314550000001,100,24.419999999999998,-999,-999,-999,-999,-999,-999,-999,-999,-999,-999,0,0,1,NA,NA
2355,15,13,1,1513,151301,305420,1,2,1,622,568,685,647,787,713,784,759,0,0,2878,2687,5565,0.0096,0.0035,0.0073,0.0077,0.0089,0.0098,0.0077,0.0053,0,0,0.0083,0.0067,0.0075,89,62.190000000000005,-999,1,114,48.8,439,12.676537590000002,184,30.24,-999,-999,-999,-999,-999,-999,-999,-999,-999,-999,0,0,1,2355,1
2356,15,13,1,1513,151301,305422,1,2,1,300,269,312,255,258,274,295,234,0,0,1165,1032,2197,0,0,0,0,0,0,0,0,0,0,0,0,0,66,33.25,-999,1,64,34.55,192,11.44270833,106,20.73,-999,-999,-999,-999,-999,-999,-999,-999,-999,-999,0,0,1,NA,NA
2357,15,13,1,1513,151301,320102,0,2,1,914,882,919,898,1036,1018,1039,1026,0,0,3908,3824,7732,0,0.0011,0,0,0.001,0,0,0,0,0,3.0000000000000003e-4,3.0000000000000003e-4,3.0000000000000003e-4,77,100.9,-999,3,62,125.47,26,297.3846154,333,23.22,-999,-999,-999,-999,-999,-999,-999,-999,-999,-999,0,0,1,NA,NA
2358,15,13,1,1513,151301,305416,0,2,1,459,411,488,466,538,495,508,526,0,0,1993,1898,3891,0,0,0,0,0,0,0,0,0,0,0,0,0,93,41.74,-999,1,59,65.66,3960,0.982575758,140,27.79,-999,-999,-999,-999,-999,-999,-999,-999,-999,-999,0,0,1,2358,0
2359,15,11,1,1511,151101,305424,0,2,2,1046,1024,1110,1093,1290,1272,1431,1328,8,5,4885,4722,9607,0.001,0.001,0.0018,0.0018,0.0023,8e-4,0.0042,0,0,0,0.0025,8e-4,0.0017000000000000001,131,73.57,-999,1,54,179.22,536,17.92350746,447,21.49,-999,-999,-999,-999,-999,-999,-999,-999,-999,-999,0,0,1,NA,NA
2360,15,11,1,1511,151101,305428,1,2,1,181,188,173,205,233,242,315,368,0,0,902,1003,1905,0.0166,0.016,0.017300000000000003,0,0.021500000000000002,0.0124,0.0127,0.0054,0,0,0.0166,0.008,0.0121,53,35.97,-999,1,32,59.949999999999996,145,13.137931029999999,127,15,-999,-999,-999,-999,-999,-999,-999,-999,-999,-999,0,0,1,2360,0
2361,15,11,1,1511,151101,305429,0,2,1,128,136,167,120,150,156,156,188,0,0,601,600,1201,0,0,0,0,0,0,0,0,0,0,0,0,0,24,50.39,537,2,12,104.13,1135,1.05814978,60,20.02,-999,-999,-999,-999,-999,-999,-999,-999,-999,-999,0,0,1,NA,NA
2362,15,11,1,1511,151101,320205,0,2,1,205,185,217,223,269,238,244,226,0,0,935,872,1807,0.0049,0.0108,0,0.009,0.0037,0.0042,0.0041,0,0,0,0.0032,0.0057,0.0044,34,53.71,676,3,37,48.339999999999996,697,2.592539455,70,25.810000000000002,-999,-999,-999,-999,-999,-999,-999,-999,-999,-999,0,0,1,NA,NA
2363,15,11,1,1511,151101,320203,0,2,1,335,374,346,304,359,348,426,389,0,0,1466,1415,2881,0,0,0,0,0,0,0,0,0,0,0,0,0,34,84.83,-999,3,30,96.95,1013,2.8440276410000003,130,22.16,-999,-999,-999,-999,-999,-999,-999,-999,-999,-999,0,0,1,NA,NA
2364,15,11,1,1511,151101,320204,0,2,1,301,295,265,244,363,296,296,302,0,0,1225,1137,2362,0.0166,0.0034000000000000002,0.0075,0.0082,0.0055,0.013500000000000002,0.016900000000000002,0.0232,0,0,0.011399999999999999,0.0123,0.011899999999999999,45,52.690000000000005,762,3,41,58.05,103,22.932038829999996,131,18.03,-999,-999,-999,-999,-999,-999,-999,-999,-999,-999,0,0,1,2364,0
2365,15,3,1,1503,150301,305430,0,2,1,526,513,550,571,657,660,563,556,0,0,2296,2300,4596,0.0684,0.0409,0.0636,0.0403,0.041100000000000005,0.0288,0.0337,0.0216,0,0,0.051000000000000004,0.032600000000000004,0.041800000000000004,71,64.3,-999,2,71,64.3,581,7.910499139000001,285,16.130000000000003,-999,-999,-999,-999,-999,-999,-999,-999,-999,-999,0,0,1,NA,NA
2366,15,3,1,1503,150301,305432,1,2,1,454,400,398,389,433,436,425,472,0,0,1710,1697,3407,0.0925,0.0475,0.0327,0.0257,0.067,0.0505,0.0447,0.0275,0,0,0.0602,0.0377,0.049,46,74.58,-999,3,36,93.61999999999999,218,15.62844037,152,22.41,-999,-999,-999,-999,-999,-999,-999,-999,-999,-999,0,0,1,NA,NA
2367,15,16,1,1516,151601,305440,0,2,1,295,259,308,315,323,320,338,329,12,16,1276,1239,2515,0.0068000000000000005,0.0039,0,0.0063,0.0031,0.0031,0,0.003,0,0,0.0024000000000000002,0.004,0.0032,28,89.26,373,7,45,56.2,246,10.22357724,91,27.64,-999,-999,-999,-999,-999,-999,-999,-999,-999,-999,0,0,1,NA,NA
2368,15,16,1,1516,151601,305441,0,2,1,427,397,341,343,384,393,416,472,8,5,1576,1610,3186,0,0,0,0,0,0,0,0,0,0,0,0,0,39,81.23,-999,3,30,105.6,147,21.67346939,125,25.49,-999,-999,-999,-999,-999,-999,-999,-999,-999,-999,0,0,1,NA,NA
2369,15,16,1,1516,151601,305446,0,2,1,330,288,340,343,369,357,336,371,12,14,1387,1373,2760,0.0121,0.0035,0.026500000000000003,0.029199999999999997,0.0108,0.014,0.029799999999999997,0,0,0,0.0195,0.011699999999999999,0.0156,42,65.58,-999,2,34,81.26,292,9.452054795000002,105,26.29,-999,-999,-999,-999,-999,-999,-999,-999,-999,-999,0,0,1,NA,NA
2370,15,16,1,1516,151601,320402,0,2,1,141,139,138,118,144,136,160,168,0,0,583,561,1144,0,0,0,0,0,0,0,0,0,0,0,0,0,22,51.879999999999995,798,1,27,42.56,127,9.007874016,75,15.25,-999,-999,-999,-999,-999,-999,-999,-999,-999,-999,0,0,1,NA,NA
2371,15,16,1,1516,151601,320403,0,2,1,102,129,137,118,152,114,143,139,0,0,534,500,1034,0,0,0,0,0,0.0175,0.007,0,0,0,0.0019,0.004,0.0029,18,58.32,561,2,13,79.14,515,2.00776699,55,18.8,-999,-999,-999,-999,-999,-999,-999,-999,-999,-999,0,0,1,NA,NA
2372,15,16,1,1516,151601,320404,0,2,1,329,302,369,343,327,348,406,363,0,0,1431,1356,2787,0.0274,0.0166,0.016300000000000002,0.011699999999999999,0.036699999999999997,0.0172,0.0197,0.0165,0,0,0.0245,0.0155,0.0201,36,78.02,-999,2,18,152.33,259,10.760617759999999,92,30.29,-999,-999,-999,-999,-999,-999,-999,-999,-999,-999,0,0,1,NA,NA
2373,15,16,1,1516,151601,320405,0,2,1,95,85,107,92,111,108,115,114,0,0,428,399,827,0,0,0,0,0.018000000000000002,0,0.0087,0.0088,0,0,0.007,0.0025,0.0048000000000000004,23,35.879999999999995,369,2,85,9.67,191,4.329842932,34,24.32,-999,-999,-999,-999,-999,-999,-999,-999,-999,-999,0,0,1,NA,NA
2374,15,16,1,1516,151601,305436,0,2,1,307,345,325,302,355,375,279,336,0,0,1266,1358,2624,0.016300000000000002,0.0029,0.015399999999999999,0.0066,0.0197,0.0053,0.0108,0.0089,0,0,0.015799999999999998,0.0059,0.0107,46,56.54,-999,2,34,76.74000000000001,79,33.21518987,141,18.610000000000003,-999,-999,-999,-999,-999,-999,-999,-999,-999,-999,0,0,1,NA,NA
2375,15,16,1,1516,151601,320407,0,2,1,70,68,72,85,72,90,57,84,0,0,271,327,598,0,0,0,0,0,0,0,0,0,0,0,0,0,23,25.459999999999997,446,1,59,10.19,62,9.645161289999999,37,16.16,-999,-999,-999,-999,-999,-999,-999,-999,-999,-999,0,0,1,NA,NA
2376,15,16,1,1516,151601,305442,0,2,1,134,138,156,140,161,132,150,144,0,0,601,554,1155,0.0448,0.0072,0.032100000000000004,0.021400000000000002,0.0124,0.022699999999999998,0.013300000000000001,0.0069,0,0,0.025,0.0144,0.0199,27,42.720000000000006,791,1,27,42.720000000000006,390,2.961538462,48,24.06,-999,-999,-999,-999,-999,-999,-999,-999,-999,-999,0,0,1,2376,0
2377,15,16,1,1516,151601,305443,0,2,1,550,542,619,587,633,617,608,653,29,13,2439,2412,4851,0.0164,0.0055,0.0113,0.0085,0.0205,0.013000000000000001,0.0115,0.0092,0,0,0.0148,0.009099999999999999,0.012,60,81.41000000000001,-999,3,58,83.88,123,39.43902439,166,29.22,-999,-999,-999,-999,-999,-999,-999,-999,-999,-999,0,0,1,NA,NA
2378,15,16,1,1516,151601,305444,0,2,1,182,154,182,196,218,172,168,190,17,6,767,718,1485,0,0.006500000000000001,0.0165,0,0.0092,0.017400000000000002,0.023799999999999998,0.0053,0,0,0.011699999999999999,0.007,0.009399999999999999,28,53.04,-999,1,25,59.4,116,12.80172414,68,21.84,-999,-999,-999,-999,-999,-999,-999,-999,-999,-999,0,0,1,2378,0
2379,15,16,1,1516,151601,305445,0,2,1,170,159,162,159,165,163,185,185,0,0,682,666,1348,0.0294,0.018900000000000004,0.0247,0.0126,0.0182,0.0245,0.05410000000000001,0.0432,0,0,0.0323,0.025500000000000002,0.028900000000000002,35,39.05,529,3,35,39.05,367,3.673024523,59,22.85,-999,-999,-999,-999,-999,-999,-999,-999,-999,-999,0,0,1,NA,NA
2380,15,5,1,1505,150501,305447,0,2,1,354,350,348,315,329,336,401,425,0,0,1432,1426,2858,0,0,0,0,0,0,0,0,0,0,0,0,0,40,71.59,-999,2,49,57.77,1259,2.2700555999999996,173,16.52,-999,-999,-999,-999,-999,-999,-999,-999,-999,-999,0,0,1,2380,0
2381,15,5,1,1505,150501,305450,0,2,1,208,162,190,211,188,213,246,215,0,0,832,801,1633,0,0,0.026300000000000004,0.0095,0.0053,0.0141,0.0285,0,0,0,0.0156,0.0062,0.011,24,67.07,420,4,50,32.97,475,3.437894737,76,21.49,-999,-999,-999,-999,-999,-999,-999,-999,-999,-999,0,0,1,2381,1
2382,15,5,1,1505,150501,340567,0,2,1,117,102,130,120,94,93,130,104,0,0,471,419,890,0,0.0098,0.015399999999999999,0,0.021300000000000003,0,0,0,0,0,0.0085,0.0024000000000000002,0.0056,15,57.94,555,2,30,29.8,162,5.49382716,28,31.79,-999,-999,-999,-999,-999,-999,-999,-999,-999,-999,0,0,1,2382,1
2383,15,5,1,1505,150501,320502,0,2,1,85,73,87,75,84,77,104,74,0,0,360,299,659,0,0,0,0,0,0,0,0,0,0,0,0,0,14,48.67,352,2,18,36.5,284,2.3204225349999996,42,15.69,-999,-999,-999,-999,-999,-999,-999,-999,-999,-999,0,0,1,NA,NA
2384,15,5,1,1505,150501,305449,0,2,1,185,193,180,186,217,185,198,196,0,0,780,760,1540,0,0,0,0,0,0,0,0,0,0,0,0,0,20,78.77,986,2,26,59.760000000000005,549,2.805100182,77,20,-999,-999,-999,-999,-999,-999,-999,-999,-999,-999,0,0,1,NA,NA
2385,15,5,1,1505,150501,305452,0,2,1,342,327,342,345,378,342,366,390,0,0,1428,1404,2832,0,0,0,0,0,0,0,0,0,0,0,0,0,32,87.58,986,3,27,105.1,682,4.152492668999999,134,21.130000000000003,-999,-999,-999,-999,-999,-999,-999,-999,-999,-999,0,0,1,2385,0
2386,15,5,1,1505,150501,320504,0,2,1,108,116,119,127,145,128,159,146,0,0,531,517,1048,0,0.0086,0,0,0.0069,0,0.0377,0.0137,0,0,0.013200000000000002,0.0058000000000000005,0.0095,15,67.76,445,2,13,82.29,253,4.142292490000001,61,17.18,-999,-999,-999,-999,-999,-999,-999,-999,-999,-999,0,0,1,NA,NA
2387,15,15,2,1515,151502,305411,1,2,2,509,479,605,590,699,660,693,670,41,28,2547,2427,4974,0.0314,0.0063,0.0231,0.0153,0.0472,0.0106,0.0202,0.0075,0,0,0.030199999999999998,0.009899999999999999,0.020300000000000002,94,53.14,790,6,178,27.939999999999998,204,24.382352939999997,361,13.78,-999,-999,-999,-999,-999,-999,-999,-999,-999,-999,0,0,1,2387,1
2388,15,15,2,1515,151502,305412,1,2,1,600,554,569,554,722,688,709,711,0,0,2600,2507,5107,0.03,0.0144,0.022799999999999997,0.0144,0.037399999999999996,0.016,0.009899999999999999,0.007,0,0,0.025,0.0128,0.019,88,58.21,-999,2,209,24.419999999999998,1627,3.138905962,245,20.84,-999,-999,-999,-999,-999,-999,-999,-999,-999,-999,0,0,1,2388,0
2389,15,15,2,1515,151502,305462,0,2,3,146,117,170,146,160,182,184,178,0,0,660,623,1283,0,0,0,0,0,0,0,0,0,0,0,0,0,22,58.32,852,2,20,64.57,218,5.885321101000001,0,-999,-999,-999,-999,-999,-999,-999,-999,-999,-999,-999,0,0,1,NA,NA
2390,15,15,2,1515,151502,305464,0,2,1,256,220,283,252,280,255,289,269,0,0,1108,996,2104,0.058600000000000006,0.036399999999999995,0.0353,0.0159,0.057100000000000005,0.0078000000000000005,0.0035,0.029699999999999997,0,0,0.037899999999999996,0.022099999999999998,0.0304,23,89.76,998,2,40,52.89,135,15.58518519,76,27.68,-999,-999,-999,-999,-999,-999,-999,-999,-999,-999,0,0,1,NA,NA
2391,15,15,2,1515,151502,305459,1,2,1,398,346,500,471,503,535,574,590,0,0,1975,1942,3917,0,0,0,0,0,0.0019,0,0,0,0,0,5e-4,3.0000000000000003e-4,64,61.08,-999,2,91,43.120000000000005,325,12.052307690000001,145,27.01,-999,-999,-999,-999,-999,-999,-999,-999,-999,-999,0,0,1,2391,0
2392,15,15,2,1515,151502,305463,1,2,2,696,671,838,766,871,862,925,1019,28,18,3358,3336,6694,0,0,0,0,0,0.0012000000000000001,0,0,0,0,0,3.0000000000000003e-4,1e-4,104,64.27,-999,2,155,43.08,184,36.380434779999995,434,15.42,-999,-999,-999,-999,-999,-999,-999,-999,-999,-999,0,0,1,NA,NA
2393,15,15,2,1515,151502,320602,0,2,1,76,59,95,67,139,115,206,162,0,0,516,403,919,0,0,0,0,0,0,0,0,0,0,0,0,0,9,105.06,410,2,6,152.82000000000002,134,6.858208955,83,11.07,-999,-999,-999,-999,-999,-999,-999,-999,-999,-999,0,0,1,NA,NA
2394,15,15,2,1515,151502,320605,1,2,1,525,426,589,554,611,646,593,595,0,0,2318,2221,4539,0,0,0,0,0,0,0,0.0017000000000000001,0,0,0,5e-4,2e-4,38,120.29,-999,2,30,150.36,104,43.64423077,193,23.52,-999,-999,-999,-999,-999,-999,-999,-999,-999,-999,0,0,1,NA,NA
2395,15,15,2,1515,151502,320606,0,2,3,140,130,145,148,193,182,228,226,0,0,706,686,1392,0,0,0,0,0,0.0055,0,0,0,0,0,0.0015,7e-4,21,66,832,2,38,36.67,168,8.285714286000001,76,18.32,-999,-999,-999,-999,-999,-999,-999,-999,-999,-999,0,0,1,2395,1
2396,15,15,2,1515,151502,305465,1,2,1,408,369,409,415,527,465,538,506,0,0,1882,1755,3637,0,0,0,0,0,0,0,0,0,0,0,0,0,48,75.63,-999,1,44,82.63,387,9.397932817000003,186,19.55,-999,-999,-999,-999,-999,-999,-999,-999,-999,-999,0,0,1,2396,0
2397,15,15,2,1515,151502,320001,0,2,1,329,252,307,312,349,341,372,339,0,0,1357,1244,2601,0.003,0,0.0033,0,0,0.0029,0.0081,0.0029,0,0,0.0037,0.0015999999999999999,0.0027,54,47.89,-999,2,108,24.130000000000003,986,2.637931034,152,17.110000000000003,-999,-999,-999,-999,-999,-999,-999,-999,-999,-999,0,0,1,NA,NA
2398,15,15,1,1515,151501,305466,1,2,1,234,211,256,220,283,245,235,246,0,0,1008,922,1930,0.0085,0,0.0156,0.009099999999999999,0.0071,0,0.0085,0.0122,0,0,0.009899999999999999,0.0054,0.0078000000000000005,36,53.59,-999,2,38,50.5,131,14.732824429999999,136,14.19,-999,-999,-999,-999,-999,-999,-999,-999,-999,-999,0,0,1,NA,NA
2399,15,7,10,1507,150710,305295,1,4,1,667,725,636,712,557,636,488,617,0,0,2348,2690,5038,0.021,0.011,0.0204,0.014,0.0126,0.0157,0.0225,0.0162,0,0,0.0192,0.0141,0.0165,94,53.6,-999,2,64,78.72,3978,1.2664655610000002,224,22.49,-999,-999,-999,-999,-999,-999,-999,-999,-999,-999,0,0,1,2399,0
2400,15,7,10,1507,150710,305290,1,4,1,273,196,302,261,382,290,303,299,0,0,1260,1046,2306,0.0879,0.051000000000000004,0.05960000000000001,0.0345,0.0393,0.013800000000000002,0.0165,0.01,0,0,0.0492,0.024900000000000002,0.0382,43,53.63,-999,2,57,40.46,222,10.38738739,119,19.38,-999,-999,-999,-999,-999,-999,-999,-999,-999,-999,0,0,1,NA,NA
2401,15,7,6,1507,150706,305315,0,4,1,389,324,347,365,410,408,406,417,0,0,1552,1514,3066,0.018000000000000002,0.015399999999999999,0.0115,0.0055,0.0122,0.0049,0.0123,0.0192,0,0,0.013500000000000002,0.0112,0.0124,87,35.24,-999,1,91,33.690000000000005,1272,2.4103773580000003,156,19.650000000000002,-999,-999,-999,-999,-999,-999,-999,-999,-999,-999,0,0,1,NA,NA
2402,15,7,5,1507,150705,305304,0,4,1,222,193,209,191,234,217,247,243,0,0,912,844,1756,0.0045000000000000005,0,0.0144,0,0.0085,0.0046,0,0,0,0,0.0066,0.0012000000000000001,0.004,40,43.9,-999,1,30,58.53,81,21.67901235,116,15.139999999999999,-999,-999,-999,-999,-999,-999,-999,-999,-999,-999,0,0,1,NA,NA
2403,15,7,5,1507,150705,305306,0,4,1,461,450,597,612,597,682,656,649,0,0,2311,2393,4704,0.0152,0.0067,0.0218,0.0033,0.0235,0.013200000000000002,0.0107,0.0062,0,0,0.0177,0.0075,0.0125,-999,-999,-999,0,36,130.67,1475,3.1891525420000004,255,18.45,-999,-999,-999,-999,-999,-999,-999,-999,-999,-999,0,0,1,NA,NA
2404,15,14,1,1514,151401,305324,0,4,1,159,156,162,170,181,163,173,173,0,0,675,662,1337,0.0063,0.0064,0.0062,0.0059,0.0055,0,0.0116,0.0058000000000000005,0,0,0.0074,0.0045000000000000005,0.006,30,44.57,991,1,22,60.77,1430,0.93496503500000006,105,12.729999999999999,-999,-999,-999,-999,-999,-999,-999,-999,-999,-999,0,0,1,2404,0
2405,15,14,1,1514,151401,305334,1,4,1,289,271,357,329,451,379,377,341,0,0,1474,1320,2794,0,0.0037,0,0.0061,0.02,0.0053,0.018600000000000002,0.0147,0,0,0.0109,0.0076,0.0093,36,77.61,-999,1,16,174.63,3231,0.8647477560000002,110,25.4,-999,-999,-999,-999,-999,-999,-999,-999,-999,-999,0,0,1,2405,0
2406,15,14,1,1514,151401,305344,0,4,1,444,400,491,430,579,515,495,469,0,0,2009,1814,3823,0,0,0.002,0,0,0,0,0,0,0,5e-4,0,3.0000000000000003e-4,35,109.23,-999,2,51,74.96000000000001,1076,3.552973978,163,23.45,-999,-999,-999,-999,-999,-999,-999,-999,-999,-999,0,0,1,NA,NA
2407,15,14,1,1514,151401,305337,0,4,1,1051,957,1057,1071,1276,1350,1228,1197,0,0,4612,4575,9187,0.001,0,0,0,0,0,0,0,0,0,2e-4,0,1e-4,76,120.88,-999,3,90,102.08,6147,1.494550187,293,31.35,-999,-999,-999,-999,-999,-999,-999,-999,-999,-999,0,0,1,2407,0
2408,15,14,1,1514,151401,305338,0,4,1,367,334,423,411,403,415,438,438,0,0,1631,1598,3229,0.016300000000000002,0.006,0.026000000000000002,0.0073,0.0149,0.016900000000000002,0.011399999999999999,0.0137,0,0,0.0172,0.0113,0.0142,34,94.97,-999,2,24,134.54,18,179.38888890000004,130,24.84,-999,-999,-999,-999,-999,-999,-999,-999,-999,-999,0,0,1,2408,0
2409,15,14,1,1514,151401,305332,0,4,1,627,592,700,642,706,669,746,721,0,0,2779,2624,5403,0.008,0.0034000000000000002,0.011399999999999999,0.0047,0.009899999999999999,0.003,0.0013,0.0014,0,0,0.0076,0.003,0.0054,52,103.9,-999,2,71,76.1,317,17.044164040000002,202,26.75,-999,-999,-999,-999,-999,-999,-999,-999,-999,-999,0,0,1,NA,NA
2410,15,14,1,1514,151401,305635,0,4,1,277,246,266,227,324,313,266,275,0,0,1133,1061,2194,0.0181,0.016300000000000002,0.026300000000000004,0,0.015399999999999999,0.0096,0.015,0.0218,0,0,0.018500000000000003,0.0123,0.0155,21,104.48,940,2,41,53.51,2751,0.7975281719999999,71,30.9,-999,-999,-999,-999,-999,-999,-999,-999,-999,-999,0,0,1,2410,0
2411,15,1,1,1501,150101,319706,0,4,1,179,179,235,211,218,186,252,260,0,0,884,836,1720,0.0223,0.0112,0.017,0.0237,0.0229,0.0323,0.0159,0.0038,0,0,0.0192,0.0167,0.018000000000000002,25,68.8,-999,2,28,61.43,20,86,73,23.56,-999,-999,-999,-999,-999,-999,-999,-999,-999,-999,0,0,1,NA,NA
2412,15,1,1,1501,150101,305390,0,4,1,206,232,283,219,263,248,356,328,0,0,1108,1027,2135,0.009699999999999999,0.0043,0.0424,0.0274,0.041800000000000004,0.0161,0.016900000000000002,0.003,0,0,0.028,0.011699999999999999,0.0201,38,56.18,-999,2,35,61,1001,2.132867132999999,98,21.79,-999,-999,-999,-999,-999,-999,-999,-999,-999,-999,0,0,1,NA,NA
2413,15,1,1,1501,150101,305371,0,4,1,199,181,181,163,189,170,214,214,0,0,783,728,1511,0.015099999999999999,0.0055,0.0055,0.0061,0.0053,0.0059,0.0327,0.014,0,0,0.0153,0.0082,0.011899999999999999,32,47.220000000000006,-999,1,23,65.7,1,1511,53,28.51,-999,-999,-999,-999,-999,-999,-999,-999,-999,-999,0,0,1,NA,NA
2414,15,1,1,1501,150101,305384,1,4,1,265,203,274,269,364,312,315,306,0,0,1218,1090,2308,0.083,0.0345,0.06570000000000001,0.0409,0.0522,0.0353,0.0159,0.0261,0,0,0.052500000000000005,0.0339,0.043800000000000006,32,72.13,-999,2,56,41.21,914,2.525164114,103,22.41,-999,-999,-999,-999,-999,-999,-999,-999,-999,-999,0,0,1,2414,0
2415,15,1,1,1501,150101,305374,1,4,1,1219,1103,1172,1144,1308,1329,1363,1328,0,0,5062,4904,9966,0.0033,0.0036,0.0043,0.0017000000000000001,0.0023,0.0023,7e-4,8e-4,0,0,0.0026,0.002,0.0023,142,70.17999999999999,-999,2,103,96.76,322,30.95031056,353,28.23,-999,-999,-999,-999,-999,-999,-999,-999,-999,-999,0,0,1,NA,NA
2416,15,1,1,1501,150101,319701,0,4,1,367,337,411,379,455,456,520,470,0,0,1753,1642,3395,0.0272,0.0208,0.0049,0.0079,0.0176,0.0175,0.0115,0.0128,0,0,0.0148,0.0146,0.0147,39,87.05,-999,2,35,97,60,56.58333333000001,159,21.35,-999,-999,-999,-999,-999,-999,-999,-999,-999,-999,0,0,1,NA,NA
2417,15,1,1,1501,150101,305377,1,4,1,163,140,206,149,168,202,200,184,0,0,737,675,1412,0,0,0,0,0,0,0,0,0,0,0,0,0,15,94.13,714,2,19,74.32,4,353,74,19.08,-999,-999,-999,-999,-999,-999,-999,-999,-999,-999,0,0,1,NA,NA
2418,15,1,1,1501,150101,319703,0,4,1,63,44,79,72,76,67,104,75,0,0,322,258,580,0,0,0,0,0,0,0,0,0,0,0,0,0,8,72.5,355,2,8,72.5,361,1.606648199,34,17.06,-999,-999,-999,-999,-999,-999,-999,-999,-999,-999,0,0,1,NA,NA
2419,15,1,1,1501,150101,305386,1,4,1,341,291,349,350,332,369,380,382,0,0,1402,1392,2794,0.0235,0.0137,0.043000000000000003,0.02,0.0392,0.0325,0.0211,0.0236,0,0,0.0314,0.023,0.0272,34,82.17999999999999,-999,2,8,349.25,47,59.44680851,108,25.87,-999,-999,-999,-999,-999,-999,-999,-999,-999,-999,0,0,1,NA,NA
2420,15,1,1,1501,150101,305387,0,4,1,247,265,307,280,261,288,283,315,0,0,1098,1148,2246,0,0,0,0.0036,0,0,0,0,0,0,0,9.000000000000001e-4,4e-4,36,62.39,-999,2,43,52.230000000000004,120,18.71666667,86,26.12,-999,-999,-999,-999,-999,-999,-999,-999,-999,-999,0,0,1,NA,NA
2421,15,4,1,1504,150401,305407,1,4,1,167,143,146,165,200,225,194,187,0,0,707,720,1427,0.035899999999999994,0.014,0.0274,0.0061,0.03,0.0178,0.0155,0.037399999999999996,0,0,0.026900000000000004,0.0194,0.0231,25,57.08,514,3,52,27.439999999999998,17,83.94117647000002,71,20.1,-999,-999,-999,-999,-999,-999,-999,-999,-999,-999,0,0,1,NA,NA
2422,15,4,1,1504,150401,305409,1,4,1,231,176,253,244,254,230,286,271,13,7,1037,928,1965,0.0563,0.0455,0.019799999999999998,0.0164,0.035399999999999994,0.017400000000000002,0.042,0.0295,0,0,0.0376,0.025900000000000003,0.032100000000000004,43,45.7,-999,2,93,21.130000000000003,396,4.962121212,103,19.08,-999,-999,-999,-999,-999,-999,-999,-999,-999,-999,0,0,1,NA,NA
2423,15,4,1,1504,150401,320002,0,4,1,189,180,214,157,188,236,245,228,0,0,836,801,1637,0.0053,0.0056,0.0093,0,0.0106,0.0085,0.0082,0,0,0,0.0084,0.0037,0.0061,36,45.47,185,9,45,36.379999999999995,459,3.5664488019999996,86,19.03,-999,-999,-999,-999,-999,-999,-999,-999,-999,-999,0,0,1,NA,NA
2424,15,4,1,1504,150401,305408,0,4,1,288,293,290,277,253,257,203,216,27,27,1061,1070,2131,0.017400000000000002,0.0102,0.0345,0.0217,0.011899999999999999,0.0039,0.0246,0.0231,0,0.037,0.0217,0.015,0.018300000000000004,35,60.89,427,5,38,56.08,347,6.141210375,84,25.37,-999,-999,-999,-999,-999,-999,-999,-999,-999,-999,0,0,1,NA,NA
2425,15,13,1,1513,151301,305414,1,4,1,354,279,411,334,401,389,461,394,0,0,1627,1396,3023,0,0,0,0,0,0,0,0.0025,0,0,0,7e-4,3.0000000000000003e-4,-999,-999,-999,2,4,755.75,102,29.637254900000006,105,28.79,-999,-999,-999,-999,-999,-999,-999,-999,-999,-999,0,0,1,NA,NA
2426,15,13,1,1513,151301,305421,0,4,1,587,542,681,615,814,728,765,727,0,0,2847,2612,5459,0.0068000000000000005,0.0055,0.0088,0.0049,0.011099999999999999,0.0055,0.006500000000000001,0.0069,0,0,0.0084,0.0057,0.0071,64,85.3,-999,2,40,136.48000000000002,10,545.9,190,28.73,-999,-999,-999,-999,-999,-999,-999,-999,-999,-999,0,0,1,NA,NA
2427,15,13,1,1513,151301,305418,0,4,1,511,454,566,541,656,617,639,631,0,0,2372,2243,4615,0.0039,0,0.0035,0.0018,0.0046,0.0081,0.0031,0.0032,0,0,0.0038,0.0036,0.0037,81,56.98,-999,2,126,36.63,2399,1.9237182159999997,189,24.419999999999998,-999,-999,-999,-999,-999,-999,-999,-999,-999,-999,0,0,1,2427,1
2428,15,11,1,1511,151101,305975,0,4,1,157,146,181,127,169,153,198,159,0,0,705,585,1290,0,0,0,0,0,0,0,0,0,0,0,0,0,12,107.5,425,3,15,86,1067,1.208997188,46,28.04,-999,-999,-999,-999,-999,-999,-999,-999,-999,-999,0,0,1,NA,NA
2429,15,11,1,1511,151101,320202,0,4,1,78,57,70,59,113,90,113,95,0,0,374,301,675,0,0,0,0,0,0,0,0,0,0,0,0,0,16,42.190000000000005,320,2,15,45,753,0.8964143429999999,54,12.5,-999,-999,-999,-999,-999,-999,-999,-999,-999,-999,0,0,1,2429,1
2430,15,11,1,1511,151101,300553,0,4,1,348,365,325,309,385,415,332,373,0,0,1390,1462,2852,0,0,0,0,0,0.0024000000000000002,0,0.0054,0,0,0,0.0021,0.0011,32,89.13,-999,2,36,79.22,1136,2.51056338,166,17.18,-999,-999,-999,-999,-999,-999,-999,-999,-999,-999,0,0,1,NA,NA
2431,15,11,1,1511,151101,305974,0,4,1,189,154,198,187,234,200,267,271,0,0,888,812,1700,0.0212,0.0195,0.0051,0.0107,0.0043,0.005,0.0037,0.0037,0,0,0.0079,0.0086,0.0082,13,130.76999999999998,652,3,18,94.44000000000001,600,2.8333333329999997,57,29.82,-999,-999,-999,-999,-999,-999,-999,-999,-999,-999,0,0,1,NA,NA
2432,15,11,1,1511,151101,305976,0,4,1,176,121,190,157,197,191,197,169,0,0,760,638,1398,0,0,0,0,0,0.0105,0,0,0,0,0,0.0031,0.0014,19,73.58,251,6,19,73.58,103,13.572815530000002,47,29.74,-999,-999,-999,-999,-999,-999,-999,-999,-999,-999,0,0,1,NA,NA
2433,15,3,1,1503,150301,305431,0,4,1,432,460,413,460,531,537,557,549,32,23,1965,2029,3994,0.0301,0.006500000000000001,0.0339,0.0239,0.0207,0.0168,0.021500000000000002,0.0146,0,0,0.025400000000000002,0.0153,0.020300000000000002,29,137.72,-999,2,16,249.63,317,12.59936909,391,10.209999999999999,-999,-999,-999,-999,-999,-999,-999,-999,-999,-999,0,0,1,NA,NA
2434,15,3,1,1503,150301,305433,0,4,1,323,291,306,273,324,356,347,351,0,0,1300,1271,2571,0.0402,0.0275,0.0425,0.018300000000000004,0.0309,0.014,0.025900000000000003,0.0313,0,0,0.034600000000000006,0.022799999999999997,0.0288,31,82.94000000000001,-999,2,18,142.83,261,9.850574713000002,109,23.59,-999,-999,-999,-999,-999,-999,-999,-999,-999,-999,0,0,1,NA,NA
2435,15,3,1,1503,150301,320302,0,4,1,326,264,355,291,342,314,295,277,0,0,1318,1146,2464,0,0,0,0,0,0.0032,0,0.0072,0,0,0,0.0026,0.0012000000000000001,31,79.48,-999,2,40,61.6,241,10.224066389999999,0,-999,-999,-999,-999,-999,-999,-999,-999,-999,-999,-999,0,0,1,NA,NA
2436,15,3,1,1503,150301,320303,0,4,1,164,159,145,136,153,134,130,136,0,0,592,565,1157,0,0,0,0,0.0196,0.0149,0,0,0,0,0.0051,0.0035,0.0043,21,55.1,733,2,37,31.27,129,8.968992248000001,0,-999,-999,-999,-999,-999,-999,-999,-999,-999,-999,-999,0,0,1,NA,NA
2437,15,3,1,1503,150301,305434,0,4,1,374,378,405,420,378,431,449,375,0,0,1606,1604,3210,0.053500000000000006,0.0476,0.029599999999999998,0.0286,0.0344,0.0232,0.0267,0.021300000000000003,0,0,0.0355,0.0299,0.0327,47,68.3,-999,1,53,60.57,197,16.294416239999997,379,8.47,-999,-999,-999,-999,-999,-999,-999,-999,-999,-999,0,0,1,2437,0
2438,15,3,1,1503,150301,320305,0,4,1,188,181,225,195,175,125,246,200,0,0,834,701,1535,0.026600000000000002,0,0.0178,0.0103,0.011399999999999999,0,0.0041,0.01,0,0,0.0144,0.0057,0.0104,16,95.94000000000001,870,2,23,66.74000000000001,102,15.04901961,155,9.9,-999,-999,-999,-999,-999,-999,-999,-999,-999,-999,0,0,1,NA,NA
2439,15,3,1,1503,150301,320306,0,4,1,409,340,424,380,395,385,411,448,0,0,1639,1553,3192,0,0,0,0,0,0,0,0,0,0,0,0,0,27,118.22,-999,2,15,212.8,20,159.6,108,29.56,-999,-999,-999,-999,-999,-999,-999,-999,-999,-999,0,0,1,2439,0
2440,15,16,1,1516,151601,305567,0,4,1,190,158,232,196,241,233,228,222,0,0,891,809,1700,0,0,0,0,0,0,0,0,0,0,0,0,0,20,85,915,2,41,41.46,630,2.698412698,69,24.64,-999,-999,-999,-999,-999,-999,-999,-999,-999,-999,0,0,1,NA,NA
2441,15,16,1,1516,151601,305568,0,4,1,155,154,181,181,165,181,194,193,0,0,695,709,1404,0,0,0,0,0,0,0,0,0,0,0,0,0,16,87.75,900,2,17,82.59,344,4.081395349,57,24.630000000000003,-999,-999,-999,-999,-999,-999,-999,-999,-999,-999,0,0,1,2441,0
2442,15,16,1,1516,151601,305705,0,4,1,152,152,129,143,113,123,123,162,0,0,517,580,1097,0.0197,0.0066,0.031,0.021,0.0177,0,0.0244,0,0,0,0.0232,0.0069,0.0146,25,43.879999999999995,-999,1,53,20.7,13,84.38461538000001,45,24.38,-999,-999,-999,-999,-999,-999,-999,-999,-999,-999,0,0,1,NA,NA
2443,15,16,1,1516,151601,305707,0,4,1,108,106,104,112,129,102,134,135,0,0,475,455,930,0,0.018900000000000004,0.07690000000000001,0.0446,0.0078000000000000005,0.0098,0.0299,0.0074,0,0,0.0274,0.019799999999999998,0.0237,20,46.5,415,2,50,18.6,58,16.034482760000003,64,14.53,-999,-999,-999,-999,-999,-999,-999,-999,-999,-999,0,0,1,NA,NA
2444,15,16,1,1516,151601,305566,0,4,1,122,101,147,139,151,142,149,154,0,0,569,536,1105,0.0902,0.009899999999999999,0.0272,0.0072,0.0397,0.0282,0.053700000000000005,0.013000000000000001,0,0,0.051000000000000004,0.0149,0.0335,13,85,541,2,32,34.53,203,5.4433497540000015,52,21.25,-999,-999,-999,-999,-999,-999,-999,-999,-999,-999,0,0,1,NA,NA
2445,15,16,1,1516,151601,320408,0,4,1,161,182,187,163,187,220,193,177,0,0,728,742,1470,0.0124,0.0165,0,0,0.0053,0,0,0.0056,0,0,0.0041,0.0054,0.0048000000000000004,32,45.94,827,2,39,37.690000000000005,385,3.8181818180000002,63,23.330000000000002,-999,-999,-999,-999,-999,-999,-999,-999,-999,-999,0,0,1,NA,NA
2446,15,5,1,1505,150501,305448,0,4,1,81,71,96,70,84,80,88,84,0,0,349,305,654,0,0,0,0,0,0,0,0,0,0,0,0,0,10,65.4,585,1,0,-999,360,1.8166666669999998,44,14.860000000000001,-999,-999,-999,-999,-999,-999,-999,-999,-999,-999,0,0,1,NA,NA
2447,15,5,1,1505,150501,320501,0,4,1,259,227,239,227,305,310,323,325,0,0,1126,1089,2215,0,0,0,0,0,0,0,0,0,0,0,0,0,11,201.36,683,3,10,221.5,765,2.8954248369999998,80,27.69,-999,-999,-999,-999,-999,-999,-999,-999,-999,-999,0,0,1,NA,NA
2448,15,5,1,1505,150501,305451,1,4,1,217,195,208,188,211,201,232,218,0,0,868,802,1670,0,0,0,0,0,0,0,0,0,0,0,0,0,14,119.29,911,2,42,39.760000000000005,636,2.625786164,92,18.150000000000002,-999,-999,-999,-999,-999,-999,-999,-999,-999,-999,0,0,1,NA,NA
2449,15,15,2,1515,151502,305461,1,4,2,152,160,146,149,158,166,167,145,0,0,623,620,1243,0,0,0,0,0,0,0,0,0,0,0,0,0,18,69.06,600,2,27,46.04,114,10.90350877,152,8.18,-999,-999,-999,-999,-999,-999,-999,-999,-999,-999,0,0,1,2449,0
2450,15,15,2,1515,151502,320612,0,4,1,132,105,123,151,141,167,137,137,0,0,533,560,1093,0.0076,0.0286,0.016300000000000002,0.0199,0.0284,0.012,0,0.021900000000000003,0,0,0.0131,0.0196,0.0165,15,72.86999999999999,900,1,20,54.65,32,34.15625,36,30.36,-999,-999,-999,-999,-999,-999,-999,-999,-999,-999,0,0,1,NA,NA
2451,15,9,1,1509,150901,320701,0,4,1,345,338,357,340,394,339,352,342,0,0,1448,1359,2807,0.0232,0.0059,0.0028,0.0088,0.0355,0.0118,0.0142,0.0322,0,0,0.0193,0.0147,0.0171,44,63.8,-999,2,77,36.449999999999996,162,17.327160490000004,105,26.73,-999,-999,-999,-999,-999,-999,-999,-999,-999,-999,0,0,1,NA,NA
2452,15,9,1,1509,150901,305470,0,4,2,705,600,540,554,608,600,530,565,36,23,2419,2342,4761,0,0,0,0,0,0,0,0,0,0,0,0,0,144,33.06,-999,1,266,17.9,398,11.96231156,228,20.88,-999,-999,-999,-999,-999,-999,-999,-999,-999,-999,0,0,1,NA,NA
2453,15,9,1,1509,150901,305471,0,4,2,375,423,343,300,363,376,385,381,0,0,1466,1480,2946,0.0107,0,0,0,0.0055,0.008,0,0,0,0,0.0041,0.002,0.0031,51,57.760000000000005,-999,2,27,109.11,200,14.729999999999999,214,13.77,-999,-999,-999,-999,-999,-999,-999,-999,-999,-999,0,0,1,2453,0
2454,15,9,1,1509,150901,320702,0,4,3,314,291,297,294,334,378,374,400,0,0,1319,1363,2682,0.0064,0,0,0.0068000000000000005,0.003,0,0.0053,0.0025,0,0,0.0038,0.0022,0.003,27,99.33,-999,2,58,46.24,686,3.9096209909999997,0,-999,-999,-999,-999,-999,-999,-999,-999,-999,-999,-999,0,0,1,NA,NA
2455,17,7,1,1707,170701,302789,0,2,1,206,171,198,202,239,244,247,237,0,0,890,854,1744,0.0388,0.0175,0.0051,0.005,0.0167,0.0041,0.0891,0.0295,0,0,0.0393,0.0141,0.026900000000000004,22,77.78,-999,1,24,71.79,0,-999,64,27.25,-999,-999,-999,-999,-999,-999,-999,-999,-999,-999,0,0,1,NA,NA
2456,17,5,1,1705,170501,501108,0,1,1,20,29,15,29,14,16,21,19,0,0,70,93,163,0,0,0,0,0,0,0,0,0,0,0,0,0,5,32.43,-999,0,4,37.83,6,27.166666669999998,7,23.29,-999,-999,-999,-999,-999,-999,-999,-999,-999,-999,0,0,1,NA,NA
2457,17,1,1,1701,170101,500189,0,1,1,95,115,152,129,145,141,153,137,0,0,545,522,1067,0,0.017400000000000002,0.0066,0,0.013800000000000002,0.021300000000000003,0.0261,0.0073,0,0,0.0128,0.0115,0.0122,25,43.47,909,1,40,26.75,89,11.98876404,38,28.08,-999,-999,-999,-999,-999,-999,-999,-999,-999,-999,0,0,1,NA,NA
2458,17,4,1,1704,170401,303166,0,2,1,100,83,87,93,99,95,82,77,0,0,368,348,716,0.04,0.012,0.046,0.0108,0.0404,0.042100000000000005,0.1098,0.0519,0,0,0.057100000000000005,0.0287,0.043300000000000005,13,53.37,300,2,14,50.7,144,4.972222222000001,26,27.54,-999,-999,-999,-999,-999,-999,-999,-999,-999,-999,0,0,1,NA,NA
2459,17,4,1,1704,170401,303167,1,2,1,169,161,208,168,210,196,209,194,0,0,796,719,1515,0.0414,0.0124,0.0192,0.011899999999999999,0.0048000000000000004,0,0.0048000000000000004,0,0,0,0.016300000000000002,0.0056,0.0112,18,84.26,715,2,26,58.33,43,35.232558140000016,55,27.55,-999,-999,-999,-999,-999,-999,-999,-999,-999,-999,0,0,1,NA,NA
2460,17,2,1,1702,170201,303221,1,2,2,328,306,333,356,381,361,420,414,0,0,1462,1437,2899,0,0.0033,0,0,0,0,0.0024000000000000002,0,0,0,7e-4,7e-4,7e-4,64,45.27,-999,2,57,51.11,50,57.98,239,12.129999999999999,-999,-999,-999,-999,-999,-999,-999,-999,-999,-999,0,0,1,NA,NA
2461,17,8,1,1708,170801,302591,1,2,1,107,87,108,106,149,135,135,142,0,0,499,470,969,0.028,0,0.0093,0.009399999999999999,0.0201,0.0074,0.0148,0,0,0,0.018000000000000002,0.0043,0.011399999999999999,19,50.790000000000006,569,2,20,49.03,86,11.26744186,45,21.53,-999,-999,-999,-999,-999,-999,-999,-999,-999,-999,0,0,1,NA,NA
2462,17,1,1,1701,170101,302712,0,2,2,363,359,403,381,461,451,494,451,0,0,1721,1642,3363,0,0,0,0,0,0,0,0,0,0,0,0,0,64,52.57,-999,1,65,52.03,100,33.63,132,25.479999999999997,-999,-999,-999,-999,-999,-999,-999,-999,-999,-999,0,0,1,NA,NA
2463,17,1,1,1701,170101,302701,1,2,1,536,460,558,514,638,658,624,614,0,0,2356,2246,4602,0.0299,0.0043,0.0036,0.0039,0.07840000000000001,0.022799999999999997,0.0353,0.017900000000000003,0,0,0.0382,0.0134,0.0261,113,40.64,-999,1,122,37.64,448,10.272321429999998,204,22.56,-999,-999,-999,-999,-999,-999,-999,-999,-999,-999,0,0,1,NA,NA
2464,17,3,1,1703,170301,302730,0,2,2,501,502,506,539,561,520,642,575,0,0,2210,2136,4346,0.01,0.004,0.019799999999999998,0.0074,0.025,0.0058000000000000005,0.0483,0.0104,0,0,0.0271,0.007,0.017300000000000003,65,66.54,-999,1,63,69.1,259,16.77992278,174,24.979999999999997,-999,-999,-999,-999,-999,-999,-999,-999,-999,-999,0,0,1,NA,NA
2465,17,9,1,1709,170901,302775,0,2,1,352,390,382,401,431,415,365,385,0,0,1530,1591,3121,0.0597,0.0282,0.12040000000000001,0.044899999999999995,0.0626,0.016900000000000002,0.0274,0.0156,0,0,0.068,0.026400000000000003,0.0468,63,49.56,-999,1,65,47.83,127,24.574803150000005,179,17.439999999999998,-999,-999,-999,-999,-999,-999,-999,-999,-999,-999,0,0,1,NA,NA
2466,17,5,1,1705,170501,302625,1,2,1,272,235,230,259,297,247,334,309,0,0,1133,1050,2183,0.0037,0,0.0087,0,0.0067,0.0081,0.003,0,0,0,0.0053,0.0019,0.0037,39,56.43,-999,1,32,67.49000000000001,99,22.05050505,155,14.08,-999,-999,-999,-999,-999,-999,-999,-999,-999,-999,0,0,1,NA,NA
2467,17,6,1,1706,170601,302649,1,2,2,310,298,327,320,330,303,342,383,0,0,1309,1304,2613,0.0129,0.0067,0.033600000000000005,0.009399999999999999,0.0121,0.009899999999999999,0.026300000000000004,0.0104,0,0,0.021400000000000002,0.0092,0.0153,49,53.67,-999,2,96,27.150000000000002,50,52.260000000000005,101,25.87,-999,-999,-999,-999,-999,-999,-999,-999,-999,-999,0,0,1,NA,NA
2468,17,6,1,1706,170601,302587,1,2,1,120,92,116,126,145,132,126,95,0,0,507,445,952,0.0167,0.0109,0.0172,0,0,0,0.0317,0.0105,0,0,0.015799999999999998,0.0045000000000000005,0.0105,15,62.09,280,3,14,68,5,190.4,40,23.8,-999,-999,-999,-999,-999,-999,-999,-999,-999,-999,0,0,1,NA,NA
2469,17,6,1,1706,170601,302681,0,2,1,72,63,88,62,74,65,68,56,0,0,302,246,548,0.055600000000000004,0.0159,0,0.0484,0.0405,0.0615,0.0441,0.08929999999999999,0,0,0.033100000000000004,0.05280000000000001,0.042,7,75.1,109,5,5,107.29,1,548,18,30.439999999999998,-999,-999,-999,-999,-999,-999,-999,-999,-999,-999,0,0,1,NA,NA
2470,1,6,6,106,10606,300120,0,2,2,108,114,148,147,163,140,145,173,0,0,564,574,1138,0,0,0.0068000000000000005,0,0.0245,0.0143,0.0276,0.0116,0,0,0.016,0.007,0.011399999999999999,34,33.449999999999996,-999,1,36,31.66,0,-999,55,20.69,-999,-999,-999,-999,-999,-999,-999,-999,-999,-999,0,0,1,NA,NA
2471,1,10,1,110,11001,300391,1,2,1,170,151,168,160,175,170,182,170,0,0,695,651,1346,0.0471,0.026500000000000003,0.059500000000000004,0.025,0.034300000000000004,0.0235,0.07690000000000001,0.0294,0,0,0.054700000000000006,0.0261,0.0409,20,68.7,-999,1,27,50.14,0,-999,50,26.919999999999998,-999,-999,-999,-999,-999,-999,-999,-999,-999,-999,0,0,1,NA,NA
2472,1,6,8,106,10608,500002,0,1,1,271,258,302,277,341,347,334,322,0,0,1248,1204,2452,0.018500000000000003,0.0039,0.0199,0,0.0147,0.0029,0.009,0,0,0,0.0152,0.0017000000000000001,0.0086,32,76.66,-999,2,31,79.66999999999999,140,17.514285710000006,87,28.18,-999,-999,-999,-999,-999,-999,-999,-999,-999,-999,0,0,1,NA,NA
2473,1,3,1,103,10301,500054,0,1,1,121,86,114,101,105,103,101,87,0,0,441,377,818,0,0,0,0,0,0,0,0,0,0,0,0,0,23,36.06,510,2,37,22.36,98,8.346938776,29,28.21,-999,-999,-999,-999,-999,-999,-999,-999,-999,-999,0,0,1,NA,NA
2474,1,6,3,106,10603,300106,1,2,1,135,136,158,155,186,206,218,214,0,0,697,711,1408,0.059300000000000005,0.022099999999999998,0.0633,0.0452,0.0484,0.0388,0.0275,0.014,0,0,0.0473,0.0295,0.0384,24,58.9,-999,1,19,74.1,31,45.419354840000004,55,25.6,-999,-999,-999,-999,-999,-999,-999,-999,-999,-999,0,0,1,NA,NA
2475,1,6,4,106,10604,300112,0,2,1,264,273,280,295,336,325,355,318,0,0,1235,1211,2446,0.0606,0.0293,0.035699999999999996,0.0102,0.0685,0.0277,0.042300000000000004,0.022,0,0,0.051800000000000006,0.0223,0.0372,41,60.08,-999,2,63,38.660000000000004,237,10.32067511,109,22.439999999999998,-999,-999,-999,-999,-999,-999,-999,-999,-999,-999,0,0,1,NA,NA
2476,1,6,7,106,10607,300122,1,2,2,202,199,223,254,287,251,241,276,0,0,953,980,1933,0.0446,0.015099999999999999,0.07170000000000001,0.0157,0.041800000000000004,0.004,0.028999999999999998,0.0217,0,0,0.0462,0.0143,0.03,39,49.92,-999,1,32,60.1,323,5.984520124,96,20.14,-999,-999,-999,-999,-999,-999,-999,-999,-999,-999,0,0,1,NA,NA
2477,1,6,10,106,10610,321010,0,2,1,109,117,160,159,167,146,143,168,0,0,579,590,1169,0,0.0171,0.0188,0.0126,0.0299,0.0205,0.007,0.017900000000000003,0,0,0.0155,0.016900000000000002,0.016300000000000002,20,57.68,229,5,18,66.22,46,25.41304348,48,24.35,-999,-999,-999,-999,-999,-999,-999,-999,-999,-999,0,0,1,NA,NA
2478,1,3,1,103,10301,300368,1,2,1,431,457,533,529,562,599,665,667,0,0,2191,2252,4443,0.0116,0.0088,0.0038,0.0019,0.0071,0.018400000000000003,0.009,0.009,0,0,0.0078000000000000005,0.0098,0.0088,109,40.9,-999,1,128,34.720000000000006,508,8.746062991999999,210,21.16,-999,-999,-999,-999,-999,-999,-999,-999,-999,-999,0,0,1,NA,NA
2479,1,3,1,103,10301,300367,0,2,1,293,221,248,231,285,283,274,279,0,0,1100,1014,2114,0.0102,0.0045000000000000005,0.0081,0,0,0.0035,0,0,0,0,0.0045000000000000005,0.002,0.0033,38,55.9,-999,2,39,54.83,270,7.82962963,79,26.759999999999998,-999,-999,-999,-999,-999,-999,-999,-999,-999,-999,0,0,1,NA,NA
2480,1,3,1,103,10301,300369,0,2,1,81,72,101,59,73,94,105,80,0,0,360,305,665,0.0494,0.013900000000000001,0.10890000000000001,0,0.0137,0.0106,0.0381,0,0,0,0.055600000000000004,0.0066,0.033100000000000004,13,51.47,-999,0,27,25.08,42,15.83333333,36,18.47,-999,-999,-999,-999,-999,-999,-999,-999,-999,-999,0,0,1,NA,NA
2481,1,1,1,101,10101,300155,1,2,1,368,426,486,457,425,437,419,500,0,0,1698,1820,3518,0.016300000000000002,0.009399999999999999,0.0391,0.0197,0.0212,0.0206,0.021500000000000002,0.018000000000000002,0,0,0.025300000000000003,0.017,0.021,67,52.87,-999,1,72,49.1,191,18.41884817,125,28.14,-999,-999,-999,-999,-999,-999,-999,-999,-999,-999,0,0,1,NA,NA
2482,2,3,1,203,20301,300516,1,4,2,458,457,554,570,537,608,573,565,0,0,2122,2200,4322,0.0284,0.0197,0.0144,0.0088,0.041,0.0181,0.029699999999999997,0.0053,0,0,0.028300000000000002,0.0127,0.0204,83,52.07,-999,1,104,41.56,242,17.85950413,183,23.62,-999,-999,-999,-999,-999,-999,-999,-999,-999,-999,0,0,1,NA,NA
2483,3,19,16,319,31916,501213,0,1,1,64,40,64,44,57,45,36,49,0,0,221,178,399,0.0313,0,0,0,0,0.022199999999999998,0,0,0,0,0.009,0.0056,0.0075,10,38.54,360,1,25,15.66,0,-999,14,28.5,-999,-999,-999,-999,-999,-999,-999,-999,-999,-999,0,0,1,NA,NA
2484,3,4,4,304,30404,502491,0,3,1,23,18,0,0,0,0,0,0,0,0,23,18,41,0.08700000000000001,0.055600000000000004,0,0,0,0,0,0,0,0,0.08700000000000001,0.055600000000000004,0.07320000000000002,21,1.95,472,0,29,1.41,0,-999,0,-999,-999,-999,-999,-999,-999,-999,-999,-999,-999,-999,0,0,1,NA,NA
2485,3,1,1,301,30101,501022,0,3,1,21,14,15,18,9,11,17,16,0,0,62,59,121,0,0,0,0,0,0,0,0.0625,0,0,0,0.016900000000000002,0.0083,4,30.25,95,1,10,12.1,0,-999,4,30.25,-999,-999,-999,-999,-999,-999,-999,-999,-999,-999,0,0,1,NA,NA
2486,3,1,1,301,30101,500131,0,1,1,113,134,133,119,121,125,93,116,0,0,460,494,954,0.0973,0.0448,0.0376,0.033600000000000005,0.21490000000000004,0.10400000000000001,0.021500000000000002,0.0345,0,0,0.09570000000000001,0.054700000000000006,0.07440000000000001,10,98.43,277,3,5,196.86,11,86.72727273,31,30.77,-999,-999,-999,-999,-999,-999,-999,-999,-999,-999,0,0,1,NA,NA
2487,3,1,1,301,30101,500130,0,1,1,187,156,179,145,191,160,177,162,0,0,734,623,1357,0.07490000000000001,0.0192,0.095,0.0414,0.0628,0.025,0.0565,0.0247,0,0,0.07220000000000001,0.0273,0.05160000000000001,20,66.39,982,1,25,54.68,38,35.71052632000001,50,27.14,-999,-999,-999,-999,-999,-999,-999,-999,-999,-999,0,0,1,NA,NA
2488,3,1,1,301,30101,500133,0,1,1,136,116,156,127,166,125,143,172,0,0,601,540,1141,0.0809,0.0172,0.0192,0.0472,0.054200000000000005,0.04,0.028,0.0349,0,0,0.044899999999999995,0.035199999999999995,0.0403,19,59.730000000000004,720,2,15,77.64999999999999,51,22.372549019999997,37,30.84,-999,-999,-999,-999,-999,-999,-999,-999,-999,-999,0,0,1,NA,NA
2489,3,1,1,301,30101,500129,0,1,1,157,163,163,161,171,177,162,171,0,0,653,672,1325,0.0382,0.0245,0.0245,0.0497,0.011699999999999999,0.0282,0.0926,0.0234,0,0,0.0413,0.0313,0.036199999999999996,19,71.58,299,4,20,66.08,63,21.031746029999997,42,31.55,-999,-999,-999,-999,-999,-999,-999,-999,-999,-999,0,0,1,NA,NA
2490,3,10,1,310,31001,500631,0,3,1,308,314,282,285,321,369,339,390,0,0,1250,1358,2608,0.006500000000000001,0.0191,0.039,0.0105,0,0,0.0059,0,0,0,0.012,0.0066,0.0092,25,104.32,-999,2,12,217.33,130,20.06153846,109,23.93,-999,-999,-999,-999,-999,-999,-999,-999,-999,-999,0,0,1,NA,NA
2491,3,10,1,310,31001,502212,0,3,1,19,22,19,16,18,8,0,0,0,0,56,46,102,0.1053,0.1818,0.1053,0.0625,0.16670000000000001,0.375,0,0,0,0,0.125,0.17390000000000003,0.1471,1,102,30,3,13,7.85,8,12.75,4,25.5,-999,-999,-999,-999,-999,-999,-999,-999,-999,-999,0,0,1,NA,NA
2492,3,3,1,303,30301,502031,0,3,1,5,11,12,13,16,5,0,0,0,0,33,29,62,0,0,0,0,0,0,0,0,0,0,0,0,0,-999,-999,135,0,0,-999,5,12.4,2,31,-999,-999,-999,-999,-999,-999,-999,-999,-999,-999,0,0,1,NA,NA
2493,3,11,1,311,31101,500636,0,1,1,243,196,255,227,236,229,260,259,0,0,994,911,1905,0,0,0,0,0,0,0,0,0,0,0,0,0,32,60.32,327,6,31,61.83,247,7.712550606999999,69,27.610000000000003,-999,-999,-999,-999,-999,-999,-999,-999,-999,-999,0,0,1,NA,NA
2494,3,12,1,312,31201,500965,0,1,1,113,94,135,106,117,95,95,112,0,0,460,407,867,0.0177,0.0319,0,0.009399999999999999,0,0,0,0,0,0,0.0043,0.0098,0.0069,26,33.349999999999994,702,1,24,36.13,153,5.666666666999999,67,12.94,-999,-999,-999,-999,-999,-999,-999,-999,-999,-999,0,0,1,NA,NA
2495,3,11,1,311,31101,500404,0,1,1,96,58,109,74,119,102,104,85,0,0,428,319,747,0.0417,0,0.045899999999999996,0,0.0252,0.0294,0.048100000000000004,0,0,0,0.0397,0.009399999999999999,0.0268,19,40.04,414,2,25,29.439999999999998,116,6.439655172000001,34,21.97,-999,-999,-999,-999,-999,-999,-999,-999,-999,-999,0,0,1,NA,NA
2496,3,12,1,312,31201,500967,0,3,1,157,130,128,134,141,130,138,134,0,0,564,528,1092,0.0382,0.0385,0.0234,0.0149,0.0355,0.030799999999999998,0.0072,0.0224,0,0,0.026600000000000002,0.026500000000000003,0.026600000000000002,15,72.8,745,1,17,64.24000000000001,349,3.1289398280000005,29,37.660000000000004,-999,-999,-999,-999,-999,-999,-999,-999,-999,-999,0,0,1,NA,NA
2497,3,12,1,312,31201,500966,0,1,1,39,35,39,33,35,30,35,34,0,0,148,132,280,0.10260000000000001,0.0286,0,0.0606,0.057100000000000005,0,0,0,0,0,0.0405,0.022699999999999998,0.032100000000000004,4,70,150,2,4,70,90,3.111111111,10,28,-999,-999,-999,-999,-999,-999,-999,-999,-999,-999,0,0,1,NA,NA
2498,3,11,1,311,31101,500405,0,3,1,37,31,50,44,46,45,64,48,0,0,197,168,365,0,0.0323,0,0,0,0.044399999999999995,0,0,0,0,0,0.017900000000000003,0.0082,8,45.63,360,1,6,60.83,103,3.54368932,18,20.279999999999998,-999,-999,-999,-999,-999,-999,-999,-999,-999,-999,0,0,1,NA,NA
2499,3,4,3,304,30403,300707,1,2,1,340,287,317,327,345,315,382,377,8,6,1392,1312,2704,0.0088,0.0105,0.022099999999999998,0.0245,0.0116,0,0.018300000000000004,0.0106,0,0,0.015099999999999999,0.011399999999999999,0.013300000000000001,78,34.82,-999,2,63,43.03,809,3.342398022,121,22.35,-999,-999,-999,-999,-999,-999,-999,-999,-999,-999,0,0,1,NA,NA
2500,3,4,7,304,30407,300703,1,2,1,144,168,179,159,188,137,207,188,0,0,718,652,1370,0.0208,0.023799999999999998,0.0615,0.0126,0.0691,0.0146,0.009699999999999999,0.026600000000000002,0,0,0.0404,0.0199,0.030699999999999998,56,24.6,-999,1,68,20.19,1097,1.248860529,66,20.759999999999998,-999,-999,-999,-999,-999,-999,-999,-999,-999,-999,0,0,1,NA,NA
2501,3,4,7,304,30407,306601,1,2,1,158,136,150,198,191,157,192,176,0,0,691,667,1358,0.019,0.0368,0.0733,0.0202,0.0838,0.057300000000000004,0.06770000000000001,0.0284,0,0,0.0622,0.0345,0.048600000000000004,25,54.32,706,2,24,57.33,1131,1.200707339,57,23.82,-999,-999,-999,-999,-999,-999,-999,-999,-999,-999,0,0,1,NA,NA
2502,3,19,1,319,31901,300962,1,2,1,232,262,255,246,258,240,318,289,0,0,1063,1037,2100,0.043100000000000006,0.0115,0.0353,0.0081,0.0194,0.025,0.018900000000000004,0.0069,0,0,0.0282,0.0125,0.0205,44,48.14,-999,1,32,66.08,94,22.340425529999997,90,23.330000000000002,-999,-999,-999,-999,-999,-999,-999,-999,-999,-999,0,0,1,NA,NA
2503,3,19,4,319,31904,300996,1,2,1,521,551,622,727,667,798,784,953,0,0,2594,3029,5623,0.0115,0.0145,0.0096,0.0069,0.0315,0.0201,0.017900000000000003,0.0168,0,0,0.0181,0.0149,0.0164,102,55.290000000000006,-999,2,99,56.53,604,9.309602649000002,289,19.459999999999997,-999,-999,-999,-999,-999,-999,-999,-999,-999,-999,0,0,1,NA,NA
2504,3,19,4,319,31904,300997,0,2,1,350,321,394,391,330,335,389,420,50,15,1513,1482,2995,0.0229,0.0156,0.0381,0.0128,0.051500000000000004,0.0328,0.0951,0.0333,0,0,0.0509,0.0236,0.037399999999999996,56,53.9,-999,1,56,53.9,273,10.970695970000001,90,33.28,-999,-999,-999,-999,-999,-999,-999,-999,-999,-999,0,0,1,NA,NA
2505,3,19,2,319,31902,300952,0,2,1,95,104,150,131,183,174,150,190,0,0,578,599,1177,0.042100000000000005,0.0096,0.0467,0.0305,0.0328,0.0057,0.013300000000000001,0.0053,0,0,0.0329,0.011699999999999999,0.022099999999999998,30,39.160000000000004,475,2,22,53.14,136,8.654411764999999,46,25.59,-999,-999,-999,-999,-999,-999,-999,-999,-999,-999,0,0,1,NA,NA
2506,3,19,2,319,31902,307006,0,2,2,157,162,201,190,218,189,217,198,0,0,793,739,1532,0.07640000000000001,0.0123,0.0448,0.015799999999999998,0.0688,0.0317,0.07830000000000001,0.0101,0,0,0.0668,0.0176,0.043100000000000006,23,67.77,759,2,17,91.14,16,95.75,45,34.04,-999,-999,-999,-999,-999,-999,-999,-999,-999,-999,0,0,1,NA,NA
2507,3,19,3,319,31903,300994,1,2,1,511,478,551,512,554,548,548,586,0,0,2164,2124,4288,0.0176,0.0105,0.0218,0.0137,0.0181,0.0128,0.0073,0.0102,0,0,0.0162,0.0118,0.014,81,52.949999999999996,-999,2,125,34.220000000000006,73,58.73972603000001,168,25.52,-999,-999,-999,-999,-999,-999,-999,-999,-999,-999,0,0,1,NA,NA
2508,3,19,3,319,31903,300976,1,2,1,329,326,336,368,307,318,386,373,0,0,1358,1385,2743,0.0274,0.018400000000000003,0.0476,0.0272,0.0358,0.0314,0.054400000000000004,0.0161,0,0,0.042,0.0231,0.0324,48,57.11,-999,1,48,57.11,51,53.78431373000001,113,24.27,-999,-999,-999,-999,-999,-999,-999,-999,-999,-999,0,0,1,NA,NA
2509,3,19,6,319,31906,307007,0,2,3,308,273,328,320,400,393,451,407,8,13,1495,1406,2901,0.0032,0.0037,0.009099999999999999,0.0063,0.005,0,0.0155,0.0025,0,0,0.0087,0.0028,0.0059,56,51.65,-999,2,73,39.58,102,28.44117647,99,29.3,-999,-999,-999,-999,-999,-999,-999,-999,-999,-999,0,0,1,NA,NA
2510,3,19,7,319,31907,300966,1,2,1,109,116,169,161,150,136,174,156,0,0,602,569,1171,0,0.0086,0.0059,0,0.02,0,0,0,0,0,0.0066,0.0018,0.0043,28,42.1,543,2,24,47.94,172,6.808139535,46,25.459999999999997,-999,-999,-999,-999,-999,-999,-999,-999,-999,-999,0,0,1,NA,NA
2511,3,19,9,319,31909,307011,0,2,1,184,197,190,192,206,252,210,225,0,0,790,866,1656,0.0054,0.0102,0.0368,0.0052,0.024300000000000002,0.023799999999999998,0.0095,0.013300000000000001,0,0,0.019,0.013900000000000001,0.016300000000000002,33,49.6,879,2,24,68.89,100,16.56,62,26.71,-999,-999,-999,-999,-999,-999,-999,-999,-999,-999,0,0,1,NA,NA
2512,3,19,10,319,31910,307004,0,2,1,89,70,117,94,114,92,99,99,0,0,419,355,774,0.0337,0,0.051300000000000005,0,0.0439,0.0217,0.0303,0,0,0,0.040600000000000004,0.0056,0.0245,20,39.04,616,1,11,72.08,57,13.57894737,31,24.97,-999,-999,-999,-999,-999,-999,-999,-999,-999,-999,0,0,1,NA,NA
2513,3,19,11,319,31911,300982,0,2,1,104,108,144,150,176,178,194,180,0,0,618,616,1234,0.0288,0.0093,0.013900000000000001,0,0.034100000000000005,0.0337,0.0155,0.0167,0,0,0.022699999999999998,0.0162,0.0194,28,44.730000000000004,-999,1,37,33.349999999999994,60,20.566666669999996,56,22.04,-999,-999,-999,-999,-999,-999,-999,-999,-999,-999,0,0,1,NA,NA
2514,3,1,1,301,30101,301038,1,2,1,472,389,469,417,459,394,428,459,0,0,1828,1659,3487,0.06570000000000001,0.0206,0.06820000000000001,0.0456,0.0479,0.0381,0.044399999999999995,0.0153,0,0,0.0569,0.0295,0.0439,106,32.75,-999,1,108,32.3,180,19.372222219999998,173,20.16,-999,-999,-999,-999,-999,-999,-999,-999,-999,-999,0,0,1,NA,NA
2515,3,1,1,301,30101,301039,1,2,2,581,568,702,642,568,574,567,618,0,0,2418,2402,4820,0.0878,0.044,0.0484,0.0327,0.058100000000000006,0.040100000000000004,0.040600000000000004,0.030699999999999998,0,0,0.058300000000000005,0.0366,0.0475,88,54.92,-999,2,105,46.01,883,5.458663647000001,191,25.24,-999,-999,-999,-999,-999,-999,-999,-999,-999,-999,0,0,1,NA,NA
2516,3,8,1,308,30801,301061,1,2,1,268,296,268,280,270,319,327,346,0,0,1133,1241,2374,0.0112,0.0068000000000000005,0.0187,0.017900000000000003,0.0074,0.0063,0.0031,0.0087,0,0,0.009699999999999999,0.009699999999999999,0.009699999999999999,106,22.35,-999,1,106,22.35,413,5.748184018999999,114,20.82,-999,-999,-999,-999,-999,-999,-999,-999,-999,-999,0,0,1,NA,NA
2517,3,8,1,308,30801,301062,0,2,1,470,460,467,490,502,596,650,615,7,3,2096,2164,4260,0.0085,0.0087,0.0043,0.0041,0.017900000000000003,0.005,0.02,0.0049,0,0,0.0134,0.0055,0.009399999999999999,133,32.04,-999,1,130,32.839999999999996,150,28.4,238,17.9,-999,-999,-999,-999,-999,-999,-999,-999,-999,-999,0,0,1,NA,NA
2518,3,8,1,308,30801,305698,0,2,1,90,96,132,101,145,107,122,94,0,0,489,398,887,0,0,0.053000000000000005,0.0396,0.013800000000000002,0.0187,0,0.0319,0,0,0.018400000000000003,0.0226,0.020300000000000002,12,74.08,456,2,16,56.65,95,9.336842105,28,31.68,-999,-999,-999,-999,-999,-999,-999,-999,-999,-999,0,0,1,NA,NA
2519,3,8,1,308,30801,307502,0,2,1,137,128,119,142,144,149,147,133,0,0,547,552,1099,0.051100000000000007,0.0313,0.0504,0.042300000000000004,0.06939999999999999,0.0403,0.10200000000000001,0.0226,0,0,0.06949999999999999,0.0344,0.0519,17,63.42,505,2,23,48.5,190,5.784210525999999,42,26.17,-999,-999,-999,-999,-999,-999,-999,-999,-999,-999,0,0,1,NA,NA
2520,3,8,1,308,30801,307503,0,2,1,242,211,224,222,254,244,258,253,0,0,978,930,1908,0.033100000000000004,0.0142,0.0446,0.027,0.0669,0.0246,0.062,0.0237,0,0,0.05210000000000001,0.0226,0.0377,43,44.3,-999,1,53,35.75,171,11.15789474,73,26.14,-999,-999,-999,-999,-999,-999,-999,-999,-999,-999,0,0,1,NA,NA
2521,3,8,1,308,30801,307505,0,2,1,194,163,179,155,206,181,204,163,3,8,786,670,1456,0.0309,0.018400000000000003,0.0559,0.0323,0.029099999999999997,0.044199999999999996,0.034300000000000004,0.0123,0,0,0.036899999999999995,0.026900000000000004,0.0323,23,62.46,744,2,50,29,52,28,53,27.47,-999,-999,-999,-999,-999,-999,-999,-999,-999,-999,0,0,1,NA,NA
2522,3,8,1,308,30801,307508,0,2,1,186,180,195,199,200,182,211,198,0,0,792,759,1551,0.021500000000000002,0.022199999999999998,0.0564,0.015099999999999999,0.045,0.022,0.0284,0.0051,0,0,0.037899999999999996,0.015799999999999998,0.0271,35,43.790000000000006,-999,1,35,43.790000000000006,200,7.755,72,21.54,-999,-999,-999,-999,-999,-999,-999,-999,-999,-999,0,0,1,NA,NA
2523,3,8,1,308,30801,307509,0,2,1,214,179,221,217,227,198,241,218,0,0,903,812,1715,0.0607,0.050300000000000004,0.0452,0.0461,0.030799999999999998,0.0202,0.0664,0.036699999999999997,0,0,0.0509,0.0382,0.044899999999999995,23,74.67999999999999,678,3,35,48.63,51,33.627450980000006,69,24.86,-999,-999,-999,-999,-999,-999,-999,-999,-999,-999,0,0,1,NA,NA
2524,3,8,1,308,30801,301059,1,2,1,299,284,284,284,362,354,418,375,2,3,1365,1300,2665,0.0334,0.0246,0.0704,0.0246,0.0304,0.016900000000000002,0.067,0.032,0,0,0.0505,0.0246,0.037899999999999996,43,62.56,-999,2,47,56.6,142,18.76760563,96,27.759999999999998,-999,-999,-999,-999,-999,-999,-999,-999,-999,-999,0,0,1,NA,NA
2525,3,8,1,308,30801,301060,0,2,1,302,242,267,266,349,329,335,341,13,7,1266,1185,2451,0.026500000000000003,0.0207,0.0112,0.0188,0.0372,0.0182,0.0388,0.0176,0,0,0.029199999999999997,0.018600000000000002,0.0241,55,44.260000000000005,-999,2,63,38.730000000000004,150,16.34,133,18.43,-999,-999,-999,-999,-999,-999,-999,-999,-999,-999,0,0,1,NA,NA
2526,3,8,1,308,30801,307504,0,2,1,128,110,142,120,145,146,163,165,0,0,578,541,1119,0,0.009099999999999999,0,0,0,0,0.049100000000000005,0.0121,0,0,0.013800000000000002,0.0055,0.0098,24,46.1,877,1,18,62.13,134,8.350746269000004,43,26.02,-999,-999,-999,-999,-999,-999,-999,-999,-999,-999,0,0,1,NA,NA
2527,3,8,1,308,30801,307507,1,2,1,217,177,164,152,199,188,210,218,0,0,790,735,1525,0.023,0.0056,0.0244,0.0329,0.005,0.0053,0,0.0046,0,0,0.0127,0.0109,0.0118,42,36.17,-999,1,31,48.790000000000006,300,5.083333333000001,63,24.21,-999,-999,-999,-999,-999,-999,-999,-999,-999,-999,0,0,1,NA,NA
2528,3,8,1,308,30801,307510,0,2,1,271,246,299,269,277,260,310,287,0,0,1157,1062,2219,0.018500000000000003,0.0122,0.0301,0.0223,0.0181,0.0077,0.0355,0.0105,0,0,0.025900000000000003,0.013200000000000002,0.019799999999999998,43,51.449999999999996,-999,1,42,52.44,149,14.892617450000001,61,36.379999999999995,-999,-999,-999,-999,-999,-999,-999,-999,-999,-999,0,0,1,NA,NA
2529,3,8,1,308,30801,307511,0,2,1,269,276,302,294,377,373,327,315,0,0,1275,1258,2533,0.0446,0.036199999999999996,0.06949999999999999,0.0306,0.0637,0.0402,0.0398,0.0159,0,0,0.054900000000000004,0.031,0.043000000000000003,55,45.78,-999,1,68,37.449999999999996,202,12.539603959999999,78,32.47,-999,-999,-999,-999,-999,-999,-999,-999,-999,-999,0,0,1,NA,NA
2530,3,8,1,308,30801,307512,0,2,1,265,239,297,263,311,284,322,294,6,9,1201,1089,2290,0.0113,0.0084,0.0168,0.026600000000000002,0.0257,0.035199999999999995,0.0124,0.0034000000000000002,0,0,0.0167,0.018400000000000003,0.0175,20,112.33,769,3,25,90.73,101,22.67326733,80,28.630000000000003,-999,-999,-999,-999,-999,-999,-999,-999,-999,-999,0,0,1,NA,NA
2531,3,9,1,309,30901,300815,0,2,1,28,20,23,34,29,24,34,29,0,0,114,107,221,0.035699999999999996,0.05,0.043500000000000004,0.058800000000000005,0.0345,0.0417,0.0294,0,0,0,0.0351,0.037399999999999996,0.036199999999999996,6,36.13,195,1,8,28.9,320,0.690625,12,18.419999999999998,-999,-999,-999,-999,-999,-999,-999,-999,-999,-999,0,0,1,NA,NA
2532,3,9,1,309,30901,300829,1,2,1,68,49,64,74,69,63,68,73,0,0,269,259,528,0.0294,0.0408,0.0469,0.013500000000000002,0.043500000000000004,0.0317,0.0441,0.0137,0,0,0.0409,0.0232,0.0322,7,74.11,194,3,12,44.47,461,1.145336226,26,20.310000000000002,-999,-999,-999,-999,-999,-999,-999,-999,-999,-999,0,0,1,NA,NA
2533,3,9,1,309,30901,300812,0,2,1,440,431,479,501,474,506,533,536,5,16,1931,1990,3921,0.009099999999999999,0.007,0.0313,0.024,0.019,0.011899999999999999,0.015,0.0149,0,0,0.018600000000000002,0.0146,0.0166,82,48.02,-999,1,112,34.93,4092,0.958211144,187,20.97,-999,-999,-999,-999,-999,-999,-999,-999,-999,-999,0,0,1,NA,NA
2534,3,9,1,309,30901,300851,1,2,1,129,124,148,150,157,132,142,147,0,0,576,553,1129,0.0078000000000000005,0,0,0,0.0127,0.0076,0,0.0068000000000000005,0,0,0.0052,0.0036,0.0044,20,56.09,680,2,40,28.49,1585,0.7123028389999999,50,22.58,-999,-999,-999,-999,-999,-999,-999,-999,-999,-999,0,0,1,NA,NA
2535,3,11,1,311,31101,300751,1,2,1,531,544,535,643,695,798,698,742,6,1,2465,2728,5193,0.0113,0.0055,0.028,0.0062,0.017300000000000003,0.0113,0.0129,0.0054,0,0,0.017,0.0073,0.011899999999999999,108,48.290000000000006,-999,2,88,58.99,1820,2.853296703,304,17.08,-999,-999,-999,-999,-999,-999,-999,-999,-999,-999,0,0,1,NA,NA
2536,3,11,1,311,31101,323605,0,2,1,41,31,33,29,31,32,34,28,0,0,139,120,259,0.0488,0.0645,0.0606,0.0345,0,0,0.058800000000000005,0,0,0,0.0432,0.025,0.0347,18,14.69,980,0,26,9.79,98,2.6428571429999996,17,15.239999999999998,-999,-999,-999,-999,-999,-999,-999,-999,-999,-999,0,0,1,NA,NA
2537,3,12,1,312,31201,300757,0,2,1,411,422,492,435,557,468,467,442,0,0,1927,1767,3694,0.0365,0.0142,0.063,0.0345,0.044899999999999995,0.0299,0.045,0.0271,0,0,0.0477,0.026600000000000002,0.0376,50,73.99000000000001,-999,1,61,60.77,900,4.104444443999999,168,21.99,-999,-999,-999,-999,-999,-999,-999,-999,-999,-999,0,0,1,NA,NA
2538,3,10,1,310,31001,300895,0,2,1,199,177,157,172,204,193,202,208,0,0,762,750,1512,0.035199999999999995,0.016900000000000002,0.057300000000000004,0.058100000000000006,0.049,0.0052,0.05450000000000001,0.0337,0,0,0.048600000000000004,0.028,0.0384,39,38.449999999999996,-999,1,63,23.979999999999997,122,12.393442620000002,80,18.9,-999,-999,-999,-999,-999,-999,-999,-999,-999,-999,0,0,1,NA,NA
2539,3,10,1,310,31001,300889,0,2,1,244,233,233,247,259,274,288,266,0,0,1024,1020,2044,0.0328,0,0.0086,0.0121,0.027,0.0036,0.0104,0.0038,0,0,0.0195,0.0049,0.0122,40,51.74,-999,1,37,54.839999999999996,51,40.078431370000004,71,28.79,-999,-999,-999,-999,-999,-999,-999,-999,-999,-999,0,0,1,NA,NA
2540,3,10,1,310,31001,306931,0,2,1,51,57,47,49,61,42,59,67,0,0,218,215,433,0.058800000000000005,0.0351,0.08510000000000001,0,0.082,0.023799999999999998,0.016900000000000002,0.0299,0,0,0.05960000000000001,0.0233,0.041600000000000005,7,63.379999999999995,231,2,6,72.43,51,8.490196078000002,22,19.68,-999,-999,-999,-999,-999,-999,-999,-999,-999,-999,0,0,1,NA,NA
2541,3,7,1,307,30701,300753,0,2,1,318,272,306,282,337,386,356,442,0,0,1317,1382,2699,0.0377,0.0404,0.0621,0.021300000000000003,0.0623,0.044,0.0309,0.0294,0,0,0.0478,0.034,0.0408,63,42.64,-999,1,55,48.730000000000004,147,18.360544219999998,145,18.610000000000003,-999,-999,-999,-999,-999,-999,-999,-999,-999,-999,0,0,1,NA,NA
2542,3,7,1,307,30701,300778,0,2,1,151,144,161,149,181,159,156,157,0,0,649,609,1258,0.0066,0.0208,0.0311,0.0134,0.0276,0.0126,0.0192,0.0127,0,0,0.0216,0.0148,0.018300000000000004,21,60.260000000000005,928,1,32,39.68,95,13.242105259999999,45,27.959999999999997,-999,-999,-999,-999,-999,-999,-999,-999,-999,-999,0,0,1,NA,NA
2543,3,7,1,307,30701,306712,1,2,1,159,139,133,139,152,136,143,145,0,0,587,559,1146,0.0377,0.0288,0.0301,0.0144,0.0197,0.0441,0.021,0.013800000000000002,0,0,0.0273,0.025,0.0262,24,48.3,882,1,36,31.8,43,26.651162790000004,38,30.16,-999,-999,-999,-999,-999,-999,-999,-999,-999,-999,0,0,1,NA,NA
2544,3,4,4,304,30404,300711,0,4,2,359,357,396,393,417,420,451,428,0,0,1623,1598,3221,0.036199999999999996,0.0196,0.025300000000000003,0.0204,0.0168,0.011899999999999999,0.0288,0.0187,0,0,0.026500000000000003,0.0175,0.022,75,42.949999999999996,-999,2,31,103.9,4223,0.762727919,134,24.04,-999,-999,-999,-999,-999,-999,-999,-999,-999,-999,0,0,1,NA,NA
2545,3,8,1,308,30801,307501,1,4,1,381,268,369,310,401,372,450,410,3,1,1604,1361,2965,0,0,0.016300000000000002,0.0194,0.0125,0.0134,0.0044,0.0049,0,0,0.0081,0.0096,0.0088,31,95.64999999999999,-999,2,20,148.25,136,21.80147059,115,25.779999999999998,-999,-999,-999,-999,-999,-999,-999,-999,-999,-999,0,0,1,NA,NA
2546,3,8,1,308,30801,307513,0,4,1,189,183,235,207,259,235,247,252,0,0,930,877,1807,0.07410000000000001,0.0273,0.1106,0.0242,0.0965,0.0723,0.0567,0.059500000000000004,0,0,0.0849,0.0479,0.067,35,51.63,-999,1,17,106.29,154,11.73376623,53,34.09,-999,-999,-999,-999,-999,-999,-999,-999,-999,-999,0,0,1,NA,NA
2547,3,11,1,311,31101,323602,0,4,1,104,80,158,144,111,140,98,108,0,0,471,472,943,0,0,0.019,0,0,0.0071,0,0,0,0,0.0064,0.0021,0.0042,13,72.54,434,2,26,36.27,112,8.419642857000003,29,32.52,-999,-999,-999,-999,-999,-999,-999,-999,-999,-999,0,0,1,NA,NA
2548,3,11,1,311,31101,323603,0,4,1,79,51,67,68,90,78,97,68,0,0,333,265,598,0,0,0,0,0,0,0,0.0147,0,0,0,0.0038,0.0017000000000000001,6,99.66999999999999,453,1,7,85.43,107,5.588785046999999,26,23,-999,-999,-999,-999,-999,-999,-999,-999,-999,-999,0,0,1,NA,NA
2549,3,11,1,311,31101,323604,0,4,1,104,112,97,99,125,105,135,119,0,0,461,435,896,0,0,0,0,0.016,0.0095,0,0,0,0,0.0043,0.0023,0.0033,10,89.6,390,2,6,149.33,167,5.3652694610000005,39,22.97,-999,-999,-999,-999,-999,-999,-999,-999,-999,-999,0,0,1,NA,NA
2550,3,11,1,311,31101,323607,0,4,1,25,18,32,29,39,23,32,33,0,0,128,103,231,0,0.16670000000000001,0.0313,0.0345,0.0256,0.043500000000000004,0.0625,0.0303,0,0,0.0313,0.058300000000000005,0.043300000000000005,5,46.2,138,2,7,33,90,2.566666667,13,17.77,-999,-999,-999,-999,-999,-999,-999,-999,-999,-999,0,0,1,NA,NA
2551,3,10,1,310,31001,306940,0,4,1,115,91,85,75,107,96,98,78,0,0,405,340,745,0,0,0,0,0,0,0,0.0128,0,0,0,0.0029,0.0013,9,82.78,520,1,8,93.13,4,186.25,45,16.56,-999,-999,-999,-999,-999,-999,-999,-999,-999,-999,0,0,1,NA,NA
2552,3,10,1,310,31001,300931,1,4,1,251,258,284,257,308,288,313,323,0,0,1156,1126,2282,0,0,0,0,0,0,0,0.0031,0,0,0,9.000000000000001e-4,4e-4,40,57.05,-999,1,15,152.13,60,38.03333333000001,102,22.37,-999,-999,-999,-999,-999,-999,-999,-999,-999,-999,0,0,1,NA,NA
2553,3,7,1,307,30701,306717,0,4,1,90,70,76,76,71,90,94,83,0,0,331,319,650,0.1111,0.0714,0,0.013200000000000002,0.1268,0.022199999999999998,0,0.012,0,0,0.0574,0.0282,0.043100000000000006,12,54.17,528,1,12,54.17,5,130,18,36.11,-999,-999,-999,-999,-999,-999,-999,-999,-999,-999,0,0,1,NA,NA
2554,3,7,1,307,30701,306705,1,4,1,213,191,185,209,261,226,262,232,0,0,921,858,1779,0,0,0.027,0.0096,0.042100000000000005,0.013300000000000001,0.0076,0.0129,0,0,0.0195,0.0093,0.0146,27,65.89,-999,2,46,38.67,44,40.43181818,59,30.150000000000002,-999,-999,-999,-999,-999,-999,-999,-999,-999,-999,0,0,1,NA,NA
2555,4,16,10,416,41610,500028,0,1,1,153,116,157,143,164,163,145,141,0,0,619,563,1182,0.052300000000000006,0.0345,0.0637,0.014,0.061,0.018400000000000003,0.0483,0.021300000000000003,0,0,0.0565,0.021300000000000003,0.0398,19,61.3,413,3,22,53.39,0,-999,39,30.310000000000002,-999,-999,-999,-999,-999,-999,-999,-999,-999,-999,0,0,1,NA,NA
2556,4,18,1,418,41801,500151,0,3,1,5,7,7,5,9,3,2,3,23,26,46,44,90,0,0,0,0,0,0,0,0,0,0,0,0,0,7,12.860000000000001,58,2,14,6.430000000000001,0,-999,11,8.18,-999,-999,-999,-999,-999,-999,-999,-999,-999,-999,0,0,1,NA,NA
2557,4,22,1,422,42201,502684,0,3,1,28,33,0,0,0,0,0,0,0,0,28,33,61,0,0,0,0,0,0,0,0,0,0,0,0,0,1,61,-999,0,1,61,0,-999,0,-999,-999,-999,-999,-999,-999,-999,-999,-999,-999,-999,0,0,1,NA,NA
2558,4,16,6,416,41606,301403,1,2,1,211,194,257,227,254,277,251,264,3,3,976,965,1941,0.0616,0.0361,0.0661,0.0176,0.0394,0.0397,0.012,0.018900000000000004,0,0,0.0441,0.028,0.0361,43,44.86,-999,2,38,51.160000000000004,0,-999,78,24.88,-999,-999,-999,-999,-999,-999,-999,-999,-999,-999,0,0,1,2558,0
2559,4,16,11,416,41611,301345,1,2,1,312,319,403,401,408,440,412,436,5,7,1540,1603,3143,0.0192,0.0345,0.029799999999999997,0.0175,0.0196,0.0159,0.024300000000000002,0.0069,0.2,0,0.024,0.0175,0.0207,66,47.620000000000005,-999,2,97,32.25,0,-999,123,25.55,-999,-999,-999,-999,-999,-999,-999,-999,-999,-999,0,0,1,NA,NA
2560,4,16,22,416,41622,301385,1,2,1,97,95,108,99,138,137,142,129,0,0,485,460,945,0.051500000000000004,0.0211,0.037,0.0202,0.07250000000000001,0.0146,0.0141,0.031,0,0,0.043300000000000005,0.0217,0.0328,23,40.760000000000005,351,3,28,33.63,0,-999,49,19.29,-999,-999,-999,-999,-999,-999,-999,-999,-999,-999,0,0,1,NA,NA
2561,4,17,1,417,41701,301433,0,2,1,276,242,329,262,373,330,317,264,0,0,1295,1098,2393,0.0181,0,0.0152,0.0153,0.0161,0.009099999999999999,0.0095,0.0076,0,0,0.0147,0.0082,0.011699999999999999,28,87,621,4,21,112.38,0,-999,81,29.54,-999,-999,-999,-999,-999,-999,-999,-999,-999,-999,0,0,1,NA,NA
2562,4,17,1,417,41701,308131,0,2,1,93,86,103,92,117,99,102,116,0,0,415,393,808,0,0,0,0,0,0,0,0,0,0,0,0,0,10,79,362,2,11,73.36,0,-999,34,23.759999999999998,-999,-999,-999,-999,-999,-999,-999,-999,-999,-999,0,0,1,NA,NA
2563,4,17,6,417,41706,301452,0,2,2,457,402,422,415,448,463,456,457,9,9,1792,1746,3538,0.07,0.042300000000000004,0.0237,0.0217,0.0156,0.0194,0.0724,0.041600000000000005,0,0,0.0458,0.0309,0.0384,80,44.230000000000004,-999,1,97,36.47,0,-999,138,25.64,-999,-999,-999,-999,-999,-999,-999,-999,-999,-999,0,0,1,NA,NA
2564,4,17,7,417,41707,301453,1,2,1,211,238,324,320,296,311,266,294,0,2,1097,1165,2262,0,0,0.0062,0.0063,0.0068000000000000005,0.0032,0.0038,0,0,0,0.0046,0.0026,0.0035,34,67.16,-999,2,31,74.05,0,-999,96,23.56,-999,-999,-999,-999,-999,-999,-999,-999,-999,-999,0,0,1,NA,NA
2565,4,17,9,417,41709,301459,0,2,1,40,42,47,45,44,37,39,40,0,0,170,164,334,0.05,0.023799999999999998,0.0638,0,0.022699999999999998,0,0.0256,0.025,0,0,0.0412,0.0122,0.026900000000000004,10,33.5,345,1,19,18.04,0,-999,15,22.27,-999,-999,-999,-999,-999,-999,-999,-999,-999,-999,0,0,1,NA,NA
2566,4,17,9,417,41709,301462,1,2,1,383,323,438,355,392,344,445,382,0,0,1658,1404,3062,0.018300000000000004,0.0062,0.0046,0,0.017900000000000003,0.0087,0.013500000000000002,0.0052,0,0,0.013300000000000001,0.005,0.0095,41,75.22,-999,2,66,46.160000000000004,0,-999,94,32.57,-999,-999,-999,-999,-999,-999,-999,-999,-999,-999,0,0,1,NA,NA
2567,4,17,3,417,41703,301469,0,2,1,443,388,545,489,634,583,646,588,0,0,2268,2048,4316,0.0226,0.0206,0.044,0.0286,0.06620000000000001,0.0497,0.043300000000000005,0.017,0,0,0.045899999999999996,0.029799999999999997,0.0382,52,82.39,-999,2,56,76.58,0,-999,151,28.58,-999,-999,-999,-999,-999,-999,-999,-999,-999,-999,0,0,1,NA,NA
2568,4,15,1,415,41501,308503,1,2,1,245,239,314,277,319,307,307,300,0,0,1185,1123,2308,0.0082,0.0042,0.0064,0.0072,0,0,0.006500000000000001,0,0,0,0.0051,0.0027,0.0039,45,51.61,-999,1,70,32.839999999999996,0,-999,96,24.04,-999,-999,-999,-999,-999,-999,-999,-999,-999,-999,0,0,1,NA,NA
2569,4,1,1,401,40101,301450,1,2,1,282,269,270,259,279,313,286,275,0,0,1117,1116,2233,0.0319,0.0112,0.063,0.0193,0.0143,0.0224,0.021,0.0145,0,0,0.0322,0.017,0.0246,39,57.760000000000005,-999,2,77,29.18,0,-999,97,23.02,-999,-999,-999,-999,-999,-999,-999,-999,-999,-999,0,0,1,NA,NA
2570,4,20,1,420,42001,301272,1,2,1,154,112,182,157,184,163,176,153,0,0,696,585,1281,0.006500000000000001,0,0.0055,0.0064,0.0217,0,0.017,0.0196,0,0,0.0129,0.0068000000000000005,0.0101,18,72.86,440,3,12,106.86999999999999,0,-999,49,26.14,-999,-999,-999,-999,-999,-999,-999,-999,-999,-999,0,0,1,NA,NA
2571,4,19,1,419,41901,307908,1,2,1,143,135,138,113,144,135,140,142,0,0,565,525,1090,0.042,0.029599999999999998,0.07970000000000001,0.026500000000000003,0.125,0.0519,0.0429,0.0282,0,0,0.07260000000000001,0.034300000000000004,0.05410000000000001,21,51.96,675,2,23,47.8,0,-999,0,-999,-999,-999,-999,-999,-999,-999,-999,-999,-999,-999,0,0,1,NA,NA
2572,4,10,1,410,41001,301182,0,4,1,410,369,409,408,511,527,476,508,0,0,1806,1812,3618,0.0488,0.016300000000000002,0.0587,0.0392,0.041100000000000005,0.0285,0.0399,0.0276,0,0,0.0465,0.0281,0.0373,40,90.45,-999,2,22,164.45000000000002,0,-999,176,20.56,-999,-999,-999,-999,-999,-999,-999,-999,-999,-999,0,0,1,NA,NA
2573,4,10,1,410,41001,325901,0,4,1,184,151,217,211,226,193,242,253,0,0,869,808,1677,0.0109,0.0066,0.0046,0.0284,0.035399999999999994,0.0052,0.0207,0.011899999999999999,0,0,0.018400000000000003,0.013600000000000001,0.0161,22,76.23,485,3,31,54.1,0,-999,80,20.959999999999997,-999,-999,-999,-999,-999,-999,-999,-999,-999,-999,0,0,1,NA,NA
2574,4,13,3,413,41303,307917,0,4,3,60,48,66,62,61,54,58,61,0,0,245,225,470,0.0167,0,0,0.0323,0.0164,0.018500000000000003,0.0172,0,0,0,0.0122,0.013300000000000001,0.0128,8,58.75,250,2,2,235,0,-999,0,-999,-999,-999,-999,-999,-999,-999,-999,-999,-999,-999,0,0,1,NA,NA
2575,4,17,3,417,41703,308105,1,4,1,402,352,416,370,472,414,435,386,2,3,1727,1525,3252,0.0124,0.0085,0.0072,0.0027,0.0064,0.0048000000000000004,0.0046,0.0104,0,0,0.0075,0.0066,0.0071,20,162.6,910,4,10,325.2,0,-999,103,31.57,-999,-999,-999,-999,-999,-999,-999,-999,-999,-999,0,0,1,2575,0
2576,4,17,4,417,41704,308109,0,4,3,905,702,317,318,0,0,0,0,31,17,1253,1037,2290,0.0144,0.0071,0.015799999999999998,0.0031,0,0,0,0,0,0,0.0144,0.0058000000000000005,0.0105,28,81.79,-999,2,45,50.89,0,-999,89,25.73,-999,-999,-999,-999,-999,-999,-999,-999,-999,-999,0,0,1,NA,NA
2577,4,17,9,417,41709,308126,0,4,1,249,209,232,211,294,254,264,248,0,0,1039,922,1961,0,0,0,0,0,0,0,0.004,0,0,0,0.0011,5e-4,21,93.38,-999,2,15,130.73,0,-999,76,25.8,-999,-999,-999,-999,-999,-999,-999,-999,-999,-999,0,0,1,NA,NA
2578,4,17,11,417,41711,308130,0,4,1,75,53,96,71,96,80,111,82,0,0,378,286,664,0,0,0.0208,0,0.0313,0.0375,0.009,0.0122,0,0,0.0159,0.014,0.015099999999999999,6,110.66999999999999,283,2,9,73.78,0,-999,26,25.54,-999,-999,-999,-999,-999,-999,-999,-999,-999,-999,0,0,1,2578,0
2579,4,17,11,417,41711,301465,1,4,1,300,218,255,249,289,279,301,288,0,0,1145,1034,2179,0.0033,0.013800000000000002,0.0078000000000000005,0.004,0.0208,0.0036,0,0,0,0,0.0079,0.0048000000000000004,0.0064,50,43.58,-999,2,19,114.67999999999999,0,-999,90,24.21,-999,-999,-999,-999,-999,-999,-999,-999,-999,-999,0,0,1,NA,NA
2580,4,17,8,417,41708,301446,0,4,1,604,513,688,728,791,734,804,771,0,0,2887,2746,5633,0,0,0,0,0,0,0,0,0,0,0,0,0,78,72.22,-999,2,46,122.46000000000001,0,-999,235,23.97,-999,-999,-999,-999,-999,-999,-999,-999,-999,-999,0,0,1,NA,NA
2581,4,17,8,417,41708,301451,1,4,1,156,139,162,172,166,182,153,183,0,0,637,676,1313,0.0064,0,0,0.0058000000000000005,0,0.022,0,0,0,0,0.0015999999999999999,0.0074,0.0046,21,62.52,552,2,15,87.53,0,-999,58,22.64,-999,-999,-999,-999,-999,-999,-999,-999,-999,-999,0,0,1,2581,0
2582,4,17,8,417,41708,308114,1,4,1,268,245,304,292,334,320,310,293,0,0,1216,1150,2366,0,0,0,0,0.003,0,0.0032,0,0,0,0.0015999999999999999,0,8e-4,23,102.86999999999999,940,3,25,94.64,0,-999,90,26.29,-999,-999,-999,-999,-999,-999,-999,-999,-999,-999,0,0,1,NA,NA
2583,4,17,8,417,41708,308122,0,4,1,93,72,96,95,123,98,92,87,0,0,404,352,756,0,0,0,0,0,0,0,0,0,0,0,0,0,19,39.790000000000006,495,2,11,68.73,0,-999,31,24.39,-999,-999,-999,-999,-999,-999,-999,-999,-999,-999,0,0,1,2583,0
2584,4,17,8,417,41708,308134,0,4,1,266,214,298,302,331,298,291,307,0,0,1186,1121,2307,0.0188,0.0093,0.0268,0.013200000000000002,0.0332,0.0201,0.0137,0.006500000000000001,0,0,0.0236,0.0125,0.0182,57,40.47,-999,1,44,52.43,0,-999,79,29.2,-999,-999,-999,-999,-999,-999,-999,-999,-999,-999,0,0,1,2584,0
2585,4,17,3,417,41703,308136,0,4,1,120,115,151,150,178,130,158,162,0,0,607,557,1164,0,0,0,0,0,0,0,0,0,0,0,0,0,9,129.33,505,2,9,129.33,0,-999,45,25.87,-999,-999,-999,-999,-999,-999,-999,-999,-999,-999,0,0,1,NA,NA
2586,4,14,1,414,41401,501185,0,3,1,102,75,114,101,108,113,109,83,0,0,433,372,805,0.0098,0,0.0175,0,0.0648,0.035399999999999994,0,0,0,0,0.0231,0.0108,0.017400000000000002,12,67.08,455,2,10,80.5,893,0.901455767,24,33.54,-999,-999,-999,-999,-999,-999,-999,-999,-999,-999,0,0,1,NA,NA
2587,4,10,1,410,41001,301179,1,2,1,268,260,241,230,285,288,316,305,0,0,1110,1083,2193,0.0187,0.0038,0.0207,0.0261,0.0281,0.0278,0.0316,0.023,0,0,0.0252,0.020300000000000002,0.022799999999999997,42,52.49,-999,2,42,52.49,217,10.105990779999999,159,13.79,-999,-999,-999,-999,-999,-999,-999,-999,-999,-999,0,0,1,NA,NA
2588,4,10,1,410,41001,301183,0,2,1,420,381,436,414,499,452,515,472,0,0,1870,1719,3589,0.0286,0.0157,0.0413,0.016900000000000002,0.0301,0.022099999999999998,0.013600000000000001,0.0085,0,0,0.0278,0.0157,0.022,83,43.06,-999,2,35,103.14,417,8.606714628,165,21.75,-999,-999,-999,-999,-999,-999,-999,-999,-999,-999,0,0,1,NA,NA
2589,4,10,1,410,41001,301186,1,2,1,818,784,852,869,959,965,1008,965,0,0,3637,3583,7220,0.05260000000000001,0.0319,0.0293,0.018400000000000003,0.0271,0.0145,0.022799999999999997,0.0145,0,0,0.0322,0.0193,0.0258,134,53.93,-999,3,121,59.730000000000004,6015,1.200332502,321,22.49,-999,-999,-999,-999,-999,-999,-999,-999,-999,-999,0,0,1,2589,0
2590,4,10,1,410,41001,325902,0,2,1,317,282,283,257,321,295,292,320,0,0,1213,1154,2367,0.0126,0.0177,0.028300000000000002,0.0272,0.024900000000000002,0.020300000000000002,0.0342,0.0031,0,0,0.0247,0.0165,0.0207,58,40.58,-999,1,61,39,780,3.0346153849999995,94,25.18,-999,-999,-999,-999,-999,-999,-999,-999,-999,-999,0,0,1,NA,NA
2591,4,10,1,410,41001,328201,0,2,2,306,284,317,280,335,347,352,397,0,0,1310,1308,2618,0.0327,0.0141,0.0063,0.025,0.0597,0.0144,0.011399999999999999,0.0126,0,0,0.0275,0.0161,0.0218,51,51.290000000000006,-999,1,31,85.49000000000001,83,31.54216867,130,20.14,-999,-999,-999,-999,-999,-999,-999,-999,-999,-999,0,0,1,NA,NA
2592,4,8,1,408,40801,301199,1,2,1,184,116,159,151,194,152,182,133,0,0,719,552,1271,0.0109,0.025900000000000003,0.0063,0.026500000000000003,0.0567,0.0197,0.0385,0.0226,0,0,0.029199999999999997,0.0236,0.0268,21,60.97,834,2,27,46.9,262,4.851145037999999,41,31,-999,-999,-999,-999,-999,-999,-999,-999,-999,-999,0,0,1,NA,NA
2593,4,8,2,408,40802,301166,0,2,1,280,278,278,287,303,290,295,299,0,0,1156,1154,2310,0.017900000000000003,0.0036,0.0216,0.020900000000000002,0.0627,0.0345,0.0271,0.0201,0,0,0.0329,0.0199,0.026400000000000003,46,49.730000000000004,-999,1,57,40.690000000000005,212,10.89622642,72,32.08,-999,-999,-999,-999,-999,-999,-999,-999,-999,-999,0,0,1,NA,NA
2594,4,8,5,408,40805,301200,0,2,1,109,81,105,106,108,89,106,90,0,0,428,366,794,0.06420000000000001,0,0.0286,0.009399999999999999,0.07410000000000001,0.0674,0.0377,0.0333,0,0,0.0514,0.0273,0.0403,14,58.71,796,1,20,39.92,154,5.155844155999999,30,26.47,-999,-999,-999,-999,-999,-999,-999,-999,-999,-999,0,0,1,NA,NA
2595,4,8,5,408,40805,301201,0,2,1,216,240,251,228,267,256,304,287,0,0,1038,1011,2049,0.0509,0.0208,0.0239,0.021900000000000003,0.0487,0.0273,0.023,0.0035,0,0,0.0356,0.0178,0.0268,21,99.23,847,2,14,141.76,25,81.96000000000001,83,24.69,-999,-999,-999,-999,-999,-999,-999,-999,-999,-999,0,0,1,NA,NA
2596,4,8,6,408,40806,301189,0,2,1,457,405,444,422,528,501,523,517,0,0,1952,1845,3797,0.0656,0.022199999999999998,0.0495,0.0284,0.054900000000000004,0.024,0.0287,0.0251,0,0,0.0492,0.024900000000000002,0.037399999999999996,66,57.56,-999,1,40,95.02,1237,3.0695230400000004,157,24.18,-999,-999,-999,-999,-999,-999,-999,-999,-999,-999,0,0,1,NA,NA
2597,4,8,7,408,40807,301175,0,2,2,267,231,275,299,258,288,299,298,0,0,1099,1116,2215,0.015,0.0087,0.0618,0.0301,0.0504,0.013900000000000001,0.0468,0.0168,0,0,0.0437,0.017900000000000003,0.030699999999999998,41,54.4,-999,1,65,34.07,217,10.207373269999998,80,27.69,-999,-999,-999,-999,-999,-999,-999,-999,-999,-999,0,0,1,2597,0
2598,4,8,12,408,40812,301180,1,2,1,682,618,780,640,849,784,691,795,0,0,3002,2837,5839,0.0323,0.0178,0.0397,0.0125,0.0342,0.023,0.0246,0.013800000000000002,0,0,0.033,0.016900000000000002,0.0252,97,60.220000000000006,-999,2,115,50.83,116,50.3362069,229,25.5,-999,-999,-999,-999,-999,-999,-999,-999,-999,-999,0,0,1,NA,NA
2599,4,8,12,408,40812,301193,1,2,1,160,155,201,196,206,223,210,233,0,0,777,807,1584,0.0625,0.0194,0.054700000000000006,0.0204,0.07770000000000002,0.0448,0.0952,0.021500000000000002,0,0,0.0734,0.0273,0.0499,36,44.14,-999,1,52,30.650000000000002,210,7.542857143,61,25.97,-999,-999,-999,-999,-999,-999,-999,-999,-999,-999,0,0,1,NA,NA
2600,4,8,12,408,40812,301202,1,2,1,149,151,173,169,179,161,172,198,0,0,673,679,1352,0.047,0.026500000000000003,0.0231,0.0178,0.0168,0.0124,0.017400000000000002,0.0101,0,0,0.025300000000000003,0.0162,0.0207,16,83.73,944,1,25,54.18,89,15.191011239999998,34,39.760000000000005,-999,-999,-999,-999,-999,-999,-999,-999,-999,-999,0,0,1,2600,0
2601,4,8,14,408,40814,301167,0,2,1,771,754,825,779,836,861,804,764,0,0,3236,3158,6394,0.0415,0.026500000000000003,0.0558,0.0424,0.0419,0.030199999999999998,0.054700000000000006,0.017,0,0,0.0485,0.029099999999999997,0.0389,119,53.75,-999,1,96,66.32,1597,4.003757044,161,39.71,-999,-999,-999,-999,-999,-999,-999,-999,-999,-999,0,0,1,NA,NA
2602,4,8,14,408,40814,301218,0,2,1,951,911,914,916,1033,1053,1064,1118,0,0,3962,3998,7960,0.0368,0.0274,0.050300000000000004,0.0218,0.0387,0.019,0.0329,0.0224,0,0,0.0394,0.0225,0.0309,114,69.73,-999,1,60,133.43,68,117.0588235,253,31.459999999999997,-999,-999,-999,-999,-999,-999,-999,-999,-999,-999,0,0,1,2602,0
2603,4,13,1,413,41301,301265,1,2,1,178,174,183,178,215,203,216,230,0,0,792,785,1577,0,0,0,0,0,0,0,0,0,0,0,0,0,37,42.190000000000005,-999,1,43,36.57,223,7.071748879,61,25.85,-999,-999,-999,-999,-999,-999,-999,-999,-999,-999,0,0,1,2603,0
2604,4,13,2,413,41302,301231,0,2,1,87,72,102,90,105,107,92,100,0,0,386,369,755,0.0115,0,0.0196,0,0.0095,0.0093,0,0.02,0,0,0.0104,0.0081,0.0093,11,71.14999999999999,346,2,33,23.130000000000003,245,3.0816326529999998,37,20.41,-999,-999,-999,-999,-999,-999,-999,-999,-999,-999,0,0,1,2604,0
2605,4,13,4,413,41304,301240,1,2,2,203,167,212,172,238,200,226,232,0,0,879,771,1650,0,0,0,0,0,0,0,0,0,0,0,0,0,29,57.21,532,3,21,77.52,439,3.758542141,65,25.38,-999,-999,-999,-999,-999,-999,-999,-999,-999,-999,0,0,1,NA,NA
2606,4,13,8,413,41308,301258,1,2,1,212,184,224,216,250,208,214,222,0,0,900,830,1730,0,0,0,0,0,0,0,0,0,0,0,0,0,29,59.1,-999,1,30,57.94,281,6.156583629999999,68,25.439999999999998,-999,-999,-999,-999,-999,-999,-999,-999,-999,-999,0,0,1,2606,1
2607,4,13,8,413,41308,301276,1,2,1,108,100,122,150,140,118,148,117,0,0,518,485,1003,0,0,0.0082,0.013300000000000001,0.035699999999999996,0.0424,0.013500000000000002,0.0171,0,0,0.015399999999999999,0.018600000000000002,0.016900000000000002,2,493,350,3,16,61.63,51,19.666666669999998,37,27.110000000000003,-999,-999,-999,-999,-999,-999,-999,-999,-999,-999,0,0,1,NA,NA
2608,4,13,10,413,41310,301243,0,2,1,126,117,137,134,133,134,154,159,0,0,550,544,1094,0,0,0,0,0,0,0,0,0,0,0,0,0,26,41.720000000000006,-999,1,25,44.18,206,5.310679612,38,28.79,-999,-999,-999,-999,-999,-999,-999,-999,-999,-999,0,0,1,NA,NA
2609,4,13,11,413,41311,307905,1,2,1,217,213,265,269,249,264,231,255,0,0,962,1001,1963,0.013800000000000002,0.0188,0.034,0.0074,0.0241,0.011399999999999999,0.034600000000000006,0.0196,0,0,0.027,0.014,0.0204,23,83.85,-999,1,42,46.2,325,6.04,54,36.349999999999994,-999,-999,-999,-999,-999,-999,-999,-999,-999,-999,0,0,1,NA,NA
2610,4,13,12,413,41312,307906,0,2,1,146,160,146,144,146,127,179,186,0,0,617,617,1234,0.0068000000000000005,0,0.0479,0.013900000000000001,0.0137,0.0157,0.0056,0.0108,0,0,0.0178,0.009699999999999999,0.013800000000000002,38,32.18,-999,1,40,30.919999999999998,1,1234,74,16.68,-999,-999,-999,-999,-999,-999,-999,-999,-999,-999,0,0,1,NA,NA
2611,4,16,5,416,41605,301304,1,2,1,218,171,230,202,218,257,265,218,0,0,931,848,1779,0.12390000000000001,0.0409,0.07830000000000001,0.019799999999999998,0.1009,0.0272,0.056600000000000004,0.036699999999999997,0,0,0.0881,0.030699999999999998,0.0607,39,46.190000000000005,889,2,46,38.37,212,8.391509434000001,71,25.06,-999,-999,-999,-999,-999,-999,-999,-999,-999,-999,0,0,1,NA,NA
2612,4,16,7,416,41607,301317,1,2,1,110,95,160,136,164,160,142,155,0,0,576,546,1122,0.0818,0.042100000000000005,0.07500000000000001,0.022099999999999998,0.0488,0.0375,0.035199999999999995,0.0129,0,0,0.059000000000000004,0.0275,0.0437,22,50.44,881,1,6,179.33,112,10.017857139999998,44,25.5,-999,-999,-999,-999,-999,-999,-999,-999,-999,-999,0,0,1,NA,NA
2613,4,16,15,416,41615,301407,1,2,1,237,190,197,254,279,268,288,291,15,6,1016,1009,2025,0.0211,0.0211,0.025400000000000002,0.0079,0.0323,0.0187,0.0278,0.0034000000000000002,0,0,0.026600000000000002,0.011899999999999999,0.0193,28,72.93,-999,1,23,86.73,46,44.02173913000001,75,27,-999,-999,-999,-999,-999,-999,-999,-999,-999,-999,0,0,1,NA,NA
2614,4,16,12,416,41612,301502,1,2,1,926,941,992,942,1122,1107,1078,1121,0,0,4118,4111,8229,0.0335,0.0106,0.0403,0.0159,0.049,0.0217,0.026900000000000004,0.0107,0,0,0.0376,0.0148,0.0262,121,68.22,-999,2,85,97.29,511,16.1037182,338,24.35,-999,-999,-999,-999,-999,-999,-999,-999,-999,-999,0,0,1,NA,NA
2615,4,16,21,416,41621,301306,1,2,1,297,264,297,312,223,274,258,295,0,0,1075,1145,2220,0.0505,0.026500000000000003,0.07410000000000001,0.032100000000000004,0.0314,0.0146,0.042600000000000006,0.0271,0,0,0.0512,0.025300000000000003,0.0378,32,70.36999999999999,-999,2,47,47.6,21,105.71428570000002,89,24.939999999999998,-999,-999,-999,-999,-999,-999,-999,-999,-999,-999,0,0,1,NA,NA
2616,4,16,25,416,41625,301348,1,2,2,144,153,167,168,186,179,177,165,0,0,674,665,1339,0.06939999999999999,0.0327,0.0479,0.011899999999999999,0.0484,0.0223,0.016900000000000002,0.0121,0,0,0.0445,0.0195,0.032100000000000004,28,47.720000000000006,844,2,31,43.660000000000004,125,10.712,67,19.99,-999,-999,-999,-999,-999,-999,-999,-999,-999,-999,0,0,1,NA,NA
2617,4,16,25,416,41625,301380,1,2,1,383,376,402,415,427,472,445,485,18,12,1675,1760,3435,0.020900000000000002,0.0027,0.0124,0.0024000000000000002,0.009399999999999999,0.0106,0,0,0,0,0.0101,0.004,0.007,73,47.04,-999,1,75,45.790000000000006,48,71.5625,156,22.02,-999,-999,-999,-999,-999,-999,-999,-999,-999,-999,0,0,1,NA,NA
2618,4,17,1,417,41701,301417,1,2,1,459,428,486,473,532,565,529,537,17,13,2023,2016,4039,0.058800000000000005,0.0467,0.0597,0.033800000000000004,0.0639,0.035399999999999994,0.049100000000000005,0.035399999999999994,0,0,0.057300000000000004,0.0372,0.0473,83,48.620000000000005,-999,1,41,98.71000000000001,73,55.32876712,157,25.73,-999,-999,-999,-999,-999,-999,-999,-999,-999,-999,0,0,1,NA,NA
2619,4,17,12,417,41712,301467,0,2,1,395,318,335,371,449,410,434,441,3,6,1616,1546,3162,0.0051,0,0,0.0081,0.0022,0.0024000000000000002,0.0046,0.0068000000000000005,0,0,0.0031,0.0045000000000000005,0.0038,35,90.53,-999,2,26,119.89,37,85.45945946000002,95,33.28,-999,-999,-999,-999,-999,-999,-999,-999,-999,-999,0,0,1,NA,NA
2620,4,17,12,417,41712,308103,0,2,1,147,133,151,150,206,196,160,157,0,0,664,636,1300,0,0,0,0,0,0,0,0,0,0,0,0,0,31,41.44,678,2,54,24.12,281,4.626334519999999,35,37.14,-999,-999,-999,-999,-999,-999,-999,-999,-999,-999,0,0,1,2620,0
2621,4,17,12,417,41712,308123,1,2,1,127,133,119,132,139,155,126,149,0,0,511,569,1080,0,0,0.0084,0,0,0,0,0,0,0,0.002,0,9.000000000000001e-4,27,40.52,-999,1,14,77.36,91,11.868131870000001,42,25.71,-999,-999,-999,-999,-999,-999,-999,-999,-999,-999,0,0,1,NA,NA
2622,4,17,3,417,41703,308104,1,2,1,260,214,325,299,349,320,322,306,0,0,1256,1139,2395,0.0115,0.0047,0,0,0.0029,0.0031,0.0062,0.0033,0,0,0.0048000000000000004,0.0026,0.0038,32,74.3,-999,2,29,83.82,68,35.22058824000001,74,32.36,-999,-999,-999,-999,-999,-999,-999,-999,-999,-999,0,0,1,NA,NA
2623,4,17,5,417,41705,301432,0,2,1,249,254,273,265,325,307,293,292,3,5,1143,1123,2266,0.0643,0.0276,0.0073,0.030199999999999998,0.043100000000000006,0.0358,0.0205,0.0274,0,0,0.0332,0.0303,0.0318,49,46.24,-999,1,39,58.1,70,32.37142856999999,79,28.68,-999,-999,-999,-999,-999,-999,-999,-999,-999,-999,0,0,1,2623,0
2624,4,17,11,417,41711,308108,0,2,1,275,279,346,301,337,312,315,297,0,0,1273,1189,2462,0.0182,0.0143,0.0029,0,0.0208,0.0192,0.050800000000000005,0.0168,0,0,0.022799999999999997,0.0126,0.017900000000000003,23,105.23,-999,2,27,92.85,935,2.63315508,93,26.47,-999,-999,-999,-999,-999,-999,-999,-999,-999,-999,0,0,1,NA,NA
2625,4,17,11,417,41711,301466,0,2,1,669,610,675,645,735,670,624,645,0,0,2703,2570,5273,0.0105,0.0082,0.0089,0.0109,0.0082,0.0075,0.024,0.014,0,0,0.0126,0.0101,0.011399999999999999,58,90.97,-999,3,51,103.45,175,30.13142857,188,28.05,-999,-999,-999,-999,-999,-999,-999,-999,-999,-999,0,0,1,NA,NA
2626,4,17,3,417,41703,301436,0,2,1,311,267,346,338,367,344,364,371,2,2,1390,1322,2712,0.041800000000000004,0.0225,0.052000000000000005,0.0178,0.035399999999999994,0.017400000000000002,0.030199999999999998,0.0162,0,0,0.0396,0.0182,0.029099999999999997,33,81.61,989,3,25,108.08,12,226,102,26.59,-999,-999,-999,-999,-999,-999,-999,-999,-999,-999,0,0,1,NA,NA
2627,4,17,2,417,41702,308124,0,2,1,217,228,241,211,156,175,189,200,0,0,803,814,1617,0,0.0044,0.0083,0,0,0,0.0106,0,0,0,0.005,0.0012000000000000001,0.0031,26,63.260000000000005,-999,2,43,37.56,248,6.52016129,54,29.939999999999998,-999,-999,-999,-999,-999,-999,-999,-999,-999,-999,0,0,1,NA,NA
2628,4,17,10,417,41710,301456,1,2,2,199,202,250,254,242,249,256,262,0,0,947,967,1914,0.0201,0.009899999999999999,0.036,0.0157,0.028900000000000002,0.0161,0.0273,0.0115,0,0,0.0285,0.0134,0.020900000000000002,44,43.89,-999,1,70,27.2,2,957,78,24.54,-999,-999,-999,-999,-999,-999,-999,-999,-999,-999,0,0,1,2628,0
2629,4,9,1,409,40901,301484,1,2,1,586,574,570,596,592,619,553,649,37,16,2338,2454,4792,0.044399999999999995,0.0314,0.06670000000000001,0.033600000000000005,0.0507,0.0485,0.038,0.02,0,0,0.0492,0.033,0.0409,105,45.57,-999,1,121,39.56,201,23.84079602,237,20.22,-999,-999,-999,-999,-999,-999,-999,-999,-999,-999,0,0,1,NA,NA
2630,4,14,1,414,41401,301496,1,2,1,178,149,212,199,210,217,207,235,0,0,807,800,1607,0.016900000000000002,0.0134,0.018900000000000004,0.015099999999999999,0.0143,0,0.0242,0.0128,0,0,0.018600000000000002,0.01,0.0143,7,246.33,-999,1,4,369.5,1214,1.3237232289999998,62,25.919999999999998,-999,-999,-999,-999,-999,-999,-999,-999,-999,-999,0,0,1,NA,NA
2631,4,14,1,414,41401,301489,1,2,1,169,150,161,155,165,191,169,162,0,0,664,658,1322,0.029599999999999998,0.02,0.0311,0.0194,0.036399999999999995,0.0157,0.0118,0.0062,0,0,0.0271,0.0152,0.0212,22,58.790000000000006,-999,1,33,39.65,2106,0.627730294,50,26.439999999999998,-999,-999,-999,-999,-999,-999,-999,-999,-999,-999,0,0,1,2631,0
2632,4,14,1,414,41401,301491,1,2,1,266,247,276,284,307,304,314,309,0,0,1163,1144,2307,0.015,0.0081,0.0145,0.0211,0.0033,0.009899999999999999,0.0127,0.009699999999999999,0,0,0.0112,0.0122,0.011699999999999999,55,41.61,-999,1,66,34.93,2219,1.0396575030000001,123,18.759999999999998,-999,-999,-999,-999,-999,-999,-999,-999,-999,-999,0,0,1,NA,NA
2633,4,14,1,414,41401,301487,1,2,1,163,159,195,178,218,220,240,191,0,0,816,748,1564,0.049100000000000005,0.018900000000000004,0.041,0.0337,0.06420000000000001,0.009099999999999999,0.0333,0.0052,0,0,0.0466,0.016,0.032,42,37.03,-999,1,64,24.55,2427,0.6444169759999999,51,30.67,-999,-999,-999,-999,-999,-999,-999,-999,-999,-999,0,0,1,NA,NA
2634,4,14,1,414,41401,301494,1,2,1,104,87,99,96,123,111,127,118,0,0,453,412,865,0.048100000000000004,0.0115,0.0505,0.0104,0.0244,0.018000000000000002,0.0236,0.0085,0,0,0.0353,0.0121,0.024300000000000002,14,61.21,981,1,63,13.68,50,17.3,42,20.6,-999,-999,-999,-999,-999,-999,-999,-999,-999,-999,0,0,1,NA,NA
2635,4,14,1,414,41401,301497,0,2,1,159,165,176,171,179,181,195,197,0,0,709,714,1423,0.0126,0.0061,0,0.0058000000000000005,0,0.0055,0,0.0102,0,0,0.0028,0.007,0.0049,28,51.64,-999,1,52,27.22,1483,0.9595414700000001,46,30.93,-999,-999,-999,-999,-999,-999,-999,-999,-999,-999,0,0,1,2635,1
2636,4,15,1,415,41501,301501,0,2,2,409,390,469,451,504,481,515,523,7,2,1904,1847,3751,0.0024000000000000002,0,0,0.0022,0.002,0,0.0019,0.0019,0,0,0.0015999999999999999,0.0011,0.0013,74,50.63,-999,2,97,38.67,180,20.838888890000003,173,21.68,-999,-999,-999,-999,-999,-999,-999,-999,-999,-999,0,0,1,NA,NA
2637,4,15,1,415,41501,308501,1,2,2,302,263,290,322,338,356,314,332,0,0,1244,1273,2517,0,0,0,0,0,0,0,0,0,0,0,0,0,59,42.839999999999996,-999,1,96,26.310000000000002,242,10.40082645,96,26.22,-999,-999,-999,-999,-999,-999,-999,-999,-999,-999,0,0,1,2637,0
2638,4,18,1,418,41801,308602,0,2,1,221,170,244,243,267,270,297,253,0,0,1029,936,1965,0.036199999999999996,0.0176,0.0574,0.0206,0.0262,0.025900000000000003,0.043800000000000006,0.015799999999999998,0,0,0.0408,0.020300000000000002,0.031,44,44.47,-999,1,47,41.8,129,15.232558139999998,73,26.919999999999998,-999,-999,-999,-999,-999,-999,-999,-999,-999,-999,0,0,1,NA,NA
2639,4,18,1,418,41801,301508,0,2,1,156,118,133,127,154,130,131,138,0,0,574,513,1087,0,0,0,0,0,0,0,0,0,0,0,0,0,12,88.44000000000001,653,2,14,78.61,304,3.5756578949999995,37,29.38,-999,-999,-999,-999,-999,-999,-999,-999,-999,-999,0,0,1,2639,0
2640,4,18,1,418,41801,308601,1,2,1,145,140,173,147,161,166,150,151,0,0,629,604,1233,0,0,0,0,0,0,0,0,0,0,0,0,0,15,83.89,482,3,15,79.7,98,12.581632650000001,45,27.4,-999,-999,-999,-999,-999,-999,-999,-999,-999,-999,0,0,1,NA,NA
2641,4,1,1,401,40101,301457,1,2,1,726,710,853,768,897,840,935,824,0,0,3411,3142,6553,0.0248,0.0113,0.0176,0.0104,0.0145,0.0095,0.031,0.029099999999999997,0,0,0.022,0.0153,0.0188,78,84.1,-999,2,116,56.44,196,33.433673469999995,263,24.919999999999998,-999,-999,-999,-999,-999,-999,-999,-999,-999,-999,0,0,1,NA,NA
2642,4,1,1,401,40101,301425,1,2,1,414,418,455,417,525,512,549,453,0,0,1943,1800,3743,0.0048000000000000004,0.0024000000000000002,0.0022,0.0024000000000000002,0.0057,0.0059,0.0036,0,0,0,0.0041,0.0028,0.0035,48,78.26,-999,2,71,52.78,38,98.5,148,25.29,-999,-999,-999,-999,-999,-999,-999,-999,-999,-999,0,0,1,2642,0
2643,4,1,1,401,40101,321506,0,2,1,303,285,343,287,270,273,259,246,0,0,1175,1091,2266,0.0231,0.0035,0.049600000000000005,0.034800000000000005,0.0148,0.022,0.0077,0.016300000000000002,0,0,0.025500000000000002,0.0192,0.0225,27,84.55,743,3,19,116.25,5,453.2,76,29.82,-999,-999,-999,-999,-999,-999,-999,-999,-999,-999,0,0,1,NA,NA
2644,4,1,1,401,40101,301419,1,2,1,635,529,655,545,640,644,588,601,0,0,2518,2319,4837,0.0079,0.0095,0.0046,0.0092,0.009399999999999999,0.0062,0.0051,0.0033,0,0,0.0068000000000000005,0.0069,0.0068000000000000005,32,153.53,-999,3,23,213.60999999999999,237,20.4092827,212,22.82,-999,-999,-999,-999,-999,-999,-999,-999,-999,-999,0,0,1,NA,NA
2645,4,1,1,401,40101,301422,1,2,1,428,441,451,406,532,434,452,448,0,0,1863,1729,3592,0.0047,0,0.0022,0,0.013200000000000002,0.0046,0.0288,0.0045000000000000005,0,0,0.0123,0.0023,0.0075,59,61.05,-999,1,61,58.59,244,14.721311479999995,157,22.88,-999,-999,-999,-999,-999,-999,-999,-999,-999,-999,0,0,1,NA,NA
2646,4,1,1,401,40101,301423,0,2,1,106,108,146,110,147,94,110,131,0,0,509,443,952,0,0,0,0,0,0,0,0,0,0,0,0,0,21,44.55,516,2,26,36.91,59,16.13559322,37,25.73,-999,-999,-999,-999,-999,-999,-999,-999,-999,-999,0,0,1,NA,NA
2647,4,1,1,401,40101,301426,1,2,1,352,311,338,311,387,376,374,373,0,0,1451,1371,2822,0.0199,0.0064,0.0473,0.0257,0.062,0.0239,0.050800000000000005,0.0241,0,0,0.0455,0.0204,0.0333,52,53.83,-999,2,40,70.08,845,3.3396449699999993,113,24.97,-999,-999,-999,-999,-999,-999,-999,-999,-999,-999,0,0,1,NA,NA
2648,4,1,1,401,40101,321505,0,2,1,414,390,399,415,500,437,474,452,0,0,1787,1694,3481,0,0.0026,0,0,0.002,0,0,0.0022,0,0,6.000000000000001e-4,0.0012000000000000001,9.000000000000001e-4,33,105.05,-999,2,39,88.71000000000001,205,16.980487799999995,117,29.75,-999,-999,-999,-999,-999,-999,-999,-999,-999,-999,0,0,1,NA,NA
2649,4,20,1,420,42001,301227,0,2,2,605,540,722,642,816,763,791,705,0,0,2934,2650,5584,0.0347,0.013000000000000001,0.029099999999999997,0.0078000000000000005,0.0392,0.018300000000000004,0.026500000000000003,0.018400000000000003,0,0,0.0324,0.0147,0.024,69,80.38,-999,2,53,105.22,6064,0.9208443270000001,212,26.34,-999,-999,-999,-999,-999,-999,-999,-999,-999,-999,0,0,1,2649,0
2650,4,20,1,420,42001,301239,0,2,1,123,139,156,135,181,161,166,171,0,0,626,606,1232,0.0325,0.0288,0.0128,0.037,0.0497,0.0062,0.006,0.011699999999999999,0,0,0.0256,0.019799999999999998,0.022699999999999998,5,262.83,929,1,27,45.06,407,3.0270270270000004,47,26.21,-999,-999,-999,-999,-999,-999,-999,-999,-999,-999,0,0,1,NA,NA
2651,4,22,1,422,42201,301416,0,2,1,80,60,81,74,84,81,97,85,0,0,342,300,642,0.0125,0.0333,0.0988,0,0.119,0.0123,0.0206,0.0235,0,0,0.061399999999999996,0.0167,0.0405,7,90.6,578,1,6,113.25,34,18.882352939999997,25,25.68,-999,-999,-999,-999,-999,-999,-999,-999,-999,-999,0,0,1,2651,0
2652,4,22,1,422,42201,301347,1,2,1,471,452,457,492,532,520,575,566,12,8,2047,2038,4085,0.0042,0.0066,0.0109,0.0061,0.009399999999999999,0.0058000000000000005,0.0035,0.0053,0,0,0.0068000000000000005,0.0059,0.0064,93,43.92,-999,1,22,183.41,40,102.12499999999999,215,19,-999,-999,-999,-999,-999,-999,-999,-999,-999,-999,0,0,1,NA,NA
2653,4,11,1,411,41101,301194,1,2,2,828,717,815,794,1007,937,930,925,12,6,3592,3379,6971,0.0314,0.0195,0.0245,0.0164,0.036699999999999997,0.0181,0.0323,0.017300000000000003,0,0.16670000000000001,0.0315,0.0181,0.025,58,120.91000000000001,-999,3,74,93.74000000000001,432,16.136574070000002,266,26.21,-999,-999,-999,-999,-999,-999,-999,-999,-999,-999,0,0,1,NA,NA
2654,4,11,1,411,41101,301214,1,2,1,323,316,350,353,467,380,461,379,5,6,1606,1434,3040,0.0031,0,0.0029,0.0057,0.0021,0.0026,0,0.0026,0,0,0.0019,0.0028,0.0023,21,147.03,-999,3,29,104,112,27.142857140000004,78,38.97,-999,-999,-999,-999,-999,-999,-999,-999,-999,-999,0,0,1,2654,1
2655,4,11,1,411,41101,301223,1,2,1,165,161,165,157,209,166,154,151,0,0,693,635,1328,0.0303,0.0062,0.0061,0.025500000000000002,0.0287,0.0301,0.026000000000000002,0.013200000000000002,0,0,0.0231,0.018900000000000004,0.0211,18,73.78,-999,1,28,47.43,128,10.375000000000002,62,21.419999999999998,-999,-999,-999,-999,-999,-999,-999,-999,-999,-999,0,0,1,NA,NA
2656,4,10,1,410,41001,301184,0,4,1,487,484,575,502,629,582,647,602,0,0,2338,2170,4508,0.0205,0.0207,0.024300000000000002,0.013900000000000001,0.0223,0.0155,0.0247,0.0316,0,0,0.0231,0.0207,0.022,32,140.88000000000002,-999,3,30,150.26999999999998,924,4.878787878999999,184,24.5,-999,-999,-999,-999,-999,-999,-999,-999,-999,-999,0,0,1,2656,0
2657,4,10,1,410,41001,301185,1,4,1,372,320,334,345,419,399,395,379,0,0,1520,1443,2963,0.0457,0.0281,0.0569,0.0551,0.0167,0.0351,0.07590000000000001,0.026400000000000003,0,0,0.048,0.036,0.0422,34,87.14999999999999,722,4,32,92.59,2611,1.1348142469999998,134,22.110000000000003,-999,-999,-999,-999,-999,-999,-999,-999,-999,-999,0,0,1,NA,NA
2658,4,10,1,410,41001,301187,1,4,1,214,170,179,170,208,215,187,192,0,0,788,747,1535,0.056100000000000004,0.0176,0.0391,0.0353,0.0337,0.0419,0.0267,0.0208,0,0,0.0393,0.0295,0.0345,23,66.74000000000001,827,2,35,43.86,56,27.410714289999998,67,22.91,-999,-999,-999,-999,-999,-999,-999,-999,-999,-999,0,0,1,NA,NA
2659,4,3,14,403,40314,301151,1,4,1,259,255,309,276,338,330,346,298,0,0,1252,1159,2411,0.0193,0,0.0162,0.0109,0.0325,0.0182,0.0434,0.0067,0,0,0.0288,0.0095,0.0195,40,60.28,-999,2,53,45.49,32,75.34375,101,23.87,-999,-999,-999,-999,-999,-999,-999,-999,-999,-999,0,0,1,NA,NA
2660,4,3,9,403,40309,301127,1,4,1,267,272,386,359,370,391,409,376,0,0,1432,1398,2830,0.0262,0.018400000000000003,0.044,0.039,0.024300000000000002,0.0153,0.0196,0.016,0,0,0.0286,0.022199999999999998,0.025400000000000002,38,74.47,-999,1,32,88.44000000000001,10,283,116,24.4,-999,-999,-999,-999,-999,-999,-999,-999,-999,-999,0,0,1,NA,NA
2661,4,8,3,408,40803,301177,1,4,1,664,675,754,662,766,728,736,740,0,0,2920,2805,5725,0.0256,0.0089,0.026500000000000003,0.0121,0.018300000000000004,0.011,0.0149,0.013500000000000002,0,0,0.0212,0.011399999999999999,0.0164,111,51.58,-999,1,112,51.120000000000005,125,45.8,220,26.02,-999,-999,-999,-999,-999,-999,-999,-999,-999,-999,0,0,1,NA,NA
2662,4,8,6,408,40806,301174,0,4,1,113,118,132,122,157,133,140,148,0,0,542,521,1063,0.05310000000000001,0.0424,0.13640000000000002,0.0574,0.0318,0.05260000000000001,0.057100000000000005,0.033800000000000004,0,0,0.0683,0.0461,0.0574,21,50.620000000000005,-999,1,22,48.32,85,12.505882350000002,58,18.330000000000002,-999,-999,-999,-999,-999,-999,-999,-999,-999,-999,0,0,1,NA,NA
2663,4,8,8,408,40808,301169,0,4,1,107,111,115,107,87,108,75,79,0,0,384,405,789,0.056100000000000004,0.036,0.034800000000000005,0.0467,0.0575,0.0093,0.05330000000000001,0,0,0,0.0495,0.0247,0.0368,18,43.83,661,1,12,65.75,35,22.542857140000002,43,18.35,-999,-999,-999,-999,-999,-999,-999,-999,-999,-999,0,0,1,NA,NA
2664,4,8,10,408,40810,301208,0,4,1,235,212,258,277,290,303,279,267,0,0,1062,1059,2121,0.034,0.028300000000000002,0.0659,0.028900000000000002,0.037899999999999996,0.0429,0.0645,0.0262,0,0,0.050800000000000005,0.032100000000000004,0.0415,24,88.38,-999,1,69,30.74,29,73.13793102999999,62,34.21,-999,-999,-999,-999,-999,-999,-999,-999,-999,-999,0,0,1,NA,NA
2665,4,8,11,408,40811,301212,0,4,1,476,439,487,457,538,467,451,514,0,0,1952,1877,3829,0.018900000000000004,0.011399999999999999,0.051300000000000005,0.0241,0.0558,0.0236,0.0244,0.0272,0,0,0.0384,0.0218,0.0303,50,76.58,778,5,26,147.26999999999998,172,22.261627909999998,145,26.41,-999,-999,-999,-999,-999,-999,-999,-999,-999,-999,0,0,1,NA,NA
2666,4,8,12,408,40812,301197,1,4,1,203,175,200,176,203,221,219,184,0,0,825,756,1581,0.05910000000000001,0.011399999999999999,0.034999999999999996,0.011399999999999999,0.0936,0.036199999999999996,0.0274,0.032600000000000004,0,0,0.05330000000000001,0.023799999999999998,0.0392,18,87.83,-999,1,34,46.5,100,15.81,48,32.94,-999,-999,-999,-999,-999,-999,-999,-999,-999,-999,0,0,1,2666,0
2667,4,8,12,408,40812,301203,1,4,1,159,140,170,154,163,157,171,170,0,0,663,621,1284,0.0881,0.0071,0.07060000000000001,0.07790000000000001,0.049100000000000005,0.025500000000000002,0.07020000000000001,0.0294,0,0,0.06939999999999999,0.035399999999999994,0.053000000000000005,16,80.25,-999,1,24,53.5,90,14.266666670000001,40,32.1,-999,-999,-999,-999,-999,-999,-999,-999,-999,-999,0,0,1,NA,NA
2668,4,8,14,408,40814,307817,0,4,3,295,306,288,277,264,259,202,204,0,0,1049,1046,2095,0.07800000000000001,0.0196,0.0347,0,0.0417,0.0347,0.0248,0.049,0,0,0.0467,0.0239,0.0353,21,99.76,450,5,23,91.09,34,61.61764705999999,0,-999,-999,-999,-999,-999,-999,-999,-999,-999,-999,-999,0,0,1,NA,NA
2669,4,8,15,408,40815,301222,1,4,2,1425,1328,1334,1274,1373,1412,1431,1346,0,0,5563,5360,10923,0.037899999999999996,0.0196,0.0607,0.0322,0.0517,0.0241,0.042600000000000006,0.0267,0,0,0.048,0.0256,0.037,121,90.27,-999,2,108,101.14,16,682.6875,377,28.97,-999,-999,-999,-999,-999,-999,-999,-999,-999,-999,0,0,1,NA,NA
2670,4,13,3,413,41303,301238,1,4,2,238,244,266,247,283,276,280,296,0,0,1067,1063,2130,0,0,0.0188,0.0081,0.0071,0.0036,0.0036,0.020300000000000002,0,0,0.0075,0.0085,0.008,38,56.05,-999,2,43,49.53,337,6.3204747769999985,181,11.77,-999,-999,-999,-999,-999,-999,-999,-999,-999,-999,0,0,1,2670,0
2671,4,13,6,413,41306,307936,0,4,3,143,129,124,132,175,175,179,161,0,0,621,597,1218,0,0,0,0,0,0,0,0,0,0,0,0,0,15,81.2,658,2,19,64.11,140,8.7,0,-999,-999,-999,-999,-999,-999,-999,-999,-999,-999,-999,0,0,1,NA,NA
2672,4,13,8,413,41308,301236,1,4,2,142,135,133,128,161,173,157,134,0,0,593,570,1163,0.0141,0.0148,0.0075,0.0078000000000000005,0.0311,0.017300000000000003,0.0191,0.0075,0,0,0.018500000000000003,0.0123,0.0155,17,68.41000000000001,511,2,26,44.730000000000004,249,4.670682731,57,20.4,-999,-999,-999,-999,-999,-999,-999,-999,-999,-999,0,0,1,2672,1
2673,4,13,9,413,41309,307913,1,4,2,133,119,134,158,175,155,161,170,3,2,606,604,1210,0.015,0.0168,0.0299,0,0.011399999999999999,0.0129,0.043500000000000004,0,0,0,0.0248,0.0066,0.0157,19,63.68,800,2,12,100.83,83,14.578313249999999,59,20.51,-999,-999,-999,-999,-999,-999,-999,-999,-999,-999,0,0,1,2673,0
2674,4,13,11,413,41311,301245,0,4,2,134,116,148,123,167,111,172,149,0,0,621,499,1120,0.0149,0.0172,0.0068000000000000005,0,0,0,0,0,0,0,0.0048000000000000004,0.004,0.0045000000000000005,20,56,-999,1,23,48.7,167,6.706586825999999,48,23.330000000000002,-999,-999,-999,-999,-999,-999,-999,-999,-999,-999,0,0,1,NA,NA
2675,4,13,11,413,41311,301252,0,4,1,72,60,63,66,75,81,89,77,0,0,299,284,583,0,0,0,0,0,0,0,0,0,0,0,0,0,7,83.29,600,1,8,72.88,136,4.2867647060000005,28,20.82,-999,-999,-999,-999,-999,-999,-999,-999,-999,-999,0,0,1,NA,NA
2676,4,13,12,413,41312,301257,1,4,2,868,865,955,971,860,1056,976,1143,0,0,3659,4035,7694,0.0012000000000000001,0.0023,0.0073,0.0031,0.007,0.0028,0.0031,9.000000000000001e-4,0,0,0.0046,0.0022,0.0034000000000000002,124,62.05,-999,2,133,57.849999999999994,859,8.956926659000002,333,23.110000000000003,-999,-999,-999,-999,-999,-999,-999,-999,-999,-999,0,0,1,2676,0
2677,4,17,4,417,41704,301437,0,4,2,0,0,492,524,1048,987,882,842,0,0,2422,2353,4775,0,0,0.0589,0.0267,0.0181,0.0162,0.028300000000000002,0.021400000000000002,0,0,0.0301,0.0204,0.025300000000000003,54,88.43,-999,2,32,149.22,34,140.4411765,168,28.419999999999998,-999,-999,-999,-999,-999,-999,-999,-999,-999,-999,0,0,1,2677,0
2678,4,17,4,417,41704,301438,0,4,1,256,223,251,244,253,278,259,249,0,0,1019,994,2013,0.0273,0.026900000000000004,0.0558,0.0123,0.0316,0.0072,0.0386,0.0201,0,0,0.0383,0.0161,0.0273,13,154.85000000000002,548,4,10,201.3,36,55.91666666999999,86,23.41,-999,-999,-999,-999,-999,-999,-999,-999,-999,-999,0,0,1,2678,0
2679,4,17,8,417,41708,301439,0,4,1,588,517,613,618,643,583,667,647,0,0,2511,2365,4876,0.025500000000000002,0.0019,0.017900000000000003,0.0146,0.0202,0.0257,0.0285,0.0201,0,0,0.0231,0.0161,0.0197,69,70.66999999999999,-999,4,82,59.46,15,325.0666667,164,29.73,-999,-999,-999,-999,-999,-999,-999,-999,-999,-999,0,0,1,NA,NA
2680,4,17,8,417,41708,301440,1,4,1,350,332,357,328,412,365,381,391,0,0,1500,1416,2916,0.011399999999999999,0,0.0028,0.0061,0.0049,0.0082,0.0131,0.0205,0,0,0.008,0.0092,0.0086,50,58.32,-999,1,42,69.43,2,1458,116,25.14,-999,-999,-999,-999,-999,-999,-999,-999,-999,-999,0,0,1,NA,NA
2681,4,17,8,417,41708,301442,1,4,1,324,320,461,394,460,443,445,495,0,0,1690,1652,3342,0.034,0.021900000000000003,0.0195,0.0025,0.0413,0.0248,0.0067,0.0162,0,0,0.024900000000000002,0.016300000000000002,0.0206,28,119.36,-999,2,21,159.14,5,668.4,143,23.37,-999,-999,-999,-999,-999,-999,-999,-999,-999,-999,0,0,1,NA,NA
2682,4,17,8,417,41708,301443,0,4,1,121,104,150,118,105,136,120,109,0,0,496,467,963,0.07440000000000001,0.0096,0.1133,0.025400000000000002,0.06670000000000001,0.0368,0.07500000000000001,0.045899999999999996,0,0,0.08470000000000001,0.03,0.0582,18,53.5,500,2,8,120.38,1,963,31,31.06,-999,-999,-999,-999,-999,-999,-999,-999,-999,-999,0,0,1,NA,NA
2683,4,17,9,417,41709,301458,1,4,1,561,500,566,562,653,657,628,670,0,0,2408,2389,4797,0.016,0.008,0.0371,0.016,0.0123,0.0061,0.011099999999999999,0.009,0,0,0.0187,0.0096,0.0142,41,117,-999,4,22,218.05,31,154.74193549999998,251,19.110000000000003,-999,-999,-999,-999,-999,-999,-999,-999,-999,-999,0,0,1,NA,NA
2684,4,17,10,417,41710,301464,1,4,1,295,236,276,304,322,319,328,357,8,8,1229,1224,2453,0,0,0,0.0033,0,0,0.003,0,0,0,8e-4,8e-4,8e-4,45,54.51,-999,2,27,90.85,50,49.06,103,23.82,-999,-999,-999,-999,-999,-999,-999,-999,-999,-999,0,0,1,2684,0
2685,4,17,11,417,41711,308129,1,4,1,312,251,346,302,363,322,297,314,0,0,1318,1189,2507,0.051300000000000005,0.0398,0.049100000000000005,0.0199,0.0606,0.0559,0.0202,0.0223,0,0,0.0463,0.0345,0.0407,14,179.07,890,3,10,250.7,18,139.2777778,79,31.73,-999,-999,-999,-999,-999,-999,-999,-999,-999,-999,0,0,1,NA,NA
2686,4,17,8,417,41708,308106,1,4,1,451,419,483,458,586,508,541,542,0,0,2061,1927,3988,0.0488,0.0286,0.0455,0.0349,0.0427,0.0295,0.0425,0.0258,0,0,0.0446,0.029599999999999998,0.037399999999999996,59,67.59,-999,2,27,147.7,13,306.7692308,126,31.650000000000002,-999,-999,-999,-999,-999,-999,-999,-999,-999,-999,0,0,1,NA,NA
2687,4,17,8,417,41708,308135,0,4,1,196,181,227,212,264,230,261,225,0,0,948,848,1796,0,0,0,0,0,0,0,0,0,0,0,0,0,21,85.52,405,4,25,71.84,12,149.66666669999998,66,27.21,-999,-999,-999,-999,-999,-999,-999,-999,-999,-999,0,0,1,2687,0
2688,4,17,3,417,41703,308119,1,4,1,261,284,314,313,299,330,315,301,18,8,1207,1236,2443,0.042100000000000005,0.0282,0.034999999999999996,0.0256,0.040100000000000004,0.009099999999999999,0.019,0.0033,0,0,0.033100000000000004,0.0162,0.0246,19,128.58,807,3,11,222.09,18,135.7222222,98,24.93,-999,-999,-999,-999,-999,-999,-999,-999,-999,-999,0,0,1,NA,NA
2689,4,18,1,418,41801,301506,0,4,1,139,101,106,96,126,105,121,102,0,0,492,404,896,0.06470000000000001,0.029699999999999997,0.018900000000000004,0.0104,0.0397,0.0095,0.0248,0.0392,0,0,0.0386,0.0223,0.0313,22,40.730000000000004,838,1,15,59.730000000000004,267,3.3558052429999994,36,24.89,-999,-999,-999,-999,-999,-999,-999,-999,-999,-999,0,0,1,NA,NA
2690,4,18,1,418,41801,308606,0,4,1,120,156,141,130,170,142,135,152,0,0,566,580,1146,0,0,0.0142,0,0.0059,0,0.0148,0.0066,0,0,0.0088,0.0017000000000000001,0.0052,15,76.4,460,2,20,57.3,1,1146,37,30.97,-999,-999,-999,-999,-999,-999,-999,-999,-999,-999,0,0,1,NA,NA
2691,4,18,1,418,41801,301507,0,4,1,71,64,69,82,78,68,67,57,0,0,285,271,556,0.0563,0,0.028999999999999998,0.0122,0.0256,0.0147,0.0149,0.0175,0,0,0.0316,0.011099999999999999,0.0216,11,50.55,583,1,12,46.33,177,3.1412429379999995,21,26.479999999999997,-999,-999,-999,-999,-999,-999,-999,-999,-999,-999,0,0,1,2691,0
2692,4,18,1,418,41801,301510,0,4,1,98,78,111,84,100,98,114,98,0,0,423,358,781,0.0204,0.051300000000000005,0.045,0,0.05,0.0204,0.0439,0.0204,0,0,0.0402,0.0223,0.032,14,55.790000000000006,362,2,27,28.93,193,4.046632124000001,27,28.93,-999,-999,-999,-999,-999,-999,-999,-999,-999,-999,0,0,1,NA,NA
2693,4,1,1,401,40101,301418,1,4,1,1460,1377,1624,1535,1619,1453,1506,1564,0,0,6209,5929,12138,0.0137,0.0087,0.0191,0.006500000000000001,0.0358,0.0241,0.017300000000000003,0.0115,0,0,0.0217,0.0126,0.017300000000000003,125,97.1,-999,2,137,88.6,160,75.8625,451,26.91,-999,-999,-999,-999,-999,-999,-999,-999,-999,-999,0,0,1,2693,0
2694,4,1,1,401,40101,301448,1,4,1,625,515,677,582,647,662,615,596,0,0,2564,2355,4919,0.0128,0.009699999999999999,0.0148,0.0172,0.0031,0.0045000000000000005,0.0195,0.011699999999999999,0,0,0.0125,0.0106,0.0116,32,153.72,-999,2,40,122.98,798,6.164160400999999,174,28.27,-999,-999,-999,-999,-999,-999,-999,-999,-999,-999,0,0,1,NA,NA
2695,4,1,1,401,40101,301420,1,4,1,280,280,332,283,327,298,274,284,0,0,1213,1145,2358,0,0,0.003,0.0035,0.018300000000000004,0.0168,0,0,0,0,0.0058000000000000005,0.0052,0.0055,22,107.17999999999999,-999,2,21,112.29,98,24.06122449,85,27.74,-999,-999,-999,-999,-999,-999,-999,-999,-999,-999,0,0,1,NA,NA
2696,4,20,1,420,42001,301260,0,4,1,229,209,272,240,245,269,278,262,0,0,1024,980,2004,0.048,0.0096,0.018400000000000003,0.0042,0.0204,0.0112,0.0324,0.0229,0,0,0.0293,0.0122,0.021,26,77.08,-999,2,56,35.790000000000006,35,57.25714286,79,25.37,-999,-999,-999,-999,-999,-999,-999,-999,-999,-999,0,0,1,NA,NA
2697,4,20,1,420,42001,324001,0,4,1,303,281,373,362,330,349,387,398,0,0,1393,1390,2783,0.013200000000000002,0,0.0134,0.0055,0.0152,0.0086,0,0,0,0,0.0101,0.0036,0.0068000000000000005,26,107.04,-999,1,23,121,168,16.56547619,112,24.85,-999,-999,-999,-999,-999,-999,-999,-999,-999,-999,0,0,1,NA,NA
2698,4,2,1,402,40201,301171,1,4,2,700,685,827,758,928,936,910,835,43,41,3408,3255,6663,0.0071,0.0015,0.0024000000000000002,0.004,0.0032,0.0053,0.0033,0.0012000000000000001,0,0,0.0038,0.0031,0.0035,133,50.1,-999,1,225,29.610000000000003,5909,1.127601963,550,12.11,-999,-999,-999,-999,-999,-999,-999,-999,-999,-999,0,0,1,NA,NA
2699,4,2,1,402,40201,301188,1,4,1,376,327,351,339,368,332,341,331,0,0,1436,1329,2765,0.053200000000000004,0.0275,0.0427,0.050100000000000006,0.0489,0.0301,0.0587,0.042300000000000004,0,0,0.050800000000000005,0.0376,0.0445,30,92.16999999999999,-999,2,50,55.3,2633,1.0501329280000002,182,15.19,-999,-999,-999,-999,-999,-999,-999,-999,-999,-999,0,0,1,2699,0
2700,4,2,1,402,40201,307815,0,4,3,226,207,205,218,234,196,227,229,0,0,892,850,1742,0.0664,0.0386,0.0634,0.0229,0.051300000000000005,0.0408,0.022,0.0262,0,0,0.0504,0.0318,0.0413,19,91.67999999999999,808,2,9,193.56,1534,1.1355932199999998,0,-999,-999,-999,-999,-999,-999,-999,-999,-999,-999,-999,0,0,1,NA,NA
2701,4,12,1,412,41201,301190,1,4,1,883,811,1014,882,1012,1041,1098,1091,45,27,4052,3852,7904,0.049800000000000004,0.030799999999999998,0.0552,0.0272,0.07020000000000001,0.0365,0.0437,0.0422,0,0,0.054000000000000006,0.0345,0.0445,122,64.79,-999,3,82,96.39,128,61.75,408,19.37,-999,-999,-999,-999,-999,-999,-999,-999,-999,-999,0,0,1,NA,NA
2702,4,12,1,412,41201,301196,0,4,1,1152,1105,1330,1299,1395,1278,1504,1430,0,0,5381,5112,10493,0.0347,0.0181,0.045899999999999996,0.0239,0.0366,0.0274,0.0439,0.0161,0,0,0.0405,0.021300000000000003,0.0312,97,108.17999999999999,-999,2,58,180.91,93,112.827957,403,26.04,-999,-999,-999,-999,-999,-999,-999,-999,-999,-999,0,0,1,NA,NA
2703,4,12,1,412,41201,307816,0,4,1,128,94,145,117,136,154,147,99,0,0,556,464,1020,0.0859,0.0319,0.0345,0.0085,0.0147,0.0325,0.0272,0.0505,0,0,0.0396,0.030199999999999998,0.0353,11,92.73,510,2,7,145.70999999999998,88,11.59090909,36,28.330000000000002,-999,-999,-999,-999,-999,-999,-999,-999,-999,-999,0,0,1,NA,NA
2704,4,11,1,411,41101,307802,0,4,1,147,165,149,164,217,211,183,162,2,2,698,704,1402,0.013600000000000001,0.0061,0,0.0122,0.018400000000000003,0.0095,0,0.0062,0,0.5,0.0086,0.009899999999999999,0.0093,13,107.85,722,2,41,34.2,99,14.16161616,46,30.479999999999997,-999,-999,-999,-999,-999,-999,-999,-999,-999,-999,0,0,1,NA,NA
2705,4,11,1,411,41101,307823,0,4,1,331,324,384,361,388,317,324,316,1,0,1428,1318,2746,0,0,0,0,0,0,0,0,0,0,0,0,0,22,124.82,900,3,33,83.21000000000001,144,19.069444439999998,74,37.11,-999,-999,-999,-999,-999,-999,-999,-999,-999,-999,0,0,1,NA,NA
2706,4,19,1,419,41901,301261,0,4,2,334,314,341,303,384,382,409,415,0,0,1468,1414,2882,0.003,0,0.011699999999999999,0,0.0052,0,0,0,0,0,0.0048000000000000004,0,0.0024000000000000002,37,77.89,-999,2,41,70.29,177,16.282485879999996,249,11.57,-999,-999,-999,-999,-999,-999,-999,-999,-999,-999,0,0,1,NA,NA
2707,4,19,1,419,41901,307921,0,4,3,227,180,210,183,244,190,212,217,0,0,893,770,1663,0,0,0,0.0055,0.0082,0.0053,0,0.013800000000000002,0,0,0.0022,0.006500000000000001,0.0042,21,79.19,903,2,13,127.92,10,166.3,63,26.4,-999,-999,-999,-999,-999,-999,-999,-999,-999,-999,0,0,1,NA,NA
2708,4,19,1,419,41901,307939,0,4,3,125,157,167,140,164,158,150,159,0,0,606,614,1220,0.016,0.0127,0.035899999999999994,0.0071,0.0061,0.0063,0,0.0063,0,0,0.0149,0.0081,0.0115,14,87.14,700,2,4,305,104,11.73076923,48,25.419999999999998,-999,-999,-999,-999,-999,-999,-999,-999,-999,-999,0,0,1,NA,NA
2709,4,21,1,421,42101,301146,1,4,1,238,226,330,323,419,388,405,410,0,0,1392,1347,2739,0.058800000000000005,0.031,0.0242,0.018600000000000002,0.0334,0.018000000000000002,0.029599999999999998,0.022,0,0,0.0345,0.021500000000000002,0.0281,34,80.56,-999,2,49,55.9,250,10.956000000000001,96,28.53,-999,-999,-999,-999,-999,-999,-999,-999,-999,-999,0,0,1,NA,NA
2710,4,21,1,421,42101,301141,0,4,1,138,115,168,126,166,138,169,165,0,0,641,544,1185,0.0072,0.0087,0.035699999999999996,0.0079,0.0422,0.0217,0.0237,0.0121,0,0,0.0281,0.0129,0.0211,14,84.64,668,2,33,35.91,135,8.777777777999999,34,34.849999999999994,-999,-999,-999,-999,-999,-999,-999,-999,-999,-999,0,0,1,NA,NA
2711,4,21,1,421,42101,301143,1,4,1,463,441,570,585,698,631,614,629,0,0,2345,2286,4631,0.0389,0.024900000000000002,0.0474,0.0188,0.033,0.022199999999999998,0.044,0.0207,0,0,0.0405,0.021400000000000002,0.0311,63,73.51,-999,2,38,121.86999999999999,24,192.95833330000005,159,29.130000000000003,-999,-999,-999,-999,-999,-999,-999,-999,-999,-999,0,0,1,2711,0
2712,9,2,1,902,90201,303888,1,2,1,177,167,192,180,199,223,212,221,0,0,780,791,1571,0.0282,0.0299,0.0417,0.022199999999999998,0.050300000000000004,0.0224,0.0472,0.013600000000000001,0,0,0.042300000000000004,0.021500000000000002,0.0318,23,67.63,558,3,26,60.690000000000005,36,43.638888890000004,76,20.67,-999,-999,-999,-999,-999,-999,-999,-999,-999,-999,0,0,1,NA,NA
2713,9,5,1,905,90501,303915,0,2,1,478,462,463,547,536,539,546,580,3,2,2026,2130,4156,0,0.0022,0,0,0,0.0019,0.0037,0.0017000000000000001,0,0,0.001,0.0014,0.0012000000000000001,60,68.74000000000001,-999,3,23,182.08,64,64.93750000000001,157,26.47,-999,-999,-999,-999,-999,-999,-999,-999,-999,-999,0,0,1,NA,NA
2714,9,5,1,905,90501,314801,0,2,1,564,540,502,509,489,555,526,641,0,0,2081,2245,4326,0,0,0,0,0.002,0,0,0,0,0,5e-4,0,2e-4,52,83.72,-999,2,26,167.44,146,29.63013699,166,26.06,-999,-999,-999,-999,-999,-999,-999,-999,-999,-999,0,0,1,NA,NA
2715,9,5,1,905,90501,303942,1,4,1,746,750,700,719,756,813,694,803,0,0,2896,3085,5981,0,0,0.0014,0,0.0013,0.0012000000000000001,0,0,0,0,7e-4,3.0000000000000003e-4,5e-4,115,52.01,-999,1,75,79.75,456,13.116228069999998,288,20.77,-999,-999,-999,-999,-999,-999,-999,-999,-999,-999,0,0,1,NA,NA
2721,6,6,1,606,60601,500429,0,1,2,44,33,56,30,41,30,41,36,0,0,182,129,311,0,0,0,0,0,0,0,0,0,0,0,0,0,4,75.14,350,1,7,43.83,0,-999,10,31.1,-999,-999,-999,-999,-999,-999,-999,-999,-999,-999,0,0,1,NA,NA
2722,6,10,1,610,61001,500191,0,1,1,52,54,46,59,46,50,68,49,0,0,212,212,424,0,0,0,0,0,0,0,0,0,0,0,0,0,16,25.71,632,1,24,17.630000000000003,0,-999,25,16.959999999999997,-999,-999,-999,-999,-999,-999,-999,-999,-999,-999,0,0,1,NA,NA
2723,6,10,1,610,61001,502644,0,3,1,50,31,26,30,0,0,0,0,0,0,76,61,137,0,0,0,0,0,0,0,0,0,0,0,0,0,6,22.830000000000002,150,1,12,11.42,0,-999,0,-999,-999,-999,-999,-999,-999,-999,-999,-999,-999,-999,0,0,1,NA,NA
2724,6,6,10,606,60610,302399,1,2,2,179,185,176,198,209,177,218,215,0,0,782,775,1557,0,0,0,0,0,0,0,0,0,0,0,0,0,31,50.879999999999995,892,2,22,70.14,0,-999,76,20.49,-999,-999,-999,-999,-999,-999,-999,-999,-999,-999,0,0,1,NA,NA
2725,6,9,20,609,60920,302524,1,2,2,142,158,200,170,188,176,218,186,0,0,748,690,1438,0.007,0,0.025,0,0.026600000000000002,0.022699999999999998,0.045899999999999996,0.0161,0,0,0.0281,0.0101,0.0195,30,47.59,-999,1,38,37.61,0,-999,56,25.68,-999,-999,-999,-999,-999,-999,-999,-999,-999,-999,0,0,1,NA,NA
2726,6,15,1,615,61501,311704,0,2,1,88,93,112,115,105,108,96,123,0,0,401,439,840,0,0,0,0,0,0,0,0,0,0,0,0,0,13,65,322,3,17,48.15,0,-999,42,20,-999,-999,-999,-999,-999,-999,-999,-999,-999,-999,0,0,1,NA,NA
2727,6,10,1,610,61001,500550,0,3,1,159,123,196,165,175,152,155,156,0,0,685,596,1281,0,0,0,0,0,0,0,0,0,0,0,0,0,20,64.05,791,2,27,47.44,6,213.5,36,35.58,-999,-999,-999,-999,-999,-999,-999,-999,-999,-999,0,0,1,NA,NA
2728,6,6,4,606,60604,501093,0,3,1,8,8,7,9,8,6,6,5,0,0,29,28,57,0,0,0,0,0,0,0,0,0,0,0,0,0,-999,-999,-999,0,0,-999,4,14.25,2,28.5,-999,-999,-999,-999,-999,-999,-999,-999,-999,-999,0,0,1,NA,NA
2729,6,15,1,615,61501,500194,0,1,1,49,45,71,53,59,63,64,64,26,21,269,246,515,0,0,0,0,0,0,0,0,0,0,0,0,0,8,62.77,65,8,7,74.17999999999999,48,10.72916667,17,30.29,-999,-999,-999,-999,-999,-999,-999,-999,-999,-999,0,0,1,NA,NA
2730,6,10,1,610,61001,500440,0,3,1,31,30,37,28,42,42,34,26,0,0,144,126,270,0,0,0,0,0.0476,0,0,0,0,0,0.013900000000000001,0,0.0074,-999,-999,281,1,0,-999,57,4.736842105000002,10,27,-999,-999,-999,-999,-999,-999,-999,-999,-999,-999,0,0,1,NA,NA
2731,6,1,3,601,60103,310611,0,2,1,115,118,158,150,156,148,135,138,0,0,564,554,1118,0.017400000000000002,0,0.0127,0.02,0.0064,0.0068000000000000005,0.022199999999999998,0.0072,0,0,0.0142,0.009,0.0116,15,76.66999999999999,83,13,17,67.08,9,124.2222222,44,25.41,-999,-999,-999,-999,-999,-999,-999,-999,-999,-999,0,0,1,NA,NA
2732,6,6,8,606,60608,302391,1,2,2,333,363,342,385,371,428,448,540,0,0,1494,1716,3210,0,0,0,0,0,0,0,0,0,0,0,0,0,72,44.33,-999,1,80,39.96,168,19.10714286,216,14.860000000000001,-999,-999,-999,-999,-999,-999,-999,-999,-999,-999,0,0,1,NA,NA
2733,6,9,12,609,60912,302498,1,2,1,312,294,376,352,422,335,447,359,0,0,1557,1340,2897,0.016,0.0102,0.0372,0.017,0.0332,0.011899999999999999,0.029099999999999997,0.0084,0,0,0.0295,0.011899999999999999,0.021400000000000002,70,41.48,-999,1,81,35.74,61,47.49180328,127,22.810000000000002,-999,-999,-999,-999,-999,-999,-999,-999,-999,-999,0,0,1,NA,NA
2734,6,9,18,609,60918,302517,1,2,1,246,222,301,301,290,311,351,287,0,0,1188,1121,2309,0.0081,0,0.013300000000000001,0.01,0.0034000000000000002,0,0.037,0.0105,0,0,0.0168,0.0054,0.0113,58,39.849999999999994,-999,1,52,44.78,46,50.19565217000001,151,15.29,-999,-999,-999,-999,-999,-999,-999,-999,-999,-999,0,0,1,NA,NA
2735,6,9,16,609,60916,302509,1,2,1,447,593,462,614,440,600,460,631,0,0,1809,2438,4247,0,0,0,0,0,0,0,0.0015999999999999999,0,0,0,4e-4,2e-4,96,44.15,-999,3,70,60.65,95,44.70526316,180,23.59,-999,-999,-999,-999,-999,-999,-999,-999,-999,-999,0,0,1,NA,NA
2736,6,9,22,609,60922,302542,1,2,1,418,382,492,439,503,517,525,496,6,8,1944,1842,3786,0.012,0.0026,0.0061,0.0023,0.0239,0.013500000000000002,0.021,0.0101,0,0,0.0159,0.0076,0.011899999999999999,55,69.42,-999,1,63,59.7,62,61.06451613000001,157,24.110000000000003,-999,-999,-999,-999,-999,-999,-999,-999,-999,-999,0,0,1,NA,NA
2737,6,10,1,610,61001,302747,1,2,2,335,284,397,339,390,367,399,404,0,0,1521,1394,2915,0,0,0,0,0,0,0,0,0,0,0,0,0,58,50,-999,1,63,46.07,92,31.68478261,121,24.09,-999,-999,-999,-999,-999,-999,-999,-999,-999,-999,0,0,1,NA,NA
2738,6,10,1,610,61001,302749,1,2,1,229,220,302,279,348,335,353,310,0,0,1232,1144,2376,0,0,0,0,0,0,0,0,0,0,0,0,0,47,51.05,-999,1,89,26.759999999999998,95,25.01052632,103,23.07,-999,-999,-999,-999,-999,-999,-999,-999,-999,-999,0,0,1,NA,NA
2739,6,10,1,610,61001,302738,1,2,2,471,475,552,549,572,591,580,613,0,0,2175,2228,4403,0,0,0,0,0,0,0,0,0,0,0,0,0,132,33.25,-999,1,153,28.74,65,67.73846154,220,20.01,-999,-999,-999,-999,-999,-999,-999,-999,-999,-999,0,0,1,NA,NA
2740,7,7,1,707,70701,502093,0,3,1,44,38,46,54,63,54,44,41,0,0,197,187,384,0.022699999999999998,0,0,0,0,0,0,0,0,0,0.0051,0,0.0026,-999,-999,570,1,0,-999,0,-999,14,27.43,-999,-999,-999,-999,-999,-999,-999,-999,-999,-999,0,0,1,NA,NA
2741,7,5,4,705,70504,303097,1,2,2,145,134,171,149,182,143,197,152,0,0,695,578,1273,0.06899999999999999,0.0299,0.07600000000000001,0.0403,0.0495,0.034999999999999996,0.1218,0.07890000000000001,0,0,0.0806,0.0467,0.06520000000000001,27,47.71,-999,1,19,67.14999999999999,0,-999,60,21.22,-999,-999,-999,-999,-999,-999,-999,-999,-999,-999,0,0,1,NA,NA
2742,7,5,12,705,70512,302993,0,2,3,86,78,106,102,117,117,130,106,0,0,439,403,842,0.0233,0.0128,0.0472,0.0098,0.0171,0.0342,0.015399999999999999,0.0377,0,0,0.0251,0.0248,0.024900000000000002,15,57.790000000000006,344,2,13,64.59,0,-999,0,-999,-999,-999,-999,-999,-999,-999,-999,-999,-999,-999,0,0,1,NA,NA
2743,7,6,1,706,70601,312513,0,2,3,86,97,119,72,117,92,101,117,0,0,423,378,801,0.15120000000000003,0.10310000000000001,0.1933,0.15280000000000002,0.1282,0.17390000000000003,0.029699999999999997,0.1453,0,0,0.1277,0.14290000000000003,0.1348,14,55.53,497,2,36,21.979999999999997,0,-999,29,27.62,-999,-999,-999,-999,-999,-999,-999,-999,-999,-999,0,0,1,NA,NA
2744,7,18,1,718,71801,303310,1,2,1,312,277,336,303,425,417,314,322,0,0,1387,1319,2706,0.032100000000000004,0.0072,0.0387,0.0231,0.0635,0.0168,0.0605,0.0342,0,0,0.0497,0.0205,0.0355,46,58.63,-999,1,23,115.53,0,-999,125,21.650000000000002,-999,-999,-999,-999,-999,-999,-999,-999,-999,-999,0,0,1,NA,NA
2745,7,16,1,716,71601,303056,1,2,2,96,92,151,125,144,128,173,129,0,0,564,474,1038,0,0.0217,0.053000000000000005,0.016,0.07640000000000001,0.054700000000000006,0.0231,0.0233,0,0,0.0408,0.0295,0.0356,19,55.120000000000005,537,2,29,36.260000000000005,0,-999,43,24.14,-999,-999,-999,-999,-999,-999,-999,-999,-999,-999,0,0,1,NA,NA
2746,7,16,1,716,71601,303088,0,2,1,86,94,87,97,116,111,103,95,0,0,392,397,789,0.0233,0.0106,0.0345,0.0103,0.0086,0.009,0,0.0105,0,0,0.0153,0.0101,0.0127,17,46.83,528,1,27,29.110000000000003,0,-999,25,31.56,-999,-999,-999,-999,-999,-999,-999,-999,-999,-999,0,0,1,NA,NA
2747,7,7,1,707,70701,325305,0,2,1,68,64,89,74,74,82,87,76,0,0,318,296,614,0.058800000000000005,0.0313,0,0,0,0,0,0.013200000000000002,0,0,0.0126,0.0101,0.011399999999999999,8,74.6,381,2,3,186.5,0,-999,24,25.58,-999,-999,-999,-999,-999,-999,-999,-999,-999,-999,0,0,1,NA,NA
2748,7,6,1,706,70601,500231,0,1,1,37,38,26,29,22,45,30,27,0,0,115,139,254,0,0,0.1154,0,0.0455,0.044399999999999995,0,0.07410000000000001,0,0,0.034800000000000005,0.0288,0.0315,2,167,101,3,2,111.33,2,127,12,21.17,-999,-999,-999,-999,-999,-999,-999,-999,-999,-999,0,0,1,NA,NA
2749,7,8,1,708,70801,500394,0,3,1,120,107,92,80,118,120,123,109,0,0,453,416,869,0,0,0,0.0125,0,0.0083,0.0081,0,0,0,0.0022,0.0048000000000000004,0.0035,21,41.379999999999995,547,2,20,43.449999999999996,17,51.11764705999999,43,20.21,-999,-999,-999,-999,-999,-999,-999,-999,-999,-999,0,0,1,NA,NA
2750,7,6,1,706,70601,500043,0,1,1,22,19,28,33,27,23,31,31,0,0,108,106,214,0,0,0,0,0,0,0,0,0,0,0,0,0,10,22.459999999999997,191,1,20,10.81,12,17.83333333,10,21.4,-999,-999,-999,-999,-999,-999,-999,-999,-999,-999,0,0,1,NA,NA
2751,7,6,1,706,70601,500669,0,1,1,48,47,48,42,44,51,34,42,0,0,174,182,356,0.0208,0,0.0417,0,0,0.0196,0,0.023799999999999998,0,0,0.0172,0.011,0.014,25,14.5,282,1,19,18.959999999999997,44,8.090909091,16,22.25,-999,-999,-999,-999,-999,-999,-999,-999,-999,-999,0,0,1,NA,NA
2752,7,6,1,706,70601,500230,0,3,1,24,24,35,35,32,38,30,35,0,0,121,132,253,0.0417,0,0.0286,0,0.0313,0,0.0333,0,0,0,0.033100000000000004,0,0.015799999999999998,8,31.630000000000003,224,1,4,63.25,42,6.023809524,12,21.08,-999,-999,-999,-999,-999,-999,-999,-999,-999,-999,0,0,1,NA,NA
2753,7,6,1,706,70601,500044,0,1,1,23,26,26,20,26,24,38,24,0,0,113,94,207,0,0,0.07690000000000001,0,0.0385,0,0,0.0417,0,0,0.026500000000000003,0.0106,0.0193,17,12.350000000000001,440,0,28,7.28,50,4.14,10,20.7,-999,-999,-999,-999,-999,-999,-999,-999,-999,-999,0,0,1,NA,NA
2754,7,6,1,706,70601,500225,0,1,1,14,17,16,9,15,16,6,8,0,0,51,50,101,0.0714,0,0,0,0,0.0625,0,0,0,0,0.0196,0.02,0.019799999999999998,3,34.8,113,1,3,29,43,2.348837209,8,12.629999999999999,-999,-999,-999,-999,-999,-999,-999,-999,-999,-999,0,0,1,NA,NA
2755,7,6,1,706,70601,500226,0,1,1,16,24,34,20,30,21,21,25,0,0,101,90,191,0,0,0.0882,0,0.0333,0.0476,0,0,0,0,0.0396,0.011099999999999999,0.0262,6,33.13,317,1,7,26.5,92,2.076086957,0,-999,-999,-999,-999,-999,-999,-999,-999,-999,-999,-999,0,0,1,NA,NA
2756,7,5,3,705,70503,302985,0,2,1,247,223,261,248,277,278,307,302,0,0,1092,1051,2143,0.0607,0.0045000000000000005,0.046,0.0081,0.025300000000000003,0.0072,0.08470000000000001,0.0199,0,0,0.054900000000000004,0.0105,0.033100000000000004,47,45.44,-999,2,48,44.379999999999995,13,164.8461538,82,26.130000000000003,-999,-999,-999,-999,-999,-999,-999,-999,-999,-999,0,0,1,NA,NA
2757,7,5,4,705,70504,303044,1,2,1,102,120,133,135,134,129,137,160,0,0,506,544,1050,0.058800000000000005,0.0167,0.05260000000000001,0.022199999999999998,0.07460000000000001,0.0853,0.029199999999999997,0.0063,0,0,0.0534,0.0313,0.0419,24,44.41,-999,1,22,48.71,111,9.459459459000003,50,21,-999,-999,-999,-999,-999,-999,-999,-999,-999,-999,0,0,1,NA,NA
2758,7,5,5,705,70505,302921,1,2,2,253,262,370,306,336,326,333,362,0,0,1292,1256,2548,0.0395,0.0038,0.024300000000000002,0,0.0387,0.0123,0.045,0.011,0,0,0.036399999999999995,0.0072,0.022,42,60,-999,2,33,76.07,117,21.77777778,127,20.06,-999,-999,-999,-999,-999,-999,-999,-999,-999,-999,0,0,1,NA,NA
2759,7,5,9,705,70509,302973,1,2,2,314,257,344,343,352,319,378,377,0,0,1388,1296,2684,0.0191,0.0078000000000000005,0.0669,0.029199999999999997,0.022699999999999998,0.021900000000000003,0.029099999999999997,0.018600000000000002,0,0,0.034600000000000006,0.0201,0.0276,61,44.1,-999,1,75,35.97,57,47.0877193,147,18.259999999999998,-999,-999,-999,-999,-999,-999,-999,-999,-999,-999,0,0,1,NA,NA
2760,7,5,9,705,70509,312410,0,2,3,8,10,12,8,20,14,27,25,0,0,67,57,124,0.125,0.1,0.25,0.125,0,0.0714,0.1852,0.08,0,0,0.1343,0.08770000000000001,0.1129,2,53.33,132,1,3,40,66,1.8787878790000003,0,-999,-999,-999,-999,-999,-999,-999,-999,-999,-999,-999,0,0,1,NA,NA
2761,7,5,12,705,70512,302954,1,2,1,48,51,95,60,64,59,68,46,0,0,275,216,491,0.10420000000000001,0,0.1053,0.0167,0.0156,0.016900000000000002,0.058800000000000005,0.0217,0,0,0.07270000000000001,0.013900000000000001,0.0468,4,111.33,331,1,7,66.8,2,245.5,104,4.72,-999,-999,-999,-999,-999,-999,-999,-999,-999,-999,0,0,1,NA,NA
2762,7,5,12,705,70512,302988,1,2,2,174,262,175,270,162,229,194,293,0,0,705,1054,1759,0.0057,0,0,0.0037,0,0,0,0,0,0,0.0014,9.000000000000001e-4,0.0011,17,103.4,-999,1,12,152.06,66,26.651515150000005,214,8.219999999999999,-999,-999,-999,-999,-999,-999,-999,-999,-999,-999,0,0,1,NA,NA
2763,7,5,12,705,70512,302989,0,2,3,77,49,102,77,159,132,141,116,0,0,479,374,853,0.1039,0.10200000000000001,0.0098,0.026000000000000002,0.0629,0.0758,0.042600000000000006,0.0172,0,0,0.0522,0.050800000000000005,0.05160000000000001,4,201.67,125,7,0,-999,10,85.3,0,-999,-999,-999,-999,-999,-999,-999,-999,-999,-999,-999,0,0,1,NA,NA
2764,7,5,31,705,70531,303103,1,2,2,131,109,165,125,165,175,178,169,0,0,639,578,1217,0.10690000000000001,0.036699999999999997,0.0485,0.024,0.0424,0.0457,0.0618,0.029599999999999998,0,0,0.0626,0.034600000000000006,0.049300000000000004,22,54.760000000000005,620,2,41,29.79,42,28.97619048,71,17.14,-999,-999,-999,-999,-999,-999,-999,-999,-999,-999,0,0,1,NA,NA
2765,7,5,32,705,70532,303061,0,2,3,271,284,334,324,429,346,386,362,0,0,1420,1316,2736,0.0148,0.0035,0.026900000000000004,0.0062,0.058300000000000005,0.0058000000000000005,0.0492,0.0166,0,0,0.040100000000000004,0.0084,0.024900000000000002,36,76.38,-999,1,42,64.71000000000001,77,35.53246753,0,-999,-999,-999,-999,-999,-999,-999,-999,-999,-999,-999,0,0,1,NA,NA
2766,7,6,1,706,70601,303128,1,2,1,538,654,405,566,440,550,461,622,0,0,1844,2392,4236,0.0093,0.0122,0.0272,0.0071,0.011399999999999999,0.0145,0.017400000000000002,0.0113,0,0,0.0157,0.0113,0.013200000000000002,110,38.52,-999,2,58,72.7,62,68.32258064999999,213,19.89,-999,-999,-999,-999,-999,-999,-999,-999,-999,-999,0,0,1,NA,NA
2767,7,6,1,706,70601,303137,0,2,3,13,22,25,20,26,24,23,24,0,0,87,90,177,0.15380000000000002,0,0,0,0,0,0,0.0417,0,0,0.023,0.011099999999999999,0.016900000000000002,6,28.5,150,1,4,47.5,63,2.80952381,6,29.5,-999,-999,-999,-999,-999,-999,-999,-999,-999,-999,0,0,1,NA,NA
2768,7,6,1,706,70601,303152,0,2,1,112,91,108,84,142,125,86,88,0,0,448,388,836,0.09820000000000001,0,0.1111,0.0714,0.14790000000000003,0.064,0.0814,0.022699999999999998,0,0,0.1138,0.0412,0.0801,27,30.66,892,1,56,14.860000000000001,4,209,40,20.9,-999,-999,-999,-999,-999,-999,-999,-999,-999,-999,0,0,1,NA,NA
2769,7,6,1,706,70601,303140,1,2,1,324,295,335,336,378,402,391,441,0,0,1428,1474,2902,0.040100000000000004,0.0068000000000000005,0.0478,0.017900000000000003,0.0476,0.0124,0.017900000000000003,0.0068000000000000005,0,0,0.0378,0.0109,0.0241,53,54.37,-999,1,3,880.8,168,17.27380952,120,24.18,-999,-999,-999,-999,-999,-999,-999,-999,-999,-999,0,0,1,NA,NA
2770,7,6,1,706,70601,303157,1,2,1,47,64,75,66,75,65,73,63,0,0,270,258,528,0,0,0.06670000000000001,0,0.0267,0.030799999999999998,0.0137,0.0317,0,0,0.029599999999999998,0.0155,0.022699999999999998,16,33.52,302,2,11,50.290000000000006,70,7.542857143,21,25.14,-999,-999,-999,-999,-999,-999,-999,-999,-999,-999,0,0,1,NA,NA
2771,7,6,1,706,70601,312514,0,2,1,72,64,146,120,114,104,108,71,0,0,440,359,799,0.0278,0.0156,0.0274,0.05,0.0351,0.0288,0.018500000000000003,0,0,0,0.0273,0.0279,0.0275,10,77.14,432,2,5,154.29,10,79.9,32,24.97,-999,-999,-999,-999,-999,-999,-999,-999,-999,-999,0,0,1,NA,NA
2772,7,6,1,706,70601,303159,1,2,1,517,456,458,483,549,572,570,541,0,0,2094,2052,4146,0.0522,0.021900000000000003,0.048,0.0248,0.0328,0.022699999999999998,0.0404,0.029599999999999998,0,0,0.043000000000000003,0.024900000000000002,0.034,58,71.07,-999,3,46,89.77,173,23.965317919999997,139,29.830000000000002,-999,-999,-999,-999,-999,-999,-999,-999,-999,-999,0,0,1,NA,NA
2773,7,6,1,706,70601,303147,0,2,1,67,69,67,51,84,67,60,55,0,0,278,242,520,0.3134,0.27540000000000003,0.14930000000000002,0.1373,0.0952,0.0896,0.1833,0.07270000000000001,0,0,0.17990000000000003,0.14880000000000002,0.16540000000000002,8,66.3,157,3,7,73.66999999999999,50,10.4,0,-999,-999,-999,-999,-999,-999,-999,-999,-999,-999,-999,0,0,1,NA,NA
2774,7,6,1,706,70601,303148,0,2,1,96,68,114,107,146,86,94,90,0,0,450,351,801,0.11460000000000001,0.058800000000000005,0.07890000000000001,0.0654,0.0959,0.06979999999999999,0.1277,0.044399999999999995,0,0,0.10220000000000001,0.059800000000000006,0.08360000000000001,14,56.05,-999,0,7,112.1,77,10.402597400000001,35,22.89,-999,-999,-999,-999,-999,-999,-999,-999,-999,-999,0,0,1,NA,NA
2775,7,6,1,706,70601,303142,1,2,2,392,382,445,396,370,474,407,427,0,0,1614,1679,3293,0.0791,0.07850000000000001,0.0719,0.0606,0.08650000000000001,0.0422,0.0344,0.0187,0,0,0.0675,0.0488,0.058,115,28.57,-999,1,53,62.03,443,7.433408578,248,13.28,-999,-999,-999,-999,-999,-999,-999,-999,-999,-999,0,0,1,NA,NA
2776,7,6,1,706,70601,303132,0,2,1,77,45,71,58,50,54,45,51,0,0,243,208,451,0.0519,0.022199999999999998,0.0141,0.0172,0.02,0.018500000000000003,0,0.0196,0,0,0.0247,0.0192,0.022199999999999998,12,38.120000000000005,180,3,8,58.91,106,4.254716981,22,20.5,-999,-999,-999,-999,-999,-999,-999,-999,-999,-999,0,0,1,NA,NA
2777,7,6,1,706,70601,303160,1,2,2,178,172,161,157,209,173,154,158,0,0,702,660,1362,0.016900000000000002,0.0233,0.0248,0.0382,0.0478,0.028900000000000002,0.013000000000000001,0.019,0,0,0.0271,0.0273,0.0272,34,40.48,-999,1,32,42.24,92,14.804347830000001,95,14.34,-999,-999,-999,-999,-999,-999,-999,-999,-999,-999,0,0,1,NA,NA
2778,7,11,1,711,71101,303189,1,2,2,186,165,184,199,222,195,203,209,0,0,795,768,1563,0.05380000000000001,0.0061,0.0815,0.030199999999999998,0.045,0.0205,0.0197,0.0096,0,0,0.049100000000000005,0.016900000000000002,0.0333,34,46,412,4,32,48.24,230,6.795652174000001,90,17.37,-999,-999,-999,-999,-999,-999,-999,-999,-999,-999,0,0,1,NA,NA
2779,7,11,1,711,71101,303193,0,2,2,107,98,111,129,147,146,144,128,0,0,509,501,1010,0.0187,0,0.036,0,0.08839999999999999,0.0068000000000000005,0.055600000000000004,0.0078000000000000005,0,0,0.053000000000000005,0.004,0.0287,15,67.16999999999999,316,3,16,64.48,276,3.65942029,32,31.56,-999,-999,-999,-999,-999,-999,-999,-999,-999,-999,0,0,1,NA,NA
2780,7,11,1,711,71101,303174,1,2,2,459,423,484,446,488,494,536,520,9,6,1976,1889,3865,0.0349,0.0284,0.0723,0.0202,0.0574,0.0223,0.0261,0.015399999999999999,0,0,0.0471,0.0212,0.0344,58,66.32,961,4,83,46.67,77,50.194805190000004,207,18.67,-999,-999,-999,-999,-999,-999,-999,-999,-999,-999,0,0,1,NA,NA
2781,7,11,1,711,71101,303178,1,2,2,439,406,396,399,426,464,463,471,0,0,1724,1740,3464,0.0683,0.0419,0.10350000000000001,0.0226,0.0563,0.0345,0.0389,0.0318,0,0,0.0655,0.0328,0.049100000000000005,71,48.92,-999,1,117,29.53,372,9.311827957,154,22.49,-999,-999,-999,-999,-999,-999,-999,-999,-999,-999,0,0,1,NA,NA
2782,7,11,1,711,71101,303184,1,2,2,264,216,296,259,343,354,337,359,0,0,1240,1188,2428,0.026500000000000003,0.0046,0.016900000000000002,0.0386,0.0175,0.0113,0.0059,0,0,0,0.0161,0.0126,0.0144,50,48.68,972,2,53,45.59,165,14.71515152,107,22.69,-999,-999,-999,-999,-999,-999,-999,-999,-999,-999,0,0,1,NA,NA
2783,7,11,1,711,71101,303187,1,2,2,161,156,171,150,198,193,202,207,0,0,732,706,1438,0.0124,0.0192,0.0175,0.0067,0.0404,0.0104,0.029699999999999997,0.0145,0,0,0.026000000000000002,0.0127,0.0195,35,40.78,-999,1,46,31.37,346,4.156069364,75,19.17,-999,-999,-999,-999,-999,-999,-999,-999,-999,-999,0,0,1,NA,NA
2784,7,11,1,711,71101,303180,0,2,2,749,734,768,791,792,867,745,787,0,0,3054,3179,6233,0.0187,0.0109,0.035199999999999995,0.0088,0.026500000000000003,0.0127,0.0121,0.0152,0,0,0.0232,0.012,0.0175,96,64.97,-999,2,104,59.82,616,10.11850649,312,19.979999999999997,-999,-999,-999,-999,-999,-999,-999,-999,-999,-999,0,0,1,NA,NA
2785,7,11,1,711,71101,303172,0,2,2,557,486,670,636,771,709,720,770,18,12,2736,2613,5349,0.0108,0.0103,0.0194,0.011,0.0182,0.0085,0.0125,0.0039,0,0,0.015399999999999999,0.008,0.0118,66,80.44000000000001,-999,1,100,53.44,373,14.340482570000002,206,25.97,-999,-999,-999,-999,-999,-999,-999,-999,-999,-999,0,0,1,NA,NA
2786,7,11,1,711,71101,303177,0,2,1,103,84,113,88,79,69,92,100,0,0,387,341,728,0.0194,0,0.0088,0,0.025300000000000003,0,0.0217,0,0,0,0.0181,0,0.0096,24,29.810000000000002,581,1,65,11.26,208,3.5,31,23.479999999999997,-999,-999,-999,-999,-999,-999,-999,-999,-999,-999,0,0,1,NA,NA
2787,7,12,1,712,71201,303199,1,2,2,397,404,379,392,437,511,445,510,0,0,1658,1817,3475,0.015099999999999999,0.009899999999999999,0.015799999999999998,0.0153,0.0206,0.0274,0.027,0.0196,0,0,0.0199,0.0187,0.0193,64,54.01,-999,2,44,78.7,167,20.808383229999997,175,19.86,-999,-999,-999,-999,-999,-999,-999,-999,-999,-999,0,0,1,NA,NA
2788,7,12,1,712,71201,303197,1,2,1,215,181,300,260,308,289,274,332,0,0,1097,1062,2159,0.0465,0.0552,0.05330000000000001,0.026900000000000004,0.0519,0.045,0.0365,0.0211,0,0,0.0474,0.034800000000000005,0.0412,22,98.83,-999,2,12,174.41,2022,1.0677546979999997,98,22.03,-999,-999,-999,-999,-999,-999,-999,-999,-999,-999,0,0,1,NA,NA
2789,7,12,1,712,71201,303198,1,2,1,112,105,138,124,165,175,153,175,0,0,568,579,1147,0.0446,0.0476,0.0217,0.0081,0.036399999999999995,0.0171,0.058800000000000005,0.0171,0,0,0.0405,0.0207,0.0305,28,41.620000000000005,944,1,42,27.21,779,1.472400513,55,20.85,-999,-999,-999,-999,-999,-999,-999,-999,-999,-999,0,0,1,NA,NA
2790,7,12,1,712,71201,303200,0,2,3,130,132,183,163,198,189,224,186,0,0,735,670,1405,0.07690000000000001,0,0.0273,0.0123,0.0051,0.0053,0.017900000000000003,0.0161,0,0,0.0272,0.009,0.018500000000000003,28,50.74,-999,1,36,38.8,49,28.67346939,42,33.449999999999996,-999,-999,-999,-999,-999,-999,-999,-999,-999,-999,0,0,1,NA,NA
2791,7,12,1,712,71201,303203,1,2,1,218,202,262,250,265,269,321,253,0,0,1066,974,2040,0.045899999999999996,0.0248,0.0115,0.024,0.026400000000000003,0.0372,0.024900000000000002,0.019799999999999998,0,0,0.026300000000000004,0.0267,0.026500000000000003,16,129.16,596,3,8,245.4,56,36.428571430000005,90,22.67,-999,-999,-999,-999,-999,-999,-999,-999,-999,-999,0,0,1,NA,NA
2792,7,12,1,712,71201,303194,1,2,2,226,193,250,218,289,279,298,283,0,0,1063,973,2036,0.031,0.0207,0.068,0.0413,0.06570000000000001,0.0502,0.057,0.0106,0,0,0.0564,0.030799999999999998,0.044199999999999996,40,51.09,-999,2,50,40.52,1324,1.5377643499999996,128,15.91,-999,-999,-999,-999,-999,-999,-999,-999,-999,-999,0,0,1,NA,NA
2793,7,12,1,712,71201,303195,1,2,2,170,165,320,275,351,335,362,363,0,0,1203,1138,2341,0.0059,0.0121,0.05310000000000001,0.0145,0.037,0.011899999999999999,0.035899999999999994,0.0165,0,0,0.0366,0.0141,0.0256,24,99.22,-999,2,21,111.24000000000001,82,28.54878049,162,14.450000000000001,-999,-999,-999,-999,-999,-999,-999,-999,-999,-999,0,0,1,NA,NA
2794,7,12,1,712,71201,312810,0,2,3,42,29,50,37,52,64,67,57,0,0,211,187,398,0,0,0.02,0.05410000000000001,0.0192,0.0156,0.07460000000000001,0,0,0,0.0332,0.016,0.0251,9,42.190000000000005,241,2,11,37.5,31,12.83870968,0,-999,-999,-999,-999,-999,-999,-999,-999,-999,-999,-999,0,0,1,NA,NA
2795,7,18,1,718,71801,303309,0,2,1,72,59,78,68,92,59,74,84,0,0,316,270,586,0.0278,0,0.1154,0.0294,0.043500000000000004,0,0.027,0.035699999999999996,0,0,0.05380000000000001,0.018500000000000003,0.0375,6,90.78,-999,0,11,54.47,35,16.74285714,24,24.419999999999998,-999,-999,-999,-999,-999,-999,-999,-999,-999,-999,0,0,1,NA,NA
2796,7,18,1,718,71801,303311,0,2,1,126,119,129,115,108,144,107,106,0,0,470,484,954,0.0873,0.06720000000000001,0.17830000000000001,0.0087,0.0463,0.055600000000000004,0.0467,0.0849,0,0,0.0936,0.053700000000000005,0.0734,6,150.33,832,1,4,225.5,10,95.4,46,20.74,-999,-999,-999,-999,-999,-999,-999,-999,-999,-999,0,0,1,NA,NA
2797,7,18,1,718,71801,303312,1,2,1,92,85,106,99,121,102,95,121,0,0,414,407,821,0.05430000000000001,0.0235,0.028300000000000002,0.0303,0.0165,0.0294,0.042100000000000005,0.0165,0,0,0.033800000000000004,0.0246,0.029199999999999997,18,45.61,736,1,2,349.67,46,17.84782609,41,20.02,-999,-999,-999,-999,-999,-999,-999,-999,-999,-999,0,0,1,NA,NA
2798,7,18,1,718,71801,303313,1,2,1,147,117,163,139,163,139,130,126,0,0,603,521,1124,0.0408,0.0342,0.0429,0.0144,0.049100000000000005,0.036,0.0231,0.0079,0,0,0.0398,0.023,0.032,24,47.57,673,2,6,203.86,101,11.12871287,55,20.439999999999998,-999,-999,-999,-999,-999,-999,-999,-999,-999,-999,0,0,1,NA,NA
2799,7,18,1,718,71801,303314,0,2,2,59,26,37,50,58,40,50,44,0,0,204,160,364,0.1695,0.1154,0.10810000000000002,0.06,0.1034,0,0,0,0,0,0.098,0.0375,0.0714,8,46.6,344,1,16,23.3,61,5.967213115000001,27,13.48,-999,-999,-999,-999,-999,-999,-999,-999,-999,-999,0,0,1,NA,NA
2800,7,18,1,718,71801,303317,0,2,1,36,32,39,36,40,44,34,36,0,0,149,148,297,0,0,0.07690000000000001,0.055600000000000004,0.07500000000000001,0.0909,0,0.0278,0,0,0.0403,0.0473,0.043800000000000006,7,44.67,148,2,4,80.4,88,3.3749999999999996,15,19.8,-999,-999,-999,-999,-999,-999,-999,-999,-999,-999,0,0,1,NA,NA
2801,7,18,1,718,71801,303307,0,2,1,95,97,115,123,152,133,148,118,0,0,510,471,981,0,0,0,0.016300000000000002,0.0197,0.015,0,0.016900000000000002,0,0,0.0059,0.0127,0.0092,18,55.879999999999995,309,3,18,53.730000000000004,59,16.627118640000003,41,23.93,-999,-999,-999,-999,-999,-999,-999,-999,-999,-999,0,0,1,NA,NA
2802,7,18,1,718,71801,303318,1,2,1,511,390,513,490,470,507,471,437,2,3,1967,1827,3794,0.041100000000000005,0.0205,0.06820000000000001,0.0306,0.06810000000000001,0.0316,0.0276,0.0229,0,0,0.051300000000000005,0.0268,0.0395,51,73.98,-999,2,57,66.79,91,41.69230769000001,146,25.99,-999,-999,-999,-999,-999,-999,-999,-999,-999,-999,0,0,1,NA,NA
2803,7,8,1,708,70801,322001,1,2,1,64,63,61,71,59,56,85,82,0,0,269,272,541,0,0,0,0,0,0,0,0,0,0,0,0,0,3,165.6,443,1,7,82.8,40,13.525,32,16.91,-999,-999,-999,-999,-999,-999,-999,-999,-999,-999,0,0,1,NA,NA
2804,7,15,1,715,71501,302846,0,2,1,484,442,494,491,539,597,580,558,0,0,2097,2088,4185,0.028900000000000002,0.0023,0.026300000000000004,0.0122,0.0408,0.015099999999999999,0.0241,0.009,0,0,0.03,0.0101,0.0201,84,49.620000000000005,-999,1,90,46.74,59,70.93220339000001,184,22.74,-999,-999,-999,-999,-999,-999,-999,-999,-999,-999,0,0,1,NA,NA
2805,7,15,1,715,71501,302875,1,2,1,59,35,87,58,91,73,96,65,0,0,333,231,564,0.0339,0,0.0115,0.0172,0.011,0,0.0729,0.0462,0,0,0.033,0.017300000000000003,0.026600000000000002,10,54.93,616,1,15,37.449999999999996,76,7.421052632,27,20.89,-999,-999,-999,-999,-999,-999,-999,-999,-999,-999,0,0,1,NA,NA
2806,7,15,1,715,71501,312302,1,2,2,43,41,57,43,66,59,58,79,0,0,224,222,446,0,0.0244,0.08770000000000001,0,0.0152,0.050800000000000005,0.06899999999999999,0.038,0,0,0.0446,0.0315,0.0381,9,51.93,307,1,4,121.16999999999999,62,7.193548387,34,13.12,-999,-999,-999,-999,-999,-999,-999,-999,-999,-999,0,0,1,NA,NA
2807,7,15,1,715,71501,322102,0,2,2,41,34,55,34,70,39,58,44,0,0,224,151,375,0.1463,0.0294,0.07270000000000001,0,0.0286,0.0256,0.0345,0,0,0,0.0625,0.013200000000000002,0.0427,8,49.1,199,2,12,30.69,53,7.075471698,20,18.75,-999,-999,-999,-999,-999,-999,-999,-999,-999,-999,0,0,1,NA,NA
2808,7,16,1,716,71601,302971,1,2,1,174,150,183,159,166,185,201,181,0,0,724,675,1399,0,0,0,0,0,0,0,0,0,0,0,0,0,22,64.75,810,2,19,74,170,8.229411764999998,65,21.52,-999,-999,-999,-999,-999,-999,-999,-999,-999,-999,0,0,1,NA,NA
2809,7,16,1,716,71601,303020,0,2,3,77,76,125,110,96,98,119,99,0,0,417,383,800,0.026000000000000002,0.013200000000000002,0.032,0.0273,0.05210000000000001,0.0102,0.0924,0.0202,0,0,0.05280000000000001,0.018300000000000004,0.0363,16,49.68,354,2,25,32.15,19,42.10526316,0,-999,-999,-999,-999,-999,-999,-999,-999,-999,-999,-999,0,0,1,NA,NA
2810,7,16,1,716,71601,303113,0,2,2,353,310,461,416,405,443,435,499,0,0,1654,1668,3322,0,0,0,0,0,0,0,0,0,0,0,0,0,39,85.33,-999,2,33,101.43,171,19.426900579999998,155,21.43,-999,-999,-999,-999,-999,-999,-999,-999,-999,-999,0,0,1,NA,NA
2811,7,16,1,716,71601,303019,0,2,2,154,121,174,168,142,149,160,153,0,0,630,591,1221,0.1039,0.0413,0.0575,0.0417,0.049300000000000004,0.0134,0.0313,0.0196,0,0,0.0603,0.0288,0.045,19,63.28,542,2,28,43.690000000000005,109,11.20183486,83,14.709999999999999,-999,-999,-999,-999,-999,-999,-999,-999,-999,-999,0,0,1,NA,NA
2812,7,16,1,716,71601,303111,0,2,2,151,104,130,132,146,113,89,114,0,0,516,463,979,0.08610000000000001,0.07690000000000001,0.05380000000000001,0.022699999999999998,0.0959,0.0177,0.17980000000000002,0.1053,0,0,0.0969,0.054000000000000006,0.07660000000000002,15,66.78,963,1,9,109.27,50,19.58,64,15.3,-999,-999,-999,-999,-999,-999,-999,-999,-999,-999,0,0,1,NA,NA
2813,7,16,1,716,71601,303040,0,2,2,162,130,170,143,167,179,179,166,0,0,678,618,1296,0.0062,0.0077,0.0529,0.034999999999999996,0.018000000000000002,0.0112,0.0112,0.0181,0,0,0.022099999999999998,0.0178,0.0201,20,63.68,-999,1,55,23.77,92,14.086956520000001,58,22.34,-999,-999,-999,-999,-999,-999,-999,-999,-999,-999,0,0,1,NA,NA
2814,7,16,1,716,71601,322206,0,2,1,147,101,77,79,161,117,150,131,0,0,535,428,963,0.068,0,0.0649,0.0127,0.043500000000000004,0.0256,0.06,0.0153,0,0,0.0579,0.014,0.0384,16,60.71,564,2,17,57.949999999999996,44,21.88636364,29,33.21,-999,-999,-999,-999,-999,-999,-999,-999,-999,-999,0,0,1,NA,NA
2815,7,4,1,704,70401,302972,1,2,1,215,206,269,235,286,307,290,229,0,0,1060,977,2037,0.0419,0.0194,0.0335,0.0128,0.0455,0.0293,0.0207,0.0218,0,0,0.0349,0.021500000000000002,0.0285,29,69.08,753,3,15,134.7,134,15.20149254,73,27.9,-999,-999,-999,-999,-999,-999,-999,-999,-999,-999,0,0,1,NA,NA
2816,7,4,1,704,70401,303072,0,2,1,64,51,66,70,82,66,52,50,0,0,264,237,501,0.0156,0,0,0.0143,0.0366,0.0152,0.0192,0,0,0,0.018900000000000004,0.0084,0.014,7,69,290,2,9,56.449999999999996,142,3.528169014,22,22.77,-999,-999,-999,-999,-999,-999,-999,-999,-999,-999,0,0,1,NA,NA
2817,7,4,1,704,70401,303127,1,2,1,125,108,161,130,135,156,152,143,0,0,573,537,1110,0.016,0,0,0,0,0,0.0066,0.007,0,0,0.0052,0.0019,0.0036,18,60.58,802,1,22,50.14,201,5.522388059999999,50,22.2,-999,-999,-999,-999,-999,-999,-999,-999,-999,-999,0,0,1,NA,NA
2818,7,4,1,704,70401,303066,1,2,2,261,195,267,286,271,321,311,280,0,0,1110,1082,2192,0.0192,0,0.0262,0.007,0.0258,0.0062,0.045,0.0107,0,0,0.029699999999999997,0.006500000000000001,0.0182,38,57.290000000000006,-999,1,68,32.260000000000005,229,9.572052402,84,26.1,-999,-999,-999,-999,-999,-999,-999,-999,-999,-999,0,0,1,NA,NA
2819,7,7,1,707,70701,303065,1,2,1,176,159,190,193,224,217,209,236,0,0,799,805,1604,0.034100000000000005,0.018900000000000004,0.042100000000000005,0.025900000000000003,0.0625,0.013800000000000002,0.0335,0.0085,0,0,0.043800000000000006,0.0161,0.0299,45,35.720000000000006,996,2,26,62.3,58,27.655172410000002,165,9.719999999999999,-999,-999,-999,-999,-999,-999,-999,-999,-999,-999,0,0,1,NA,NA
2820,7,6,1,706,70601,303135,0,4,1,12,14,19,6,11,10,12,9,0,0,54,39,93,0,0,0,0,0,0,0,0,0,0,0,0,0,5,18.6,134,1,7,13.29,58,1.603448276,8,11.629999999999999,-999,-999,-999,-999,-999,-999,-999,-999,-999,-999,0,0,1,NA,NA
2821,7,11,1,711,71101,303175,0,4,3,104,83,119,104,135,114,117,113,0,0,475,414,889,0,0,0.0252,0,0.0074,0.0088,0.0171,0.0088,0,0,0.0126,0.0048000000000000004,0.009,13,68.38,800,1,19,46.790000000000006,438,2.029680365,0,-999,-999,-999,-999,-999,-999,-999,-999,-999,-999,-999,0,0,1,NA,NA
2822,7,11,1,711,71101,303179,0,4,3,79,75,99,102,108,101,71,90,0,0,357,368,725,0.050600000000000006,0.05330000000000001,0.0303,0.0392,0.1019,0.029699999999999997,0.042300000000000004,0.06670000000000001,0,0,0.058800000000000005,0.0462,0.0524,8,90.63,365,2,5,145,130,5.576923077,23,31.52,-999,-999,-999,-999,-999,-999,-999,-999,-999,-999,0,0,1,NA,NA
2823,7,11,1,711,71101,303176,0,4,3,101,89,129,123,154,129,144,138,0,0,528,479,1007,0.06929999999999999,0.0562,0.07750000000000001,0.0488,0.1039,0.0078000000000000005,0.0417,0.06520000000000001,0,0,0.07390000000000001,0.043800000000000006,0.05960000000000001,11,91.55,280,4,7,143.86,118,8.533898305,0,-999,-999,-999,-999,-999,-999,-999,-999,-999,-999,-999,0,0,1,NA,NA
2824,7,11,1,711,71101,312703,0,4,3,115,99,137,129,125,120,131,142,0,0,508,490,998,0.017400000000000002,0,0.0073,0.0155,0,0,0,0,0,0,0.0059,0.0041,0.005,18,55.44,279,4,17,58.71,325,3.070769231,0,-999,-999,-999,-999,-999,-999,-999,-999,-999,-999,-999,0,0,1,NA,NA
2825,7,11,1,711,71101,312704,0,4,3,62,55,77,54,105,85,111,79,0,0,355,273,628,0.0161,0.036399999999999995,0.0649,0.018500000000000003,0.0476,0.0235,0.018000000000000002,0.025300000000000003,0,0,0.0366,0.0256,0.0318,6,104.66999999999999,220,3,8,78.5,119,5.277310924,0,-999,-999,-999,-999,-999,-999,-999,-999,-999,-999,-999,0,0,1,NA,NA
2826,7,12,1,712,71201,306196,0,4,1,68,67,0,0,0,0,0,0,0,0,68,67,135,0.0294,0,0,0,0,0,0,0,0,0,0.0294,0,0.0148,-999,-999,-999,0,0,-999,23,5.869565216999999,0,-999,-999,-999,-999,-999,-999,-999,-999,-999,-999,-999,0,0,1,NA,NA
2827,7,12,1,712,71201,306197,0,4,1,52,58,0,0,0,0,0,0,0,0,52,58,110,0,0,0,0,0,0,0,0,0,0,0,0,0,-999,-999,-999,0,0,-999,20,5.5,0,-999,-999,-999,-999,-999,-999,-999,-999,-999,-999,-999,0,0,1,NA,NA
2828,7,12,1,712,71201,303204,1,4,1,86,78,99,80,101,116,115,118,0,0,401,392,793,0.0465,0.0128,0.0404,0.05,0.0396,0.0086,0.07830000000000001,0.0678,0,0,0.0524,0.035699999999999996,0.0441,12,66.08,430,2,9,88.11,33,24.03030303,45,17.62,-999,-999,-999,-999,-999,-999,-999,-999,-999,-999,0,0,1,NA,NA
2829,7,12,1,712,71201,312811,0,4,3,60,45,69,69,68,64,83,54,0,0,280,232,512,0,0,0.0145,0,0.0147,0,0.0602,0.018500000000000003,0,0,0.025,0.0043,0.0156,11,46.55,540,1,11,46.55,80,6.4,0,-999,-999,-999,-999,-999,-999,-999,-999,-999,-999,-999,0,0,1,NA,NA
2830,7,12,1,712,71201,303196,0,4,3,94,95,134,123,126,139,140,137,0,0,494,494,988,0.021300000000000003,0.0105,0.0299,0.016300000000000002,0.0159,0,0,0,0,0,0.0162,0.0061,0.011099999999999999,13,76,478,2,15,65.86999999999999,362,2.7292817680000008,29,34.07,-999,-999,-999,-999,-999,-999,-999,-999,-999,-999,0,0,1,NA,NA
2831,7,12,1,712,71201,312801,0,4,3,123,89,129,104,123,117,137,122,0,0,512,432,944,0.016300000000000002,0.044899999999999995,0,0,0.0244,0.0342,0.0146,0.0164,0,0,0.0137,0.0231,0.018000000000000002,13,72.61999999999999,578,2,17,55.53,39,24.205128209999998,27,34.96,-999,-999,-999,-999,-999,-999,-999,-999,-999,-999,0,0,1,NA,NA
2832,7,12,1,712,71201,312808,0,4,3,51,51,62,40,55,40,59,55,0,0,227,186,413,0,0.0196,0,0,0.0182,0,0,0.0182,0,0,0.0044,0.0108,0.0073,-999,-999,-999,0,2,206.5,235,1.757446809,11,37.55,-999,-999,-999,-999,-999,-999,-999,-999,-999,-999,0,0,1,NA,NA
2833,7,16,1,716,71601,312402,0,4,1,82,43,84,59,81,79,79,70,0,0,326,251,577,0.0122,0,0,0,0,0,0.025300000000000003,0.0143,0,0,0.0092,0.004,0.0069,15,38.47,562,1,5,115.4,5,115.4,27,21.37,-999,-999,-999,-999,-999,-999,-999,-999,-999,-999,0,0,1,NA,NA
2834,7,16,1,716,71601,322202,0,4,1,47,47,55,42,56,40,51,49,0,0,209,178,387,0.021300000000000003,0,0.036399999999999995,0,0,0,0,0,0,0,0.0144,0,0.0078000000000000005,8,48.379999999999995,320,1,8,48.379999999999995,61,6.344262295000001,17,22.759999999999998,-999,-999,-999,-999,-999,-999,-999,-999,-999,-999,0,0,1,NA,NA
2835,7,16,1,716,71601,322207,0,4,1,49,53,58,46,59,52,44,33,0,0,210,184,394,0,0,0.06899999999999999,0.043500000000000004,0,0.0192,0,0.0303,0,0,0.019,0.0217,0.020300000000000002,8,49.25,428,1,9,43.78,44,8.954545455000002,13,30.310000000000002,-999,-999,-999,-999,-999,-999,-999,-999,-999,-999,0,0,1,NA,NA
2836,7,16,1,716,71601,322209,0,4,1,89,63,80,60,91,77,80,88,0,0,340,288,628,0.0674,0.0476,0.1,0.0333,0.07690000000000001,0.07790000000000001,0.08750000000000001,0.06820000000000001,0,0,0.0824,0.059000000000000004,0.07170000000000001,7,89.71000000000001,240,3,4,157,94,6.680851064,24,26.17,-999,-999,-999,-999,-999,-999,-999,-999,-999,-999,0,0,1,NA,NA
2837,8,8,1,808,80801,500236,0,3,1,82,67,77,78,79,91,94,78,0,0,332,314,646,0.061,0.0299,0.013000000000000001,0.051300000000000005,0.0633,0.011,0,0,0,0,0.033100000000000004,0.0223,0.0279,9,71.78,400,2,12,53.83,3,215.33333330000002,44,14.68,-999,-999,-999,-999,-999,-999,-999,-999,-999,-999,0,0,1,NA,NA
2838,8,8,5,808,80805,303569,0,2,2,254,263,217,255,221,250,214,254,0,0,906,1022,1928,0,0,0,0,0.0045000000000000005,0.008,0,0,0,0,0.0011,0.002,0.0015999999999999999,45,43.190000000000005,985,2,71,27.04,21,91.80952381,107,18.02,-999,-999,-999,-999,-999,-999,-999,-999,-999,-999,0,0,1,NA,NA
2839,8,8,1,808,80801,303543,0,2,1,89,81,89,82,68,87,81,101,0,0,327,351,678,0.044899999999999995,0.0494,0.10110000000000001,0.1098,0.2353,0.0805,0.0494,0.029699999999999997,0,0,0.1009,0.0655,0.0826,17,40.2,792,1,19,35.89,6,113,26,26.08,-999,-999,-999,-999,-999,-999,-999,-999,-999,-999,0,0,1,NA,NA
2840,8,3,1,803,80301,313801,0,2,1,391,387,419,373,412,495,386,482,0,0,1608,1737,3345,0,0.0026,0,0,0,0.004,0,0,0,0,0,0.0017000000000000001,9.000000000000001e-4,49,68.79,-999,1,41,82.55,140,23.892857140000004,140,23.89,-999,-999,-999,-999,-999,-999,-999,-999,-999,-999,0,0,1,NA,NA
2841,8,3,1,803,80301,303650,0,2,2,129,121,109,126,111,131,147,133,0,0,496,511,1007,0,0,0,0,0,0,0,0,0,0,0,0,0,26,38.33,-999,1,14,71.19,77,13.077922079999999,59,17.07,-999,-999,-999,-999,-999,-999,-999,-999,-999,-999,0,0,1,NA,NA
2842,8,12,1,812,81201,303663,1,2,1,653,647,636,728,643,738,660,794,5,8,2597,2915,5512,0.013800000000000002,0.0077,0.0204,0.0027,0.0311,0.019,0.036399999999999995,0.015099999999999999,0,0,0.025400000000000002,0.0113,0.018000000000000002,122,45.09,-999,1,39,141.42000000000002,120,45.93333333000001,250,22.05,-999,-999,-999,-999,-999,-999,-999,-999,-999,-999,0,0,1,NA,NA
2843,8,4,1,804,80401,303620,1,2,1,441,487,430,459,471,486,476,576,0,0,1818,2008,3826,0.0363,0.0287,0.020900000000000002,0.017400000000000002,0.0467,0.034999999999999996,0.0399,0.013900000000000001,0,0,0.0363,0.0234,0.0295,77,49.379999999999995,-999,1,65,59.25,343,11.15451895,197,19.419999999999998,-999,-999,-999,-999,-999,-999,-999,-999,-999,-999,0,0,1,NA,NA
2844,10,2,1,1002,100201,502012,0,1,1,4,1,6,6,8,3,4,4,0,0,22,14,36,0,0,0,0,0,0,0.25,0.25,0,0,0.0455,0.0714,0.055600000000000004,4,9.5,6,6,4,9.5,0,-999,0,-999,-999,-999,-999,-999,-999,-999,-999,-999,-999,-999,0,0,1,NA,NA
2845,10,12,1,1012,101201,501124,0,1,1,45,37,53,38,49,48,34,43,0,0,181,166,347,0.044399999999999995,0.027,0,0,0.0408,0,0.0294,0.0233,0,0,0.0276,0.012,0.0202,5,72,266,1,5,72,0,-999,13,26.69,-999,-999,-999,-999,-999,-999,-999,-999,-999,-999,0,0,1,NA,NA
2846,10,8,8,1008,100808,501320,0,3,1,19,24,32,29,28,24,25,25,0,0,104,102,206,0,0,0,0,0,0,0.04,0,0,0,0.0096,0,0.0049,-999,-999,-999,0,0,-999,0,-999,6,34.33,-999,-999,-999,-999,-999,-999,-999,-999,-999,-999,0,0,1,NA,NA
2847,10,2,1,1002,100201,502035,0,3,1,16,7,15,15,14,12,13,9,0,0,58,43,101,0.125,0,0.1333,0.1333,0,0,0,0,0,0,0.06899999999999999,0.0465,0.0594,11,9.18,-999,0,8,12.629999999999999,0,-999,0,-999,-999,-999,-999,-999,-999,-999,-999,-999,-999,-999,0,0,1,NA,NA
2848,10,8,2,1008,100802,501312,0,3,1,38,25,40,40,41,36,30,22,0,0,149,123,272,0.026300000000000004,0,0.05,0.025,0.0244,0.16670000000000001,0,0,0,0,0.0268,0.0569,0.0404,-999,-999,-999,0,0,-999,2,136,9,30.22,-999,-999,-999,-999,-999,-999,-999,-999,-999,-999,0,0,1,NA,NA
2849,10,6,1,1006,100601,303950,1,2,1,722,751,663,698,697,730,769,820,1,3,2852,3002,5854,0,0,0,0,0,0,0,0,0,0,0,0,0,82,71.23,-999,2,73,80.64999999999999,127,46.09448819,352,16.630000000000003,-999,-999,-999,-999,-999,-999,-999,-999,-999,-999,0,0,1,NA,NA
2850,10,6,1,1006,100601,303946,0,2,1,252,275,244,241,258,245,252,235,2,2,1008,998,2006,0.0635,0.0109,0.0574,0.028999999999999998,0.042600000000000006,0.0327,0.0635,0.0383,0,0,0.0565,0.0271,0.0419,39,51.120000000000005,-999,1,30,67.77,85,23.6,77,26.05,-999,-999,-999,-999,-999,-999,-999,-999,-999,-999,0,0,1,NA,NA
2851,10,8,7,1008,100807,304073,0,2,1,227,266,220,247,257,265,263,272,9,0,976,1050,2026,0,0,0.0273,0.0162,0.0039,0.0113,0.0342,0.0147,0,0,0.0164,0.0105,0.013300000000000001,31,66.09,-999,1,53,38.08,54,37.51851852000001,105,19.3,-999,-999,-999,-999,-999,-999,-999,-999,-999,-999,0,0,1,NA,NA
2852,10,8,11,1008,100811,304089,1,2,1,223,237,283,239,278,275,289,283,0,0,1073,1034,2107,0.035899999999999994,0.016900000000000002,0.0247,0.0167,0.0719,0.0145,0.0415,0.0106,0,0,0.043800000000000006,0.0145,0.0294,34,62.65,-999,2,30,71,123,17.130081300000004,103,20.459999999999997,-999,-999,-999,-999,-999,-999,-999,-999,-999,-999,0,0,1,NA,NA
2853,10,8,4,1008,100804,304091,1,2,1,900,935,919,928,934,1032,936,974,0,0,3689,3869,7558,0.022199999999999998,0.021400000000000002,0.0239,0.0162,0.042800000000000005,0.029099999999999997,0.0299,0.0195,0,0,0.029799999999999997,0.0217,0.0257,139,54.290000000000006,-999,2,143,52.94,358,21.11173184,359,21.05,-999,-999,-999,-999,-999,-999,-999,-999,-999,-999,0,0,1,NA,NA
2854,10,8,12,1008,100812,304094,1,2,1,359,329,383,410,418,373,384,346,0,0,1544,1458,3002,0.041800000000000004,0.0152,0.0287,0.0024000000000000002,0,0.0027,0.0026,0.0029,0,0,0.0175,0.0055,0.011699999999999999,57,52.290000000000006,-999,3,86,34.86,61,49.21311475,114,26.330000000000002,-999,-999,-999,-999,-999,-999,-999,-999,-999,-999,0,0,1,NA,NA
2855,10,2,1,1002,100201,315402,0,2,1,150,158,157,151,182,185,162,151,7,5,658,650,1308,0.08,0.0633,0.0446,0.0397,0.07690000000000001,0.0811,0.1111,0.053000000000000005,0,0.2,0.07750000000000001,0.0615,0.0696,11,116.29,406,3,6,203.5,81,16.14814815,46,28.43,-999,-999,-999,-999,-999,-999,-999,-999,-999,-999,0,0,1,NA,NA
2856,10,2,1,1002,100201,315404,0,2,1,108,99,85,74,92,102,83,64,0,0,368,339,707,0.055600000000000004,0.0505,0.0471,0.0946,0.0109,0.058800000000000005,0.0361,0.0313,0,0,0.038,0.059000000000000004,0.048100000000000004,29,24.77,626,1,32,22.23,116,6.094827585999999,28,25.25,-999,-999,-999,-999,-999,-999,-999,-999,-999,-999,0,0,1,NA,NA
2857,10,2,1,1002,100201,304119,0,2,1,307,276,230,268,286,341,306,323,9,7,1138,1215,2353,0.0033,0,0,0.0037,0,0,0.0033,0,0,0,0.0018,8e-4,0.0013,42,56.120000000000005,-999,1,47,49.98,70,33.61428571,91,25.86,-999,-999,-999,-999,-999,-999,-999,-999,-999,-999,0,0,1,NA,NA
2858,10,2,1,1002,100201,304112,0,2,1,223,248,187,210,215,238,213,220,9,10,847,926,1773,0.0045000000000000005,0.0081,0.0107,0,0.0093,0.0042,0.0235,0.009099999999999999,0,0,0.0118,0.0054,0.0085,51,34.56,-999,1,65,27.150000000000002,41,43.24390244000001,67,26.459999999999997,-999,-999,-999,-999,-999,-999,-999,-999,-999,-999,0,0,1,NA,NA
2859,10,2,1,1002,100201,315403,0,2,1,75,86,101,91,92,94,120,105,7,5,395,381,776,0.05330000000000001,0.0233,0.029699999999999997,0,0.032600000000000004,0.0106,0.1,0.019,0,0,0.0557,0.0131,0.034800000000000005,23,34.14,-999,1,49,15.97,20,38.8,0,-999,-999,-999,-999,-999,-999,-999,-999,-999,-999,-999,0,0,1,NA,NA
2860,10,2,1,1002,100201,304117,0,2,1,166,145,179,168,182,182,222,169,0,0,749,664,1413,0.006,0.0069,0.0168,0.017900000000000003,0,0.0165,0.013500000000000002,0.0118,0,0,0.0093,0.013600000000000001,0.0113,29,47.97,802,2,35,40.160000000000004,98,14.418367349999999,59,23.95,-999,-999,-999,-999,-999,-999,-999,-999,-999,-999,0,0,1,NA,NA
2861,10,4,1,1004,100401,304157,1,2,2,141,145,144,164,159,171,158,164,0,0,602,644,1246,0.0142,0.013800000000000002,0,0,0.0063,0,0,0,0,0,0.005,0.0031,0.004,21,59.53,606,2,22,55.809999999999995,4,311.5,73,17.07,-999,-999,-999,-999,-999,-999,-999,-999,-999,-999,0,0,1,NA,NA
2862,10,4,1,1004,100401,315604,0,2,3,63,63,68,70,88,65,74,53,0,0,293,251,544,0.0635,0.0159,0.11760000000000001,0.0286,0.0455,0,0.06760000000000001,0.0377,0,0,0.07170000000000001,0.0199,0.0478,5,108.8,383,1,21,25.9,49,11.102040820000001,24,22.67,-999,-999,-999,-999,-999,-999,-999,-999,-999,-999,0,0,1,NA,NA
2863,10,12,1,1012,101201,303988,1,2,2,666,662,699,695,684,767,804,831,0,0,2853,2955,5808,0.0075,0.006,0.0057,0.0072,0.0146,0.006500000000000001,0.0187,0.0036,0,0,0.011899999999999999,0.0058000000000000005,0.0088,74,78.57,-999,2,84,69.1,504,11.52380952,325,17.87,-999,-999,-999,-999,-999,-999,-999,-999,-999,-999,0,0,1,NA,NA
2864,10,8,3,1008,100803,304085,0,4,1,50,53,57,51,60,63,77,78,0,0,244,245,489,0.04,0,0.0351,0,0.0333,0.0476,0.039,0.0385,0,0,0.036899999999999995,0.0245,0.030699999999999998,16,30.56,420,1,21,23.29,70,6.985714285999999,28,17.459999999999997,-999,-999,-999,-999,-999,-999,-999,-999,-999,-999,0,0,1,NA,NA
2865,10,8,14,1008,100814,304103,0,4,1,229,239,243,205,218,226,232,258,2,0,924,928,1852,0.048,0.0167,0.057600000000000005,0.034100000000000005,0.0229,0.0177,0.0388,0.0194,0,0,0.0422,0.0216,0.0319,37,50.05,-999,1,37,50.05,135,13.718518519999998,72,25.72,-999,-999,-999,-999,-999,-999,-999,-999,-999,-999,0,0,1,NA,NA
2866,11,2,1,1102,110201,304181,1,2,1,326,340,391,405,408,457,389,404,0,0,1514,1606,3120,0,0,0,0,0,0,0,0,0,0,0,0,0,85,36.74,-999,1,69,44.94,131,23.81679389,151,20.66,-999,-999,-999,-999,-999,-999,-999,-999,-999,-999,0,0,1,NA,NA
2867,11,2,6,1102,110206,304199,0,2,2,369,362,408,441,401,390,402,395,0,0,1580,1588,3168,0.0054,0,0.0049,0.009099999999999999,0.005,0.0026,0.0075,0.0101,0,0,0.0057,0.0057,0.0057,74,42.65,-999,1,91,34.87,121,26.181818180000004,127,24.939999999999998,-999,-999,-999,-999,-999,-999,-999,-999,-999,-999,0,0,1,NA,NA
2868,11,2,7,1102,110207,304195,0,2,2,141,138,145,119,137,144,117,115,0,0,540,516,1056,0.0284,0.0145,0.0069,0.0084,0.0803,0.0069,0.0427,0.017400000000000002,0,0,0.0389,0.0116,0.0256,29,36.21,-999,1,32,33.07,108,9.777777777999999,44,24,-999,-999,-999,-999,-999,-999,-999,-999,-999,-999,0,0,1,NA,NA
2869,11,3,5,1103,110305,304233,1,2,2,213,217,221,247,279,305,258,284,0,0,971,1053,2024,0.0047,0.0046,0,0.0121,0.0072,0.0033,0.031,0.007,0,0,0.0113,0.0066,0.0089,42,48.71,680,3,64,31.54,193,10.487046630000002,79,25.62,-999,-999,-999,-999,-999,-999,-999,-999,-999,-999,0,0,1,NA,NA
2870,11,4,1,1104,110401,316013,0,2,1,69,74,62,60,90,90,75,105,0,0,296,329,625,0,0.013500000000000002,0.0323,0,0.011099999999999999,0.011099999999999999,0.013300000000000001,0,0,0,0.013500000000000002,0.0061,0.0096,5,132.67,207,3,9,72.36,11,56.81818182,18,34.720000000000006,-999,-999,-999,-999,-999,-999,-999,-999,-999,-999,0,0,1,NA,NA
2871,11,4,2,1104,110402,304275,1,2,1,177,196,197,169,218,226,206,217,0,0,798,808,1606,0,0,0,0,0,0,0,0,0,0,0,0,0,46,34.760000000000005,703,2,30,54.41,4,401.5,82,19.59,-999,-999,-999,-999,-999,-999,-999,-999,-999,-999,0,0,1,NA,NA
2872,11,4,2,1104,110402,316004,0,2,1,62,52,54,31,59,58,66,58,0,0,241,199,440,0,0,0.055600000000000004,0.0323,0.016900000000000002,0.0172,0.0152,0.0172,0,0,0.0207,0.015099999999999999,0.0182,9,47.36,210,2,5,94.71000000000001,27,16.296296299999998,15,29.330000000000002,-999,-999,-999,-999,-999,-999,-999,-999,-999,-999,0,0,1,NA,NA
2873,11,4,3,1104,110403,304265,0,2,1,135,129,171,153,176,176,155,161,0,0,637,619,1256,0,0,0,0,0,0,0.006500000000000001,0.0062,0,0,0.0015999999999999999,0.0015999999999999999,0.0015999999999999999,37,33.94,827,2,2,534.5,33,38.06060606,55,22.84,-999,-999,-999,-999,-999,-999,-999,-999,-999,-999,0,0,1,NA,NA
2874,11,4,5,1104,110405,316002,1,2,1,95,92,137,140,131,136,137,155,0,0,500,523,1023,0.0211,0,0.0073,0.0071,0,0,0.0146,0.0258,0,0,0.01,0.0096,0.0098,26,38.71,827,1,14,70.7,72,14.208333329999999,48,21.310000000000002,-999,-999,-999,-999,-999,-999,-999,-999,-999,-999,0,0,1,NA,NA
2875,11,4,6,1104,110406,304263,1,2,1,170,176,212,221,208,226,192,229,0,0,782,852,1634,0.0529,0.0398,0.066,0.0181,0.024,0.013300000000000001,0.0469,0.0306,0,0,0.0473,0.0246,0.0355,28,58.260000000000005,836,2,32,50.32,214,7.635514018999999,52,31.419999999999998,-999,-999,-999,-999,-999,-999,-999,-999,-999,-999,0,0,1,NA,NA
2876,11,1,1,1101,110101,304366,0,2,1,611,499,764,702,822,872,724,706,21,15,2942,2794,5736,0.057300000000000004,0.018000000000000002,0.040600000000000004,0.018500000000000003,0.0353,0.0218,0.0304,0.018400000000000003,0,0,0.0398,0.0193,0.029799999999999997,52,109.88,-999,3,14,396.78,169,33.940828399999994,230,24.939999999999998,-999,-999,-999,-999,-999,-999,-999,-999,-999,-999,0,0,1,NA,NA
2877,11,1,1,1101,110101,304367,1,2,1,191,159,253,232,245,218,188,191,0,0,877,800,1677,0,0,0,0,0,0,0,0,0,0,0,0,0,32,52.349999999999994,-999,1,50,33.6,56,29.946428569999995,46,36.46,-999,-999,-999,-999,-999,-999,-999,-999,-999,-999,0,0,1,NA,NA
2878,11,1,1,1101,110101,304345,1,2,1,277,257,349,321,400,406,317,296,0,0,1343,1280,2623,0.061399999999999996,0.0195,0.0315,0.0125,0.04,0.009899999999999999,0.044199999999999996,0.013500000000000002,0,0,0.0432,0.013300000000000001,0.0286,58,45.13,924,3,46,56.760000000000005,37,70.89189189,119,22.04,-999,-999,-999,-999,-999,-999,-999,-999,-999,-999,0,0,1,NA,NA
2879,11,1,1,1101,110101,304368,1,2,1,485,446,597,567,620,622,537,560,0,0,2239,2195,4434,0,0,0,0,0,0,0,0,0,0,0,0,0,52,84.79,-999,2,85,52.06,35,126.68571429999999,165,26.87,-999,-999,-999,-999,-999,-999,-999,-999,-999,-999,0,0,1,NA,NA
2880,11,1,1,1101,110101,304354,1,2,2,350,327,479,460,475,490,476,486,11,8,1791,1771,3562,0.05430000000000001,0.018300000000000004,0.0313,0.0109,0.044199999999999996,0.0204,0.0399,0.0309,0,0,0.0413,0.020300000000000002,0.0309,42,85.76,-999,2,46,77.08,50,71.24000000000001,172,20.71,-999,-999,-999,-999,-999,-999,-999,-999,-999,-999,0,0,1,NA,NA
2881,11,1,1,1101,110101,304360,1,2,1,1130,1051,1259,1381,1383,1565,1195,1371,16,18,4983,5386,10369,0.026500000000000003,0.0171,0.023799999999999998,0.021,0.039,0.017900000000000003,0.0301,0.0182,0,0,0.0301,0.018600000000000002,0.0241,144,72.14999999999999,-999,3,72,145,378,27.431216929999998,348,29.8,-999,-999,-999,-999,-999,-999,-999,-999,-999,-999,0,0,1,NA,NA
2882,11,1,1,1101,110101,304365,1,2,1,152,144,193,167,225,195,122,137,0,0,692,643,1335,0.07890000000000001,0.0417,0.0207,0.024,0.04,0.0205,0.0164,0.0073,0,0,0.039,0.0233,0.0315,33,40.339999999999996,-999,1,27,50.120000000000005,10,133.5,56,23.84,-999,-999,-999,-999,-999,-999,-999,-999,-999,-999,0,0,1,NA,NA
2883,11,1,1,1101,110101,304376,1,2,1,122,107,142,145,146,146,145,152,0,0,555,550,1105,0.0246,0,0.07750000000000001,0.0069,0.0137,0.041100000000000005,0.0207,0.013200000000000002,0,0,0.0342,0.0164,0.025300000000000003,12,91.66999999999999,493,2,32,34.379999999999995,12,92.08333332999999,48,23.02,-999,-999,-999,-999,-999,-999,-999,-999,-999,-999,0,0,1,NA,NA
2884,11,1,1,1101,110101,304359,0,2,1,541,501,640,698,717,709,643,651,0,2,2541,2561,5102,0.0351,0.035899999999999994,0.040600000000000004,0.0272,0.0349,0.0226,0.024900000000000002,0.013800000000000002,0,0,0.033800000000000004,0.0242,0.028999999999999998,78,65.07,-999,1,89,57.3,113,45.150442479999995,274,18.62,-999,-999,-999,-999,-999,-999,-999,-999,-999,-999,0,0,1,NA,NA
2885,11,1,1,1101,110101,304341,1,2,2,218,171,249,251,266,265,261,267,3,3,997,957,1954,0,0,0,0,0,0,0,0,0,0,0,0,0,52,37.290000000000006,-999,1,45,43.6,155,12.60645161,89,21.959999999999997,-999,-999,-999,-999,-999,-999,-999,-999,-999,-999,0,0,1,NA,NA
2886,11,1,1,1101,110101,304396,1,2,2,181,149,210,220,229,194,193,182,0,0,813,745,1558,0.022099999999999998,0.0134,0.023799999999999998,0.0273,0.0262,0.0052,0.0104,0.0165,0,0,0.020900000000000002,0.0161,0.018600000000000002,36,43.14,-999,1,25,63.27,156,9.987179486999999,65,23.97,-999,-999,-999,-999,-999,-999,-999,-999,-999,-999,0,0,1,NA,NA
2887,11,1,1,1101,110101,304385,1,2,1,333,318,352,400,324,396,332,390,9,5,1350,1509,2859,0.009,0.0063,0.011399999999999999,0.0125,0.034,0.0101,0.015099999999999999,0.0051,0,0,0.017,0.0086,0.0126,49,58.63,-999,1,45,63.949999999999996,28,102.1071429,88,32.49,-999,-999,-999,-999,-999,-999,-999,-999,-999,-999,0,0,1,NA,NA
2888,11,7,1,1107,110701,304400,1,2,1,1001,1020,1181,1144,1207,1352,1072,1145,8,6,4469,4667,9136,0.017,0.0069,0.0237,0.011399999999999999,0.0116,0.0104,0.0121,0.007,0,0,0.0161,0.009,0.0125,148,61.6,-999,2,110,82.98,362,25.237569060000002,447,20.439999999999998,-999,-999,-999,-999,-999,-999,-999,-999,-999,-999,0,0,1,NA,NA
2889,11,10,1,1110,111001,304408,1,2,1,626,667,689,647,751,765,732,781,0,0,2798,2860,5658,0.0064,0.009,0,0,0.0027,0.0026,0.0082,0.0051,0,0,0.0043,0.0042,0.0042,76,74.23,406,14,150,37.65,180,31.433333329999996,248,22.810000000000002,-999,-999,-999,-999,-999,-999,-999,-999,-999,-999,0,0,1,NA,NA
2890,11,11,1,1111,111101,305519,0,2,1,100,73,88,100,99,88,86,93,0,0,373,354,727,0.02,0.0685,0.034100000000000005,0.09,0.07070000000000001,0.0455,0.0116,0.0323,0,0,0.0349,0.059300000000000005,0.0468,20,36.42,736,1,4,174.8,82,8.865853659000003,19,38.260000000000005,-999,-999,-999,-999,-999,-999,-999,-999,-999,-999,0,0,1,NA,NA
2891,11,8,1,1108,110801,323403,1,2,1,186,199,193,238,236,280,252,289,0,0,867,1006,1873,0.0806,0.015099999999999999,0.057,0.0378,0.059300000000000005,0.025,0.055600000000000004,0.0311,0,0,0.0623,0.0278,0.043800000000000006,29,64.92,841,2,29,63.7,141,13.28368794,72,26.01,-999,-999,-999,-999,-999,-999,-999,-999,-999,-999,0,0,1,NA,NA
2892,11,5,4,1105,110504,304276,1,2,1,201,180,201,242,227,251,223,251,0,0,852,924,1776,0.01,0,0.0398,0.0083,0.013200000000000002,0.0199,0.0404,0.0398,0,0,0.0258,0.018400000000000003,0.022,22,81.57,-999,1,33,53.87,285,6.231578947,93,19.1,-999,-999,-999,-999,-999,-999,-999,-999,-999,-999,0,0,1,NA,NA
2893,11,1,1,1101,110101,304346,0,4,1,240,226,300,300,333,337,271,341,16,6,1160,1210,2370,0.0042,0,0,0,0,0,0,0,0,0,9.000000000000001e-4,0,4e-4,44,53.86,-999,1,36,65.83,172,13.77906977,93,25.479999999999997,-999,-999,-999,-999,-999,-999,-999,-999,-999,-999,0,0,1,NA,NA
2894,11,1,1,1101,110101,304393,1,4,1,747,694,924,876,1039,1017,793,929,6,4,3509,3520,7029,0.0643,0.0504,0.0563,0.029699999999999997,0.0529,0.043300000000000005,0.0328,0.028,0,0,0.05160000000000001,0.0372,0.044399999999999995,58,121.19,-999,3,24,292.88,130,54.069230770000004,280,25.1,-999,-999,-999,-999,-999,-999,-999,-999,-999,-999,0,0,1,NA,NA
2895,12,2,1,1202,120201,304661,1,2,2,523,530,585,629,680,696,673,725,0,0,2461,2580,5041,0.021,0.0208,0.035899999999999994,0.0095,0.0603,0.0129,0.0386,0.033100000000000004,0,0,0.0402,0.0194,0.029599999999999998,85,59.56,-999,2,52,97.71000000000001,0,-999,222,22.71,-999,-999,-999,-999,-999,-999,-999,-999,-999,-999,0,0,1,NA,NA
2896,12,2,1,1202,120201,500305,0,1,1,43,39,45,45,60,51,80,51,0,0,228,186,414,0.06979999999999999,0,0.044399999999999995,0,0,0.07840000000000001,0.0375,0.0196,0,0,0.0351,0.026900000000000004,0.0314,5,80,217,2,6,68.57,46,9,15,27.6,-999,-999,-999,-999,-999,-999,-999,-999,-999,-999,0,0,1,NA,NA
2897,12,4,9,1204,120409,304466,0,2,1,136,119,141,114,125,130,160,145,0,0,562,508,1070,0,0,0,0,0,0,0,0,0,0,0,0,0,19,57.06,497,2,20,54.05,36,29.722222219999995,37,28.919999999999998,-999,-999,-999,-999,-999,-999,-999,-999,-999,-999,0,0,1,NA,NA
2898,12,1,1,1201,120101,304642,1,2,1,1035,965,1094,1136,1162,1258,1146,1241,0,0,4437,4600,9037,0.0077,0.0052,0.0192,0.0106,0.0207,0.011899999999999999,0.007,0.009699999999999999,0,0,0.0137,0.0096,0.0116,186,48.620000000000005,-999,1,210,43.05,474,19.065400839999995,419,21.57,-999,-999,-999,-999,-999,-999,-999,-999,-999,-999,0,0,1,NA,NA
2899,12,1,1,1201,120101,304641,1,2,1,521,491,544,549,550,591,558,602,0,0,2173,2233,4406,0.0096,0.0081,0.0313,0.0109,0.0055,0.0085,0.0018,0.0017000000000000001,0,0,0.012,0.0072,0.0095,77,57.230000000000004,-999,1,78,56.75,353,12.481586400000001,145,30.39,-999,-999,-999,-999,-999,-999,-999,-999,-999,-999,0,0,1,NA,NA
2900,12,3,1,1203,120301,304671,0,2,2,763,813,904,844,944,1048,1019,1131,15,7,3645,3843,7488,0.0288,0.011099999999999999,0.0288,0.0118,0.030699999999999998,0.0153,0.0324,0.015,0,0,0.030199999999999998,0.013500000000000002,0.0216,131,57.14,-999,1,267,28.03,379,19.757255940000004,310,24.150000000000002,-999,-999,-999,-999,-999,-999,-999,-999,-999,-999,0,0,1,NA,NA
2901,12,8,1,1208,120801,304624,1,2,1,318,376,406,395,452,469,445,487,6,3,1627,1730,3357,0.018900000000000004,0.008,0.0123,0.0101,0.0332,0.0149,0.0472,0.0123,0,0,0.028900000000000002,0.0116,0.02,50,67.08,-999,2,69,48.42,91,36.890109890000005,134,25.05,-999,-999,-999,-999,-999,-999,-999,-999,-999,-999,0,0,1,NA,NA
